Capturing execution frames: scene_generation.json
  Frame 1 saved (frame_000.jpg, t=0.0s)
  Validating workflow...
  [ComfyUI] === /validate endpoint called ===
  [ComfyUI] Received JSON with keys: ['prompt']
  [ComfyUI] Prompt has 13 nodes
  [ComfyUI]   Node 59: SAM3D_DepthEstimate
  Queuing workflow for execution...
  [ComfyUI]     Inputs: {"depth_model": ["74", 0], "image": ["77", 0]}
  [ComfyUI]   Node 74: LoadSAM3DModel
  [ComfyUI]     Inputs: {"attn_backend": "flash_attn", "compile": true, "precision": "auto"}
  [ComfyUI]   Node 75: MultibandLoad
  [ComfyUI]     Inputs: {"image": "scene_multiband.npz", "normalize": true}
  [ComfyUI]   Node 77: MultibandToImage
  [ComfyUI]     Inputs: {"channels": "0,1,2", "multiband": ["75", 0]}
  [ComfyUI]   Node 78: MultibandToMasks
  [ComfyUI]     Inputs: {"channels": "", "auto_detect_masks": true, "multiband": ["75", 0]}
  [ComfyUI]   Node 80: SAM3DSceneGenerate
  [ComfyUI]     Inputs: {"seed": 42, "stage1_steps": 12, "stage1_cfg": 7.5, "stage1_cfg_pm": 0, "stage2_steps": 12, "stage2_cfg": 5, "with_postprocess": false, "simplify": 0.95, "add_textures": false, "texture_mode": "fast",
  [ComfyUI]   Node 82: SAM3D_ScenePoseOptimize
  [ComfyUI]     Inputs: {"output_folder": ["80", 0], "optimization_mode": "pose_only"}
  [ComfyUI]   Node 85: GeomPackPreviewMeshVTK
  [ComfyUI]     Inputs: {"mode": "texture", "preview_vtk": "{\"show_edges\":false,\"camera_state\":\"{\\\"position\\\":[1.1789228144992419,1.3637070517428993,-0.6859388036148804],\\\"focalPoint\\\":[-0.29605234414339066,0.01
  [ComfyUI]   Node 87: GeomPackCombineMeshesBatch
  [ComfyUI]     Inputs: {"report_panel": "false", "meshes": ["106", 0]}
  [ComfyUI]   Node 99: PreviewImage
  [ComfyUI]     Inputs: {"images": ["77", 0]}
  [ComfyUI]   Node 100: SAM3D_ProjectionOverlay
  [ComfyUI]     Inputs: {"pose_opt_folder": ["82", 0], "render_mode": "3d_mesh_textured", "point_size": 2, "alpha": 0.6}
  [ComfyUI]   Node 106: GeomPackLoadMeshBatch
  [ComfyUI]     Inputs: {"folder_path": ["82", 0], "start_index": 0, "max_meshes": -1}
  [ComfyUI]   Node 108: SaveImage
  [ComfyUI]     Inputs: {"filename_prefix": "overlay", "images": ["100", 0]}
  [ComfyUI] Generated prompt_id: eafd8323-22aa-4e8b-883c-83e7d27433a6
  [ComfyUI] Calling execution.validate_prompt()...
  [ComfyUI] Validation result: valid=True
  [ComfyUI] === Validation PASSED ===
  [ComfyUI] got prompt
  Frame 2 saved (frame_001.jpg, t=2.4s)
  [capture-periodic] freeze=4ms shot=124ms unfreeze=3ms saved=True
  [ComfyUI] [comfy-env] Running LoadSAM3DModel: attn_backend: 'flash_attn', compile: True, precision: 'auto'
  [ComfyUI] [VRAM] Before LoadSAM3DModel: 1271 / 24575 MB
  [ComfyUI] [SubprocessWorker] call_method: nodes.load_model.LoadSAM3DModel.EXECUTE_NORMALIZED
  [ComfyUI] [SubprocessWorker] acquired lock, ensuring started...
  [ComfyUI] [ComfyUI-SAM3DObjects] Health check: ping (timeout=5.0s)...
  [ComfyUI] [ComfyUI-SAM3DObjects] Health check: failed
  [ComfyUI] [ComfyUI-SAM3DObjects] Socket unhealthy, restarting worker...
  [ComfyUI] [comfy-env] Invalidated 9 stale model patchers (will be cleaned up during next unload)
  [ComfyUI] [comfy-env] sam3dobjects-nodes: Library/bin has 649 DLLs
  [ComfyUI] LoadMultibandImage: Loaded C:\workspaces\SAM3DObjects-1828\ComfyUI\input\scene_multiband.npz
  [ComfyUI]   Shape: (1, 10, 2240, 3360)
  [ComfyUI]   Channels: 10
  [ComfyUI]   Names: img_01_r,img_01_g,img_01_b,mask_01,mask_02,mask_03,mask_04,mask_05,mask_06,mask_07
  [ComfyUI] [ComfyUI-SAM3DObjects] python: C:\workspaces\SAM3DObjects-1828\ComfyUI\.ce\.pixi\envs\sam3dobjects-nodes\python.exe
  [ComfyUI] [ComfyUI-SAM3DObjects] sys_path sent to worker: ['C:\\workspaces\\SAM3DObjects-1828\\ComfyUI', 'C:\\workspaces\\SAM3DObjects-1828\\ComfyUI\\custom_nodes\\ComfyUI-SAM3DObjects', 'C:\\workspaces\\SAM3DObjects-1828\\ComfyUI\\.ce\\.pixi\\envs\\sam3dobjects-nodes\\Lib\\site-packages', 'C:\\workspaces\\SAM3DObjects-1828\\ComfyUI\\custom_nodes\\ComfyUI-SAM3DObjects']
  [ComfyUI] [SubprocessWorker] is_pixi=True, python=C:\workspaces\SAM3DObjects-1828\ComfyUI\.ce\.pixi\envs\sam3dobjects-nodes\python.exe
  [ComfyUI] [SubprocessWorker] launching cmd=['C:\\Users\\ContainerAdministrator\\.local\\bin\\pixi.EXE', 'run', '--as-is', '--manifest-path', 'C:\\workspaces\\SAM3DObjects-1828\\ComfyUI\\.ce\\pixi.toml', '-e', 'sam3dobjects-nodes', 'python', 'C:\\Users\\ContainerAdministrator\\AppData\\Local\\Temp\\comfyui_pvenv_0zgllkjn\\persistent_worker.py', 'tcp://127.0.0.1:64991']...
  Node executed (1 total), capturing...
  Frame 3 saved (frame_002.jpg, t=3.0s)
  [capture-node] freeze=4ms shot=183ms unfreeze=7ms saved=True
  Frame 4 saved (frame_003.jpg, t=5.2s)
  [capture-periodic] freeze=3ms shot=163ms unfreeze=5ms saved=True
  [capture-loop] iter=50 t=6.7s state={'complete': False, 'error': None, 'executedCount': 1, 'wsState': 1} eval_ms=3
  [ComfyUI] [worker:ComfyUI-SAM3DObjects] WARNING: WARNING: You need pytorch with cu130 or higher to use optimized CUDA operations.
  [ComfyUI] [SubprocessWorker] worker started/confirmed
  [ComfyUI] [SubprocessWorker] serializing kwargs to shm...
  [ComfyUI] [SubprocessWorker] created 0 shm blocks
  [ComfyUI] [SubprocessWorker] sending request via socket...
  [ComfyUI] [SubprocessWorker] call_id=59 sending call_method
  [ComfyUI] [SubprocessWorker] got response: ok
  [ComfyUI] [comfy-env] [VRAM] Before offload 'SLatMeshDecoderTdfyWrapper_9' (173 MB) -> cpu: 1271 / 24575 MB
  [ComfyUI] [ComfyUI-SAM3DObjects] Health check: ping (timeout=5.0s)...
  [ComfyUI] [ComfyUI-SAM3DObjects] Health check: ok
  [ComfyUI] [SubprocessWorker] call_id=60 sending model_to_device
  [ComfyUI] Model 'SLatMeshDecoderTdfyWrapper_9' gone from worker (restarted?), treating as offloaded
  [ComfyUI] [comfy-env] [VRAM] After offload 'SLatMeshDecoderTdfyWrapper_9' (173 MB): 1271 / 24575 MB
  [ComfyUI] [comfy-env] [VRAM] Before offload 'MoGeModelV1_8' (599 MB) -> cpu: 1271 / 24575 MB
  [ComfyUI] [ComfyUI-SAM3DObjects] Health check: ping (timeout=5.0s)...
  [ComfyUI] [ComfyUI-SAM3DObjects] Health check: ok
  [ComfyUI] [SubprocessWorker] call_id=61 sending model_to_device
  [ComfyUI] Model 'MoGeModelV1_8' gone from worker (restarted?), treating as offloaded
  [ComfyUI] [comfy-env] [VRAM] After offload 'MoGeModelV1_8' (599 MB): 1271 / 24575 MB
  [ComfyUI] [comfy-env] [VRAM] Before offload 'SLatGaussianDecoderTdfyWrapper_7' (162 MB) -> cpu: 1271 / 24575 MB
  [ComfyUI] [ComfyUI-SAM3DObjects] Health check: ping (timeout=5.0s)...
  [ComfyUI] [ComfyUI-SAM3DObjects] Health check: ok
  [ComfyUI] [SubprocessWorker] call_id=62 sending model_to_device
  [ComfyUI] Model 'SLatGaussianDecoderTdfyWrapper_7' gone from worker (restarted?), treating as offloaded
  [ComfyUI] [comfy-env] [VRAM] After offload 'SLatGaussianDecoderTdfyWrapper_7' (162 MB): 1271 / 24575 MB
  [ComfyUI] [comfy-env] [VRAM] Before offload 'FlowMatching_6' (2290 MB) -> cpu: 1271 / 24575 MB
  [ComfyUI] [ComfyUI-SAM3DObjects] Health check: ping (timeout=5.0s)...
  [ComfyUI] [ComfyUI-SAM3DObjects] Health check: ok
  [ComfyUI] [SubprocessWorker] call_id=63 sending model_to_device
  [ComfyUI] Model 'FlowMatching_6' gone from worker (restarted?), treating as offloaded
  [ComfyUI] [comfy-env] [VRAM] After offload 'FlowMatching_6' (2290 MB): 1271 / 24575 MB
  [ComfyUI] [comfy-env] [VRAM] Before offload 'EmbedderFuser_5' (1227 MB) -> cpu: 1271 / 24575 MB
  [ComfyUI] [ComfyUI-SAM3DObjects] Health check: ping (timeout=5.0s)...
  [ComfyUI] [ComfyUI-SAM3DObjects] Health check: ok
  [ComfyUI] [SubprocessWorker] call_id=64 sending model_to_device
  [ComfyUI] Model 'EmbedderFuser_5' gone from worker (restarted?), treating as offloaded
  [ComfyUI] [comfy-env] [VRAM] After offload 'EmbedderFuser_5' (1227 MB): 1271 / 24575 MB
  [ComfyUI] [comfy-env] [VRAM] Before offload 'SparseStructureDecoderTdfyWrapper_4' (140 MB) -> cpu: 1271 / 24575 MB
  [ComfyUI] [ComfyUI-SAM3DObjects] Health check: ping (timeout=5.0s)...
  [ComfyUI] [ComfyUI-SAM3DObjects] Health check: ok
  [ComfyUI] [SubprocessWorker] call_id=65 sending model_to_device
  [ComfyUI] Model 'SparseStructureDecoderTdfyWrapper_4' gone from worker (restarted?), treating as offloaded
  [ComfyUI] [comfy-env] [VRAM] After offload 'SparseStructureDecoderTdfyWrapper_4' (140 MB): 1271 / 24575 MB
  [ComfyUI] [comfy-env] [VRAM] Before offload 'ShortCut_3' (3677 MB) -> cpu: 1271 / 24575 MB
  [ComfyUI] [ComfyUI-SAM3DObjects] Health check: ping (timeout=5.0s)...
  [ComfyUI] [ComfyUI-SAM3DObjects] Health check: ok
  [ComfyUI] [SubprocessWorker] call_id=66 sending model_to_device
  [ComfyUI] Model 'ShortCut_3' gone from worker (restarted?), treating as offloaded
  [ComfyUI] [comfy-env] [VRAM] After offload 'ShortCut_3' (3677 MB): 1271 / 24575 MB
  [ComfyUI] [comfy-env] [VRAM] Before offload 'EmbedderFuser_2' (1259 MB) -> cpu: 1271 / 24575 MB
  [ComfyUI] [ComfyUI-SAM3DObjects] Health check: ping (timeout=5.0s)...
  [ComfyUI] [ComfyUI-SAM3DObjects] Health check: ok
  [ComfyUI] [SubprocessWorker] call_id=67 sending model_to_device
  [ComfyUI] Model 'EmbedderFuser_2' gone from worker (restarted?), treating as offloaded
  [ComfyUI] [comfy-env] [VRAM] After offload 'EmbedderFuser_2' (1259 MB): 1271 / 24575 MB
  [ComfyUI] [comfy-env] [VRAM] Before offload 'MoGeModelV1_1' (599 MB) -> cpu: 1271 / 24575 MB
  [ComfyUI] [ComfyUI-SAM3DObjects] Health check: ping (timeout=5.0s)...
  [ComfyUI] [ComfyUI-SAM3DObjects] Health check: ok
  [ComfyUI] [SubprocessWorker] call_id=68 sending model_to_device
  [ComfyUI] Model 'MoGeModelV1_1' gone from worker (restarted?), treating as offloaded
  [ComfyUI] [comfy-env] [VRAM] After offload 'MoGeModelV1_1' (599 MB): 1271 / 24575 MB
  [ComfyUI] [comfy-env] LoadSAM3DModel done (6.98s): result: NodeOutput
  [ComfyUI] [VRAM] After LoadSAM3DModel: 1271 / 24575 MB
  [ComfyUI] [comfy-env] Running SAM3D_DepthEstimate: depth_model: dict, image: torch.float32 [1,2240,3360,3] cpu
  [ComfyUI] [VRAM] Before SAM3D_DepthEstimate: 1271 / 24575 MB
  [ComfyUI] [SubprocessWorker] call_method: nodes.depth_estimate.SAM3D_DepthEstimate.EXECUTE_NORMALIZED
  [ComfyUI] [SubprocessWorker] acquired lock, ensuring started...
  [ComfyUI] [ComfyUI-SAM3DObjects] Health check: ping (timeout=5.0s)...
  [ComfyUI] [ComfyUI-SAM3DObjects] Health check: ok
  [ComfyUI] [SubprocessWorker] worker started/confirmed
  [ComfyUI] [comfy-env] PRE-SERIALIZE 'image' shape: torch.Size([1, 2240, 3360, 3])
  [ComfyUI] [SubprocessWorker] serializing kwargs to shm...
  [ComfyUI] [SubprocessWorker] created 0 shm blocks
  [ComfyUI] [SubprocessWorker] sending request via socket...
  [ComfyUI] [SubprocessWorker] call_id=69 sending call_method
  [ComfyUI] [worker:ComfyUI-SAM3DObjects] [comfy-env] _from_shm got dict with keys: ['__type__', 'strategy', 'manager_path', 'storage_key', 'storage_size']
  [ComfyUI] [worker:ComfyUI-SAM3DObjects] [comfy-env] DESERIALIZE TensorRef: tensor_size=[1, 2240, 3360, 3]
  [ComfyUI] [worker:ComfyUI-SAM3DObjects] [comfy-env] DESERIALIZED tensor shape: torch.Size([1, 2240, 3360, 3])
  Frame 5 saved (frame_004.jpg, t=9.7s)
  [capture-periodic] freeze=3ms shot=190ms unfreeze=3ms saved=True
  [ComfyUI] [worker:ComfyUI-SAM3DObjects] [VRAM] DepthEstimate: start: torch=0MiB alloc, 0MiB reserved | gpu=1271MiB/24575MiB used
  [ComfyUI] [worker:ComfyUI-SAM3DObjects] [VRAM] DepthEstimate: before MoGe from_pretrained: torch=0MiB alloc, 0MiB reserved | gpu=1271MiB/24575MiB used
  [ComfyUI] C:\workspaces\SAM3DObjects-1828\ComfyUI\custom_nodes\ComfyUI-SAM3DObjects\nodes\sam3d\moge.py:1012: UserWarning: Deprecated arguments ignored: {'output_mask': True, 'split_head': True}
  [ComfyUI]   warnings.warn(f"Deprecated arguments ignored: {deprecated_kwargs}")
  [ComfyUI] [worker:ComfyUI-SAM3DObjects] [VRAM] DepthEstimate: after MoGe from_pretrained: torch=0MiB alloc, 0MiB reserved | gpu=1271MiB/24575MiB used
  [ComfyUI] [worker:ComfyUI-SAM3DObjects] [VRAM] DepthEstimate: before load_models_gpu: torch=0MiB alloc, 0MiB reserved | gpu=1271MiB/24575MiB used
  [ComfyUI] [SubprocessWorker] callback 'request_vram_budget' from call_id=69
  [ComfyUI] [comfy-env] VRAM request: 0.63GB, free before eviction: 24.44GB
  [ComfyUI] [comfy-env] VRAM after eviction: 24.44GB
  [ComfyUI] [worker:ComfyUI-SAM3DObjects] [VRAM] +280MB (now 280MB) reserved=288MB peak=280MB
  [ComfyUI] [worker:ComfyUI-SAM3DObjects] [VRAM] DepthEstimate: after load_models_gpu: torch=599MiB alloc, 608MiB reserved | gpu=1891MiB/24575MiB used
  [capture-loop] iter=100 t=12.8s state={'complete': False, 'error': None, 'executedCount': 1, 'wsState': 1} eval_ms=3
  [ComfyUI] [worker:ComfyUI-SAM3DObjects] [VRAM] +319MB (now 599MB) reserved=608MB peak=599MB
  [ComfyUI] [SubprocessWorker] callback 'report_progress' from call_id=69
  [ComfyUI] [worker:ComfyUI-SAM3DObjects] [VRAM] DepthEstimate: before MoGe inference: torch=599MiB alloc, 608MiB reserved | gpu=1891MiB/24575MiB used
  Frame 6 saved (frame_005.jpg, t=16.4s)
  [capture-periodic] freeze=3ms shot=157ms unfreeze=3ms saved=True
  [ComfyUI] [worker:ComfyUI-SAM3DObjects] [VRAM] +335MB (now 934MB) reserved=1056MB peak=934MB
  [ComfyUI] [worker:ComfyUI-SAM3DObjects] [VRAM] DepthEstimate: after MoGe inference: torch=759MiB alloc, 1120MiB reserved | gpu=2463MiB/24575MiB used
  [ComfyUI] [worker:ComfyUI-SAM3DObjects] [VRAM] DepthEstimate: after cleanup: torch=159MiB alloc, 288MiB reserved | gpu=1631MiB/24575MiB used
  [ComfyUI] [SubprocessWorker] callback 'report_progress' from call_id=69
  [ComfyUI] [SubprocessWorker] callback 'report_progress' from call_id=69
  [ComfyUI] [worker:ComfyUI-SAM3DObjects] [VRAM] -689MB (now 245MB) reserved=672MB peak=934MB
  Frame 7 saved (frame_006.jpg, t=18.6s)
  [capture-periodic] freeze=2ms shot=152ms unfreeze=3ms saved=True
  [capture-loop] iter=150 t=18.9s state={'complete': False, 'error': None, 'executedCount': 1, 'wsState': 1} eval_ms=3
  [capture-loop] iter=200 t=24.7s state={'complete': False, 'error': None, 'executedCount': 1, 'wsState': 1} eval_ms=3
  [capture-loop] iter=250 t=30.7s state={'complete': False, 'error': None, 'executedCount': 1, 'wsState': 1} eval_ms=3
  [capture-loop] iter=300 t=36.5s state={'complete': False, 'error': None, 'executedCount': 1, 'wsState': 1} eval_ms=3
  [capture-loop] iter=350 t=42.5s state={'complete': False, 'error': None, 'executedCount': 1, 'wsState': 1} eval_ms=4
  [capture-loop] iter=400 t=48.6s state={'complete': False, 'error': None, 'executedCount': 1, 'wsState': 1} eval_ms=4
  [ComfyUI] [SubprocessWorker] callback 'report_progress' from call_id=69
  [ComfyUI] [worker:ComfyUI-SAM3DObjects] [VRAM] DepthEstimate: done: torch=245MiB alloc, 672MiB reserved | gpu=2015MiB/24575MiB used
  [ComfyUI] [SubprocessWorker] got response: ok
  [ComfyUI] [comfy-env] Created 1 model patchers: ['MoGeModelV1_1']
  [ComfyUI] [comfy-env] SAM3D_DepthEstimate done (40.82s): result: NodeOutput
  [ComfyUI] [VRAM] After SAM3D_DepthEstimate: 1271 / 24575 MB
  [ComfyUI] [VRAM] Loaded: SubprocessModel (0 MB)
  [ComfyUI] [comfy-env] Running SAM3DSceneGenerate: seed: 42, stage1_steps: 12, stage1_cfg: 7.5, stage1_cfg_pm: 0.0, stage2_steps: 12, stage2_cfg: 5.0, with_postprocess: False, simplify: 0.95, add_textures: False, texture_mode: 'fast', texture_size: 1024, stage1_batch_size: 1, generator: dict, slat_decoder_gs: dict, slat_decoder_mesh: dict, image: torch.float32 [1,2240,3360,3] cpu, masks: torch.float32 [7,2240,3360] cpu, intrinsics: float32 [3,3], pointmap: torch.float32 [2240,3360,3] cpu
  [ComfyUI] [VRAM] Before SAM3DSceneGenerate: 1271 / 24575 MB
  [ComfyUI] [VRAM] Loaded: SubprocessModel (0 MB)
  [ComfyUI] [SubprocessWorker] call_method: nodes.scene_generate.SAM3DSceneGenerate.EXECUTE_NORMALIZED
  [ComfyUI] [SubprocessWorker] acquired lock, ensuring started...
  [ComfyUI] [ComfyUI-SAM3DObjects] Health check: ping (timeout=5.0s)...
  [ComfyUI] [ComfyUI-SAM3DObjects] Health check: failed
  [ComfyUI] [ComfyUI-SAM3DObjects] Socket unhealthy, restarting worker...
  [ComfyUI] [comfy-env] Invalidated 1 stale model patchers (will be cleaned up during next unload)
  [ComfyUI] [comfy-env] sam3dobjects-nodes: Library/bin has 649 DLLs
  [ComfyUI] MultibandToMasks: Auto-detected 7 mask channels: ['mask_01', 'mask_02', 'mask_03', 'mask_04', 'mask_05', 'mask_06', 'mask_07']
  [ComfyUI] [ComfyUI-SAM3DObjects] python: C:\workspaces\SAM3DObjects-1828\ComfyUI\.ce\.pixi\envs\sam3dobjects-nodes\python.exe
  [ComfyUI] [ComfyUI-SAM3DObjects] sys_path sent to worker: ['C:\\workspaces\\SAM3DObjects-1828\\ComfyUI', 'C:\\workspaces\\SAM3DObjects-1828\\ComfyUI\\custom_nodes\\ComfyUI-SAM3DObjects', 'C:\\workspaces\\SAM3DObjects-1828\\ComfyUI\\.ce\\.pixi\\envs\\sam3dobjects-nodes\\Lib\\site-packages', 'C:\\workspaces\\SAM3DObjects-1828\\ComfyUI\\custom_nodes\\ComfyUI-SAM3DObjects']
  [ComfyUI] [SubprocessWorker] is_pixi=True, python=C:\workspaces\SAM3DObjects-1828\ComfyUI\.ce\.pixi\envs\sam3dobjects-nodes\python.exe
  [ComfyUI] [SubprocessWorker] launching cmd=['C:\\Users\\ContainerAdministrator\\.local\\bin\\pixi.EXE', 'run', '--as-is', '--manifest-path', 'C:\\workspaces\\SAM3DObjects-1828\\ComfyUI\\.ce\\pixi.toml', '-e', 'sam3dobjects-nodes', 'python', 'C:\\Users\\ContainerAdministrator\\AppData\\Local\\Temp\\comfyui_pvenv_0zgllkjn\\persistent_worker.py', 'tcp://127.0.0.1:64994']...
  Frame 8 saved (frame_007.jpg, t=52.1s)
  [capture-periodic] freeze=3ms shot=168ms unfreeze=4ms saved=True
  Frame 9 saved (frame_008.jpg, t=54.4s)
  [capture-periodic] freeze=4ms shot=161ms unfreeze=6ms saved=True
  [capture-loop] iter=450 t=54.7s state={'complete': False, 'error': None, 'executedCount': 1, 'wsState': 1} eval_ms=3
  [ComfyUI] [worker:ComfyUI-SAM3DObjects] WARNING: WARNING: You need pytorch with cu130 or higher to use optimized CUDA operations.
  [ComfyUI] [SubprocessWorker] worker started/confirmed
  [ComfyUI] [comfy-env] PRE-SERIALIZE 'image' shape: torch.Size([1, 2240, 3360, 3])
  [ComfyUI] [comfy-env] PRE-SERIALIZE 'masks' shape: torch.Size([7, 2240, 3360])
  [ComfyUI] [comfy-env] PRE-SERIALIZE 'intrinsics' shape: (3, 3)
  [ComfyUI] [comfy-env] PRE-SERIALIZE 'pointmap' shape: torch.Size([2240, 3360, 3])
  [ComfyUI] [SubprocessWorker] serializing kwargs to shm...
  [ComfyUI] [SubprocessWorker] created 0 shm blocks
  [ComfyUI] [SubprocessWorker] sending request via socket...
  [ComfyUI] [SubprocessWorker] call_id=70 sending call_method
  [ComfyUI] [worker:ComfyUI-SAM3DObjects] [comfy-env] _from_shm got dict with keys: ['__type__', 'strategy', 'manager_path', 'storage_key', 'storage_size']
  [ComfyUI] [worker:ComfyUI-SAM3DObjects] [comfy-env] DESERIALIZE TensorRef: tensor_size=[1, 2240, 3360, 3]
  [ComfyUI] [worker:ComfyUI-SAM3DObjects] [comfy-env] DESERIALIZED tensor shape: torch.Size([1, 2240, 3360, 3])
  [ComfyUI] [worker:ComfyUI-SAM3DObjects] [comfy-env] _from_shm got dict with keys: ['__type__', 'strategy', 'manager_path', 'storage_key', 'storage_size']
  [ComfyUI] [worker:ComfyUI-SAM3DObjects] [comfy-env] DESERIALIZE TensorRef: tensor_size=[7, 2240, 3360]
  [ComfyUI] [worker:ComfyUI-SAM3DObjects] [comfy-env] DESERIALIZED tensor shape: torch.Size([7, 2240, 3360])
  [ComfyUI] [worker:ComfyUI-SAM3DObjects] [comfy-env] _from_shm got dict with keys: ['__type__', 'strategy', 'manager_path', 'storage_key', 'storage_size']
  [ComfyUI] [worker:ComfyUI-SAM3DObjects] [comfy-env] DESERIALIZE TensorRef: tensor_size=[3, 3]
  [ComfyUI] [worker:ComfyUI-SAM3DObjects] [comfy-env] DESERIALIZED tensor shape: torch.Size([3, 3])
  [ComfyUI] [worker:ComfyUI-SAM3DObjects] [comfy-env] _from_shm got dict with keys: ['__type__', 'strategy', 'manager_path', 'storage_key', 'storage_size']
  [ComfyUI] [worker:ComfyUI-SAM3DObjects] [comfy-env] DESERIALIZE TensorRef: tensor_size=[2240, 3360, 3]
  [ComfyUI] [worker:ComfyUI-SAM3DObjects] [comfy-env] DESERIALIZED tensor shape: torch.Size([2240, 3360, 3])
  [ComfyUI] [worker:ComfyUI-SAM3DObjects] [VRAM] SceneGenerate: start: torch=0MiB alloc, 0MiB reserved | gpu=1271MiB/24575MiB used
  [ComfyUI] [worker:ComfyUI-SAM3DObjects] [VRAM] SceneGenerate: PHASE 1 start: torch=0MiB alloc, 0MiB reserved | gpu=1271MiB/24575MiB used
  [capture-loop] iter=500 t=60.5s state={'complete': False, 'error': None, 'executedCount': 1, 'wsState': 1} eval_ms=3
  [ComfyUI] 2026-05-02 18:55:42.477 | WARNING  | nodes.sam3d.transforms:__post_init__:1359 - No rgb pointmap normalizer provided, using scale + shift
  [ComfyUI] [worker:ComfyUI-SAM3DObjects] [VRAM] _load_condition_embedder(ss): before build: torch=14MiB alloc, 32MiB reserved | gpu=1315MiB/24575MiB used
  [capture-loop] iter=550 t=67.1s state={'complete': False, 'error': None, 'executedCount': 1, 'wsState': 1} eval_ms=5
  [ComfyUI] [worker:ComfyUI-SAM3DObjects] [VRAM] _load_condition_embedder(ss): after load_state_dict: torch=14MiB alloc, 32MiB reserved | gpu=1315MiB/24575MiB used
  [ComfyUI] [SubprocessWorker] callback 'request_vram_budget' from call_id=70
  [ComfyUI] [comfy-env] VRAM request: 2.54GB, free before eviction: 24.44GB
  [ComfyUI] [comfy-env] VRAM after eviction: 24.44GB
  [ComfyUI] [worker:ComfyUI-SAM3DObjects] [VRAM] +238MB (now 238MB) reserved=256MB peak=238MB
  [ComfyUI] [worker:ComfyUI-SAM3DObjects] [VRAM] +1035MB (now 1273MB) reserved=1280MB peak=1273MB
  [ComfyUI] [worker:ComfyUI-SAM3DObjects] [VRAM] Stage1: before embedding: torch=1273MiB alloc, 1280MiB reserved | gpu=2563MiB/24575MiB used
  [ComfyUI] [worker:ComfyUI-SAM3DObjects] [VRAM] Stage1: after embedding: torch=1312MiB alloc, 2368MiB reserved | gpu=3709MiB/24575MiB used
  [ComfyUI] [worker:ComfyUI-SAM3DObjects] [VRAM] -317MB (now 957MB) reserved=2368MB peak=1365MB
  [ComfyUI] [worker:ComfyUI-SAM3DObjects] [VRAM] Stage1: after embedder unload: torch=52MiB alloc, 128MiB reserved | gpu=1469MiB/24575MiB used
  [ComfyUI] [worker:ComfyUI-SAM3DObjects] [VRAM] _load_generator(ss): before build: torch=52MiB alloc, 128MiB reserved | gpu=1469MiB/24575MiB used
  [ComfyUI] [worker:ComfyUI-SAM3DObjects] [VRAM] _load_generator(ss): after load_state_dict: torch=52MiB alloc, 128MiB reserved | gpu=1469MiB/24575MiB used
  [ComfyUI] [SubprocessWorker] callback 'request_vram_budget' from call_id=70
  [ComfyUI] [comfy-env] VRAM request: 3.86GB, free before eviction: 24.44GB
  [ComfyUI] [comfy-env] VRAM after eviction: 24.44GB
  [ComfyUI] [worker:ComfyUI-SAM3DObjects] [VRAM] -449MB (now 509MB) reserved=576MB peak=1365MB
  [capture-loop] iter=600 t=73.3s state={'complete': False, 'error': None, 'executedCount': 1, 'wsState': 1} eval_ms=3
  [ComfyUI] [worker:ComfyUI-SAM3DObjects] [VRAM] +1717MB (now 2226MB) reserved=2240MB peak=2226MB
  [ComfyUI] [worker:ComfyUI-SAM3DObjects] [VRAM] +1488MB (now 3714MB) reserved=3744MB peak=3714MB
  [ComfyUI] [worker:ComfyUI-SAM3DObjects] [VRAM] _load_decoder(ss): before instantiate: torch=3730MiB alloc, 3744MiB reserved | gpu=5085MiB/24575MiB used
  [ComfyUI] [worker:ComfyUI-SAM3DObjects] [VRAM] _load_decoder(ss): after load_state_dict: torch=3730MiB alloc, 3744MiB reserved | gpu=5085MiB/24575MiB used
  [ComfyUI] [SubprocessWorker] callback 'request_vram_budget' from call_id=70
  [ComfyUI] [comfy-env] VRAM request: 0.15GB, free before eviction: 24.44GB
  [ComfyUI] [comfy-env] VRAM after eviction: 24.44GB
  [ComfyUI] [worker:ComfyUI-SAM3DObjects] [VRAM] Stage1: before inference: torch=3871MiB alloc, 3872MiB reserved | gpu=5213MiB/24575MiB used
  [ComfyUI] [worker:ComfyUI-SAM3DObjects] [DTYPE_DBG] _generate_noise_tensor: _compute_dtype=torch.bfloat16 shape=(1, 1, 6) device=cuda:0
  [ComfyUI] [worker:ComfyUI-SAM3DObjects] [DTYPE_DBG] _generate_noise_tensor: _compute_dtype=torch.bfloat16 shape=(1, 1, 3) device=cuda:0
  [ComfyUI] [worker:ComfyUI-SAM3DObjects] [DTYPE_DBG] _generate_noise_tensor: _compute_dtype=torch.bfloat16 shape=(1, 4096, 8) device=cuda:0
  [ComfyUI] [worker:ComfyUI-SAM3DObjects] [DTYPE_DBG] _generate_noise_tensor: _compute_dtype=torch.bfloat16 shape=(1, 1, 3) device=cuda:0
  [ComfyUI] [worker:ComfyUI-SAM3DObjects] [DTYPE_DBG] _generate_noise_tensor: _compute_dtype=torch.bfloat16 shape=(1, 1, 1) device=cuda:0
  [ComfyUI] [worker:ComfyUI-SAM3DObjects] [VRAM] +251MB (now 3966MB) reserved=4032MB peak=3966MB
  [ComfyUI] [SubprocessWorker] callback 'report_progress' from call_id=70
  [ComfyUI] [SubprocessWorker] callback 'report_progress' from call_id=70
  [ComfyUI] [SubprocessWorker] callback 'report_progress' from call_id=70
  [ComfyUI] [SubprocessWorker] callback 'report_progress' from call_id=70
  [capture-loop] iter=650 t=79.2s state={'complete': False, 'error': None, 'executedCount': 1, 'wsState': 1} eval_ms=4
  Frame 10 saved (frame_009.jpg, t=79.3s)
  [capture-periodic] freeze=4ms shot=169ms unfreeze=5ms saved=True
  [ComfyUI] [SubprocessWorker] callback 'report_progress' from call_id=70
  [ComfyUI] [SubprocessWorker] callback 'report_progress' from call_id=70
  [ComfyUI] [SubprocessWorker] callback 'report_progress' from call_id=70
  [ComfyUI] [SubprocessWorker] callback 'report_progress' from call_id=70
  Frame 11 saved (frame_010.jpg, t=81.5s)
  [capture-periodic] freeze=3ms shot=164ms unfreeze=4ms saved=True
  [ComfyUI] [SubprocessWorker] callback 'report_progress' from call_id=70
  [ComfyUI] [SubprocessWorker] callback 'report_progress' from call_id=70
  [ComfyUI] [SubprocessWorker] callback 'report_progress' from call_id=70
  [ComfyUI] [SubprocessWorker] callback 'report_progress' from call_id=70
  [ComfyUI] [worker:ComfyUI-SAM3DObjects] [VRAM] Stage1: after inference: torch=3887MiB alloc, 4384MiB reserved | gpu=5727MiB/24575MiB used
  [ComfyUI] [worker:ComfyUI-SAM3DObjects] [VRAM] -241MB (now 3725MB) reserved=4384MB peak=4113MB
  Frame 12 saved (frame_011.jpg, t=83.8s)
  [capture-periodic] freeze=3ms shot=166ms unfreeze=7ms saved=True
  [ComfyUI] [worker:ComfyUI-SAM3DObjects] [VRAM] -3324MB (now 402MB) reserved=4384MB peak=4113MB
  [ComfyUI] [worker:ComfyUI-SAM3DObjects] [VRAM] Stage1: after model cleanup: torch=69MiB alloc, 192MiB reserved | gpu=1535MiB/24575MiB used
  [ComfyUI] 2026-05-02 18:56:04.803 | WARNING  | nodes.sam3d.transforms:__post_init__:1359 - No rgb pointmap normalizer provided, using scale + shift
  [ComfyUI] [worker:ComfyUI-SAM3DObjects] [VRAM] -393MB (now 10MB) reserved=128MB peak=4113MB
  [capture-loop] iter=700 t=85.4s state={'complete': False, 'error': None, 'executedCount': 1, 'wsState': 1} eval_ms=5
  [ComfyUI] [SubprocessWorker] callback 'request_vram_budget' from call_id=70
  [ComfyUI] [comfy-env] VRAM request: 2.54GB, free before eviction: 24.44GB
  [ComfyUI] [comfy-env] VRAM after eviction: 24.44GB
  [ComfyUI] [worker:ComfyUI-SAM3DObjects] [VRAM] Stage1: before embedding: torch=1283MiB alloc, 1376MiB reserved | gpu=2719MiB/24575MiB used
  [ComfyUI] [worker:ComfyUI-SAM3DObjects] [VRAM] +1325MB (now 1335MB) reserved=1408MB peak=4113MB
  [ComfyUI] [worker:ComfyUI-SAM3DObjects] [VRAM] Stage1: after embedding: torch=1313MiB alloc, 2464MiB reserved | gpu=3807MiB/24575MiB used
  [ComfyUI] [worker:ComfyUI-SAM3DObjects] [VRAM] Stage1: after embedder unload: torch=54MiB alloc, 192MiB reserved | gpu=1535MiB/24575MiB used
  [ComfyUI] [SubprocessWorker] callback 'request_vram_budget' from call_id=70
  [ComfyUI] [comfy-env] VRAM request: 3.86GB, free before eviction: 24.44GB
  [ComfyUI] [comfy-env] VRAM after eviction: 24.44GB
  [ComfyUI] [worker:ComfyUI-SAM3DObjects] [VRAM] -898MB (now 438MB) reserved=544MB peak=4113MB
  [ComfyUI] [worker:ComfyUI-SAM3DObjects] [VRAM] +3006MB (now 3444MB) reserved=3488MB peak=4113MB
  [ComfyUI] [SubprocessWorker] callback 'request_vram_budget' from call_id=70
  [ComfyUI] [comfy-env] VRAM request: 0.15GB, free before eviction: 24.44GB
  [ComfyUI] [comfy-env] VRAM after eviction: 24.44GB
  [ComfyUI] [worker:ComfyUI-SAM3DObjects] [VRAM] Stage1: before inference: torch=3872MiB alloc, 3904MiB reserved | gpu=5247MiB/24575MiB used
  [ComfyUI] [worker:ComfyUI-SAM3DObjects] [DTYPE_DBG] _generate_noise_tensor: _compute_dtype=torch.bfloat16 shape=(1, 1, 6) device=cuda:0
  [ComfyUI] [worker:ComfyUI-SAM3DObjects] [DTYPE_DBG] _generate_noise_tensor: _compute_dtype=torch.bfloat16 shape=(1, 1, 3) device=cuda:0
  [ComfyUI] [worker:ComfyUI-SAM3DObjects] [DTYPE_DBG] _generate_noise_tensor: _compute_dtype=torch.bfloat16 shape=(1, 4096, 8) device=cuda:0
  [ComfyUI] [worker:ComfyUI-SAM3DObjects] [DTYPE_DBG] _generate_noise_tensor: _compute_dtype=torch.bfloat16 shape=(1, 1, 3) device=cuda:0
  [ComfyUI] [worker:ComfyUI-SAM3DObjects] [DTYPE_DBG] _generate_noise_tensor: _compute_dtype=torch.bfloat16 shape=(1, 1, 1) device=cuda:0
  [ComfyUI] [SubprocessWorker] callback 'report_progress' from call_id=70
  [ComfyUI] [worker:ComfyUI-SAM3DObjects] [VRAM] +584MB (now 4028MB) reserved=4224MB peak=4113MB
  [ComfyUI] [SubprocessWorker] callback 'report_progress' from call_id=70
  [ComfyUI] [SubprocessWorker] callback 'report_progress' from call_id=70
  Frame 13 saved (frame_012.jpg, t=90.5s)
  [capture-periodic] freeze=5ms shot=162ms unfreeze=8ms saved=True
  [ComfyUI] [SubprocessWorker] callback 'report_progress' from call_id=70
  [ComfyUI] [SubprocessWorker] callback 'report_progress' from call_id=70
  [capture-loop] iter=750 t=91.5s state={'complete': False, 'error': None, 'executedCount': 1, 'wsState': 1} eval_ms=3
  [ComfyUI] [SubprocessWorker] callback 'report_progress' from call_id=70
  [ComfyUI] [SubprocessWorker] callback 'report_progress' from call_id=70
  Frame 14 saved (frame_013.jpg, t=92.8s)
  [capture-periodic] freeze=3ms shot=166ms unfreeze=4ms saved=True
  [ComfyUI] [SubprocessWorker] callback 'report_progress' from call_id=70
  [ComfyUI] [SubprocessWorker] callback 'report_progress' from call_id=70
  [ComfyUI] [SubprocessWorker] callback 'report_progress' from call_id=70
  [ComfyUI] [SubprocessWorker] callback 'report_progress' from call_id=70
  [ComfyUI] [SubprocessWorker] callback 'report_progress' from call_id=70
  [ComfyUI] [worker:ComfyUI-SAM3DObjects] [VRAM] Stage1: after inference: torch=3889MiB alloc, 4352MiB reserved | gpu=5695MiB/24575MiB used
  [ComfyUI] [worker:ComfyUI-SAM3DObjects] [VRAM] -414MB (now 3615MB) reserved=4352MB peak=4114MB
  Frame 15 saved (frame_014.jpg, t=95.2s)
  [capture-periodic] freeze=4ms shot=163ms unfreeze=6ms saved=True
  [ComfyUI] [worker:ComfyUI-SAM3DObjects] [VRAM] -3404MB (now 211MB) reserved=384MB peak=4114MB
  [ComfyUI] [worker:ComfyUI-SAM3DObjects] [VRAM] Stage1: after model cleanup: torch=71MiB alloc, 256MiB reserved | gpu=1599MiB/24575MiB used
  [ComfyUI] 2026-05-02 18:56:16.589 | WARNING  | nodes.sam3d.transforms:__post_init__:1359 - No rgb pointmap normalizer provided, using scale + shift
  [ComfyUI] [SubprocessWorker] callback 'request_vram_budget' from call_id=70
  [ComfyUI] [comfy-env] VRAM request: 2.54GB, free before eviction: 24.44GB
  [ComfyUI] [comfy-env] VRAM after eviction: 24.44GB
  [capture-loop] iter=800 t=97.7s state={'complete': False, 'error': None, 'executedCount': 1, 'wsState': 1} eval_ms=4
  [ComfyUI] [worker:ComfyUI-SAM3DObjects] [VRAM] +311MB (now 522MB) reserved=640MB peak=4114MB
  [ComfyUI] [worker:ComfyUI-SAM3DObjects] [VRAM] Stage1: before embedding: torch=1285MiB alloc, 1376MiB reserved | gpu=2719MiB/24575MiB used
  [ComfyUI] [worker:ComfyUI-SAM3DObjects] [VRAM] Stage1: after embedding: torch=1315MiB alloc, 2432MiB reserved | gpu=3775MiB/24575MiB used
  [ComfyUI] [worker:ComfyUI-SAM3DObjects] [VRAM] Stage1: after embedder unload: torch=55MiB alloc, 224MiB reserved | gpu=1567MiB/24575MiB used
  [ComfyUI] [worker:ComfyUI-SAM3DObjects] [VRAM] -467MB (now 55MB) reserved=224MB peak=4114MB
  [ComfyUI] [SubprocessWorker] callback 'request_vram_budget' from call_id=70
  [ComfyUI] [comfy-env] VRAM request: 3.86GB, free before eviction: 24.44GB
  [ComfyUI] [comfy-env] VRAM after eviction: 24.44GB
  [ComfyUI] [worker:ComfyUI-SAM3DObjects] [VRAM] +2722MB (now 2777MB) reserved=2848MB peak=4114MB
  [ComfyUI] [SubprocessWorker] callback 'request_vram_budget' from call_id=70
  [ComfyUI] [comfy-env] VRAM request: 0.15GB, free before eviction: 24.44GB
  [ComfyUI] [comfy-env] VRAM after eviction: 24.44GB
  [ComfyUI] [worker:ComfyUI-SAM3DObjects] [VRAM] Stage1: before inference: torch=3874MiB alloc, 3904MiB reserved | gpu=5247MiB/24575MiB used
  [ComfyUI] [worker:ComfyUI-SAM3DObjects] [DTYPE_DBG] _generate_noise_tensor: _compute_dtype=torch.bfloat16 shape=(1, 1, 6) device=cuda:0
  [ComfyUI] [worker:ComfyUI-SAM3DObjects] [DTYPE_DBG] _generate_noise_tensor: _compute_dtype=torch.bfloat16 shape=(1, 1, 3) device=cuda:0
  [ComfyUI] [worker:ComfyUI-SAM3DObjects] [DTYPE_DBG] _generate_noise_tensor: _compute_dtype=torch.bfloat16 shape=(1, 4096, 8) device=cuda:0
  [ComfyUI] [worker:ComfyUI-SAM3DObjects] [DTYPE_DBG] _generate_noise_tensor: _compute_dtype=torch.bfloat16 shape=(1, 1, 3) device=cuda:0
  [ComfyUI] [worker:ComfyUI-SAM3DObjects] [DTYPE_DBG] _generate_noise_tensor: _compute_dtype=torch.bfloat16 shape=(1, 1, 1) device=cuda:0
  [ComfyUI] [worker:ComfyUI-SAM3DObjects] [VRAM] +1238MB (now 4016MB) reserved=4192MB peak=4114MB
  [ComfyUI] [SubprocessWorker] callback 'report_progress' from call_id=70
  [ComfyUI] [SubprocessWorker] callback 'report_progress' from call_id=70
  [ComfyUI] [SubprocessWorker] callback 'report_progress' from call_id=70
  Frame 16 saved (frame_015.jpg, t=102.0s)
  [capture-periodic] freeze=3ms shot=169ms unfreeze=9ms saved=True
  [ComfyUI] [SubprocessWorker] callback 'report_progress' from call_id=70
  [ComfyUI] [SubprocessWorker] callback 'report_progress' from call_id=70
  [capture-loop] iter=850 t=103.6s state={'complete': False, 'error': None, 'executedCount': 1, 'wsState': 1} eval_ms=3
  [ComfyUI] [SubprocessWorker] callback 'report_progress' from call_id=70
  Frame 17 saved (frame_016.jpg, t=104.2s)
  [capture-periodic] freeze=3ms shot=159ms unfreeze=7ms saved=True
  [ComfyUI] [SubprocessWorker] callback 'report_progress' from call_id=70
  [ComfyUI] [SubprocessWorker] callback 'report_progress' from call_id=70
  [ComfyUI] [SubprocessWorker] callback 'report_progress' from call_id=70
  [ComfyUI] [SubprocessWorker] callback 'report_progress' from call_id=70
  [ComfyUI] [SubprocessWorker] callback 'report_progress' from call_id=70
  Frame 18 saved (frame_017.jpg, t=106.4s)
  [capture-periodic] freeze=3ms shot=165ms unfreeze=4ms saved=True
  [ComfyUI] [SubprocessWorker] callback 'report_progress' from call_id=70
  [ComfyUI] [worker:ComfyUI-SAM3DObjects] [VRAM] Stage1: after inference: torch=3890MiB alloc, 4384MiB reserved | gpu=5727MiB/24575MiB used
  [ComfyUI] [worker:ComfyUI-SAM3DObjects] [VRAM] -400MB (now 3616MB) reserved=4384MB peak=4114MB
  [ComfyUI] [worker:ComfyUI-SAM3DObjects] [VRAM] -3388MB (now 228MB) reserved=4384MB peak=4114MB
  [ComfyUI] [worker:ComfyUI-SAM3DObjects] [VRAM] Stage1: after model cleanup: torch=72MiB alloc, 320MiB reserved | gpu=1663MiB/24575MiB used
  [ComfyUI] 2026-05-02 18:56:28.383 | WARNING  | nodes.sam3d.transforms:__post_init__:1359 - No rgb pointmap normalizer provided, using scale + shift
  [ComfyUI] [worker:ComfyUI-SAM3DObjects] [VRAM] -216MB (now 12MB) reserved=256MB peak=4114MB
  Frame 19 saved (frame_018.jpg, t=108.7s)
  [capture-periodic] freeze=10ms shot=274ms unfreeze=4ms saved=True
  [ComfyUI] [SubprocessWorker] callback 'request_vram_budget' from call_id=70
  [ComfyUI] [comfy-env] VRAM request: 2.54GB, free before eviction: 24.44GB
  [ComfyUI] [comfy-env] VRAM after eviction: 24.44GB
  [ComfyUI] [worker:ComfyUI-SAM3DObjects] [VRAM] Stage1: before embedding: torch=1286MiB alloc, 1376MiB reserved | gpu=2719MiB/24575MiB used
  [capture-loop] iter=900 t=110.0s state={'complete': False, 'error': None, 'executedCount': 1, 'wsState': 1} eval_ms=3
  [ComfyUI] [worker:ComfyUI-SAM3DObjects] [VRAM] +1356MB (now 1369MB) reserved=1472MB peak=4114MB
  [ComfyUI] [worker:ComfyUI-SAM3DObjects] [VRAM] Stage1: after embedding: torch=1315MiB alloc, 2464MiB reserved | gpu=3807MiB/24575MiB used
  [ComfyUI] [worker:ComfyUI-SAM3DObjects] [VRAM] Stage1: after embedder unload: torch=56MiB alloc, 320MiB reserved | gpu=1663MiB/24575MiB used
  [ComfyUI] [SubprocessWorker] callback 'request_vram_budget' from call_id=70
  [ComfyUI] [comfy-env] VRAM request: 3.86GB, free before eviction: 24.44GB
  [ComfyUI] [comfy-env] VRAM after eviction: 24.44GB
  [ComfyUI] [worker:ComfyUI-SAM3DObjects]
  [ComfyUI] === WATCHDOG TICK 1 ===
  [ComfyUI] [worker:ComfyUI-SAM3DObjects] Thread 0x00004590 (most recent call first):
  [ComfyUI]   File "C:\Users\ContainerAdministrator\AppData\Local\Temp\comfyui_pvenv_0zgllkjn\persistent_worker.py", line 106 in _vram_poller
  [ComfyUI]   File "C:\workspaces\SAM3DObjects-1828\ComfyUI\.ce\.pixi\envs\sam3dobjects-nodes\Lib\threading.py", line 1012 in run
  [ComfyUI]   File "C:\workspaces\SAM3DObjects-1828\ComfyUI\.ce\.pixi\envs\sam3dobjects-nodes\Lib\threading.py", line 1075 in _bootstrap_inner
  [ComfyUI]   File "C:\workspaces\SAM3DObjects-1828\ComfyUI\.ce\.pixi\envs\sam3dobjects-nodes\Lib\threading.py", line 1032 in _bootstrap
  [ComfyUI] 
  [ComfyUI] Current thread 0x000043cc (most recent call first):
  [ComfyUI]   File "C:\Users\ContainerAdministrator\AppData\Local\Temp\comfyui_pvenv_0zgllkjn\persistent_worker.py", line 52 in _watchdog
  [ComfyUI]   File "C:\workspaces\SAM3DObjects-1828\ComfyUI\.ce\.pixi\envs\sam3dobjects-nodes\Lib\threading.py", line 1012 in run
  [ComfyUI]   File "C:\workspaces\SAM3DObjects-1828\ComfyUI\.ce\.pixi\envs\sam3dobjects-nodes\Lib\threading.py", line 1075 in _bootstrap_inner
  [ComfyUI]   File "C:\workspaces\SAM3DObjects-1828\ComfyUI\.ce\.pixi\envs\sam3dobjects-nodes\Lib\threading.py", line 1032 in _bootstrap
  [ComfyUI] 
  [ComfyUI] Thread 0x00000694 (most recent call first):
  [ComfyUI]   File "C:\workspaces\SAM3DObjects-1828\ComfyUI\.ce\.pixi\envs\sam3dobjects-nodes\Lib\site-packages\torch\nn\modules\module.py", line 1370 in convert
  [ComfyUI]   File "C:\workspaces\SAM3DObjects-1828\ComfyUI\.ce\.pixi\envs\sam3dobjects-nodes\Lib\site-packages\torch\nn\modules\module.py", line 965 in _apply
  [ComfyUI]   File "C:\workspaces\SAM3DObjects-1828\ComfyUI\.ce\.pixi\envs\sam3dobjects-nodes\Lib\site-packages\torch\nn\modules\module.py", line 1384 in to
  [ComfyUI]   File "C:\Users\ContainerAdministrator\AppData\Local\Temp\comfyui_pvenv_0zgllkjn\persistent_worker.py", line 1328 in _hooked_to
  [ComfyUI]   File "C:\workspaces\SAM3DObjects-1828\ComfyUI\comfy\model_patcher.py", line 873 in load
  [ComfyUI]   File "C:\workspaces\SAM3DObjects-1828\ComfyUI\comfy\model_patcher.py", line 1067 in partially_load
  [ComfyUI]   File "C:\workspaces\SAM3DObjects-1828\ComfyUI\comfy\model_management.py", line 606 in model_use_more_vram
  [ComfyUI]   File "C:\workspaces\SAM3DObjects-1828\ComfyUI\comfy\model_management.py", line 578 in model_load
  [ComfyUI]   File "C:\workspaces\SAM3DObjects-1828\ComfyUI\comfy\model_management.py", line 814 in load_models_gpu
  [ComfyUI]   File "C:\Users\ContainerAdministrator\AppData\Local\Temp\comfyui_pvenv_0zgllkjn\persistent_worker.py", line 1526 in _shimmed_load_models_gpu
  [ComfyUI]   File "C:\workspaces\SAM3DObjects-1828\ComfyUI\custom_nodes\ComfyUI-SAM3DObjects\nodes\utils\stages.py", line 469 in _load_generator
  [ComfyUI]   File "C:\workspaces\SAM3DObjects-1828\ComfyUI\custom_nodes\ComfyUI-SAM3DObjects\nodes\utils\stages.py", line 918 in run_stage1
  [ComfyUI]   File "C:\workspaces\SAM3DObjects-1828\ComfyUI\custom_nodes\ComfyUI-SAM3DObjects\nodes\scene_generate.py", line 251 in execute
  [ComfyUI]   File "C:\workspaces\SAM3DObjects-1828\ComfyUI\.ce\.pixi\envs\sam3dobjects-nodes\Lib\site-packages\torch\utils\_contextlib.py", line 124 in decorate_context
  [ComfyUI]   File "C:\workspaces\SAM3DObjects-1828\ComfyUI\comfy_api\latest\_io.py", line 1826 in EXECUTE_NORMALIZED
  [ComfyUI]   File "C:\Users\ContainerAdministrator\AppData\Local\Temp\comfyui_pvenv_0zgllkjn\persistent_worker.py", line 1749 in main
  [ComfyUI]   File "C:\Users\ContainerAdministrator\AppData\Local\Temp\comfyui_pvenv_0zgllkjn\persistent_worker.py", line 1794 in <module>
  [ComfyUI] 
  [ComfyUI] [worker:ComfyUI-SAM3DObjects] === END ===
  [ComfyUI] 
  [ComfyUI] [worker:ComfyUI-SAM3DObjects] [VRAM] +384MB (now 1753MB) reserved=1920MB peak=4114MB
  [ComfyUI] [SubprocessWorker] callback 'request_vram_budget' from call_id=70
  [ComfyUI] [comfy-env] VRAM request: 0.15GB, free before eviction: 24.44GB
  [ComfyUI] [comfy-env] VRAM after eviction: 24.44GB
  [ComfyUI] [worker:ComfyUI-SAM3DObjects] [VRAM] Stage1: before inference: torch=3875MiB alloc, 3936MiB reserved | gpu=5279MiB/24575MiB used
  [ComfyUI] [worker:ComfyUI-SAM3DObjects] [DTYPE_DBG] _generate_noise_tensor: _compute_dtype=torch.bfloat16 shape=(1, 1, 6) device=cuda:0
  [ComfyUI] [worker:ComfyUI-SAM3DObjects] [DTYPE_DBG] _generate_noise_tensor: _compute_dtype=torch.bfloat16 shape=(1, 1, 3) device=cuda:0
  [ComfyUI] [worker:ComfyUI-SAM3DObjects] [DTYPE_DBG] _generate_noise_tensor: _compute_dtype=torch.bfloat16 shape=(1, 4096, 8) device=cuda:0
  [ComfyUI] [worker:ComfyUI-SAM3DObjects] [DTYPE_DBG] _generate_noise_tensor: _compute_dtype=torch.bfloat16 shape=(1, 1, 3) device=cuda:0
  [ComfyUI] [worker:ComfyUI-SAM3DObjects] [DTYPE_DBG] _generate_noise_tensor: _compute_dtype=torch.bfloat16 shape=(1, 1, 1) device=cuda:0
  [ComfyUI] [worker:ComfyUI-SAM3DObjects] [VRAM] +2247MB (now 4001MB) reserved=4224MB peak=4114MB
  [ComfyUI] [SubprocessWorker] callback 'report_progress' from call_id=70
  [ComfyUI] [SubprocessWorker] callback 'report_progress' from call_id=70
  Frame 20 saved (frame_019.jpg, t=113.4s)
  [capture-periodic] freeze=4ms shot=166ms unfreeze=4ms saved=True
  [ComfyUI] [SubprocessWorker] callback 'report_progress' from call_id=70
  [ComfyUI] [SubprocessWorker] callback 'report_progress' from call_id=70
  [ComfyUI] [SubprocessWorker] callback 'report_progress' from call_id=70
  [ComfyUI] [SubprocessWorker] callback 'report_progress' from call_id=70
  Frame 21 saved (frame_020.jpg, t=115.7s)
  [capture-periodic] freeze=3ms shot=167ms unfreeze=4ms saved=True
  [capture-loop] iter=950 t=116.1s state={'complete': False, 'error': None, 'executedCount': 1, 'wsState': 1} eval_ms=3
  [ComfyUI] [SubprocessWorker] callback 'report_progress' from call_id=70
  [ComfyUI] [SubprocessWorker] callback 'report_progress' from call_id=70
  [ComfyUI] [SubprocessWorker] callback 'report_progress' from call_id=70
  [ComfyUI] [SubprocessWorker] callback 'report_progress' from call_id=70
  Frame 22 saved (frame_021.jpg, t=118.0s)
  [capture-periodic] freeze=4ms shot=176ms unfreeze=3ms saved=True
  [ComfyUI] [SubprocessWorker] callback 'report_progress' from call_id=70
  [ComfyUI] [SubprocessWorker] callback 'report_progress' from call_id=70
  [ComfyUI] [worker:ComfyUI-SAM3DObjects] [VRAM] Stage1: after inference: torch=3892MiB alloc, 4384MiB reserved | gpu=5727MiB/24575MiB used
  [ComfyUI] [worker:ComfyUI-SAM3DObjects] [VRAM] -369MB (now 3633MB) reserved=4384MB peak=4117MB
  [ComfyUI] [worker:ComfyUI-SAM3DObjects] [VRAM] -3420MB (now 214MB) reserved=4384MB peak=4117MB
  [ComfyUI] [worker:ComfyUI-SAM3DObjects] [VRAM] Stage1: after model cleanup: torch=73MiB alloc, 352MiB reserved | gpu=1695MiB/24575MiB used
  [ComfyUI] 2026-05-02 18:56:40.094 | WARNING  | nodes.sam3d.transforms:__post_init__:1359 - No rgb pointmap normalizer provided, using scale + shift
  Frame 23 saved (frame_022.jpg, t=120.3s)
  [capture-periodic] freeze=4ms shot=204ms unfreeze=4ms saved=True
  [ComfyUI] [SubprocessWorker] callback 'request_vram_budget' from call_id=70
  [ComfyUI] [comfy-env] VRAM request: 2.54GB, free before eviction: 24.44GB
  [ComfyUI] [comfy-env] VRAM after eviction: 24.44GB
  [ComfyUI] [worker:ComfyUI-SAM3DObjects] [VRAM] +487MB (now 701MB) reserved=896MB peak=4117MB
  [ComfyUI] [worker:ComfyUI-SAM3DObjects] [VRAM] Stage1: before embedding: torch=1288MiB alloc, 1408MiB reserved | gpu=2751MiB/24575MiB used
  [ComfyUI] [worker:ComfyUI-SAM3DObjects] [VRAM] Stage1: after embedding: torch=1317MiB alloc, 2464MiB reserved | gpu=3807MiB/24575MiB used
  [capture-loop] iter=1000 t=122.1s state={'complete': False, 'error': None, 'executedCount': 1, 'wsState': 1} eval_ms=3
  [ComfyUI] [worker:ComfyUI-SAM3DObjects] [VRAM] -556MB (now 146MB) reserved=2464MB peak=4117MB
  [ComfyUI] [worker:ComfyUI-SAM3DObjects] [VRAM] Stage1: after embedder unload: torch=58MiB alloc, 320MiB reserved | gpu=1663MiB/24575MiB used
  [ComfyUI] [SubprocessWorker] callback 'request_vram_budget' from call_id=70
  [ComfyUI] [comfy-env] VRAM request: 3.86GB, free before eviction: 24.44GB
  [ComfyUI] [comfy-env] VRAM after eviction: 24.44GB
  [ComfyUI] [worker:ComfyUI-SAM3DObjects] [VRAM] +2457MB (now 2604MB) reserved=2720MB peak=4117MB
  [ComfyUI] [SubprocessWorker] callback 'request_vram_budget' from call_id=70
  [ComfyUI] [comfy-env] VRAM request: 0.15GB, free before eviction: 24.44GB
  [ComfyUI] [comfy-env] VRAM after eviction: 24.44GB
  [ComfyUI] [worker:ComfyUI-SAM3DObjects] [VRAM] Stage1: before inference: torch=3876MiB alloc, 3936MiB reserved | gpu=5279MiB/24575MiB used
  [ComfyUI] [worker:ComfyUI-SAM3DObjects] [DTYPE_DBG] _generate_noise_tensor: _compute_dtype=torch.bfloat16 shape=(1, 1, 6) device=cuda:0
  [ComfyUI] [worker:ComfyUI-SAM3DObjects] [DTYPE_DBG] _generate_noise_tensor: _compute_dtype=torch.bfloat16 shape=(1, 1, 3) device=cuda:0
  [ComfyUI] [worker:ComfyUI-SAM3DObjects] [DTYPE_DBG] _generate_noise_tensor: _compute_dtype=torch.bfloat16 shape=(1, 4096, 8) device=cuda:0
  [ComfyUI] [worker:ComfyUI-SAM3DObjects] [DTYPE_DBG] _generate_noise_tensor: _compute_dtype=torch.bfloat16 shape=(1, 1, 3) device=cuda:0
  [ComfyUI] [worker:ComfyUI-SAM3DObjects] [DTYPE_DBG] _generate_noise_tensor: _compute_dtype=torch.bfloat16 shape=(1, 1, 1) device=cuda:0
  [ComfyUI] [worker:ComfyUI-SAM3DObjects] [VRAM] +1334MB (now 3938MB) reserved=4224MB peak=4117MB
  [ComfyUI] [SubprocessWorker] callback 'report_progress' from call_id=70
  [ComfyUI] [SubprocessWorker] callback 'report_progress' from call_id=70
  Frame 24 saved (frame_023.jpg, t=124.8s)
  [capture-periodic] freeze=4ms shot=167ms unfreeze=4ms saved=True
  [ComfyUI] [SubprocessWorker] callback 'report_progress' from call_id=70
  [ComfyUI] [SubprocessWorker] callback 'report_progress' from call_id=70
  [ComfyUI] [SubprocessWorker] callback 'report_progress' from call_id=70
  Frame 25 saved (frame_024.jpg, t=127.1s)
  [capture-periodic] freeze=3ms shot=164ms unfreeze=8ms saved=True
  [ComfyUI] [SubprocessWorker] callback 'report_progress' from call_id=70
  [ComfyUI] [SubprocessWorker] callback 'report_progress' from call_id=70
  [capture-loop] iter=1050 t=128.3s state={'complete': False, 'error': None, 'executedCount': 1, 'wsState': 1} eval_ms=4
  [ComfyUI] [SubprocessWorker] callback 'report_progress' from call_id=70
  [ComfyUI] [SubprocessWorker] callback 'report_progress' from call_id=70
  Frame 26 saved (frame_025.jpg, t=129.3s)
  [capture-periodic] freeze=3ms shot=166ms unfreeze=3ms saved=True
  [ComfyUI] [SubprocessWorker] callback 'report_progress' from call_id=70
  [ComfyUI] [SubprocessWorker] callback 'report_progress' from call_id=70
  [ComfyUI] [SubprocessWorker] callback 'report_progress' from call_id=70
  [ComfyUI] [worker:ComfyUI-SAM3DObjects] [VRAM] Stage1: after inference: torch=3893MiB alloc, 4384MiB reserved | gpu=5727MiB/24575MiB used
  [ComfyUI] [worker:ComfyUI-SAM3DObjects] [VRAM] -472MB (now 3466MB) reserved=4384MB peak=4117MB
  [ComfyUI] [worker:ComfyUI-SAM3DObjects] [VRAM] -3252MB (now 215MB) reserved=512MB peak=4117MB
  [ComfyUI] [worker:ComfyUI-SAM3DObjects] [VRAM] Stage1: after model cleanup: torch=74MiB alloc, 384MiB reserved | gpu=1727MiB/24575MiB used
  [ComfyUI] 2026-05-02 18:56:51.849 | WARNING  | nodes.sam3d.transforms:__post_init__:1359 - No rgb pointmap normalizer provided, using scale + shift
  Frame 27 saved (frame_026.jpg, t=131.6s)
  [capture-periodic] freeze=3ms shot=164ms unfreeze=4ms saved=True
  [ComfyUI] [SubprocessWorker] callback 'request_vram_budget' from call_id=70
  [ComfyUI] [comfy-env] VRAM request: 2.54GB, free before eviction: 24.44GB
  [ComfyUI] [comfy-env] VRAM after eviction: 24.44GB
  [ComfyUI] [worker:ComfyUI-SAM3DObjects] [VRAM] +455MB (now 670MB) reserved=896MB peak=4117MB
  [ComfyUI] [worker:ComfyUI-SAM3DObjects] [VRAM] Stage1: before embedding: torch=1289MiB alloc, 1408MiB reserved | gpu=2751MiB/24575MiB used
  [ComfyUI] [worker:ComfyUI-SAM3DObjects] [VRAM] Stage1: after embedding: torch=1318MiB alloc, 2496MiB reserved | gpu=3839MiB/24575MiB used
  [ComfyUI] [worker:ComfyUI-SAM3DObjects] [VRAM] -396MB (now 275MB) reserved=2496MB peak=4117MB
  [ComfyUI] [worker:ComfyUI-SAM3DObjects] [VRAM] Stage1: after embedder unload: torch=59MiB alloc, 384MiB reserved | gpu=1727MiB/24575MiB used
  [ComfyUI] [SubprocessWorker] callback 'request_vram_budget' from call_id=70
  [ComfyUI] [comfy-env] VRAM request: 3.86GB, free before eviction: 24.44GB
  [ComfyUI] [comfy-env] VRAM after eviction: 24.44GB
  [capture-loop] iter=1100 t=134.5s state={'complete': False, 'error': None, 'executedCount': 1, 'wsState': 1} eval_ms=4
  [ComfyUI] [worker:ComfyUI-SAM3DObjects] [VRAM] +2113MB (now 2389MB) reserved=2528MB peak=4117MB
  [ComfyUI] [SubprocessWorker] callback 'request_vram_budget' from call_id=70
  [ComfyUI] [comfy-env] VRAM request: 0.15GB, free before eviction: 24.44GB
  [ComfyUI] [comfy-env] VRAM after eviction: 24.44GB
  [ComfyUI] [worker:ComfyUI-SAM3DObjects] [VRAM] Stage1: before inference: torch=3877MiB alloc, 3936MiB reserved | gpu=5279MiB/24575MiB used
  [ComfyUI] [worker:ComfyUI-SAM3DObjects] [DTYPE_DBG] _generate_noise_tensor: _compute_dtype=torch.bfloat16 shape=(1, 1, 6) device=cuda:0
  [ComfyUI] [worker:ComfyUI-SAM3DObjects] [DTYPE_DBG] _generate_noise_tensor: _compute_dtype=torch.bfloat16 shape=(1, 1, 3) device=cuda:0
  [ComfyUI] [worker:ComfyUI-SAM3DObjects] [DTYPE_DBG] _generate_noise_tensor: _compute_dtype=torch.bfloat16 shape=(1, 4096, 8) device=cuda:0
  [ComfyUI] [worker:ComfyUI-SAM3DObjects] [DTYPE_DBG] _generate_noise_tensor: _compute_dtype=torch.bfloat16 shape=(1, 1, 3) device=cuda:0
  [ComfyUI] [worker:ComfyUI-SAM3DObjects] [DTYPE_DBG] _generate_noise_tensor: _compute_dtype=torch.bfloat16 shape=(1, 1, 1) device=cuda:0
  [ComfyUI] [worker:ComfyUI-SAM3DObjects] [VRAM] +1694MB (now 4083MB) reserved=4224MB peak=4117MB
  [ComfyUI] [SubprocessWorker] callback 'report_progress' from call_id=70
  [ComfyUI] [SubprocessWorker] callback 'report_progress' from call_id=70
  [ComfyUI] [SubprocessWorker] callback 'report_progress' from call_id=70
  [ComfyUI] [SubprocessWorker] callback 'report_progress' from call_id=70
  [ComfyUI] [SubprocessWorker] callback 'report_progress' from call_id=70
  Frame 28 saved (frame_027.jpg, t=138.4s)
  [capture-periodic] freeze=4ms shot=168ms unfreeze=7ms saved=True
  [ComfyUI] [SubprocessWorker] callback 'report_progress' from call_id=70
  [ComfyUI] [SubprocessWorker] callback 'report_progress' from call_id=70
  [ComfyUI] [SubprocessWorker] callback 'report_progress' from call_id=70
  [capture-loop] iter=1150 t=140.4s state={'complete': False, 'error': None, 'executedCount': 1, 'wsState': 1} eval_ms=3
  Frame 29 saved (frame_028.jpg, t=140.6s)
  [capture-periodic] freeze=3ms shot=163ms unfreeze=3ms saved=True
  [ComfyUI] [SubprocessWorker] callback 'report_progress' from call_id=70
  [ComfyUI] [SubprocessWorker] callback 'report_progress' from call_id=70
  [ComfyUI] [SubprocessWorker] callback 'report_progress' from call_id=70
  [ComfyUI] [SubprocessWorker] callback 'report_progress' from call_id=70
  [ComfyUI] [worker:ComfyUI-SAM3DObjects] [VRAM] Stage1: after inference: torch=3893MiB alloc, 4384MiB reserved | gpu=5727MiB/24575MiB used
  [ComfyUI] [worker:ComfyUI-SAM3DObjects] [VRAM] -312MB (now 3771MB) reserved=4384MB peak=4119MB
  Frame 30 saved (frame_029.jpg, t=142.9s)
  [capture-periodic] freeze=3ms shot=171ms unfreeze=3ms saved=True
  [ComfyUI] [worker:ComfyUI-SAM3DObjects] [VRAM] -3400MB (now 372MB) reserved=4384MB peak=4119MB
  [ComfyUI] [worker:ComfyUI-SAM3DObjects] [VRAM] Stage1: after model cleanup: torch=75MiB alloc, 448MiB reserved | gpu=1791MiB/24575MiB used
  [ComfyUI] 2026-05-02 18:57:03.641 | WARNING  | nodes.sam3d.transforms:__post_init__:1359 - No rgb pointmap normalizer provided, using scale + shift
  [ComfyUI] [worker:ComfyUI-SAM3DObjects] [VRAM] -357MB (now 16MB) reserved=352MB peak=4119MB
  [ComfyUI] [SubprocessWorker] callback 'request_vram_budget' from call_id=70
  [ComfyUI] [comfy-env] VRAM request: 2.54GB, free before eviction: 24.44GB
  [ComfyUI] [comfy-env] VRAM after eviction: 24.44GB
  [ComfyUI] [worker:ComfyUI-SAM3DObjects] [VRAM] Stage1: before embedding: torch=1289MiB alloc, 1440MiB reserved | gpu=2783MiB/24575MiB used
  [ComfyUI] [worker:ComfyUI-SAM3DObjects] [VRAM] +1356MB (now 1372MB) reserved=1536MB peak=4119MB
  [ComfyUI] [worker:ComfyUI-SAM3DObjects] [VRAM] Stage1: after embedding: torch=1319MiB alloc, 2496MiB reserved | gpu=3839MiB/24575MiB used
  [ComfyUI] [worker:ComfyUI-SAM3DObjects] [VRAM] Stage1: after embedder unload: torch=59MiB alloc, 416MiB reserved | gpu=1759MiB/24575MiB used
  [ComfyUI] [SubprocessWorker] callback 'request_vram_budget' from call_id=70
  [ComfyUI] [comfy-env] VRAM request: 3.86GB, free before eviction: 24.44GB
  [ComfyUI] [comfy-env] VRAM after eviction: 24.44GB
  [ComfyUI] [worker:ComfyUI-SAM3DObjects] [VRAM] -224MB (now 1148MB) reserved=1376MB peak=4119MB
  [capture-loop] iter=1200 t=146.6s state={'complete': False, 'error': None, 'executedCount': 1, 'wsState': 1} eval_ms=4
  [ComfyUI] [SubprocessWorker] callback 'request_vram_budget' from call_id=70
  [ComfyUI] [comfy-env] VRAM request: 0.15GB, free before eviction: 24.44GB
  [ComfyUI] [comfy-env] VRAM after eviction: 24.44GB
  [ComfyUI] [worker:ComfyUI-SAM3DObjects] [VRAM] Stage1: before inference: torch=3878MiB alloc, 3936MiB reserved | gpu=5279MiB/24575MiB used
  [ComfyUI] [worker:ComfyUI-SAM3DObjects] [DTYPE_DBG] _generate_noise_tensor: _compute_dtype=torch.bfloat16 shape=(1, 1, 6) device=cuda:0
  [ComfyUI] [worker:ComfyUI-SAM3DObjects] [DTYPE_DBG] _generate_noise_tensor: _compute_dtype=torch.bfloat16 shape=(1, 1, 3) device=cuda:0
  [ComfyUI] [worker:ComfyUI-SAM3DObjects] [DTYPE_DBG] _generate_noise_tensor: _compute_dtype=torch.bfloat16 shape=(1, 4096, 8) device=cuda:0
  [ComfyUI] [worker:ComfyUI-SAM3DObjects] [DTYPE_DBG] _generate_noise_tensor: _compute_dtype=torch.bfloat16 shape=(1, 1, 3) device=cuda:0
  [ComfyUI] [worker:ComfyUI-SAM3DObjects] [DTYPE_DBG] _generate_noise_tensor: _compute_dtype=torch.bfloat16 shape=(1, 1, 1) device=cuda:0
  [ComfyUI] [worker:ComfyUI-SAM3DObjects] [VRAM] +2744MB (now 3893MB) reserved=3936MB peak=4119MB
  [ComfyUI] [SubprocessWorker] callback 'report_progress' from call_id=70
  [ComfyUI] [SubprocessWorker] callback 'report_progress' from call_id=70
  [ComfyUI] [worker:ComfyUI-SAM3DObjects] [VRAM] +200MB (now 4093MB) reserved=4256MB peak=4119MB
  [ComfyUI] [SubprocessWorker] callback 'report_progress' from call_id=70
  [ComfyUI] [SubprocessWorker] callback 'report_progress' from call_id=70
  Frame 31 saved (frame_030.jpg, t=149.7s)
  [capture-periodic] freeze=3ms shot=167ms unfreeze=3ms saved=True
  [ComfyUI] [SubprocessWorker] callback 'report_progress' from call_id=70
  [ComfyUI] [SubprocessWorker] callback 'report_progress' from call_id=70
  [ComfyUI] [SubprocessWorker] callback 'report_progress' from call_id=70
  [ComfyUI] [worker:ComfyUI-SAM3DObjects] [VRAM] -201MB (now 3893MB) reserved=4256MB peak=4119MB
  [ComfyUI] [SubprocessWorker] callback 'report_progress' from call_id=70
  Frame 32 saved (frame_031.jpg, t=151.9s)
  [capture-periodic] freeze=3ms shot=163ms unfreeze=3ms saved=True
  [ComfyUI] [SubprocessWorker] callback 'report_progress' from call_id=70
  [capture-loop] iter=1250 t=152.7s state={'complete': False, 'error': None, 'executedCount': 1, 'wsState': 1} eval_ms=3
  [ComfyUI] [SubprocessWorker] callback 'report_progress' from call_id=70
  [ComfyUI] [worker:ComfyUI-SAM3DObjects] [VRAM] +204MB (now 4097MB) reserved=4256MB peak=4120MB
  [ComfyUI] [SubprocessWorker] callback 'report_progress' from call_id=70
  [ComfyUI] [SubprocessWorker] callback 'report_progress' from call_id=70
  [ComfyUI] [worker:ComfyUI-SAM3DObjects] [VRAM] Stage1: after inference: torch=3894MiB alloc, 4384MiB reserved | gpu=5727MiB/24575MiB used
  [ComfyUI] [worker:ComfyUI-SAM3DObjects] [VRAM] -1735MB (now 2363MB) reserved=4384MB peak=4120MB
  Frame 33 saved (frame_032.jpg, t=154.2s)
  [capture-periodic] freeze=3ms shot=177ms unfreeze=3ms saved=True
  [ComfyUI] [worker:ComfyUI-SAM3DObjects] [VRAM] Stage1: after model cleanup: torch=76MiB alloc, 512MiB reserved | gpu=1855MiB/24575MiB used
  [ComfyUI] [worker:ComfyUI-SAM3DObjects] [VRAM] SceneGenerate: PHASE 2 start: torch=17MiB alloc, 416MiB reserved | gpu=1759MiB/24575MiB used
  [ComfyUI] 2026-05-02 18:57:15.356 | WARNING  | nodes.sam3d.transforms:__post_init__:1359 - No rgb pointmap normalizer provided, using scale + shift
  [ComfyUI] [worker:ComfyUI-SAM3DObjects] [VRAM] -2347MB (now 17MB) reserved=416MB peak=4120MB
  [ComfyUI] [worker:ComfyUI-SAM3DObjects] [VRAM] _load_condition_embedder(slat): before build: torch=25MiB alloc, 416MiB reserved | gpu=1759MiB/24575MiB used
  [capture-loop] iter=1300 t=159.2s state={'complete': False, 'error': None, 'executedCount': 1, 'wsState': 1} eval_ms=5
  [ComfyUI] [worker:ComfyUI-SAM3DObjects] [VRAM] _load_condition_embedder(slat): after load_state_dict: torch=25MiB alloc, 416MiB reserved | gpu=1759MiB/24575MiB used
  [ComfyUI] [SubprocessWorker] callback 'request_vram_budget' from call_id=70
  [ComfyUI] [comfy-env] VRAM request: 2.50GB, free before eviction: 24.44GB
  [ComfyUI] [comfy-env] VRAM after eviction: 24.44GB
  [ComfyUI] [worker:ComfyUI-SAM3DObjects] [VRAM] +248MB (now 265MB) reserved=576MB peak=4120MB
  [ComfyUI] [worker:ComfyUI-SAM3DObjects] [VRAM] Stage2: before embedding: torch=1252MiB alloc, 1408MiB reserved | gpu=2751MiB/24575MiB used
  [ComfyUI] [worker:ComfyUI-SAM3DObjects] [VRAM] +1038MB (now 1303MB) reserved=1504MB peak=4120MB
  [ComfyUI] [worker:ComfyUI-SAM3DObjects] [VRAM] Stage2: after embedding: torch=1263MiB alloc, 1504MiB reserved | gpu=2847MiB/24575MiB used
  [ComfyUI] [worker:ComfyUI-SAM3DObjects] [VRAM] Stage2: after embedder unload: torch=35MiB alloc, 448MiB reserved | gpu=1791MiB/24575MiB used
  [ComfyUI] [worker:ComfyUI-SAM3DObjects] [VRAM] _load_generator(slat): before build: torch=35MiB alloc, 448MiB reserved | gpu=1791MiB/24575MiB used
  [ComfyUI] [worker:ComfyUI-SAM3DObjects] [VRAM] -1268MB (now 35MB) reserved=448MB peak=4120MB
  [capture-loop] iter=1350 t=165.1s state={'complete': False, 'error': None, 'executedCount': 1, 'wsState': 1} eval_ms=3
  [ComfyUI] [worker:ComfyUI-SAM3DObjects] [VRAM] _load_generator(slat): after load_state_dict: torch=35MiB alloc, 448MiB reserved | gpu=1791MiB/24575MiB used
  [ComfyUI] [SubprocessWorker] callback 'request_vram_budget' from call_id=70
  [ComfyUI] [comfy-env] VRAM request: 2.40GB, free before eviction: 24.44GB
  [ComfyUI] [comfy-env] VRAM after eviction: 24.44GB
  [ComfyUI] [worker:ComfyUI-SAM3DObjects]
  [ComfyUI] === WATCHDOG TICK 2 ===
  [ComfyUI] [worker:ComfyUI-SAM3DObjects] Thread 0x00004590 (most recent call first):
  [ComfyUI]   File "C:\Users\ContainerAdministrator\AppData\Local\Temp\comfyui_pvenv_0zgllkjn\persistent_worker.py", line 106 in _vram_poller
  [ComfyUI]   File "C:\workspaces\SAM3DObjects-1828\ComfyUI\.ce\.pixi\envs\sam3dobjects-nodes\Lib\threading.py", line 1012 in run
  [ComfyUI]   File "C:\workspaces\SAM3DObjects-1828\ComfyUI\.ce\.pixi\envs\sam3dobjects-nodes\Lib\threading.py", line 1075 in _bootstrap_inner
  [ComfyUI]   File "C:\workspaces\SAM3DObjects-1828\ComfyUI\.ce\.pixi\envs\sam3dobjects-nodes\Lib\threading.py", line 1032 in _bootstrap
  [ComfyUI] 
  [ComfyUI] Current thread 0x000043cc (most recent call first):
  [ComfyUI]   File "C:\Users\ContainerAdministrator\AppData\Local\Temp\comfyui_pvenv_0zgllkjn\persistent_worker.py", line 52 in _watchdog
  [ComfyUI]   File "C:\workspaces\SAM3DObjects-1828\ComfyUI\.ce\.pixi\envs\sam3dobjects-nodes\Lib\threading.py", line 1012 in run
  [ComfyUI]   File "C:\workspaces\SAM3DObjects-1828\ComfyUI\.ce\.pixi\envs\sam3dobjects-nodes\Lib\threading.py", line 1075 in _bootstrap_inner
  [ComfyUI]   File "C:\workspaces\SAM3DObjects-1828\ComfyUI\.ce\.pixi\envs\sam3dobjects-nodes\Lib\threading.py", line 1032 in _bootstrap
  [ComfyUI] 
  [ComfyUI] Thread 0x00000694 (most recent call first):
  [ComfyUI]   File "C:\workspaces\SAM3DObjects-1828\ComfyUI\.ce\.pixi\envs\sam3dobjects-nodes\Lib\site-packages\torch\nn\modules\module.py", line 1370 in convert
  [ComfyUI]   File "C:\workspaces\SAM3DObjects-1828\ComfyUI\.ce\.pixi\envs\sam3dobjects-nodes\Lib\site-packages\torch\nn\modules\module.py", line 965 in _apply
  [ComfyUI]   File "C:\workspaces\SAM3DObjects-1828\ComfyUI\.ce\.pixi\envs\sam3dobjects-nodes\Lib\site-packages\torch\nn\modules\module.py", line 1384 in to
  [ComfyUI]   File "C:\Users\ContainerAdministrator\AppData\Local\Temp\comfyui_pvenv_0zgllkjn\persistent_worker.py", line 1328 in _hooked_to
  [ComfyUI]   File "C:\workspaces\SAM3DObjects-1828\ComfyUI\comfy\model_patcher.py", line 873 in load
  [ComfyUI]   File "C:\workspaces\SAM3DObjects-1828\ComfyUI\comfy\model_patcher.py", line 1067 in partially_load
  [ComfyUI]   File "C:\workspaces\SAM3DObjects-1828\ComfyUI\comfy\model_management.py", line 606 in model_use_more_vram
  [ComfyUI]   File "C:\workspaces\SAM3DObjects-1828\ComfyUI\comfy\model_management.py", line 578 in model_load
  [ComfyUI]   File "C:\workspaces\SAM3DObjects-1828\ComfyUI\comfy\model_management.py", line 814 in load_models_gpu
  [ComfyUI]   File "C:\Users\ContainerAdministrator\AppData\Local\Temp\comfyui_pvenv_0zgllkjn\persistent_worker.py", line 1526 in _shimmed_load_models_gpu
  [ComfyUI]   File "C:\workspaces\SAM3DObjects-1828\ComfyUI\custom_nodes\ComfyUI-SAM3DObjects\nodes\utils\stages.py", line 469 in _load_generator
  [ComfyUI]   File "C:\workspaces\SAM3DObjects-1828\ComfyUI\custom_nodes\ComfyUI-SAM3DObjects\nodes\utils\stages.py", line 1179 in run_stage2
  [ComfyUI]   File "C:\workspaces\SAM3DObjects-1828\ComfyUI\custom_nodes\ComfyUI-SAM3DObjects\nodes\scene_generate.py", line 279 in execute
  [ComfyUI]   File "C:\workspaces\SAM3DObjects-1828\ComfyUI\.ce\.pixi\envs\sam3dobjects-nodes\Lib\site-packages\torch\utils\_contextlib.py", line 124 in decorate_context
  [ComfyUI]   File "C:\workspaces\SAM3DObjects-1828\ComfyUI\comfy_api\latest\_io.py", line 1826 in EXECUTE_NORMALIZED
  [ComfyUI]   File "C:\Users\ContainerAdministrator\AppData\Local\Temp\comfyui_pvenv_0zgllkjn\persistent_worker.py", line 1749 in main
  [ComfyUI]   File "C:\Users\ContainerAdministrator\AppData\Local\Temp\comfyui_pvenv_0zgllkjn\persistent_worker.py", line 1794 in <module>
  [ComfyUI] 
  [ComfyUI] [worker:ComfyUI-SAM3DObjects] === END ===
  [ComfyUI] 
  [ComfyUI] [worker:ComfyUI-SAM3DObjects] [VRAM] +207MB (now 243MB) reserved=608MB peak=4120MB
  [capture-loop] iter=1400 t=171.2s state={'complete': False, 'error': None, 'executedCount': 1, 'wsState': 1} eval_ms=3
  [ComfyUI] [worker:ComfyUI-SAM3DObjects] [VRAM] +1454MB (now 1697MB) reserved=1888MB peak=4120MB
  [ComfyUI] [worker:ComfyUI-SAM3DObjects] [VRAM] Stage2: before inference: torch=2326MiB alloc, 2432MiB reserved | gpu=3775MiB/24575MiB used
  [ComfyUI] [worker:ComfyUI-SAM3DObjects] [DTYPE_DBG] _generate_noise_tensor: _compute_dtype=torch.bfloat16 shape=(1, 26603, 8) device=cuda:0
  [ComfyUI] W0502 18:57:32.959000 7096 .ce\.pixi\envs\sam3dobjects-nodes\Lib\site-packages\torch\fx\_symbolic_trace.py:53] is_fx_tracing will return true for both fx.symbolic_trace and torch.export. Please use is_fx_tracing_symbolic_tracing() for specifically fx.symbolic_trace or torch.compiler.is_compiling() for specifically torch.export/compile.
  [ComfyUI] C:\workspaces\SAM3DObjects-1828\ComfyUI\.ce\.pixi\envs\sam3dobjects-nodes\Lib\site-packages\spconv\pytorch\cppcore.py:106: UserWarning: [WARNING]your gpu arch (8, 6) isn't compiled in prebuilt, may cause invalid device function error. available: {(9, 0), (12, 0), (7, 0), (8, 0), (10, 0)}
  [ComfyUI]   warnings.warn(
  [ComfyUI] [worker:ComfyUI-SAM3DObjects] [VRAM] +652MB (now 2350MB) reserved=2464MB peak=4120MB
  [ComfyUI] [worker:ComfyUI-SAM3DObjects] Can't find algo Ampere_bf16bf16bf16f32f32tnt_m64n64k32m32n32k32A1T16816_200_C301LLL_SK in prebuilt. compile with nvrtc...
  [capture-loop] iter=1450 t=177.0s state={'complete': False, 'error': None, 'executedCount': 1, 'wsState': 1} eval_ms=3
  [ComfyUI] [worker:ComfyUI-SAM3DObjects] Can't find algo Ampere_bf16bf16bf16f32f32tnt_m64n64k32m32n32k32A1T16816_300_C301LLL_SK in prebuilt. compile with nvrtc...
  [ComfyUI] [worker:ComfyUI-SAM3DObjects] Can't find algo Ampere_bf16bf16bf16f32f32tnt_m64n64k32m32n32k32A1T16816_400_C301LLL_SK in prebuilt. compile with nvrtc...
  [capture-loop] iter=1500 t=183.0s state={'complete': False, 'error': None, 'executedCount': 1, 'wsState': 1} eval_ms=4
  [ComfyUI] [worker:ComfyUI-SAM3DObjects] Can't find algo Ampere_bf16bf16bf16f32f32tnt_m64n128k32m32n64k32A1T16816_200_C301LLL_SK in prebuilt. compile with nvrtc...
  [capture-loop] iter=1550 t=188.9s state={'complete': False, 'error': None, 'executedCount': 1, 'wsState': 1} eval_ms=3
  [ComfyUI] [worker:ComfyUI-SAM3DObjects] Can't find algo Ampere_bf16bf16bf16f32f32tnt_m64n128k32m32n64k32A1T16816_300_C301LLL_SK in prebuilt. compile with nvrtc...
  [ComfyUI] [worker:ComfyUI-SAM3DObjects] Can't find algo Ampere_bf16bf16bf16f32f32tnt_m64n128k32m32n64k32A1T16816_400_C301LLL_SK in prebuilt. compile with nvrtc...
  [capture-loop] iter=1600 t=194.8s state={'complete': False, 'error': None, 'executedCount': 1, 'wsState': 1} eval_ms=3
  [ComfyUI] [worker:ComfyUI-SAM3DObjects] Can't find algo Ampere_bf16bf16bf16f32f32tnt_m128n64k32m64n32k32A1T16816_200_C301LLL_SK in prebuilt. compile with nvrtc...
  [ComfyUI] [worker:ComfyUI-SAM3DObjects] Can't find algo Ampere_bf16bf16bf16f32f32tnt_m128n64k32m64n32k32A1T16816_300_C301LLL_SK in prebuilt. compile with nvrtc...
  [capture-loop] iter=1650 t=200.8s state={'complete': False, 'error': None, 'executedCount': 1, 'wsState': 1} eval_ms=3
  [ComfyUI] [worker:ComfyUI-SAM3DObjects] Can't find algo Ampere_bf16bf16bf16f32f32tnt_m128n64k32m64n32k32A1T16816_400_C301LLL_SK in prebuilt. compile with nvrtc...
  [ComfyUI] [worker:ComfyUI-SAM3DObjects] [33m[comfy-attn] Varlen attention: sage2[0m
  [ComfyUI] [worker:ComfyUI-SAM3DObjects] [VRAM] +200MB (now 2550MB) reserved=2816MB peak=4120MB
  [capture-loop] iter=1700 t=206.8s state={'complete': False, 'error': None, 'executedCount': 1, 'wsState': 1} eval_ms=3
  [ComfyUI] [worker:ComfyUI-SAM3DObjects] [VRAM] +286MB (now 2837MB) reserved=3200MB peak=4120MB
  [ComfyUI] [worker:ComfyUI-SAM3DObjects] Can't find algo Simt_f32f32f32f32f32tnt_m32n128k16m32n32k8A1_200_C301LLL_SK in prebuilt. compile with nvrtc...
  [ComfyUI] [worker:ComfyUI-SAM3DObjects] Can't find algo Simt_f32f32f32f32f32tnt_m32n256k8m32n64k8A1_200_C301LLL_SK in prebuilt. compile with nvrtc...
  [capture-loop] iter=1750 t=212.6s state={'complete': False, 'error': None, 'executedCount': 1, 'wsState': 1} eval_ms=3
  [ComfyUI] [worker:ComfyUI-SAM3DObjects] Can't find algo Simt_f32f32f32f32f32tnt_m32n64k16m32n32k8A1_200_C301LLL_SK in prebuilt. compile with nvrtc...
  [capture-loop] iter=1800 t=218.6s state={'complete': False, 'error': None, 'executedCount': 1, 'wsState': 1} eval_ms=3
  [ComfyUI] [worker:ComfyUI-SAM3DObjects] Can't find algo Simt_f32f32f32f32f32tnt_m32n32k32m32n32k8A1_200_C301LLL_SK in prebuilt. compile with nvrtc...
  [ComfyUI] [worker:ComfyUI-SAM3DObjects] Can't find algo Simt_f32f32f32f32f32tnt_m64n256k8m32n64k8A1_200_C301LLL_SK in prebuilt. compile with nvrtc...
  [capture-loop] iter=1850 t=224.5s state={'complete': False, 'error': None, 'executedCount': 1, 'wsState': 1} eval_ms=3
  [ComfyUI] [worker:ComfyUI-SAM3DObjects] Can't find algo Simt_f32f32f32f32f32tnt_m64n128k8m32n64k8A1_200_C301LLL_SK in prebuilt. compile with nvrtc...
  [capture-loop] iter=1900 t=230.3s state={'complete': False, 'error': None, 'executedCount': 1, 'wsState': 1} eval_ms=3
  [ComfyUI] [worker:ComfyUI-SAM3DObjects]
  [ComfyUI] === WATCHDOG TICK 3 ===
  [ComfyUI] [worker:ComfyUI-SAM3DObjects] Thread 0x00004590 (most recent call first):
  [ComfyUI]   File "C:\Users\ContainerAdministrator\AppData\Local\Temp\comfyui_pvenv_0zgllkjn\persistent_worker.py", line 106 in _vram_poller
  [ComfyUI]   File "C:\workspaces\SAM3DObjects-1828\ComfyUI\.ce\.pixi\envs\sam3dobjects-nodes\Lib\threading.py", line 1012 in run
  [ComfyUI]   File "C:\workspaces\SAM3DObjects-1828\ComfyUI\.ce\.pixi\envs\sam3dobjects-nodes\Lib\threading.py", line 1075 in _bootstrap_inner
  [ComfyUI]   File "C:\workspaces\SAM3DObjects-1828\ComfyUI\.ce\.pixi\envs\sam3dobjects-nodes\Lib\threading.py", line 1032 in _bootstrap
  [ComfyUI] 
  [ComfyUI] Current thread 0x000043cc (most recent call first):
  [ComfyUI]   File "C:\Users\ContainerAdministrator\AppData\Local\Temp\comfyui_pvenv_0zgllkjn\persistent_worker.py", line 52 in _watchdog
  [ComfyUI]   File "C:\workspaces\SAM3DObjects-1828\ComfyUI\.ce\.pixi\envs\sam3dobjects-nodes\Lib\threading.py", line 1012 in run
  [ComfyUI]   File "C:\workspaces\SAM3DObjects-1828\ComfyUI\.ce\.pixi\envs\sam3dobjects-nodes\Lib\threading.py", line 1075 in _bootstrap_inner
  [ComfyUI]   File "C:\workspaces\SAM3DObjects-1828\ComfyUI\.ce\.pixi\envs\sam3dobjects-nodes\Lib\threading.py", line 1032 in _bootstrap
  [ComfyUI] 
  [ComfyUI] Thread 0x00000694 (most recent call first):
  [ComfyUI]   File "C:\workspaces\SAM3DObjects-1828\ComfyUI\.ce\.pixi\envs\sam3dobjects-nodes\Lib\subprocess.py", line 1016 in __init__
  [ComfyUI]   File "C:\workspaces\SAM3DObjects-1828\ComfyUI\.ce\.pixi\envs\sam3dobjects-nodes\Lib\subprocess.py", line 548 in run
  [ComfyUI]   File "C:\workspaces\SAM3DObjects-1828\ComfyUI\.ce\.pixi\envs\sam3dobjects-nodes\Lib\subprocess.py", line 466 in check_output
  [ComfyUI]   File "C:\workspaces\SAM3DObjects-1828\ComfyUI\.ce\.pixi\envs\sam3dobjects-nodes\Lib\site-packages\cumm\nvrtc\__init__.py", line 78 in cufilt
  [ComfyUI]   File "C:\workspaces\SAM3DObjects-1828\ComfyUI\.ce\.pixi\envs\sam3dobjects-nodes\Lib\site-packages\cumm\nvrtc\__init__.py", line 354 in __init__
  [ComfyUI]   File "C:\workspaces\SAM3DObjects-1828\ComfyUI\.ce\.pixi\envs\sam3dobjects-nodes\Lib\site-packages\cumm\nvrtc\__init__.py", line 511 in __init__
  [ComfyUI]   File "C:\workspaces\SAM3DObjects-1828\ComfyUI\.ce\.pixi\envs\sam3dobjects-nodes\Lib\site-packages\spconv\algo.py", line 196 in _compile_nvrtc_module
  [ComfyUI]   File "C:\workspaces\SAM3DObjects-1828\ComfyUI\.ce\.pixi\envs\sam3dobjects-nodes\Lib\site-packages\spconv\algo.py", line 208 in cached_get_nvrtc_params
  [ComfyUI]   File "C:\workspaces\SAM3DObjects-1828\ComfyUI\.ce\.pixi\envs\sam3dobjects-nodes\Lib\site-packages\spconv\pytorch\ops.py", line 1513 in implicit_gemm
  [ComfyUI]   File "C:\workspaces\SAM3DObjects-1828\ComfyUI\.ce\.pixi\envs\sam3dobjects-nodes\Lib\site-packages\spconv\pytorch\conv.py", line 467 in _conv_forward
  [ComfyUI]   File "C:\workspaces\SAM3DObjects-1828\ComfyUI\.ce\.pixi\envs\sam3dobjects-nodes\Lib\site-packages\spconv\pytorch\conv.py", line 755 in forward
  [ComfyUI]   File "C:\workspaces\SAM3DObjects-1828\ComfyUI\.ce\.pixi\envs\sam3dobjects-nodes\Lib\site-packages\torch\nn\modules\module.py", line 1833 in inner
  [ComfyUI]   File "C:\workspaces\SAM3DObjects-1828\ComfyUI\.ce\.pixi\envs\sam3dobjects-nodes\Lib\site-packages\torch\nn\modules\module.py", line 1885 in _call_impl
  [ComfyUI]   File "C:\workspaces\SAM3DObjects-1828\ComfyUI\.ce\.pixi\envs\sam3dobjects-nodes\Lib\site-packages\torch\nn\modules\module.py", line 1779 in _wrapped_call_impl
  [ComfyUI]   File "C:\workspaces\SAM3DObjects-1828\ComfyUI\custom_nodes\ComfyUI-SAM3DObjects\nodes\sam3d\ops_sparse.py", line 152 in _spconv_conv3d_forward
  [ComfyUI]   File "C:\workspaces\SAM3DObjects-1828\ComfyUI\custom_nodes\ComfyUI-SAM3DObjects\nodes\sam3d\ops_sparse.py", line 586 in _forward
  [ComfyUI]   File "C:\workspaces\SAM3DObjects-1828\ComfyUI\custom_nodes\ComfyUI-SAM3DObjects\nodes\sam3d\ops_sparse.py", line 601 in forward_comfy_cast_weights
  [ComfyUI]   File "C:\workspaces\SAM3DObjects-1828\ComfyUI\custom_nodes\ComfyUI-SAM3DObjects\nodes\sam3d\ops_sparse.py", line 612 in forward
  [ComfyUI]   File "C:\workspaces\SAM3DObjects-1828\ComfyUI\.ce\.pixi\envs\sam3dobjects-nodes\Lib\site-packages\torch\nn\modules\module.py", line 1790 in _call_impl
  [ComfyUI]   File "C:\workspaces\SAM3DObjects-1828\ComfyUI\.ce\.pixi\envs\sam3dobjects-nodes\Lib\site-packages\torch\nn\modules\module.py", line 1779 in _wrapped_call_impl
  [ComfyUI]   File "C:\workspaces\SAM3DObjects-1828\ComfyUI\custom_nodes\ComfyUI-SAM3DObjects\nodes\sam3d\model.py", line 1195 in forward
  [ComfyUI]   File "C:\workspaces\SAM3DObjects-1828\ComfyUI\.ce\.pixi\envs\sam3dobjects-nodes\Lib\site-packages\torch\nn\modules\module.py", line 1790 in _call_impl
  [ComfyUI]   File "C:\workspaces\SAM3DObjects-1828\ComfyUI\.ce\.pixi\envs\sam3dobjects-nodes\Lib\site-packages\torch\nn\modules\module.py", line 1779 in _wrapped_call_impl
  [ComfyUI]   File "C:\workspaces\SAM3DObjects-1828\ComfyUI\custom_nodes\ComfyUI-SAM3DObjects\nodes\sam3d\model.py", line 1703 in _forward
  [ComfyUI]   File "C:\workspaces\SAM3DObjects-1828\ComfyUI\comfy\patcher_extension.py", line 112 in execute
  [ComfyUI]   File "C:\workspaces\SAM3DObjects-1828\ComfyUI\custom_nodes\ComfyUI-SAM3DObjects\nodes\sam3d\model.py", line 1653 in forward
  [ComfyUI]   File "C:\workspaces\SAM3DObjects-1828\ComfyUI\custom_nodes\ComfyUI-SAM3DObjects\nodes\sam3d\model.py", line 1745 in forward
  [ComfyUI]   File "C:\workspaces\SAM3DObjects-1828\ComfyUI\.ce\.pixi\envs\sam3dobjects-nodes\Lib\site-packages\torch\nn\modules\module.py", line 1790 in _call_impl
  [ComfyUI]   File "C:\workspaces\SAM3DObjects-1828\ComfyUI\.ce\.pixi\envs\sam3dobjects-nodes\Lib\site-packages\torch\nn\modules\module.py", line 1779 in _wrapped_call_impl
  [ComfyUI]   File "C:\workspaces\SAM3DObjects-1828\ComfyUI\custom_nodes\ComfyUI-SAM3DObjects\nodes\sam3d\generators.py", line 666 in inner_forward
  [ComfyUI]   File "C:\workspaces\SAM3DObjects-1828\ComfyUI\custom_nodes\ComfyUI-SAM3DObjects\nodes\sam3d\generators.py", line 698 in forward
  [ComfyUI]   File "C:\workspaces\SAM3DObjects-1828\ComfyUI\.ce\.pixi\envs\sam3dobjects-nodes\Lib\site-packages\torch\nn\modules\module.py", line 1790 in _call_impl
  [ComfyUI]   File "C:\workspaces\SAM3DObjects-1828\ComfyUI\.ce\.pixi\envs\sam3dobjects-nodes\Lib\site-packages\torch\nn\modules\module.py", line 1779 in _wrapped_call_impl
  [ComfyUI]   File "C:\workspaces\SAM3DObjects-1828\ComfyUI\custom_nodes\ComfyUI-SAM3DObjects\nodes\sam3d\generators.py", line 426 in _generate_dynamics
  [ComfyUI]   File "C:\workspaces\SAM3DObjects-1828\ComfyUI\custom_nodes\ComfyUI-SAM3DObjects\nodes\sam3d\generators.py", line 133 in step
  [ComfyUI]   File "C:\workspaces\SAM3DObjects-1828\ComfyUI\custom_nodes\ComfyUI-SAM3DObjects\nodes\sam3d\generators.py", line 121 in solve_iter
  [ComfyUI]   File "C:\workspaces\SAM3DObjects-1828\ComfyUI\custom_nodes\ComfyUI-SAM3DObjects\nodes\sam3d\generators.py", line 410 in generate_iter
  [ComfyUI]   File "C:\workspaces\SAM3DObjects-1828\ComfyUI\custom_nodes\ComfyUI-SAM3DObjects\nodes\utils\stages.py", line 1213 in run_stage2
  [ComfyUI]   File "C:\workspaces\SAM3DObjects-1828\ComfyUI\custom_nodes\ComfyUI-SAM3DObjects\nodes\scene_generate.py", line 279 in execute
  [ComfyUI]   File "C:\workspaces\SAM3DObjects-1828\ComfyUI\.ce\.pixi\envs\sam3dobjects-nodes\Lib\site-packages\torch\utils\_contextlib.py", line 124 in decorate_context
  [ComfyUI]   File "C:\workspaces\SAM3DObjects-1828\ComfyUI\comfy_api\latest\_io.py", line 1826 in EXECUTE_NORMALIZED
  [ComfyUI]   File "C:\Users\ContainerAdministrator\AppData\Local\Temp\comfyui_pvenv_0zgllkjn\persistent_worker.py", line 1749 in main
  [ComfyUI]   File "C:\Users\ContainerAdministrator\AppData\Local\Temp\comfyui_pvenv_0zgllkjn\persistent_worker.py", line 1794 in <module>
  [ComfyUI] 
  [ComfyUI] [worker:ComfyUI-SAM3DObjects] === END ===
  [ComfyUI] 
  [ComfyUI] [worker:ComfyUI-SAM3DObjects] Can't find algo Simt_f32f32f32f32f32tnt_m64n64k8m32n32k8A1_200_C301LLL_SK in prebuilt. compile with nvrtc...
  [ComfyUI] [worker:ComfyUI-SAM3DObjects] Can't find algo Simt_f32f32f32f32f32tnt_m64n32k16m32n32k8A1_200_C301LLL_SK in prebuilt. compile with nvrtc...
  [ComfyUI] [worker:ComfyUI-SAM3DObjects] [VRAM] -211MB (now 2627MB) reserved=3200MB peak=4120MB
  [ComfyUI] [SubprocessWorker] callback 'report_progress' from call_id=70
  [capture-loop] iter=1950 t=236.4s state={'complete': False, 'error': None, 'executedCount': 1, 'wsState': 1} eval_ms=4
  [ComfyUI] [SubprocessWorker] callback 'report_progress' from call_id=70
  [ComfyUI] [worker:ComfyUI-SAM3DObjects] [VRAM] -210MB (now 2417MB) reserved=3232MB peak=4120MB
  [ComfyUI] [SubprocessWorker] callback 'report_progress' from call_id=70
  Frame 34 saved (frame_033.jpg, t=237.7s)
  [capture-periodic] freeze=5ms shot=182ms unfreeze=4ms saved=True
  [ComfyUI] [SubprocessWorker] callback 'report_progress' from call_id=70
  [ComfyUI] [worker:ComfyUI-SAM3DObjects] [VRAM] +420MB (now 2838MB) reserved=3232MB peak=4120MB
  [ComfyUI] [SubprocessWorker] callback 'report_progress' from call_id=70
  [ComfyUI] [worker:ComfyUI-SAM3DObjects] [VRAM] -276MB (now 2562MB) reserved=3168MB peak=4120MB
  Frame 35 saved (frame_034.jpg, t=240.0s)
  [capture-periodic] freeze=4ms shot=209ms unfreeze=3ms saved=True
  [ComfyUI] [SubprocessWorker] callback 'report_progress' from call_id=70
  [ComfyUI] [SubprocessWorker] callback 'report_progress' from call_id=70
  [ComfyUI] [SubprocessWorker] callback 'report_progress' from call_id=70
  [ComfyUI] [SubprocessWorker] callback 'report_progress' from call_id=70
  Frame 36 saved (frame_035.jpg, t=242.3s)
  [capture-periodic] freeze=4ms shot=181ms unfreeze=11ms saved=True
  [capture-loop] iter=2000 t=242.7s state={'complete': False, 'error': None, 'executedCount': 1, 'wsState': 1} eval_ms=3
  [ComfyUI] [SubprocessWorker] callback 'report_progress' from call_id=70
  [ComfyUI] [worker:ComfyUI-SAM3DObjects] [VRAM] -227MB (now 2336MB) reserved=2496MB peak=4120MB
  [ComfyUI] [SubprocessWorker] callback 'report_progress' from call_id=70
  [ComfyUI] [SubprocessWorker] callback 'report_progress' from call_id=70
  [ComfyUI] [worker:ComfyUI-SAM3DObjects] [VRAM] Stage2: after inference: torch=2327MiB alloc, 3200MiB reserved | gpu=4551MiB/24575MiB used
  [ComfyUI] [worker:ComfyUI-SAM3DObjects] [VRAM] -301MB (now 2035MB) reserved=3200MB peak=4120MB
  [ComfyUI] [worker:ComfyUI-SAM3DObjects] [VRAM] Stage2: after model cleanup: torch=36MiB alloc, 480MiB reserved | gpu=1831MiB/24575MiB used
  [ComfyUI] 2026-05-02 18:58:44.731 | WARNING  | nodes.sam3d.transforms:__post_init__:1359 - No rgb pointmap normalizer provided, using scale + shift
  Frame 37 saved (frame_036.jpg, t=244.6s)
  [capture-periodic] freeze=3ms shot=159ms unfreeze=5ms saved=True
  [ComfyUI] [worker:ComfyUI-SAM3DObjects] [VRAM] -2019MB (now 17MB) reserved=480MB peak=4120MB
  [ComfyUI] [SubprocessWorker] callback 'request_vram_budget' from call_id=70
  [ComfyUI] [comfy-env] VRAM request: 2.50GB, free before eviction: 24.44GB
  [ComfyUI] [comfy-env] VRAM after eviction: 24.44GB
  [ComfyUI] [worker:ComfyUI-SAM3DObjects] [VRAM] Stage2: before embedding: torch=1252MiB alloc, 1408MiB reserved | gpu=2759MiB/24575MiB used
  [ComfyUI] [worker:ComfyUI-SAM3DObjects] [VRAM] Stage2: after embedding: torch=1263MiB alloc, 1504MiB reserved | gpu=2855MiB/24575MiB used
  [ComfyUI] [worker:ComfyUI-SAM3DObjects] [VRAM] +715MB (now 732MB) reserved=1504MB peak=4120MB
  [ComfyUI] [worker:ComfyUI-SAM3DObjects] [VRAM] Stage2: after embedder unload: torch=36MiB alloc, 448MiB reserved | gpu=1799MiB/24575MiB used
  [ComfyUI] [SubprocessWorker] callback 'request_vram_budget' from call_id=70
  [ComfyUI] [comfy-env] VRAM request: 2.40GB, free before eviction: 24.44GB
  [ComfyUI] [comfy-env] VRAM after eviction: 24.44GB
  [ComfyUI] [worker:ComfyUI-SAM3DObjects] [VRAM] +1377MB (now 2110MB) reserved=2240MB peak=4120MB
  [ComfyUI] [worker:ComfyUI-SAM3DObjects] [VRAM] Stage2: before inference: torch=2326MiB alloc, 2432MiB reserved | gpu=3783MiB/24575MiB used
  [ComfyUI] [worker:ComfyUI-SAM3DObjects] [DTYPE_DBG] _generate_noise_tensor: _compute_dtype=torch.bfloat16 shape=(1, 34351, 8) device=cuda:0
  [ComfyUI] [worker:ComfyUI-SAM3DObjects] [VRAM] +553MB (now 2664MB) reserved=3488MB peak=4120MB
  [ComfyUI] [SubprocessWorker] callback 'report_progress' from call_id=70
  [capture-loop] iter=2050 t=248.7s state={'complete': False, 'error': None, 'executedCount': 1, 'wsState': 1} eval_ms=3
  [ComfyUI] [worker:ComfyUI-SAM3DObjects] [VRAM] -211MB (now 2453MB) reserved=3488MB peak=4120MB
  Frame 38 saved (frame_037.jpg, t=249.1s)
  [capture-periodic] freeze=4ms shot=176ms unfreeze=3ms saved=True
  [ComfyUI] [SubprocessWorker] callback 'report_progress' from call_id=70
  [ComfyUI] [worker:ComfyUI-SAM3DObjects] [VRAM] +294MB (now 2748MB) reserved=3520MB peak=4120MB
  [ComfyUI] [SubprocessWorker] callback 'report_progress' from call_id=70
  [ComfyUI] [worker:ComfyUI-SAM3DObjects] [VRAM] -366MB (now 2382MB) reserved=3520MB peak=4120MB
  Frame 39 saved (frame_038.jpg, t=251.3s)
  [capture-periodic] freeze=3ms shot=166ms unfreeze=7ms saved=True
  [ComfyUI] [SubprocessWorker] callback 'report_progress' from call_id=70
  [ComfyUI] [worker:ComfyUI-SAM3DObjects] [VRAM] +271MB (now 2653MB) reserved=3520MB peak=4120MB
  [ComfyUI] [SubprocessWorker] callback 'report_progress' from call_id=70
  [ComfyUI] [worker:ComfyUI-SAM3DObjects] [VRAM] -211MB (now 2442MB) reserved=3008MB peak=4120MB
  Frame 40 saved (frame_039.jpg, t=253.7s)
  [capture-periodic] freeze=3ms shot=162ms unfreeze=4ms saved=True
  [ComfyUI] [SubprocessWorker] callback 'report_progress' from call_id=70
  [ComfyUI] [worker:ComfyUI-SAM3DObjects] [VRAM] +210MB (now 2653MB) reserved=3456MB peak=4120MB
  [capture-loop] iter=2100 t=255.0s state={'complete': False, 'error': None, 'executedCount': 1, 'wsState': 1} eval_ms=3
  [ComfyUI] [SubprocessWorker] callback 'report_progress' from call_id=70
  [ComfyUI] [worker:ComfyUI-SAM3DObjects] [VRAM] -326MB (now 2327MB) reserved=3456MB peak=4120MB
  Frame 41 saved (frame_040.jpg, t=255.9s)
  [capture-periodic] freeze=4ms shot=187ms unfreeze=6ms saved=True
  [ComfyUI] [SubprocessWorker] callback 'report_progress' from call_id=70
  [ComfyUI] [worker:ComfyUI-SAM3DObjects] [VRAM] +325MB (now 2653MB) reserved=3456MB peak=4120MB
  [ComfyUI] [SubprocessWorker] callback 'report_progress' from call_id=70
  [ComfyUI] [SubprocessWorker] callback 'report_progress' from call_id=70
  [ComfyUI] [worker:ComfyUI-SAM3DObjects] [VRAM] +346MB (now 2999MB) reserved=3456MB peak=4120MB
  [ComfyUI] [SubprocessWorker] callback 'report_progress' from call_id=70
  Frame 42 saved (frame_041.jpg, t=258.2s)
  [capture-periodic] freeze=3ms shot=172ms unfreeze=11ms saved=True
  [ComfyUI] [SubprocessWorker] callback 'report_progress' from call_id=70
  [ComfyUI] [worker:ComfyUI-SAM3DObjects] [VRAM] Stage2: after inference: torch=2327MiB alloc, 3456MiB reserved | gpu=4807MiB/24575MiB used
  [ComfyUI] [worker:ComfyUI-SAM3DObjects] [VRAM] -1829MB (now 1171MB) reserved=3456MB peak=4120MB
  [ComfyUI] [worker:ComfyUI-SAM3DObjects] [VRAM] Stage2: after model cleanup: torch=37MiB alloc, 448MiB reserved | gpu=1799MiB/24575MiB used
  [ComfyUI] 2026-05-02 18:58:59.915 | WARNING  | nodes.sam3d.transforms:__post_init__:1359 - No rgb pointmap normalizer provided, using scale + shift
  [ComfyUI] [SubprocessWorker] callback 'request_vram_budget' from call_id=70
  [ComfyUI] [comfy-env] VRAM request: 2.50GB, free before eviction: 24.44GB
  [ComfyUI] [comfy-env] VRAM after eviction: 24.44GB
  [ComfyUI] [worker:ComfyUI-SAM3DObjects] [VRAM] -1002MB (now 170MB) reserved=480MB peak=4120MB
  Frame 43 saved (frame_042.jpg, t=260.5s)
  [capture-periodic] freeze=4ms shot=170ms unfreeze=4ms saved=True
  [ComfyUI] [worker:ComfyUI-SAM3DObjects] [VRAM] Stage2: before embedding: torch=1253MiB alloc, 1408MiB reserved | gpu=2759MiB/24575MiB used
  [ComfyUI] [worker:ComfyUI-SAM3DObjects] [VRAM] Stage2: after embedding: torch=1264MiB alloc, 1504MiB reserved | gpu=2855MiB/24575MiB used
  [capture-loop] iter=2150 t=261.4s state={'complete': False, 'error': None, 'executedCount': 1, 'wsState': 1} eval_ms=4
  [ComfyUI] [worker:ComfyUI-SAM3DObjects] [VRAM] Stage2: after embedder unload: torch=36MiB alloc, 416MiB reserved | gpu=1767MiB/24575MiB used
  [ComfyUI] [SubprocessWorker] callback 'request_vram_budget' from call_id=70
  [ComfyUI] [comfy-env] VRAM request: 2.40GB, free before eviction: 24.44GB
  [ComfyUI] [comfy-env] VRAM after eviction: 24.44GB
  [ComfyUI] [worker:ComfyUI-SAM3DObjects] [VRAM] +506MB (now 676MB) reserved=960MB peak=4120MB
  [ComfyUI] [worker:ComfyUI-SAM3DObjects] [VRAM] Stage2: before inference: torch=2327MiB alloc, 2432MiB reserved | gpu=3783MiB/24575MiB used
  [ComfyUI] [worker:ComfyUI-SAM3DObjects] [DTYPE_DBG] _generate_noise_tensor: _compute_dtype=torch.bfloat16 shape=(1, 13733, 8) device=cuda:0
  [ComfyUI] [worker:ComfyUI-SAM3DObjects] [VRAM] +1767MB (now 2443MB) reserved=2848MB peak=4120MB
  [ComfyUI] [SubprocessWorker] callback 'report_progress' from call_id=70
  [ComfyUI] [SubprocessWorker] callback 'report_progress' from call_id=70
  [ComfyUI] [SubprocessWorker] callback 'report_progress' from call_id=70
  [ComfyUI] [SubprocessWorker] callback 'report_progress' from call_id=70
  [ComfyUI] [SubprocessWorker] callback 'report_progress' from call_id=70
  Frame 44 saved (frame_043.jpg, t=265.0s)
  [capture-periodic] freeze=4ms shot=193ms unfreeze=4ms saved=True
  [ComfyUI] [SubprocessWorker] callback 'report_progress' from call_id=70
  [ComfyUI] [SubprocessWorker] callback 'report_progress' from call_id=70
  [ComfyUI] [SubprocessWorker] callback 'report_progress' from call_id=70
  [ComfyUI] [SubprocessWorker] callback 'report_progress' from call_id=70
  [ComfyUI] [SubprocessWorker] callback 'report_progress' from call_id=70
  Frame 45 saved (frame_044.jpg, t=267.4s)
  [capture-periodic] freeze=3ms shot=184ms unfreeze=8ms saved=True
  [ComfyUI] [SubprocessWorker] callback 'report_progress' from call_id=70
  [capture-loop] iter=2200 t=267.9s state={'complete': False, 'error': None, 'executedCount': 1, 'wsState': 1} eval_ms=4
  [ComfyUI] [SubprocessWorker] callback 'report_progress' from call_id=70
  [ComfyUI] [worker:ComfyUI-SAM3DObjects] [VRAM] Stage2: after inference: torch=2327MiB alloc, 2848MiB reserved | gpu=4199MiB/24575MiB used
  [ComfyUI] [worker:ComfyUI-SAM3DObjects] [VRAM] -288MB (now 2156MB) reserved=2848MB peak=4120MB
  [ComfyUI] [worker:ComfyUI-SAM3DObjects] [VRAM] Stage2: after model cleanup: torch=37MiB alloc, 448MiB reserved | gpu=1799MiB/24575MiB used
  [ComfyUI] 2026-05-02 18:59:09.008 | WARNING  | nodes.sam3d.transforms:__post_init__:1359 - No rgb pointmap normalizer provided, using scale + shift
  [ComfyUI] [worker:ComfyUI-SAM3DObjects] [VRAM] -2139MB (now 18MB) reserved=448MB peak=4120MB
  [ComfyUI] [SubprocessWorker] callback 'request_vram_budget' from call_id=70
  [ComfyUI] [comfy-env] VRAM request: 2.50GB, free before eviction: 24.44GB
  [ComfyUI] [comfy-env] VRAM after eviction: 24.44GB
  [ComfyUI] [worker:ComfyUI-SAM3DObjects] [VRAM] Stage2: before embedding: torch=1253MiB alloc, 1408MiB reserved | gpu=2759MiB/24575MiB used
  Frame 46 saved (frame_045.jpg, t=269.6s)
  [capture-periodic] freeze=2ms shot=175ms unfreeze=3ms saved=True
  [ComfyUI] [worker:ComfyUI-SAM3DObjects] [VRAM] Stage2: after embedding: torch=1264MiB alloc, 1504MiB reserved | gpu=2855MiB/24575MiB used
  [ComfyUI] [worker:ComfyUI-SAM3DObjects] [VRAM] +923MB (now 941MB) reserved=1504MB peak=4120MB
  [ComfyUI] [worker:ComfyUI-SAM3DObjects] [VRAM] Stage2: after embedder unload: torch=37MiB alloc, 416MiB reserved | gpu=1767MiB/24575MiB used
  [ComfyUI] [SubprocessWorker] callback 'request_vram_budget' from call_id=70
  [ComfyUI] [comfy-env] VRAM request: 2.40GB, free before eviction: 24.44GB
  [ComfyUI] [comfy-env] VRAM after eviction: 24.44GB
  [ComfyUI] [worker:ComfyUI-SAM3DObjects] [VRAM] +1021MB (now 1963MB) reserved=2080MB peak=4120MB
  [ComfyUI] [worker:ComfyUI-SAM3DObjects] [VRAM] Stage2: before inference: torch=2327MiB alloc, 2432MiB reserved | gpu=3783MiB/24575MiB used
  [ComfyUI] [worker:ComfyUI-SAM3DObjects] [DTYPE_DBG] _generate_noise_tensor: _compute_dtype=torch.bfloat16 shape=(1, 28116, 8) device=cuda:0
  [ComfyUI] [worker:ComfyUI-SAM3DObjects] [VRAM] +581MB (now 2544MB) reserved=3232MB peak=4120MB
  [ComfyUI] [SubprocessWorker] callback 'report_progress' from call_id=70
  [ComfyUI] [SubprocessWorker] callback 'report_progress' from call_id=70
  [ComfyUI] [worker:ComfyUI-SAM3DObjects] [VRAM] -217MB (now 2328MB) reserved=3296MB peak=4120MB
  [capture-loop] iter=2250 t=273.8s state={'complete': False, 'error': None, 'executedCount': 1, 'wsState': 1} eval_ms=3
  Frame 47 saved (frame_046.jpg, t=274.2s)
  [capture-periodic] freeze=4ms shot=202ms unfreeze=3ms saved=True
  [ComfyUI] [SubprocessWorker] callback 'report_progress' from call_id=70
  [ComfyUI] [worker:ComfyUI-SAM3DObjects] [VRAM] +311MB (now 2639MB) reserved=3328MB peak=4120MB
  [ComfyUI] [SubprocessWorker] callback 'report_progress' from call_id=70
  [ComfyUI] [worker:ComfyUI-SAM3DObjects] [VRAM] -302MB (now 2338MB) reserved=3328MB peak=4120MB
  Frame 48 saved (frame_047.jpg, t=276.5s)
  [capture-periodic] freeze=3ms shot=163ms unfreeze=6ms saved=True
  [ComfyUI] [worker:ComfyUI-SAM3DObjects] [VRAM] +321MB (now 2659MB) reserved=3328MB peak=4120MB
  [ComfyUI] [SubprocessWorker] callback 'report_progress' from call_id=70
  [ComfyUI] [SubprocessWorker] callback 'report_progress' from call_id=70
  [ComfyUI] [worker:ComfyUI-SAM3DObjects] [VRAM] -205MB (now 2454MB) reserved=3264MB peak=4120MB
  Frame 49 saved (frame_048.jpg, t=278.8s)
  [capture-periodic] freeze=3ms shot=168ms unfreeze=3ms saved=True
  [ComfyUI] [SubprocessWorker] callback 'report_progress' from call_id=70
  [ComfyUI] [worker:ComfyUI-SAM3DObjects] [VRAM] +237MB (now 2692MB) reserved=3264MB peak=4120MB
  [ComfyUI] [SubprocessWorker] callback 'report_progress' from call_id=70
  [capture-loop] iter=2300 t=280.2s state={'complete': False, 'error': None, 'executedCount': 1, 'wsState': 1} eval_ms=3
  [ComfyUI] [SubprocessWorker] callback 'report_progress' from call_id=70
  [ComfyUI] [worker:ComfyUI-SAM3DObjects] [VRAM] -265MB (now 2428MB) reserved=3328MB peak=4120MB
  [ComfyUI] [SubprocessWorker] callback 'report_progress' from call_id=70
  Frame 50 saved (frame_049.jpg, t=281.1s)
  [capture-periodic] freeze=3ms shot=166ms unfreeze=9ms saved=True
  [ComfyUI] [SubprocessWorker] callback 'report_progress' from call_id=70
  [ComfyUI] [worker:ComfyUI-SAM3DObjects] [VRAM] +237MB (now 2665MB) reserved=3296MB peak=4120MB
  [ComfyUI] [SubprocessWorker] callback 'report_progress' from call_id=70
  [ComfyUI] [worker:ComfyUI-SAM3DObjects] [VRAM] Stage2: after inference: torch=2328MiB alloc, 3296MiB reserved | gpu=4647MiB/24575MiB used
  [ComfyUI] [worker:ComfyUI-SAM3DObjects] [VRAM] Stage2: after model cleanup: torch=37MiB alloc, 448MiB reserved | gpu=1799MiB/24575MiB used
  [ComfyUI] 2026-05-02 18:59:22.807 | WARNING  | nodes.sam3d.transforms:__post_init__:1359 - No rgb pointmap normalizer provided, using scale + shift
  [ComfyUI] [worker:ComfyUI-SAM3DObjects] [VRAM] -2647MB (now 18MB) reserved=448MB peak=4120MB
  [ComfyUI] [SubprocessWorker] callback 'request_vram_budget' from call_id=70
  [ComfyUI] [comfy-env] VRAM request: 2.50GB, free before eviction: 24.44GB
  [ComfyUI] [comfy-env] VRAM after eviction: 24.44GB
  Frame 51 saved (frame_050.jpg, t=283.3s)
  [capture-periodic] freeze=3ms shot=170ms unfreeze=4ms saved=True
  [ComfyUI] [worker:ComfyUI-SAM3DObjects] [VRAM] Stage2: before embedding: torch=1253MiB alloc, 1408MiB reserved | gpu=2759MiB/24575MiB used
  [ComfyUI] [worker:ComfyUI-SAM3DObjects] [VRAM] Stage2: after embedding: torch=1264MiB alloc, 1504MiB reserved | gpu=2855MiB/24575MiB used
  [ComfyUI] [worker:ComfyUI-SAM3DObjects] [VRAM] +1067MB (now 1086MB) reserved=1504MB peak=4120MB
  [ComfyUI] [worker:ComfyUI-SAM3DObjects] [VRAM] Stage2: after embedder unload: torch=37MiB alloc, 416MiB reserved | gpu=1767MiB/24575MiB used
  [ComfyUI] [SubprocessWorker] callback 'request_vram_budget' from call_id=70
  [ComfyUI] [comfy-env] VRAM request: 2.40GB, free before eviction: 24.44GB
  [ComfyUI] [comfy-env] VRAM after eviction: 24.44GB
  [ComfyUI] [worker:ComfyUI-SAM3DObjects] [VRAM] +765MB (now 1851MB) reserved=1984MB peak=4120MB
  [ComfyUI] [worker:ComfyUI-SAM3DObjects] [VRAM] Stage2: before inference: torch=2327MiB alloc, 2432MiB reserved | gpu=3783MiB/24575MiB used
  [ComfyUI] [worker:ComfyUI-SAM3DObjects] [DTYPE_DBG] _generate_noise_tensor: _compute_dtype=torch.bfloat16 shape=(1, 26295, 8) device=cuda:0
  [ComfyUI] [worker:ComfyUI-SAM3DObjects] [VRAM] +588MB (now 2439MB) reserved=3232MB peak=4120MB
  [ComfyUI] [SubprocessWorker] callback 'report_progress' from call_id=70
  [capture-loop] iter=2350 t=286.5s state={'complete': False, 'error': None, 'executedCount': 1, 'wsState': 1} eval_ms=3
  [ComfyUI] [SubprocessWorker] callback 'report_progress' from call_id=70
  [ComfyUI] [SubprocessWorker] callback 'report_progress' from call_id=70
  Frame 52 saved (frame_051.jpg, t=287.8s)
  [capture-periodic] freeze=3ms shot=169ms unfreeze=4ms saved=True
  [ComfyUI] [SubprocessWorker] callback 'report_progress' from call_id=70
  [ComfyUI] [SubprocessWorker] callback 'report_progress' from call_id=70
  [ComfyUI] [worker:ComfyUI-SAM3DObjects] [VRAM] +395MB (now 2834MB) reserved=3200MB peak=4120MB
  Frame 53 saved (frame_052.jpg, t=290.1s)
  [capture-periodic] freeze=3ms shot=166ms unfreeze=4ms saved=True
  [ComfyUI] [SubprocessWorker] callback 'report_progress' from call_id=70
  [ComfyUI] [worker:ComfyUI-SAM3DObjects]
  [ComfyUI] === WATCHDOG TICK 4 ===
  [ComfyUI] [worker:ComfyUI-SAM3DObjects] Thread 0x00004590 (most recent call first):
  [ComfyUI]   File "C:\Users\ContainerAdministrator\AppData\Local\Temp\comfyui_pvenv_0zgllkjn\persistent_worker.py", line 106 in _vram_poller
  [ComfyUI]   File "C:\workspaces\SAM3DObjects-1828\ComfyUI\.ce\.pixi\envs\sam3dobjects-nodes\Lib\threading.py", line 1012 in run
  [ComfyUI]   File "C:\workspaces\SAM3DObjects-1828\ComfyUI\.ce\.pixi\envs\sam3dobjects-nodes\Lib\threading.py", line 1075 in _bootstrap_inner
  [ComfyUI]   File "C:\workspaces\SAM3DObjects-1828\ComfyUI\.ce\.pixi\envs\sam3dobjects-nodes\Lib\threading.py", line 1032 in _bootstrap
  [ComfyUI] 
  [ComfyUI] Current thread 0x000043cc (most recent call first):
  [ComfyUI]   File "C:\Users\ContainerAdministrator\AppData\Local\Temp\comfyui_pvenv_0zgllkjn\persistent_worker.py", line 52 in _watchdog
  [ComfyUI]   File "C:\workspaces\SAM3DObjects-1828\ComfyUI\.ce\.pixi\envs\sam3dobjects-nodes\Lib\threading.py", line 1012 in run
  [ComfyUI]   File "C:\workspaces\SAM3DObjects-1828\ComfyUI\.ce\.pixi\envs\sam3dobjects-nodes\Lib\threading.py", line 1075 in _bootstrap_inner
  [ComfyUI]   File "C:\workspaces\SAM3DObjects-1828\ComfyUI\.ce\.pixi\envs\sam3dobjects-nodes\Lib\threading.py", line 1032 in _bootstrap
  [ComfyUI] 
  [ComfyUI] Thread 0x00000694 (most recent call first):
  [ComfyUI]   File "C:\workspaces\SAM3DObjects-1828\ComfyUI\.ce\.pixi\envs\sam3dobjects-nodes\Lib\site-packages\sageattention\triton\quant_per_block_varlen.py", line 79 in per_block_int8
  [ComfyUI]   File "C:\workspaces\SAM3DObjects-1828\ComfyUI\.ce\.pixi\envs\sam3dobjects-nodes\Lib\site-packages\sageattention\core.py", line 437 in sageattn_varlen
  [ComfyUI]   File "C:\workspaces\SAM3DObjects-1828\ComfyUI\.ce\.pixi\envs\sam3dobjects-nodes\Lib\site-packages\comfy_sparse_attn\varlen.py", line 144 in dispatch_varlen_attention
  [ComfyUI]   File "C:\workspaces\SAM3DObjects-1828\ComfyUI\custom_nodes\ComfyUI-SAM3DObjects\nodes\sam3d\attention.py", line 237 in sparse_scaled_dot_product_attention
  [ComfyUI]   File "C:\workspaces\SAM3DObjects-1828\ComfyUI\custom_nodes\ComfyUI-SAM3DObjects\nodes\sam3d\model.py", line 615 in forward
  [ComfyUI]   File "C:\workspaces\SAM3DObjects-1828\ComfyUI\.ce\.pixi\envs\sam3dobjects-nodes\Lib\site-packages\torch\nn\modules\module.py", line 1790 in _call_impl
  [ComfyUI]   File "C:\workspaces\SAM3DObjects-1828\ComfyUI\.ce\.pixi\envs\sam3dobjects-nodes\Lib\site-packages\torch\nn\modules\module.py", line 1779 in _wrapped_call_impl
  [ComfyUI]   File "C:\workspaces\SAM3DObjects-1828\ComfyUI\custom_nodes\ComfyUI-SAM3DObjects\nodes\sam3d\model.py", line 1132 in _forward
  [ComfyUI]   File "C:\workspaces\SAM3DObjects-1828\ComfyUI\custom_nodes\ComfyUI-SAM3DObjects\nodes\sam3d\model.py", line 1144 in forward
  [ComfyUI]   File "C:\workspaces\SAM3DObjects-1828\ComfyUI\.ce\.pixi\envs\sam3dobjects-nodes\Lib\site-packages\torch\nn\modules\module.py", line 1790 in _call_impl
  [ComfyUI]   File "C:\workspaces\SAM3DObjects-1828\ComfyUI\.ce\.pixi\envs\sam3dobjects-nodes\Lib\site-packages\torch\nn\modules\module.py", line 1779 in _wrapped_call_impl
  [ComfyUI]   File "C:\workspaces\SAM3DObjects-1828\ComfyUI\custom_nodes\ComfyUI-SAM3DObjects\nodes\sam3d\model.py", line 1699 in _forward
  [ComfyUI]   File "C:\workspaces\SAM3DObjects-1828\ComfyUI\comfy\patcher_extension.py", line 112 in execute
  [ComfyUI]   File "C:\workspaces\SAM3DObjects-1828\ComfyUI\custom_nodes\ComfyUI-SAM3DObjects\nodes\sam3d\model.py", line 1653 in forward
  [ComfyUI]   File "C:\workspaces\SAM3DObjects-1828\ComfyUI\custom_nodes\ComfyUI-SAM3DObjects\nodes\sam3d\model.py", line 1745 in forward
  [ComfyUI]   File "C:\workspaces\SAM3DObjects-1828\ComfyUI\.ce\.pixi\envs\sam3dobjects-nodes\Lib\site-packages\torch\nn\modules\module.py", line 1790 in _call_impl
  [ComfyUI]   File "C:\workspaces\SAM3DObjects-1828\ComfyUI\.ce\.pixi\envs\sam3dobjects-nodes\Lib\site-packages\torch\nn\modules\module.py", line 1779 in _wrapped_call_impl
  [ComfyUI]   File "C:\workspaces\SAM3DObjects-1828\ComfyUI\custom_nodes\ComfyUI-SAM3DObjects\nodes\sam3d\generators.py", line 666 in inner_forward
  [ComfyUI]   File "C:\workspaces\SAM3DObjects-1828\ComfyUI\custom_nodes\ComfyUI-SAM3DObjects\nodes\sam3d\generators.py", line 698 in forward
  [ComfyUI]   File "C:\workspaces\SAM3DObjects-1828\ComfyUI\.ce\.pixi\envs\sam3dobjects-nodes\Lib\site-packages\torch\nn\modules\module.py", line 1790 in _call_impl
  [ComfyUI]   File "C:\workspaces\SAM3DObjects-1828\ComfyUI\.ce\.pixi\envs\sam3dobjects-nodes\Lib\site-packages\torch\nn\modules\module.py", line 1779 in _wrapped_call_impl
  [ComfyUI]   File "C:\workspaces\SAM3DObjects-1828\ComfyUI\custom_nodes\ComfyUI-SAM3DObjects\nodes\sam3d\generators.py", line 426 in _generate_dynamics
  [ComfyUI]   File "C:\workspaces\SAM3DObjects-1828\ComfyUI\custom_nodes\ComfyUI-SAM3DObjects\nodes\sam3d\generators.py", line 133 in step
  [ComfyUI]   File "C:\workspaces\SAM3DObjects-1828\ComfyUI\custom_nodes\ComfyUI-SAM3DObjects\nodes\sam3d\generators.py", line 121 in solve_iter
  [ComfyUI]   File "C:\workspaces\SAM3DObjects-1828\ComfyUI\custom_nodes\ComfyUI-SAM3DObjects\nodes\sam3d\generators.py", line 410 in generate_iter
  [ComfyUI]   File "C:\workspaces\SAM3DObjects-1828\ComfyUI\custom_nodes\ComfyUI-SAM3DObjects\nodes\utils\stages.py", line 1213 in run_stage2
  [ComfyUI]   File "C:\workspaces\SAM3DObjects-1828\ComfyUI\custom_nodes\ComfyUI-SAM3DObjects\nodes\scene_generate.py", line 279 in execute
  [ComfyUI]   File "C:\workspaces\SAM3DObjects-1828\ComfyUI\.ce\.pixi\envs\sam3dobjects-nodes\Lib\site-packages\torch\utils\_contextlib.py", line 124 in decorate_context
  [ComfyUI]   File "C:\workspaces\SAM3DObjects-1828\ComfyUI\comfy_api\latest\_io.py", line 1826 in EXECUTE_NORMALIZED
  [ComfyUI]   File "C:\Users\ContainerAdministrator\AppData\Local\Temp\comfyui_pvenv_0zgllkjn\persistent_worker.py", line 1749 in main
  [ComfyUI]   File "C:\Users\ContainerAdministrator\AppData\Local\Temp\comfyui_pvenv_0zgllkjn\persistent_worker.py", line 1794 in <module>
  [ComfyUI] 
  [ComfyUI] [worker:ComfyUI-SAM3DObjects] === END ===
  [ComfyUI] 
  [ComfyUI] [worker:ComfyUI-SAM3DObjects] [VRAM] -436MB (now 2398MB) reserved=3200MB peak=4120MB
  [ComfyUI] [SubprocessWorker] callback 'report_progress' from call_id=70
  [ComfyUI] [SubprocessWorker] callback 'report_progress' from call_id=70
  Frame 54 saved (frame_053.jpg, t=292.4s)
  [capture-periodic] freeze=4ms shot=176ms unfreeze=3ms saved=True
  [ComfyUI] [worker:ComfyUI-SAM3DObjects] [VRAM] +231MB (now 2629MB) reserved=3200MB peak=4120MB
  [ComfyUI] [SubprocessWorker] callback 'report_progress' from call_id=70
  [capture-loop] iter=2400 t=292.8s state={'complete': False, 'error': None, 'executedCount': 1, 'wsState': 1} eval_ms=4
  [ComfyUI] [SubprocessWorker] callback 'report_progress' from call_id=70
  [ComfyUI] [SubprocessWorker] callback 'report_progress' from call_id=70
  [ComfyUI] [worker:ComfyUI-SAM3DObjects] [VRAM] -202MB (now 2428MB) reserved=3232MB peak=4120MB
  [ComfyUI] [SubprocessWorker] callback 'report_progress' from call_id=70
  [ComfyUI] [worker:ComfyUI-SAM3DObjects] [VRAM] Stage2: after inference: torch=2328MiB alloc, 3232MiB reserved | gpu=4583MiB/24575MiB used
  [ComfyUI] [worker:ComfyUI-SAM3DObjects] [VRAM] Stage2: after model cleanup: torch=38MiB alloc, 416MiB reserved | gpu=1767MiB/24575MiB used
  Frame 55 saved (frame_054.jpg, t=294.6s)
  [capture-periodic] freeze=4ms shot=175ms unfreeze=3ms saved=True
  [ComfyUI] 2026-05-02 18:59:35.034 | WARNING  | nodes.sam3d.transforms:__post_init__:1359 - No rgb pointmap normalizer provided, using scale + shift
  [ComfyUI] [worker:ComfyUI-SAM3DObjects] [VRAM] -2410MB (now 19MB) reserved=416MB peak=4120MB
  [ComfyUI] [SubprocessWorker] callback 'request_vram_budget' from call_id=70
  [ComfyUI] [comfy-env] VRAM request: 2.50GB, free before eviction: 24.44GB
  [ComfyUI] [comfy-env] VRAM after eviction: 24.44GB
  [ComfyUI] [worker:ComfyUI-SAM3DObjects] [VRAM] Stage2: before embedding: torch=1254MiB alloc, 1408MiB reserved | gpu=2759MiB/24575MiB used
  [ComfyUI] [worker:ComfyUI-SAM3DObjects] [VRAM] +1273MB (now 1292MB) reserved=1504MB peak=4120MB
  [ComfyUI] [worker:ComfyUI-SAM3DObjects] [VRAM] Stage2: after embedding: torch=1265MiB alloc, 1504MiB reserved | gpu=2855MiB/24575MiB used
  [ComfyUI] [worker:ComfyUI-SAM3DObjects] [VRAM] Stage2: after embedder unload: torch=37MiB alloc, 448MiB reserved | gpu=1799MiB/24575MiB used
  [ComfyUI] [SubprocessWorker] callback 'request_vram_budget' from call_id=70
  [ComfyUI] [comfy-env] VRAM request: 2.40GB, free before eviction: 24.44GB
  [ComfyUI] [comfy-env] VRAM after eviction: 24.44GB
  [ComfyUI] [worker:ComfyUI-SAM3DObjects] [VRAM] +467MB (now 1759MB) reserved=1920MB peak=4120MB
  [ComfyUI] [worker:ComfyUI-SAM3DObjects] [VRAM] Stage2: before inference: torch=2328MiB alloc, 2432MiB reserved | gpu=3783MiB/24575MiB used
  [ComfyUI] [worker:ComfyUI-SAM3DObjects] [DTYPE_DBG] _generate_noise_tensor: _compute_dtype=torch.bfloat16 shape=(1, 7248, 8) device=cuda:0
  [ComfyUI] [SubprocessWorker] callback 'report_progress' from call_id=70
  [ComfyUI] [worker:ComfyUI-SAM3DObjects] [VRAM] +600MB (now 2359MB) reserved=2656MB peak=4120MB
  [ComfyUI] [SubprocessWorker] callback 'report_progress' from call_id=70
  [capture-loop] iter=2450 t=298.8s state={'complete': False, 'error': None, 'executedCount': 1, 'wsState': 1} eval_ms=3
  [ComfyUI] [SubprocessWorker] callback 'report_progress' from call_id=70
  Frame 56 saved (frame_055.jpg, t=299.1s)
  [capture-periodic] freeze=4ms shot=173ms unfreeze=3ms saved=True
  [ComfyUI] [SubprocessWorker] callback 'report_progress' from call_id=70
  [ComfyUI] [SubprocessWorker] callback 'report_progress' from call_id=70
  [ComfyUI] [SubprocessWorker] callback 'report_progress' from call_id=70
  [ComfyUI] [SubprocessWorker] callback 'report_progress' from call_id=70
  [ComfyUI] [SubprocessWorker] callback 'report_progress' from call_id=70
  Frame 57 saved (frame_056.jpg, t=301.4s)
  [capture-periodic] freeze=3ms shot=166ms unfreeze=4ms saved=True
  [ComfyUI] [SubprocessWorker] callback 'report_progress' from call_id=70
  [ComfyUI] [SubprocessWorker] callback 'report_progress' from call_id=70
  [ComfyUI] [SubprocessWorker] callback 'report_progress' from call_id=70
  [ComfyUI] [SubprocessWorker] callback 'report_progress' from call_id=70
  [ComfyUI] [worker:ComfyUI-SAM3DObjects] [VRAM] Stage2: after inference: torch=2328MiB alloc, 2688MiB reserved | gpu=4039MiB/24575MiB used
  [ComfyUI] [worker:ComfyUI-SAM3DObjects] [VRAM] -395MB (now 1964MB) reserved=2688MB peak=4120MB
  [ComfyUI] [worker:ComfyUI-SAM3DObjects] [VRAM] Stage2: after model cleanup: torch=38MiB alloc, 480MiB reserved | gpu=1831MiB/24575MiB used
  [ComfyUI] 2026-05-02 18:59:43.713 | WARNING  | nodes.sam3d.transforms:__post_init__:1359 - No rgb pointmap normalizer provided, using scale + shift
  [ComfyUI] [worker:ComfyUI-SAM3DObjects] [VRAM] -1946MB (now 19MB) reserved=480MB peak=4120MB
  [ComfyUI] [SubprocessWorker] callback 'request_vram_budget' from call_id=70
  [ComfyUI] [comfy-env] VRAM request: 2.50GB, free before eviction: 24.44GB
  [ComfyUI] [comfy-env] VRAM after eviction: 24.44GB
  Frame 58 saved (frame_057.jpg, t=303.8s)
  [capture-periodic] freeze=3ms shot=218ms unfreeze=5ms saved=True
  [ComfyUI] [worker:ComfyUI-SAM3DObjects] [VRAM] Stage2: before embedding: torch=1254MiB alloc, 1408MiB reserved | gpu=2759MiB/24575MiB used
  [ComfyUI] [worker:ComfyUI-SAM3DObjects] [VRAM] Stage2: after embedding: torch=1265MiB alloc, 1504MiB reserved | gpu=2855MiB/24575MiB used
  [ComfyUI] [worker:ComfyUI-SAM3DObjects] [VRAM] +751MB (now 770MB) reserved=1504MB peak=4120MB
  [capture-loop] iter=2500 t=305.0s state={'complete': False, 'error': None, 'executedCount': 1, 'wsState': 1} eval_ms=4
  [ComfyUI] [worker:ComfyUI-SAM3DObjects] [VRAM] Stage2: after embedder unload: torch=38MiB alloc, 416MiB reserved | gpu=1767MiB/24575MiB used
  [ComfyUI] [SubprocessWorker] callback 'request_vram_budget' from call_id=70
  [ComfyUI] [comfy-env] VRAM request: 2.40GB, free before eviction: 24.44GB
  [ComfyUI] [comfy-env] VRAM after eviction: 24.44GB
  [ComfyUI] [worker:ComfyUI-SAM3DObjects] [VRAM] +1285MB (now 2056MB) reserved=2176MB peak=4120MB
  [ComfyUI] [worker:ComfyUI-SAM3DObjects] [VRAM] Stage2: before inference: torch=2328MiB alloc, 2432MiB reserved | gpu=3783MiB/24575MiB used
  [ComfyUI] [worker:ComfyUI-SAM3DObjects] [DTYPE_DBG] _generate_noise_tensor: _compute_dtype=torch.bfloat16 shape=(1, 17582, 8) device=cuda:0
  [ComfyUI] [SubprocessWorker] callback 'report_progress' from call_id=70
  [ComfyUI] [worker:ComfyUI-SAM3DObjects] [VRAM] +462MB (now 2518MB) reserved=2976MB peak=4120MB
  [ComfyUI] [SubprocessWorker] callback 'report_progress' from call_id=70
  [ComfyUI] [SubprocessWorker] callback 'report_progress' from call_id=70
  Frame 59 saved (frame_058.jpg, t=308.4s)
  [capture-periodic] freeze=4ms shot=185ms unfreeze=5ms saved=True
  [ComfyUI] [SubprocessWorker] callback 'report_progress' from call_id=70
  [ComfyUI] [SubprocessWorker] callback 'report_progress' from call_id=70
  [ComfyUI] [SubprocessWorker] callback 'report_progress' from call_id=70
  Frame 60 saved (frame_059.jpg, t=310.6s)
  [capture-periodic] freeze=3ms shot=174ms unfreeze=9ms saved=True
  [ComfyUI] [SubprocessWorker] callback 'report_progress' from call_id=70
  [ComfyUI] [SubprocessWorker] callback 'report_progress' from call_id=70
  [capture-loop] iter=2550 t=311.5s state={'complete': False, 'error': None, 'executedCount': 1, 'wsState': 1} eval_ms=5
  [ComfyUI] [SubprocessWorker] callback 'report_progress' from call_id=70
  [ComfyUI] [worker:ComfyUI-SAM3DObjects] [VRAM] +279MB (now 2797MB) reserved=3008MB peak=4120MB
  [ComfyUI] [SubprocessWorker] callback 'report_progress' from call_id=70
  [ComfyUI] [SubprocessWorker] callback 'report_progress' from call_id=70
  [ComfyUI] [SubprocessWorker] callback 'report_progress' from call_id=70
  [ComfyUI] [worker:ComfyUI-SAM3DObjects] [VRAM] Stage2: after inference: torch=2329MiB alloc, 2976MiB reserved | gpu=4327MiB/24575MiB used
  [ComfyUI] [worker:ComfyUI-SAM3DObjects] [VRAM] -1113MB (now 1685MB) reserved=2976MB peak=4120MB
  Frame 61 saved (frame_060.jpg, t=313.0s)
  [capture-periodic] freeze=3ms shot=184ms unfreeze=3ms saved=True
  [ComfyUI] [worker:ComfyUI-SAM3DObjects] [VRAM] Stage2: after model cleanup: torch=38MiB alloc, 448MiB reserved | gpu=1799MiB/24575MiB used
  [ComfyUI] [worker:ComfyUI-SAM3DObjects] [VRAM] SceneGenerate: PHASE 3 start: torch=14MiB alloc, 448MiB reserved | gpu=1799MiB/24575MiB used
  [ComfyUI] [SubprocessWorker] callback 'report_progress' from call_id=70
  [ComfyUI] [worker:ComfyUI-SAM3DObjects] [VRAM] _load_decoder(slat_decoder_mesh): before instantiate: torch=14MiB alloc, 448MiB reserved | gpu=1799MiB/24575MiB used
  [ComfyUI] [worker:ComfyUI-SAM3DObjects] [VRAM] _load_decoder(slat_decoder_mesh): after load_state_dict: torch=14MiB alloc, 512MiB reserved | gpu=1863MiB/24575MiB used
  [ComfyUI] [SubprocessWorker] callback 'request_vram_budget' from call_id=70
  [ComfyUI] [comfy-env] VRAM request: 0.18GB, free before eviction: 24.44GB
  [ComfyUI] [comfy-env] VRAM after eviction: 24.44GB
  [ComfyUI] [worker:ComfyUI-SAM3DObjects] [VRAM] Decode(mesh): after load_models_gpu: torch=187MiB alloc, 384MiB reserved | gpu=1735MiB/24575MiB used
  [ComfyUI] [SubprocessWorker] callback 'report_progress' from call_id=70
  [ComfyUI] [worker:ComfyUI-SAM3DObjects] [VRAM] -726MB (now 959MB) reserved=1120MB peak=4120MB
  Frame 62 saved (frame_061.jpg, t=315.2s)
  [capture-periodic] freeze=3ms shot=171ms unfreeze=4ms saved=True
  [ComfyUI] [worker:ComfyUI-SAM3DObjects] [VRAM] -588MB (now 371MB) reserved=1152MB peak=4120MB
  [capture-loop] iter=2600 t=317.5s state={'complete': False, 'error': None, 'executedCount': 1, 'wsState': 1} eval_ms=3
  [ComfyUI] [worker:ComfyUI-SAM3DObjects] [VRAM] +1721MB (now 2092MB) reserved=2272MB peak=4120MB
  [ComfyUI] [worker:ComfyUI-SAM3DObjects] [VRAM] +311MB (now 2404MB) reserved=4768MB peak=4120MB
  [ComfyUI] [worker:ComfyUI-SAM3DObjects] WARNING: [VRAM:mesh] start: 1059 MiB | cubefeats torch.Size([1702592, 101])
  [ComfyUI] [worker:ComfyUI-SAM3DObjects] WARNING: [VRAM:mesh] after sparse_cube2verts: 1156 MiB | v_pos torch.Size([1960786, 3])
  [ComfyUI] [worker:ComfyUI-SAM3DObjects] WARNING: [VRAM:mesh] after get_sparse_attrs + del: 442 MiB | verts 1960786 cubes 1702592
  [ComfyUI] [worker:ComfyUI-SAM3DObjects] WARNING: [VRAM:mesh] after dilation: 504 MiB | verts 2389321 cubes 2145547
  [ComfyUI] [worker:ComfyUI-SAM3DObjects] WARNING: [VRAM:mesh] after searchsorted: 607 MiB | reg_c torch.Size([2145547, 8])
  [ComfyUI] [worker:ComfyUI-SAM3DObjects] WARNING: [VRAM:fc] start: 607 MiB | verts torch.Size([2389322, 3]) cubes torch.Size([2145547, 8]) sdf torch.Size([2389322])
  [ComfyUI] [worker:ComfyUI-SAM3DObjects] WARNING: [VRAM:fc] after _identify_surf_cubes: 626 MiB | surf_cubes 488665/2145547
  [ComfyUI] [worker:ComfyUI-SAM3DObjects] WARNING: [VRAM:fc] after _get_case_id: 721 MiB
  [ComfyUI] [worker:ComfyUI-SAM3DObjects] WARNING: [VRAM:fc] after _identify_surf_edges: 798 MiB | surf_edges torch.Size([488962, 2])
  [ComfyUI] [worker:ComfyUI-SAM3DObjects] WARNING: [VRAM:fc] after _compute_vd: 869 MiB | vd torch.Size([488941, 3])
  [ComfyUI] [worker:ComfyUI-SAM3DObjects] WARNING: [VRAM:fc] after _triangulate: 891 MiB | verts torch.Size([488941, 3]) faces torch.Size([977918, 3])
  [ComfyUI] [worker:ComfyUI-SAM3DObjects] WARNING: [VRAM:mesh] after FlexiCubes: 643 MiB | verts torch.Size([488941, 3]) faces torch.Size([977918, 3])
  [ComfyUI] [SubprocessWorker] callback 'report_progress' from call_id=70
  [ComfyUI] [worker:ComfyUI-SAM3DObjects] [VRAM] Decode(mesh): after cleanup: torch=88MiB alloc, 512MiB reserved | gpu=1863MiB/24575MiB used
  [ComfyUI] [worker:ComfyUI-SAM3DObjects] [VRAM] -2317MB (now 88MB) reserved=512MB peak=4120MB
  [ComfyUI] [SubprocessWorker] callback 'report_progress' from call_id=70
  [ComfyUI] [SubprocessWorker] callback 'report_progress' from call_id=70
  [ComfyUI] [SubprocessWorker] callback 'request_vram_budget' from call_id=70
  [ComfyUI] [comfy-env] VRAM request: 0.18GB, free before eviction: 24.44GB
  [ComfyUI] [comfy-env] VRAM after eviction: 24.44GB
  [ComfyUI] [worker:ComfyUI-SAM3DObjects] [VRAM] Decode(mesh): after load_models_gpu: torch=188MiB alloc, 384MiB reserved | gpu=1735MiB/24575MiB used
  [ComfyUI] [SubprocessWorker] callback 'report_progress' from call_id=70
  [ComfyUI] [worker:ComfyUI-SAM3DObjects] WARNING: [VRAM:mesh] start: 1314 MiB | cubefeats torch.Size([2198464, 101])
  [ComfyUI] [worker:ComfyUI-SAM3DObjects] WARNING: [VRAM:mesh] after sparse_cube2verts: 1445 MiB | v_pos torch.Size([2643859, 3])
  [ComfyUI] [worker:ComfyUI-SAM3DObjects] WARNING: [VRAM:mesh] after get_sparse_attrs + del: 522 MiB | verts 2643859 cubes 2198464
  [ComfyUI] [worker:ComfyUI-SAM3DObjects] [VRAM] +1514MB (now 1602MB) reserved=2112MB peak=4120MB
  [ComfyUI] [worker:ComfyUI-SAM3DObjects] WARNING: [VRAM:mesh] after dilation: 633 MiB | verts 3408637 cubes 2994785
  [ComfyUI] [worker:ComfyUI-SAM3DObjects] WARNING: [VRAM:mesh] after searchsorted: 777 MiB | reg_c torch.Size([2994785, 8])
  [ComfyUI] [worker:ComfyUI-SAM3DObjects] WARNING: [VRAM:fc] start: 777 MiB | verts torch.Size([3408638, 3]) cubes torch.Size([2994785, 8]) sdf torch.Size([3408638])
  [ComfyUI] [worker:ComfyUI-SAM3DObjects] WARNING: [VRAM:fc] after _identify_surf_cubes: 802 MiB | surf_cubes 768793/2994785
  [ComfyUI] [worker:ComfyUI-SAM3DObjects] WARNING: [VRAM:fc] after _get_case_id: 945 MiB
  [ComfyUI] [worker:ComfyUI-SAM3DObjects] WARNING: [VRAM:fc] after _identify_surf_edges: 1065 MiB | surf_edges torch.Size([770454, 2])
  [ComfyUI] [worker:ComfyUI-SAM3DObjects] WARNING: [VRAM:fc] after _compute_vd: 1177 MiB | vd torch.Size([770109, 3])
  [ComfyUI] [worker:ComfyUI-SAM3DObjects] WARNING: [VRAM:fc] after _triangulate: 1212 MiB | verts torch.Size([770109, 3]) faces torch.Size([1539570, 3])
  [ComfyUI] [worker:ComfyUI-SAM3DObjects] WARNING: [VRAM:mesh] after FlexiCubes: 833 MiB | verts torch.Size([770109, 3]) faces torch.Size([1539570, 3])
  [ComfyUI] [SubprocessWorker] callback 'report_progress' from call_id=70
  [ComfyUI] [worker:ComfyUI-SAM3DObjects] [VRAM] Decode(mesh): after cleanup: torch=130MiB alloc, 544MiB reserved | gpu=1895MiB/24575MiB used
  [ComfyUI] [SubprocessWorker] callback 'report_progress' from call_id=70
  [ComfyUI] [SubprocessWorker] callback 'report_progress' from call_id=70
  [ComfyUI] [SubprocessWorker] callback 'request_vram_budget' from call_id=70
  [ComfyUI] [comfy-env] VRAM request: 0.18GB, free before eviction: 24.44GB
  [ComfyUI] [comfy-env] VRAM after eviction: 24.44GB
  [ComfyUI] [worker:ComfyUI-SAM3DObjects] [VRAM] Decode(mesh): after load_models_gpu: torch=189MiB alloc, 384MiB reserved | gpu=1735MiB/24575MiB used
  [ComfyUI] [SubprocessWorker] callback 'report_progress' from call_id=70
  [ComfyUI] [worker:ComfyUI-SAM3DObjects] WARNING: [VRAM:mesh] start: 639 MiB | cubefeats torch.Size([878912, 101])
  [ComfyUI] [worker:ComfyUI-SAM3DObjects] [VRAM] -454MB (now 1149MB) reserved=1376MB peak=4120MB
  [ComfyUI] [worker:ComfyUI-SAM3DObjects] WARNING: [VRAM:mesh] after sparse_cube2verts: 690 MiB | v_pos torch.Size([1022186, 3])
  [ComfyUI] [worker:ComfyUI-SAM3DObjects] WARNING: [VRAM:mesh] after get_sparse_attrs + del: 321 MiB | verts 1022186 cubes 878912
  [ComfyUI] [worker:ComfyUI-SAM3DObjects] WARNING: [VRAM:mesh] after dilation: 359 MiB | verts 1282069 cubes 1144211
  [ComfyUI] [worker:ComfyUI-SAM3DObjects] WARNING: [VRAM:mesh] after searchsorted: 414 MiB | reg_c torch.Size([1144211, 8])
  [ComfyUI] [worker:ComfyUI-SAM3DObjects] WARNING: [VRAM:fc] start: 414 MiB | verts torch.Size([1282070, 3]) cubes torch.Size([1144211, 8]) sdf torch.Size([1282070])
  [ComfyUI] [worker:ComfyUI-SAM3DObjects] WARNING: [VRAM:fc] after _identify_surf_cubes: 424 MiB | surf_cubes 276332/1144211
  [ComfyUI] [worker:ComfyUI-SAM3DObjects] WARNING: [VRAM:fc] after _get_case_id: 476 MiB
  [ComfyUI] [worker:ComfyUI-SAM3DObjects] WARNING: [VRAM:fc] after _identify_surf_edges: 519 MiB | surf_edges torch.Size([276380, 2])
  [ComfyUI] [worker:ComfyUI-SAM3DObjects] WARNING: [VRAM:fc] after _compute_vd: 559 MiB | vd torch.Size([276363, 3])
  [ComfyUI] [worker:ComfyUI-SAM3DObjects] WARNING: [VRAM:fc] after _triangulate: 572 MiB | verts torch.Size([276363, 3]) faces torch.Size([552754, 3])
  [ComfyUI] [worker:ComfyUI-SAM3DObjects] WARNING: [VRAM:mesh] after FlexiCubes: 434 MiB | verts torch.Size([276363, 3]) faces torch.Size([552754, 3])
  [ComfyUI] [SubprocessWorker] callback 'report_progress' from call_id=70
  [ComfyUI] [worker:ComfyUI-SAM3DObjects] [VRAM] Decode(mesh): after cleanup: torch=57MiB alloc, 480MiB reserved | gpu=1833MiB/24575MiB used
  [ComfyUI] [SubprocessWorker] callback 'report_progress' from call_id=70
  [ComfyUI] [SubprocessWorker] callback 'report_progress' from call_id=70
  [ComfyUI] [SubprocessWorker] callback 'request_vram_budget' from call_id=70
  [ComfyUI] [comfy-env] VRAM request: 0.18GB, free before eviction: 24.44GB
  [ComfyUI] [comfy-env] VRAM after eviction: 24.44GB
  [ComfyUI] [worker:ComfyUI-SAM3DObjects] [VRAM] Decode(mesh): after load_models_gpu: torch=190MiB alloc, 384MiB reserved | gpu=1737MiB/24575MiB used
  [ComfyUI] [SubprocessWorker] callback 'report_progress' from call_id=70
  [ComfyUI] [worker:ComfyUI-SAM3DObjects] WARNING: [VRAM:mesh] start: 1111 MiB | cubefeats torch.Size([1799424, 101])
  [ComfyUI] [worker:ComfyUI-SAM3DObjects] [VRAM] +895MB (now 2044MB) reserved=2272MB peak=4120MB
  [ComfyUI] [worker:ComfyUI-SAM3DObjects] WARNING: [VRAM:mesh] after sparse_cube2verts: 1221 MiB | v_pos torch.Size([2223787, 3])
  [ComfyUI] [worker:ComfyUI-SAM3DObjects] WARNING: [VRAM:mesh] after get_sparse_attrs + del: 466 MiB | verts 2223787 cubes 1799424
  [ComfyUI] [worker:ComfyUI-SAM3DObjects] WARNING: [VRAM:mesh] after dilation: 572 MiB | verts 2971552 cubes 2549372
  [ComfyUI] [worker:ComfyUI-SAM3DObjects] WARNING: [VRAM:mesh] after searchsorted: 693 MiB | reg_c torch.Size([2549372, 8])
  [ComfyUI] [worker:ComfyUI-SAM3DObjects] WARNING: [VRAM:fc] start: 693 MiB | verts torch.Size([2971553, 3]) cubes torch.Size([2549372, 8]) sdf torch.Size([2971553])
  [ComfyUI] [worker:ComfyUI-SAM3DObjects] WARNING: [VRAM:fc] after _identify_surf_cubes: 715 MiB | surf_cubes 820726/2549372
  [ComfyUI] [worker:ComfyUI-SAM3DObjects] WARNING: [VRAM:fc] after _get_case_id: 852 MiB
  [ComfyUI] [worker:ComfyUI-SAM3DObjects] WARNING: [VRAM:fc] after _identify_surf_edges: 981 MiB | surf_edges torch.Size([823052, 2])
  [ComfyUI] [worker:ComfyUI-SAM3DObjects] WARNING: [VRAM:fc] after _compute_vd: 1100 MiB | vd torch.Size([821742, 3])
  [ComfyUI] [worker:ComfyUI-SAM3DObjects] WARNING: [VRAM:fc] after _triangulate: 1137 MiB | verts torch.Size([821742, 3]) faces torch.Size([1640638, 3])
  [ComfyUI] [worker:ComfyUI-SAM3DObjects] WARNING: [VRAM:mesh] after FlexiCubes: 753 MiB | verts torch.Size([821742, 3]) faces torch.Size([1640638, 3])
  [ComfyUI] [SubprocessWorker] callback 'report_progress' from call_id=70
  [ComfyUI] [worker:ComfyUI-SAM3DObjects] [VRAM] Decode(mesh): after cleanup: torch=139MiB alloc, 576MiB reserved | gpu=1929MiB/24575MiB used
  [ComfyUI] [SubprocessWorker] callback 'report_progress' from call_id=70
  [ComfyUI] [SubprocessWorker] callback 'report_progress' from call_id=70
  [ComfyUI] [SubprocessWorker] callback 'request_vram_budget' from call_id=70
  [ComfyUI] [comfy-env] VRAM request: 0.18GB, free before eviction: 24.44GB
  [ComfyUI] [comfy-env] VRAM after eviction: 24.44GB
  [ComfyUI] [worker:ComfyUI-SAM3DObjects] [VRAM] Decode(mesh): after load_models_gpu: torch=191MiB alloc, 384MiB reserved | gpu=1737MiB/24575MiB used
  [ComfyUI] [SubprocessWorker] callback 'report_progress' from call_id=70
  [ComfyUI] [worker:ComfyUI-SAM3DObjects] [VRAM] -1545MB (now 500MB) reserved=1152MB peak=4120MB
  [capture-loop] iter=2650 t=323.7s state={'complete': False, 'error': None, 'executedCount': 1, 'wsState': 1} eval_ms=3
  [ComfyUI] [worker:ComfyUI-SAM3DObjects] WARNING: [VRAM:mesh] start: 1052 MiB | cubefeats torch.Size([1682880, 101])
  [ComfyUI] [worker:ComfyUI-SAM3DObjects] WARNING: [VRAM:mesh] after sparse_cube2verts: 1149 MiB | v_pos torch.Size([1951555, 3])
  [ComfyUI] [worker:ComfyUI-SAM3DObjects] WARNING: [VRAM:mesh] after get_sparse_attrs + del: 443 MiB | verts 1951555 cubes 1682880
  [ComfyUI] [worker:ComfyUI-SAM3DObjects] WARNING: [VRAM:mesh] after dilation: 508 MiB | verts 2405969 cubes 2145685
  [ComfyUI] [worker:ComfyUI-SAM3DObjects] WARNING: [VRAM:mesh] after searchsorted: 611 MiB | reg_c torch.Size([2145685, 8])
  [ComfyUI] [worker:ComfyUI-SAM3DObjects] WARNING: [VRAM:fc] start: 611 MiB | verts torch.Size([2405970, 3]) cubes torch.Size([2145685, 8]) sdf torch.Size([2405970])
  [ComfyUI] [worker:ComfyUI-SAM3DObjects] WARNING: [VRAM:fc] after _identify_surf_cubes: 629 MiB | surf_cubes 508206/2145685
  [ComfyUI] [worker:ComfyUI-SAM3DObjects] WARNING: [VRAM:fc] after _get_case_id: 727 MiB
  [ComfyUI] [worker:ComfyUI-SAM3DObjects] WARNING: [VRAM:fc] after _identify_surf_edges: 807 MiB | surf_edges torch.Size([508294, 2])
  [ComfyUI] [worker:ComfyUI-SAM3DObjects] WARNING: [VRAM:fc] after _compute_vd: 880 MiB | vd torch.Size([508384, 3])
  [ComfyUI] [worker:ComfyUI-SAM3DObjects] WARNING: [VRAM:fc] after _triangulate: 904 MiB | verts torch.Size([508384, 3]) faces torch.Size([1016510, 3])
  [ComfyUI] [worker:ComfyUI-SAM3DObjects] WARNING: [VRAM:mesh] after FlexiCubes: 648 MiB | verts torch.Size([508384, 3]) faces torch.Size([1016510, 3])
  [ComfyUI] [SubprocessWorker] callback 'report_progress' from call_id=70
  [ComfyUI] [worker:ComfyUI-SAM3DObjects] [VRAM] Decode(mesh): after cleanup: torch=94MiB alloc, 512MiB reserved | gpu=1865MiB/24575MiB used
  [ComfyUI] [SubprocessWorker] callback 'report_progress' from call_id=70
  [ComfyUI] [SubprocessWorker] callback 'report_progress' from call_id=70
  [ComfyUI] [SubprocessWorker] callback 'request_vram_budget' from call_id=70
  [ComfyUI] [comfy-env] VRAM request: 0.18GB, free before eviction: 24.44GB
  [ComfyUI] [comfy-env] VRAM after eviction: 24.44GB
  [ComfyUI] [worker:ComfyUI-SAM3DObjects] [VRAM] -482MB (now 18MB) reserved=320MB peak=4120MB
  [ComfyUI] [worker:ComfyUI-SAM3DObjects] [VRAM] Decode(mesh): after load_models_gpu: torch=191MiB alloc, 384MiB reserved | gpu=1737MiB/24575MiB used
  [ComfyUI] [SubprocessWorker] callback 'report_progress' from call_id=70
  [ComfyUI] [worker:ComfyUI-SAM3DObjects] WARNING: [VRAM:mesh] start: 429 MiB | cubefeats torch.Size([463872, 101])
  [ComfyUI] [worker:ComfyUI-SAM3DObjects] WARNING: [VRAM:mesh] after sparse_cube2verts: 456 MiB | v_pos torch.Size([538689, 3])
  [ComfyUI] [worker:ComfyUI-SAM3DObjects] WARNING: [VRAM:mesh] after get_sparse_attrs + del: 261 MiB | verts 538689 cubes 463872
  [ComfyUI] [worker:ComfyUI-SAM3DObjects] WARNING: [VRAM:mesh] after dilation: 281 MiB | verts 675729 cubes 602864
  [ComfyUI] [worker:ComfyUI-SAM3DObjects] WARNING: [VRAM:mesh] after searchsorted: 310 MiB | reg_c torch.Size([602864, 8])
  [ComfyUI] [worker:ComfyUI-SAM3DObjects] WARNING: [VRAM:fc] start: 310 MiB | verts torch.Size([675730, 3]) cubes torch.Size([602864, 8]) sdf torch.Size([675730])
  [ComfyUI] [worker:ComfyUI-SAM3DObjects] WARNING: [VRAM:fc] after _identify_surf_cubes: 315 MiB | surf_cubes 145149/602864
  [ComfyUI] [worker:ComfyUI-SAM3DObjects] WARNING: [VRAM:fc] after _get_case_id: 343 MiB
  [ComfyUI] [worker:ComfyUI-SAM3DObjects] WARNING: [VRAM:fc] after _identify_surf_edges: 365 MiB | surf_edges torch.Size([145164, 2])
  [ComfyUI] [worker:ComfyUI-SAM3DObjects] WARNING: [VRAM:fc] after _compute_vd: 386 MiB | vd torch.Size([145153, 3])
  [ComfyUI] [worker:ComfyUI-SAM3DObjects] WARNING: [VRAM:fc] after _triangulate: 393 MiB | verts torch.Size([145153, 3]) faces torch.Size([290264, 3])
  [ComfyUI] [worker:ComfyUI-SAM3DObjects] WARNING: [VRAM:mesh] after FlexiCubes: 320 MiB | verts torch.Size([145153, 3]) faces torch.Size([290264, 3])
  [ComfyUI] [SubprocessWorker] callback 'report_progress' from call_id=70
  [ComfyUI] [worker:ComfyUI-SAM3DObjects] [VRAM] Decode(mesh): after cleanup: torch=40MiB alloc, 448MiB reserved | gpu=1801MiB/24575MiB used
  [ComfyUI] [SubprocessWorker] callback 'report_progress' from call_id=70
  [ComfyUI] [SubprocessWorker] callback 'report_progress' from call_id=70
  [ComfyUI] [SubprocessWorker] callback 'request_vram_budget' from call_id=70
  [ComfyUI] [comfy-env] VRAM request: 0.18GB, free before eviction: 24.44GB
  [ComfyUI] [comfy-env] VRAM after eviction: 24.44GB
  [ComfyUI] [worker:ComfyUI-SAM3DObjects] [VRAM] Decode(mesh): after load_models_gpu: torch=192MiB alloc, 384MiB reserved | gpu=1737MiB/24575MiB used
  [ComfyUI] [SubprocessWorker] callback 'report_progress' from call_id=70
  [ComfyUI] [worker:ComfyUI-SAM3DObjects] WARNING: [VRAM:mesh] start: 768 MiB | cubefeats torch.Size([1125248, 101])
  [ComfyUI] [worker:ComfyUI-SAM3DObjects] WARNING: [VRAM:mesh] after sparse_cube2verts: 834 MiB | v_pos torch.Size([1338580, 3])
  [ComfyUI] [worker:ComfyUI-SAM3DObjects] WARNING: [VRAM:mesh] after get_sparse_attrs + del: 362 MiB | verts 1338580 cubes 1125248
  [ComfyUI] [worker:ComfyUI-SAM3DObjects] [VRAM] +343MB (now 362MB) reserved=576MB peak=4120MB
  [ComfyUI] [worker:ComfyUI-SAM3DObjects] WARNING: [VRAM:mesh] after dilation: 416 MiB | verts 1708821 cubes 1510051
  [ComfyUI] [worker:ComfyUI-SAM3DObjects] WARNING: [VRAM:mesh] after searchsorted: 488 MiB | reg_c torch.Size([1510051, 8])
  [ComfyUI] [worker:ComfyUI-SAM3DObjects] WARNING: [VRAM:fc] start: 488 MiB | verts torch.Size([1708822, 3]) cubes torch.Size([1510051, 8]) sdf torch.Size([1708822])
  [ComfyUI] [worker:ComfyUI-SAM3DObjects] WARNING: [VRAM:fc] after _identify_surf_cubes: 501 MiB | surf_cubes 364804/1510051
  [ComfyUI] [worker:ComfyUI-SAM3DObjects] WARNING: [VRAM:fc] after _get_case_id: 571 MiB
  [ComfyUI] [worker:ComfyUI-SAM3DObjects] WARNING: [VRAM:fc] after _identify_surf_edges: 628 MiB | surf_edges torch.Size([364978, 2])
  [ComfyUI] [worker:ComfyUI-SAM3DObjects] WARNING: [VRAM:fc] after _compute_vd: 681 MiB | vd torch.Size([364944, 3])
  [ComfyUI] [worker:ComfyUI-SAM3DObjects] WARNING: [VRAM:fc] after _triangulate: 698 MiB | verts torch.Size([364944, 3]) faces torch.Size([729828, 3])
  [ComfyUI] [worker:ComfyUI-SAM3DObjects] WARNING: [VRAM:mesh] after FlexiCubes: 515 MiB | verts torch.Size([364944, 3]) faces torch.Size([729828, 3])
  [ComfyUI] [SubprocessWorker] callback 'report_progress' from call_id=70
  [ComfyUI] [worker:ComfyUI-SAM3DObjects] [VRAM] Decode(mesh): after cleanup: torch=73MiB alloc, 480MiB reserved | gpu=1833MiB/24575MiB used
  [ComfyUI] [SubprocessWorker] callback 'report_progress' from call_id=70
  [ComfyUI] [worker:ComfyUI-SAM3DObjects] [VRAM] SceneGenerate: done: torch=10MiB alloc, 480MiB reserved | gpu=1833MiB/24575MiB used
  [ComfyUI] [SubprocessWorker] got response: ok
  [ComfyUI] [comfy-env] [VRAM] Before offload 'MoGeModelV1_1' (599 MB) -> cpu: 1271 / 24575 MB
  [ComfyUI] [ComfyUI-SAM3DObjects] Health check: ping (timeout=5.0s)...
  [ComfyUI] [ComfyUI-SAM3DObjects] Health check: ok
  [ComfyUI] [SubprocessWorker] call_id=71 sending model_to_device
  [ComfyUI] Model 'MoGeModelV1_1' gone from worker (restarted?), treating as offloaded
  [ComfyUI] [comfy-env] [VRAM] After offload 'MoGeModelV1_1' (599 MB): 1271 / 24575 MB
  [ComfyUI] [comfy-env] Created 6 model patchers: ['EmbedderFuser_1', 'ShortCut_2', 'SparseStructureDecoderTdfyWrapper_3', 'EmbedderFuser_4', 'FlowMatching_5', 'SLatMeshDecoderTdfyWrapper_6']
  [ComfyUI] [comfy-env] SAM3DSceneGenerate done (275.65s): result: NodeOutput
  [ComfyUI] [VRAM] After SAM3DSceneGenerate: 1271 / 24575 MB
  [ComfyUI] [VRAM] Loaded: SubprocessModel (0 MB), SubprocessModel (0 MB), SubprocessModel (0 MB), SubprocessModel (0 MB), SubprocessModel (0 MB), SubprocessModel (0 MB)
  [ComfyUI] [comfy-env] Running SAM3D_ScenePoseOptimize: output_folder: 'C:\\workspaces\\SAM3DObjects-1828\\ComfyUI\\output\\sam3..., optimization_mode: 'pose_only'
  [ComfyUI] [VRAM] Before SAM3D_ScenePoseOptimize: 1271 / 24575 MB
  [ComfyUI] [VRAM] Loaded: SubprocessModel (0 MB), SubprocessModel (0 MB), SubprocessModel (0 MB), SubprocessModel (0 MB), SubprocessModel (0 MB), SubprocessModel (0 MB)
  [ComfyUI] [SubprocessWorker] call_method: nodes.scene_pose_optimize.SAM3D_ScenePoseOptimize.EXECUTE_NORMALIZED
  [ComfyUI] [SubprocessWorker] acquired lock, ensuring started...
  [ComfyUI] [ComfyUI-SAM3DObjects] Health check: ping (timeout=5.0s)...
  [ComfyUI] [ComfyUI-SAM3DObjects] Health check: ok
  [ComfyUI] [SubprocessWorker] worker started/confirmed
  [ComfyUI] [SubprocessWorker] serializing kwargs to shm...
  [ComfyUI] [SubprocessWorker] created 0 shm blocks
  [ComfyUI] [SubprocessWorker] sending request via socket...
  [ComfyUI] [SubprocessWorker] call_id=72 sending call_method
  [ComfyUI] [worker:ComfyUI-SAM3DObjects] [VRAM] -353MB (now 9MB) reserved=480MB peak=4120MB
  Frame 63 saved (frame_062.jpg, t=326.4s)
  [capture-periodic] freeze=3ms shot=218ms unfreeze=4ms saved=True
  [ComfyUI] [SubprocessWorker] got response: ok
  [ComfyUI] [comfy-env] SAM3D_ScenePoseOptimize done (1.69s): result: NodeOutput
  [ComfyUI] [VRAM] After SAM3D_ScenePoseOptimize: 1271 / 24575 MB
  [ComfyUI] [VRAM] Loaded: SubprocessModel (0 MB), SubprocessModel (0 MB), SubprocessModel (0 MB), SubprocessModel (0 MB), SubprocessModel (0 MB), SubprocessModel (0 MB)
  [ComfyUI] [comfy-env] Running SAM3D_ProjectionOverlay: pose_opt_folder: 'C:\\workspaces\\SAM3DObjects-1828\\ComfyUI\\output\\sam3..., render_mode: '3d_mesh_textured', point_size: 2, alpha: 0.6
  [ComfyUI] [VRAM] Before SAM3D_ProjectionOverlay: 1271 / 24575 MB
  [ComfyUI] [VRAM] Loaded: SubprocessModel (0 MB), SubprocessModel (0 MB), SubprocessModel (0 MB), SubprocessModel (0 MB), SubprocessModel (0 MB), SubprocessModel (0 MB)
  [ComfyUI] [SubprocessWorker] call_method: nodes.projection_overlay.SAM3D_ProjectionOverlay.EXECUTE_NORMALIZED
  [ComfyUI] [SubprocessWorker] acquired lock, ensuring started...
  [ComfyUI] [ComfyUI-SAM3DObjects] Health check: ping (timeout=5.0s)...
  [ComfyUI] [ComfyUI-SAM3DObjects] Health check: ok
  [ComfyUI] [SubprocessWorker] worker started/confirmed
  [ComfyUI] [SubprocessWorker] serializing kwargs to shm...
  [ComfyUI] [SubprocessWorker] created 0 shm blocks
  [ComfyUI] [SubprocessWorker] sending request via socket...
  [ComfyUI] [SubprocessWorker] call_id=73 sending call_method
  Frame 64 saved (frame_063.jpg, t=328.8s)
  [capture-periodic] freeze=3ms shot=165ms unfreeze=4ms saved=True
  [capture-loop] iter=2700 t=330.0s state={'complete': False, 'error': None, 'executedCount': 1, 'wsState': 1} eval_ms=4
  Frame 65 saved (frame_064.jpg, t=331.2s)
  [capture-periodic] freeze=4ms shot=201ms unfreeze=5ms saved=True
  [capture-loop] iter=2750 t=336.4s state={'complete': False, 'error': None, 'executedCount': 1, 'wsState': 1} eval_ms=5
  [capture-loop] iter=2800 t=342.6s state={'complete': False, 'error': None, 'executedCount': 1, 'wsState': 1} eval_ms=4
  [ComfyUI] [SubprocessWorker] got response: ok
  [ComfyUI] [comfy-env] SAM3D_ProjectionOverlay done (17.29s): result: NodeOutput
  [ComfyUI] [VRAM] After SAM3D_ProjectionOverlay: 1271 / 24575 MB
  [ComfyUI] [VRAM] Loaded: SubprocessModel (0 MB), SubprocessModel (0 MB), SubprocessModel (0 MB), SubprocessModel (0 MB), SubprocessModel (0 MB), SubprocessModel (0 MB)
  [ComfyUI] [comfy-env] Running GeomPackLoadMeshBatch: folder_path: 'C:\\workspaces\\SAM3DObjects-1828\\ComfyUI\\output\\sam3..., start_index: 0, max_meshes: -1
  [ComfyUI] [VRAM] Before GeomPackLoadMeshBatch: 1271 / 24575 MB
  [ComfyUI] [VRAM] Loaded: SubprocessModel (0 MB), SubprocessModel (0 MB), SubprocessModel (0 MB), SubprocessModel (0 MB), SubprocessModel (0 MB), SubprocessModel (0 MB)
  [ComfyUI] [SubprocessWorker] call_method: nodes.main.io.load_mesh_batch.LoadMeshBatch.EXECUTE_NORMALIZED
  [ComfyUI] [SubprocessWorker] acquired lock, ensuring started...
  [ComfyUI] [comfy-env] SubprocessWorker: C:\workspaces\SAM3DObjects-1828\ComfyUI\.ce\.pixi\envs\geometrypack-main\python.exe
  [ComfyUI] [comfy-env] geometrypack-main: Library/bin has 609 DLLs
  [ComfyUI] [comfy-env] env_vars: {'KMP_DUPLICATE_LIB_OK': 'TRUE', 'COMFYUI_BASE': 'C:\\workspaces\\SAM3DObjects-1828\\ComfyUI'}
  [ComfyUI] [ComfyUI-GeometryPack] python: C:\workspaces\SAM3DObjects-1828\ComfyUI\.ce\.pixi\envs\geometrypack-main\python.exe
  [ComfyUI] [ComfyUI-GeometryPack] sys_path sent to worker: ['C:\\workspaces\\SAM3DObjects-1828\\ComfyUI', 'C:\\workspaces\\SAM3DObjects-1828\\ComfyUI\\custom_nodes\\ComfyUI-GeometryPack', 'C:\\workspaces\\SAM3DObjects-1828\\ComfyUI\\.ce\\.pixi\\envs\\geometrypack-main\\Lib\\site-packages', 'C:\\workspaces\\SAM3DObjects-1828\\ComfyUI\\custom_nodes\\ComfyUI-GeometryPack']
  [ComfyUI] [SubprocessWorker] is_pixi=True, python=C:\workspaces\SAM3DObjects-1828\ComfyUI\.ce\.pixi\envs\geometrypack-main\python.exe
  [ComfyUI] [SubprocessWorker] launching cmd=['C:\\Users\\ContainerAdministrator\\.local\\bin\\pixi.EXE', 'run', '--as-is', '--manifest-path', 'C:\\workspaces\\SAM3DObjects-1828\\ComfyUI\\.ce\\pixi.toml', '-e', 'geometrypack-main', 'python', 'C:\\Users\\ContainerAdministrator\\AppData\\Local\\Temp\\comfyui_pvenv_hnw76j3r\\persistent_worker.py', 'tcp://127.0.0.1:64997']...
  Node executed (2 total), capturing...
  Frame 66 saved (frame_065.jpg, t=346.3s)
  [capture-node] freeze=30ms shot=193ms unfreeze=5ms saved=True
  [capture-loop] iter=2850 t=349.1s state={'complete': False, 'error': None, 'executedCount': 2, 'wsState': 1} eval_ms=3
  [ComfyUI] [worker:ComfyUI-GeometryPack] WARNING: WARNING: You need pytorch with cu130 or higher to use optimized CUDA operations.
  [ComfyUI] [SubprocessWorker] worker started/confirmed
  [ComfyUI] [SubprocessWorker] serializing kwargs to shm...
  [ComfyUI] [SubprocessWorker] created 0 shm blocks
  [ComfyUI] [SubprocessWorker] sending request via socket...
  [ComfyUI] [SubprocessWorker] call_id=1 sending call_method
  [capture-loop] iter=2900 t=355.0s state={'complete': False, 'error': None, 'executedCount': 2, 'wsState': 1} eval_ms=3
  [ComfyUI] [worker:ComfyUI-GeometryPack] INFO: Found folder relative to ComfyUI root: C:\workspaces\SAM3DObjects-1828\ComfyUI\output\sam3d_scene_1_pose_optimized
  [ComfyUI] [worker:ComfyUI-GeometryPack] INFO: Found 7 mesh files
  [ComfyUI] [worker:ComfyUI-GeometryPack] INFO: Loading: C:\workspaces\SAM3DObjects-1828\ComfyUI\output\sam3d_scene_1_pose_optimized\object_0.glb
  [ComfyUI] [worker:ComfyUI-GeometryPack] INFO: Converting Scene to single mesh (scene has 1 geometries)
  [ComfyUI] [worker:ComfyUI-GeometryPack] INFO: Initial mesh: 488941 vertices, 977918 faces
  [ComfyUI] [worker:ComfyUI-GeometryPack] INFO: Cleanup: 488941->488939 vertices, 977918->977912 faces
  [ComfyUI] [worker:ComfyUI-GeometryPack] INFO: Removed: 2 duplicate vertices, 6 bad faces
  [ComfyUI] [worker:ComfyUI-GeometryPack] INFO: Successfully loaded: 488939 vertices, 977912 faces
  [ComfyUI] [worker:ComfyUI-GeometryPack] INFO: [1/7] Loaded object_0.glb: 488939 vertices, 977912 faces
  [ComfyUI] [worker:ComfyUI-GeometryPack] INFO: Loading: C:\workspaces\SAM3DObjects-1828\ComfyUI\output\sam3d_scene_1_pose_optimized\object_1.glb
  [ComfyUI] [worker:ComfyUI-GeometryPack] INFO: Converting Scene to single mesh (scene has 1 geometries)
  [ComfyUI] [worker:ComfyUI-GeometryPack] INFO: Initial mesh: 770109 vertices, 1539570 faces
  [ComfyUI] [worker:ComfyUI-GeometryPack] INFO: Cleanup: 770109->770107 vertices, 1539570->1539566 faces
  [ComfyUI] [worker:ComfyUI-GeometryPack] INFO: Removed: 2 duplicate vertices, 4 bad faces
  [ComfyUI] [worker:ComfyUI-GeometryPack] INFO: Successfully loaded: 770107 vertices, 1539566 faces
  [ComfyUI] [worker:ComfyUI-GeometryPack] INFO: [2/7] Loaded object_1.glb: 770107 vertices, 1539566 faces
  [ComfyUI] [worker:ComfyUI-GeometryPack] INFO: Loading: C:\workspaces\SAM3DObjects-1828\ComfyUI\output\sam3d_scene_1_pose_optimized\object_2.glb
  [ComfyUI] [worker:ComfyUI-GeometryPack] INFO: Converting Scene to single mesh (scene has 1 geometries)
  [capture-loop] iter=2950 t=361.0s state={'complete': False, 'error': None, 'executedCount': 2, 'wsState': 1} eval_ms=4
  [ComfyUI] [worker:ComfyUI-GeometryPack] INFO: Initial mesh: 276363 vertices, 552754 faces
  [ComfyUI] [worker:ComfyUI-GeometryPack] INFO: Cleanup: 276363->276362 vertices, 552754->552752 faces
  [ComfyUI] [worker:ComfyUI-GeometryPack] INFO: Removed: 1 duplicate vertices, 2 bad faces
  [ComfyUI] [worker:ComfyUI-GeometryPack] INFO: Successfully loaded: 276362 vertices, 552752 faces
  [ComfyUI] [worker:ComfyUI-GeometryPack] INFO: [3/7] Loaded object_2.glb: 276362 vertices, 552752 faces
  [ComfyUI] [worker:ComfyUI-GeometryPack] INFO: Loading: C:\workspaces\SAM3DObjects-1828\ComfyUI\output\sam3d_scene_1_pose_optimized\object_3.glb
  [ComfyUI] [worker:ComfyUI-GeometryPack] INFO: Converting Scene to single mesh (scene has 1 geometries)
  [ComfyUI] [worker:ComfyUI-GeometryPack] INFO: Initial mesh: 821742 vertices, 1640638 faces
  [ComfyUI] [worker:ComfyUI-GeometryPack] INFO: Cleanup: 821742->821739 vertices, 1640638->1640633 faces
  [ComfyUI] [worker:ComfyUI-GeometryPack] INFO: Removed: 3 duplicate vertices, 5 bad faces
  [ComfyUI] [worker:ComfyUI-GeometryPack] INFO: Successfully loaded: 821739 vertices, 1640633 faces
  [ComfyUI] [worker:ComfyUI-GeometryPack] INFO: [4/7] Loaded object_3.glb: 821739 vertices, 1640633 faces
  [ComfyUI] [worker:ComfyUI-GeometryPack] INFO: Loading: C:\workspaces\SAM3DObjects-1828\ComfyUI\output\sam3d_scene_1_pose_optimized\object_4.glb
  [ComfyUI] [worker:ComfyUI-GeometryPack] INFO: Converting Scene to single mesh (scene has 1 geometries)
  [ComfyUI] [worker:ComfyUI-GeometryPack] INFO: Initial mesh: 508384 vertices, 1016510 faces
  [ComfyUI] [worker:ComfyUI-GeometryPack] INFO: Cleanup: 508384->508384 vertices, 1016510->1016508 faces
  [ComfyUI] [worker:ComfyUI-GeometryPack] INFO: Removed: 0 duplicate vertices, 2 bad faces
  [ComfyUI] [worker:ComfyUI-GeometryPack] INFO: Successfully loaded: 508384 vertices, 1016508 faces
  [ComfyUI] [worker:ComfyUI-GeometryPack] INFO: [5/7] Loaded object_4.glb: 508384 vertices, 1016508 faces
  [ComfyUI] [worker:ComfyUI-GeometryPack] INFO: Loading: C:\workspaces\SAM3DObjects-1828\ComfyUI\output\sam3d_scene_1_pose_optimized\object_5.glb
  [ComfyUI] [worker:ComfyUI-GeometryPack] INFO: Converting Scene to single mesh (scene has 1 geometries)
  [ComfyUI] [worker:ComfyUI-GeometryPack] INFO: Initial mesh: 145153 vertices, 290264 faces
  [ComfyUI] [worker:ComfyUI-GeometryPack] INFO: Successfully loaded: 145153 vertices, 290264 faces
  [ComfyUI] [worker:ComfyUI-GeometryPack] INFO: [6/7] Loaded object_5.glb: 145153 vertices, 290264 faces
  [ComfyUI] [worker:ComfyUI-GeometryPack] INFO: Loading: C:\workspaces\SAM3DObjects-1828\ComfyUI\output\sam3d_scene_1_pose_optimized\object_6.glb
  [ComfyUI] [worker:ComfyUI-GeometryPack] INFO: Converting Scene to single mesh (scene has 1 geometries)
  [capture-loop] iter=3000 t=367.1s state={'complete': False, 'error': None, 'executedCount': 2, 'wsState': 1} eval_ms=4
  [ComfyUI] [worker:ComfyUI-GeometryPack] INFO: Initial mesh: 364944 vertices, 729828 faces
  [ComfyUI] [worker:ComfyUI-GeometryPack] INFO: Cleanup: 364944->364941 vertices, 729828->729822 faces
  [ComfyUI] [worker:ComfyUI-GeometryPack] INFO: Removed: 3 duplicate vertices, 6 bad faces
  [ComfyUI] [worker:ComfyUI-GeometryPack] INFO: Successfully loaded: 364941 vertices, 729822 faces
  [ComfyUI] [worker:ComfyUI-GeometryPack] INFO: [7/7] Loaded object_6.glb: 364941 vertices, 729822 faces
  [ComfyUI] [worker:ComfyUI-GeometryPack] INFO: Successfully loaded 7 meshes
  [ComfyUI] [SubprocessWorker] got response: ok
  [capture-loop] iter=3050 t=373.0s state={'complete': False, 'error': None, 'executedCount': 2, 'wsState': 1} eval_ms=3
  [ComfyUI] [comfy-env] GeomPackLoadMeshBatch done (28.60s): result: NodeOutput
  [ComfyUI] [VRAM] After GeomPackLoadMeshBatch: 1271 / 24575 MB
  [ComfyUI] [VRAM] Loaded: SubprocessModel (0 MB), SubprocessModel (0 MB), SubprocessModel (0 MB), SubprocessModel (0 MB), SubprocessModel (0 MB), SubprocessModel (0 MB)
  [ComfyUI] [comfy-env] Running GeomPackCombineMeshesBatch: meshes: list[7]
  [ComfyUI] [VRAM] Before GeomPackCombineMeshesBatch: 1271 / 24575 MB
  [ComfyUI] [VRAM] Loaded: SubprocessModel (0 MB), SubprocessModel (0 MB), SubprocessModel (0 MB), SubprocessModel (0 MB), SubprocessModel (0 MB), SubprocessModel (0 MB)
  [ComfyUI] [SubprocessWorker] call_method: nodes.main.combine.combine_meshes_batch.CombineMeshesBatchNode.EXECUTE_NORMALIZED
  [ComfyUI] [SubprocessWorker] acquired lock, ensuring started...
  [ComfyUI] [ComfyUI-GeometryPack] Health check: ping (timeout=5.0s)...
  [ComfyUI] [ComfyUI-GeometryPack] Health check: ok
  [ComfyUI] [SubprocessWorker] worker started/confirmed
  [ComfyUI] [SubprocessWorker] serializing kwargs to shm...
  Frame 67 saved (frame_066.jpg, t=376.0s)
  [capture-periodic] freeze=3ms shot=190ms unfreeze=3ms saved=True
  [ComfyUI] [SubprocessWorker] created 7 shm blocks
  [ComfyUI] [SubprocessWorker] sending request via socket...
  [ComfyUI] [SubprocessWorker] call_id=2 sending call_method
  [ComfyUI] [worker:ComfyUI-GeometryPack] INFO: Combining 7 meshes
  [ComfyUI] [worker:ComfyUI-GeometryPack] INFO: Mesh 1: 488939 vertices, 977912 faces
  [ComfyUI] [worker:ComfyUI-GeometryPack] INFO: Mesh 2: 770107 vertices, 1539566 faces
  [ComfyUI] [worker:ComfyUI-GeometryPack] INFO: Mesh 3: 276362 vertices, 552752 faces
  [ComfyUI] [worker:ComfyUI-GeometryPack] INFO: Mesh 4: 821739 vertices, 1640633 faces
  [ComfyUI] [worker:ComfyUI-GeometryPack] INFO: Mesh 5: 508384 vertices, 1016508 faces
  [ComfyUI] [worker:ComfyUI-GeometryPack] INFO: Mesh 6: 145153 vertices, 290264 faces
  [ComfyUI] [worker:ComfyUI-GeometryPack] INFO: Mesh 7: 364941 vertices, 729822 faces
  Frame 68 saved (frame_067.jpg, t=378.3s)
  [capture-periodic] freeze=3ms shot=197ms unfreeze=5ms saved=True
  [capture-loop] iter=3100 t=379.2s state={'complete': False, 'error': None, 'executedCount': 2, 'wsState': 1} eval_ms=4
  [capture-loop] iter=3150 t=385.1s state={'complete': False, 'error': None, 'executedCount': 2, 'wsState': 1} eval_ms=3
  [ComfyUI] [worker:ComfyUI-GeometryPack] INFO: Result: 3375625 vertices, 6747457 faces
  [ComfyUI] [SubprocessWorker] got response: ok
  [capture-loop] iter=3200 t=391.2s state={'complete': False, 'error': None, 'executedCount': 2, 'wsState': 1} eval_ms=5
  [ComfyUI] [comfy-env] GeomPackCombineMeshesBatch done (16.56s): result: NodeOutput
  [ComfyUI] [VRAM] After GeomPackCombineMeshesBatch: 1271 / 24575 MB
  [ComfyUI] [VRAM] Loaded: SubprocessModel (0 MB), SubprocessModel (0 MB), SubprocessModel (0 MB), SubprocessModel (0 MB), SubprocessModel (0 MB), SubprocessModel (0 MB)
  [ComfyUI] [comfy-env] Running GeomPackPreviewMeshVTK: mode: 'texture', trimesh: Trimesh
  [ComfyUI] [VRAM] Before GeomPackPreviewMeshVTK: 1271 / 24575 MB
  [ComfyUI] [VRAM] Loaded: SubprocessModel (0 MB), SubprocessModel (0 MB), SubprocessModel (0 MB), SubprocessModel (0 MB), SubprocessModel (0 MB), SubprocessModel (0 MB)
  [ComfyUI] [SubprocessWorker] call_method: nodes.main.visualization.preview_mesh_vtk.PreviewMeshVTKNode.EXECUTE_NORMALIZED
  [ComfyUI] [SubprocessWorker] acquired lock, ensuring started...
  [ComfyUI] [ComfyUI-GeometryPack] Health check: ping (timeout=5.0s)...
  [ComfyUI] [ComfyUI-GeometryPack] Health check: ok
  [ComfyUI] [SubprocessWorker] worker started/confirmed
  [ComfyUI] [SubprocessWorker] serializing kwargs to shm...
  Node executed (3 total), capturing...
  Frame 69 saved (frame_068.jpg, t=391.5s)
  [capture-node] freeze=4ms shot=192ms unfreeze=4ms saved=True
  [ComfyUI] [SubprocessWorker] created 1 shm blocks
  [ComfyUI] [SubprocessWorker] sending request via socket...
  [ComfyUI] [SubprocessWorker] call_id=3 sending call_method
  [ComfyUI] [worker:ComfyUI-GeometryPack] INFO: Preparing preview: Mesh - 3375625 vertices, 6747457 faces
  [ComfyUI] [worker:ComfyUI-GeometryPack] INFO: Mode: texture
  [ComfyUI] [worker:ComfyUI-GeometryPack] INFO: Visual data - has_visual: True, kind: vertex, texture: False, vertex_colors: True
  [ComfyUI] [worker:ComfyUI-GeometryPack] INFO: Using texture mode - GLB export
  [capture-loop] iter=3250 t=397.5s state={'complete': False, 'error': None, 'executedCount': 3, 'wsState': 1} eval_ms=4
  [ComfyUI] [worker:ComfyUI-GeometryPack] INFO: Exported GLB to: C:\workspaces\SAM3DObjects-1828\ComfyUI\output\preview_vtk_e4d8cdf9.glb
  [capture-loop] iter=3300 t=403.9s state={'complete': False, 'error': None, 'executedCount': 3, 'wsState': 1} eval_ms=4
  [ComfyUI] [worker:ComfyUI-GeometryPack]
  [ComfyUI] === WATCHDOG TICK 1 ===
  [ComfyUI] [worker:ComfyUI-GeometryPack] Thread 0x00004b98 (most recent call first):
  [ComfyUI]   File "C:\Users\ContainerAdministrator\AppData\Local\Temp\comfyui_pvenv_hnw76j3r\persistent_worker.py", line 106 in _vram_poller
  [ComfyUI]   File "C:\workspaces\SAM3DObjects-1828\ComfyUI\.ce\.pixi\envs\geometrypack-main\lib\threading.py", line 953 in run
  [ComfyUI]   File "C:\workspaces\SAM3DObjects-1828\ComfyUI\.ce\.pixi\envs\geometrypack-main\lib\threading.py", line 1016 in _bootstrap_inner
  [ComfyUI]   File "C:\workspaces\SAM3DObjects-1828\ComfyUI\.ce\.pixi\envs\geometrypack-main\lib\threading.py", line 973 in _bootstrap
  [ComfyUI] 
  [ComfyUI] Current thread 0x00004964 (most recent call first):
  [ComfyUI]   File "C:\Users\ContainerAdministrator\AppData\Local\Temp\comfyui_pvenv_hnw76j3r\persistent_worker.py", line 52 in _watchdog
  [ComfyUI]   File "C:\workspaces\SAM3DObjects-1828\ComfyUI\.ce\.pixi\envs\geometrypack-main\lib\threading.py", line 953 in run
  [ComfyUI]   File "C:\workspaces\SAM3DObjects-1828\ComfyUI\.ce\.pixi\envs\geometrypack-main\lib\threading.py", line 1016 in _bootstrap_inner
  [ComfyUI]   File "C:\workspaces\SAM3DObjects-1828\ComfyUI\.ce\.pixi\envs\geometrypack-main\lib\threading.py", line 973 in _bootstrap
  [ComfyUI] 
  [ComfyUI] Thread 0x00003c4c (most recent call first):
  [ComfyUI]   File "C:\workspaces\SAM3DObjects-1828\ComfyUI\.ce\.pixi\envs\geometrypack-main\Lib\site-packages\trimesh\grouping.py", line 584 in group_rows
  [ComfyUI]   File "C:\workspaces\SAM3DObjects-1828\ComfyUI\.ce\.pixi\envs\geometrypack-main\Lib\site-packages\trimesh\graph.py", line 900 in is_watertight
  [ComfyUI]   File "C:\workspaces\SAM3DObjects-1828\ComfyUI\.ce\.pixi\envs\geometrypack-main\Lib\site-packages\trimesh\base.py", line 1739 in is_watertight
  [ComfyUI]   File "C:\workspaces\SAM3DObjects-1828\ComfyUI\.ce\.pixi\envs\geometrypack-main\Lib\site-packages\trimesh\caching.py", line 139 in get_cached
  [ComfyUI]   File "C:\workspaces\SAM3DObjects-1828\ComfyUI\custom_nodes\ComfyUI-GeometryPack\nodes\main\visualization\preview_mesh_vtk.py", line 192 in execute
  [ComfyUI]   File "C:\workspaces\SAM3DObjects-1828\ComfyUI\comfy_api\latest\_io.py", line 1826 in EXECUTE_NORMALIZED
  [ComfyUI]   File "C:\Users\ContainerAdministrator\AppData\Local\Temp\comfyui_pvenv_hnw76j3r\persistent_worker.py", line 1749 in main
  [ComfyUI]   File "C:\Users\ContainerAdministrator\AppData\Local\Temp\comfyui_pvenv_hnw76j3r\persistent_worker.py", line 1794 in <module>
  [ComfyUI] 
  [ComfyUI] [worker:ComfyUI-GeometryPack] === END ===
  [ComfyUI] 
  [ComfyUI] [worker:ComfyUI-GeometryPack] INFO: Texture mode info: watertight=False, volume=None, area=3.050699104659823, texture=False, vertex_colors=True
  [ComfyUI] [SubprocessWorker] got response: ok
  [ComfyUI] [comfy-env] GeomPackPreviewMeshVTK done (18.14s): result: NodeOutput
  [ComfyUI] [VRAM] After GeomPackPreviewMeshVTK: 1271 / 24575 MB
  [ComfyUI] [VRAM] Loaded: SubprocessModel (0 MB), SubprocessModel (0 MB), SubprocessModel (0 MB), SubprocessModel (0 MB), SubprocessModel (0 MB), SubprocessModel (0 MB)
  [ComfyUI] Prompt executed in 409.20 seconds
  Node executed (4 total), capturing...
  Frame 70 saved (frame_069.jpg, t=409.7s)
  [capture-node] freeze=4ms shot=190ms unfreeze=0ms saved=True
  Execution complete (t=409.7s)
  [3d-wait] Phase 1: Waiting for 'Loading 3D Model' text to disappear...
  [3d-wait] Phase 1 done in 0.2s
  [3d-wait] Phase 2: iframes=1
  [3d-wait] iframe viewer_ready=True (matched 1 console logs)
  [3d-wait] Unfrozen in 0.004s, rendering for 5s...
  [3d-wait] JS halted via CDP after 5.6s
  [3d-wait] Re-frozen in 6.7s
  [3d-wait] Total 3D wait: 6.8s
  Captured 70 unique frames over 416.97s
  [debug] iframes: 1
  [debug]   iframe[0]: src=http://127.0.0.1:41880/extensions/ComfyUI-GeometryPack/viewer_vtk_textured.html?, canvas=486x356, rafFrozen=True
  [timing] trigger_3d_previews: 0.0s
  Saved high-quality screenshot: scene_generation_executed.png
  [timing] final_screenshot: 1.4s
    Captured 71 video frames