[00:00] Crash dump logging enabled: /logs/SAM3DObjects-1241/dev/linux-gpu/crash_dump.log
[00:00] 
[00:00] [1/4] INSTALL
[00:00] ----------------------------------------
[00:00] [DEBUG] server=None, server_url=None, api=None
[00:00] Setting up ComfyUI...
[00:00] Creating virtual environment...
[00:00] Running: uv venv /workspaces/SAM3DObjects-1241/.venv --python 3.10
[00:00] Cloning ComfyUI (latest)...
[00:00] Running: git clone --depth 1 https://github.com/comfyanonymous/ComfyUI.git /workspaces/SAM3DObjects-1241/ComfyUI
[00:01] Installing ComfyUI requirements...
[00:01] Running: uv pip install --python /workspaces/SAM3DObjects-1241/.venv/bin/python --index-url https://download.pytorch.org/whl/cu128 --extra-index-url https://pypi.org/simple --index-strategy unsafe-best-match -r /workspaces/SAM3DObjects-1241/ComfyUI/requirements.txt
[01:16] Installing custom node...
[01:16] Copying ComfyUI-SAM3DObjects to custom_nodes/...
[01:16] Installing node requirements...
[01:16] Running: uv pip install --python /workspaces/SAM3DObjects-1241/.venv/bin/python --index-url https://download.pytorch.org/whl/cu128 --extra-index-url https://pypi.org/simple --index-strategy unsafe-best-match -r /workspaces/SAM3DObjects-1241/ComfyUI/custom_nodes/ComfyUI-SAM3DObjects/requirements.txt
[01:19] Running install.py...
[01:19] Running: /workspaces/SAM3DObjects-1241/.venv/bin/python /workspaces/SAM3DObjects-1241/ComfyUI/custom_nodes/ComfyUI-SAM3DObjects/install.py
[01:19]   
[01:19]   Installing 2 node dependencies...
[01:19]     Cloning ComfyUI-Multiband...
[01:20]     Installing requirements for ComfyUI-Multiband...
[01:20]     Cloning ComfyUI-GeometryPack...
[01:24]     Installing requirements for ComfyUI-GeometryPack...
[01:25]     Running install.py for ComfyUI-GeometryPack...
[01:27]   [comfy-env] Workspace: /workspaces/SAM3DObjects-1241/ComfyUI/.ce
[01:27]   [comfy-env] ComfyUI: /workspaces/SAM3DObjects-1241/ComfyUI
[01:27]   [comfy-env] Found 4 node config(s):
[01:27]     - geometrypack-blender <- custom_nodes/ComfyUI-GeometryPack/nodes/blender/comfy-env.toml (python=3.11)
[01:27]     - geometrypack-gpu <- custom_nodes/ComfyUI-GeometryPack/nodes/gpu/comfy-env.toml (python=host)
[01:27]     - geometrypack-main <- custom_nodes/ComfyUI-GeometryPack/nodes/main/comfy-env.toml (python=host)
[01:27]     - sam3dobjects-nodes <- custom_nodes/ComfyUI-SAM3DObjects/nodes/comfy-env.toml (python=3.12)
[01:27]   [comfy-env] Bootstrap interpreter has python 3.10 + torch 2.11.0 (cu128). Looking for cuda-only wheels matching cu128/torch2.11/cp310.
[01:27]   [comfy-env] GPU: Detection: smi
[01:27]   Driver: 580.126.20
[01:27]   CUDA: 13.0
[01:27]   Recommended: CUDA 13.0
[01:27]   
[01:27]     GPU 0: NVIDIA GeForce RTX 5060 (sm_120) [Blackwell] 8151MB
[01:27]   [comfy-env] Comfyui feature -> torch 2.11.0 from https://download.pytorch.org/whl/cu128 (CUDA 12.8 via bootstrap torch)
[01:27]   [comfy-env] cuda-wheels: 8 package(s) need a matched (cuda, torch, python) combo: ['cumesh', 'pytorch3d', 'gsplat', 'nvdiffrast', 'flash-attn', 'sageattention', 'spconv', 'cumm']
[01:27]   [comfy-env] cuda-wheels: checking across Python versions: cp3.10, cp3.12
[01:27]   [comfy-env] cuda-wheels tier 1 (bootstrap): probing cu12.8/torch2.11/cp310
[01:27]   [cuda-wheels] Looking up cumesh: cu128 torch2.11 cp310 manylinux linux
[01:27]   [cuda-wheels]   Found: cumesh-0.0.1+cu128torch2.11-cp310-cp310-manylinux_2_35_x86_64.whl
[01:27]   [comfy-env] cuda-wheels tier 1 (bootstrap): probing cu12.8/torch2.11/cp312
[01:27]   [cuda-wheels] Looking up pytorch3d: cu128 torch2.11 cp312 manylinux linux
[01:28]   [cuda-wheels]   Found: pytorch3d-0.7.9+cu128torch2.11-cp312-cp312-manylinux_2_35_x86_64.whl
[01:28]   [cuda-wheels] Looking up gsplat: cu128 torch2.11 cp312 manylinux linux
[01:28]   [cuda-wheels]   Found: gsplat-1.5.3+cu128torch2.11-cp312-cp312-manylinux_2_34_x86_64.manylinux_2_35_x86_64.whl
[01:28]   [cuda-wheels] Looking up nvdiffrast: cu128 torch2.11 cp312 manylinux linux
[01:28]   [cuda-wheels]   Found: nvdiffrast-0.4.0+cu128torch2.11-cp312-cp312-manylinux_2_34_x86_64.manylinux_2_35_x86_64.whl
[01:28]   [cuda-wheels] Looking up flash-attn: cu128 torch2.11 cp312 manylinux linux
[01:28]   [cuda-wheels]   https://pozzettiandrea.github.io/cuda-wheels/v2/flash_attn/: HTTPError: HTTP Error 404: Not Found
[01:28]   [cuda-wheels]   Found: flash_attn-2.8.3+cu128torch2.11-cp312-cp312-manylinux_2_34_x86_64.manylinux_2_35_x86_64.whl
[01:28]   [cuda-wheels] Looking up sageattention: cu128 torch2.11 cp312 manylinux linux
[01:28]   [cuda-wheels]   Found: sageattention-2.2.0+cu128torch2.11-cp312-cp312-manylinux_2_34_x86_64.manylinux_2_35_x86_64.whl
[01:28]   [cuda-wheels] Looking up spconv: cu128 torch2.11 cp312 manylinux linux
[01:29]   [cuda-wheels]   Found: spconv-2.3.8+cu128torch2.11-cp312-cp312-manylinux_2_34_x86_64.manylinux_2_35_x86_64.whl
[01:29]   [cuda-wheels] Looking up cumm: cu128 torch2.11 cp312 manylinux linux
[01:29]   [cuda-wheels]   Found: cumm-0.8.2+cu128torch2.11-cp312-cp312-manylinux_2_34_x86_64.manylinux_2_35_x86_64.whl
[01:29]   [comfy-env] cuda-wheels combo: cu12.8/torch2.11 (bootstrap matches; per-node envs will pin to this)
[01:29]   [comfy-env] Root conda deps from ComfyUI-GeometryPack: ['av', 'ffmpeg']
[01:29]   [comfy-env] Comfyui feature pin: torch ==2.11.0, torchvision ==0.26.*, torchaudio ==2.11.*
[01:29]   [comfy-env] Host glibc 2.35 -> comfyui feature system-requirements
[01:29]   [comfy-env] Root conda deps injected into comfyui feature: ['av', 'ffmpeg']
[01:29]   [comfy-env] cuda-wheels combo: per-node cuda features will pin ['torch', 'torchaudio', 'torchvision'] via pypi-options.dependency-overrides (https://download.pytorch.org/whl/cu128)
[01:29]   [cuda-wheels] Looking up cumesh: cu128 torch2.11 cp310 manylinux linux
[01:29]   [cuda-wheels]   Found: cumesh-0.0.1+cu128torch2.11-cp310-cp310-manylinux_2_35_x86_64.whl
[01:29]   [comfy-env] geometrypack-gpu: cuda-wheels deferred for post-pixi install (cumesh)
[01:29]   [comfy-env] geometrypack-gpu: torch override -> torch==2.11.0, torchvision==0.26.*, torchaudio==2.11.* from https://download.pytorch.org/whl/cu128
[01:29]   [cuda-wheels] Looking up pytorch3d: cu128 torch2.11 cp312 manylinux linux
[01:29]   [cuda-wheels]   Found: pytorch3d-0.7.9+cu128torch2.11-cp312-cp312-manylinux_2_35_x86_64.whl
[01:29]   [cuda-wheels] Looking up gsplat: cu128 torch2.11 cp312 manylinux linux
[01:29]   [cuda-wheels]   Found: gsplat-1.5.3+cu128torch2.11-cp312-cp312-manylinux_2_34_x86_64.manylinux_2_35_x86_64.whl
[01:29]   [cuda-wheels] Looking up nvdiffrast: cu128 torch2.11 cp312 manylinux linux
[01:29]   [cuda-wheels]   Found: nvdiffrast-0.4.0+cu128torch2.11-cp312-cp312-manylinux_2_34_x86_64.manylinux_2_35_x86_64.whl
[01:29]   [cuda-wheels] Looking up flash-attn: cu128 torch2.11 cp312 manylinux linux
[01:29]   [cuda-wheels]   https://pozzettiandrea.github.io/cuda-wheels/v2/flash_attn/: HTTPError: HTTP Error 404: Not Found
[01:29]   [cuda-wheels]   Found: flash_attn-2.8.3+cu128torch2.11-cp312-cp312-manylinux_2_34_x86_64.manylinux_2_35_x86_64.whl
[01:29]   [cuda-wheels] Looking up sageattention: cu128 torch2.11 cp312 manylinux linux
[01:29]   [cuda-wheels]   Found: sageattention-2.2.0+cu128torch2.11-cp312-cp312-manylinux_2_34_x86_64.manylinux_2_35_x86_64.whl
[01:29]   [cuda-wheels] Looking up spconv: cu128 torch2.11 cp312 manylinux linux
[01:29]   [cuda-wheels]   Found: spconv-2.3.8+cu128torch2.11-cp312-cp312-manylinux_2_34_x86_64.manylinux_2_35_x86_64.whl
[01:29]   [cuda-wheels] Looking up cumm: cu128 torch2.11 cp312 manylinux linux
[01:29]   [cuda-wheels]   Found: cumm-0.8.2+cu128torch2.11-cp312-cp312-manylinux_2_34_x86_64.manylinux_2_35_x86_64.whl
[01:29]   [comfy-env] sam3dobjects-nodes: cuda-wheels deferred for post-pixi install (pytorch3d, gsplat, nvdiffrast, flash-attn, sageattention, spconv, cumm)
[01:29]   [comfy-env] sam3dobjects-nodes: torch override -> torch==2.11.0, torchvision==0.26.*, torchaudio==2.11.* from https://download.pytorch.org/whl/cu128
[01:29]   Generated /workspaces/SAM3DObjects-1241/ComfyUI/.ce/pixi.toml
[01:29]   [comfy-env] Running `pixi install --all`...
[01:32]      WARN The package `fsspec==2026.4.0` does not have an extra named `http`
[01:37]      WARN Skipped running the post-link scripts because `run-post-link-scripts` = `false`
[01:37]     	- bin/.librsvg-pre-unlink.sh
[01:37]     To enable them, run:
[01:37]     	pixi config set --local run-post-link-scripts insecure
[01:37]     More info:
[01:37]     	https://pixi.sh/latest/reference/pixi_configuration/#run-post-link-scripts
[01:38]      WARN Skipped running the post-link scripts because `run-post-link-scripts` = `false`
[01:38]     	- bin/.librsvg-pre-unlink.sh
[01:38]     To enable them, run:
[01:38]     	pixi config set --local run-post-link-scripts insecure
[01:38]     More info:
[01:38]     	https://pixi.sh/latest/reference/pixi_configuration/#run-post-link-scripts
[01:38]      WARN Skipped running the post-link scripts because `run-post-link-scripts` = `false`
[01:38]     	- bin/.librsvg-pre-unlink.sh
[01:38]     To enable them, run:
[01:38]     	pixi config set --local run-post-link-scripts insecure
[01:38]     More info:
[01:38]     	https://pixi.sh/latest/reference/pixi_configuration/#run-post-link-scripts
[01:49]      WARN Skipped running the post-link scripts because `run-post-link-scripts` = `false`
[01:49]     	- bin/.librsvg-pre-unlink.sh
[01:50]     To enable them, run:
[01:50]     	pixi config set --local run-post-link-scripts insecure
[01:50]     More info:
[01:50]     	https://pixi.sh/latest/reference/pixi_configuration/#run-post-link-scripts
[02:25]     Error:   × Failed to update PyPI packages for environment 'geometrypack-blender'
[02:25]       ├─▶ Failed to prepare distributions
[02:25]       ├─▶ Failed to download `torch==2.11.0+cu128`
[02:26]       ├─▶ Failed to extract archive: torch-2.11.0+cu128-cp311-cp311-
[02:26]       │   manylinux_2_28_x86_64.whl
[02:26]       ├─▶ I/O operation failed during extraction
[02:26]       ╰─▶ Failed to download distribution due to network timeout. Try increasing
[02:26]           UV_HTTP_TIMEOUT (current value: 30s).
[02:26]     Warning: ComfyUI-GeometryPack install.py failed (exit code 1)
[02:26]   
[02:26]   [requirements] Re-installing main package requirements...
[02:26]     Installing requirements for ComfyUI-SAM3DObjects...
[02:26]   [comfy-env] Workspace: /workspaces/SAM3DObjects-1241/ComfyUI/.ce
[02:26]   [comfy-env] ComfyUI: /workspaces/SAM3DObjects-1241/ComfyUI
[02:26]   [comfy-env] Found 4 node config(s):
[02:26]     - geometrypack-blender <- custom_nodes/ComfyUI-GeometryPack/nodes/blender/comfy-env.toml (python=3.11)
[02:26]     - geometrypack-gpu <- custom_nodes/ComfyUI-GeometryPack/nodes/gpu/comfy-env.toml (python=host)
[02:26]     - geometrypack-main <- custom_nodes/ComfyUI-GeometryPack/nodes/main/comfy-env.toml (python=host)
[02:26]     - sam3dobjects-nodes <- custom_nodes/ComfyUI-SAM3DObjects/nodes/comfy-env.toml (python=3.12)
[02:26]   [comfy-env] Bootstrap interpreter has python 3.10 + torch 2.11.0 (cu128). Looking for cuda-only wheels matching cu128/torch2.11/cp310.
[02:26]   [comfy-env] GPU: Detection: smi
[02:26]   Driver: 580.126.20
[02:26]   CUDA: 13.0
[02:26]   Recommended: CUDA 13.0
[02:26]   
[02:26]     GPU 0: NVIDIA GeForce RTX 5060 (sm_120) [Blackwell] 8151MB
[02:26]   [comfy-env] Comfyui feature -> torch 2.11.0 from https://download.pytorch.org/whl/cu128 (CUDA 12.8 via bootstrap torch)
[02:26]   [comfy-env] cuda-wheels: 8 package(s) need a matched (cuda, torch, python) combo: ['cumesh', 'pytorch3d', 'gsplat', 'nvdiffrast', 'flash-attn', 'sageattention', 'spconv', 'cumm']
[02:26]   [comfy-env] cuda-wheels: checking across Python versions: cp3.10, cp3.12
[02:26]   [comfy-env] cuda-wheels tier 1 (bootstrap): probing cu12.8/torch2.11/cp310
[02:26]   [cuda-wheels] Looking up cumesh: cu128 torch2.11 cp310 manylinux linux
[02:46]   [cuda-wheels]   Found: cumesh-0.0.1+cu128torch2.11-cp310-cp310-manylinux_2_35_x86_64.whl
[02:46]   [comfy-env] cuda-wheels tier 1 (bootstrap): probing cu12.8/torch2.11/cp312
[02:46]   [cuda-wheels] Looking up pytorch3d: cu128 torch2.11 cp312 manylinux linux
[02:46]   [cuda-wheels]   Found: pytorch3d-0.7.9+cu128torch2.11-cp312-cp312-manylinux_2_35_x86_64.whl
[02:46]   [cuda-wheels] Looking up gsplat: cu128 torch2.11 cp312 manylinux linux
[02:46]   [cuda-wheels]   Found: gsplat-1.5.3+cu128torch2.11-cp312-cp312-manylinux_2_34_x86_64.manylinux_2_35_x86_64.whl
[02:46]   [cuda-wheels] Looking up nvdiffrast: cu128 torch2.11 cp312 manylinux linux
[02:46]   [cuda-wheels]   Found: nvdiffrast-0.4.0+cu128torch2.11-cp312-cp312-manylinux_2_34_x86_64.manylinux_2_35_x86_64.whl
[02:46]   [cuda-wheels] Looking up flash-attn: cu128 torch2.11 cp312 manylinux linux
[02:46]   [cuda-wheels]   https://pozzettiandrea.github.io/cuda-wheels/v2/flash_attn/: HTTPError: HTTP Error 404: Not Found
[02:46]   [cuda-wheels]   Found: flash_attn-2.8.3+cu128torch2.11-cp312-cp312-manylinux_2_34_x86_64.manylinux_2_35_x86_64.whl
[02:46]   [cuda-wheels] Looking up sageattention: cu128 torch2.11 cp312 manylinux linux
[02:46]   [cuda-wheels]   Found: sageattention-2.2.0+cu128torch2.11-cp312-cp312-manylinux_2_34_x86_64.manylinux_2_35_x86_64.whl
[02:46]   [cuda-wheels] Looking up spconv: cu128 torch2.11 cp312 manylinux linux
[02:46]   [cuda-wheels]   Found: spconv-2.3.8+cu128torch2.11-cp312-cp312-manylinux_2_34_x86_64.manylinux_2_35_x86_64.whl
[02:46]   [cuda-wheels] Looking up cumm: cu128 torch2.11 cp312 manylinux linux
[02:46]   [cuda-wheels]   Found: cumm-0.8.2+cu128torch2.11-cp312-cp312-manylinux_2_34_x86_64.manylinux_2_35_x86_64.whl
[02:46]   [comfy-env] cuda-wheels combo: cu12.8/torch2.11 (bootstrap matches; per-node envs will pin to this)
[02:46]   [comfy-env] Root conda deps from ComfyUI-GeometryPack: ['av', 'ffmpeg']
[02:46]   [comfy-env] Comfyui feature pin: torch ==2.11.0, torchvision ==0.26.*, torchaudio ==2.11.*
[02:46]   [comfy-env] Host glibc 2.35 -> comfyui feature system-requirements
[02:46]   [comfy-env] Root conda deps injected into comfyui feature: ['av', 'ffmpeg']
[02:46]   [comfy-env] cuda-wheels combo: per-node cuda features will pin ['torch', 'torchaudio', 'torchvision'] via pypi-options.dependency-overrides (https://download.pytorch.org/whl/cu128)
[02:46]   [cuda-wheels] Looking up cumesh: cu128 torch2.11 cp310 manylinux linux
[02:46]   [cuda-wheels]   Found: cumesh-0.0.1+cu128torch2.11-cp310-cp310-manylinux_2_35_x86_64.whl
[02:46]   [comfy-env] geometrypack-gpu: cuda-wheels deferred for post-pixi install (cumesh)
[02:46]   [comfy-env] geometrypack-gpu: torch override -> torch==2.11.0, torchvision==0.26.*, torchaudio==2.11.* from https://download.pytorch.org/whl/cu128
[02:46]   [cuda-wheels] Looking up pytorch3d: cu128 torch2.11 cp312 manylinux linux
[02:46]   [cuda-wheels]   Found: pytorch3d-0.7.9+cu128torch2.11-cp312-cp312-manylinux_2_35_x86_64.whl
[02:46]   [cuda-wheels] Looking up gsplat: cu128 torch2.11 cp312 manylinux linux
[02:46]   [cuda-wheels]   Found: gsplat-1.5.3+cu128torch2.11-cp312-cp312-manylinux_2_34_x86_64.manylinux_2_35_x86_64.whl
[02:46]   [cuda-wheels] Looking up nvdiffrast: cu128 torch2.11 cp312 manylinux linux
[02:46]   [cuda-wheels]   Found: nvdiffrast-0.4.0+cu128torch2.11-cp312-cp312-manylinux_2_34_x86_64.manylinux_2_35_x86_64.whl
[02:46]   [cuda-wheels] Looking up flash-attn: cu128 torch2.11 cp312 manylinux linux
[02:46]   [cuda-wheels]   https://pozzettiandrea.github.io/cuda-wheels/v2/flash_attn/: HTTPError: HTTP Error 404: Not Found
[02:46]   [cuda-wheels]   Found: flash_attn-2.8.3+cu128torch2.11-cp312-cp312-manylinux_2_34_x86_64.manylinux_2_35_x86_64.whl
[02:46]   [cuda-wheels] Looking up sageattention: cu128 torch2.11 cp312 manylinux linux
[02:46]   [cuda-wheels]   Found: sageattention-2.2.0+cu128torch2.11-cp312-cp312-manylinux_2_34_x86_64.manylinux_2_35_x86_64.whl
[02:46]   [cuda-wheels] Looking up spconv: cu128 torch2.11 cp312 manylinux linux
[02:46]   [cuda-wheels]   Found: spconv-2.3.8+cu128torch2.11-cp312-cp312-manylinux_2_34_x86_64.manylinux_2_35_x86_64.whl
[02:47]   [cuda-wheels] Looking up cumm: cu128 torch2.11 cp312 manylinux linux
[02:47]   [cuda-wheels]   Found: cumm-0.8.2+cu128torch2.11-cp312-cp312-manylinux_2_34_x86_64.manylinux_2_35_x86_64.whl
[02:47]   [comfy-env] sam3dobjects-nodes: cuda-wheels deferred for post-pixi install (pytorch3d, gsplat, nvdiffrast, flash-attn, sageattention, spconv, cumm)
[02:47]   [comfy-env] sam3dobjects-nodes: torch override -> torch==2.11.0, torchvision==0.26.*, torchaudio==2.11.* from https://download.pytorch.org/whl/cu128
[02:47]   Generated /workspaces/SAM3DObjects-1241/ComfyUI/.ce/pixi.toml
[02:47]   [comfy-env] Running `pixi install --all`...
[04:32]     The following environments have been installed: default, comfyui, geometrypack-blender, geometrypack-gpu, geometrypack-main, sam3dobjects-nodes.
[04:32]   [comfy-env] Note: env `default` is on disk but no node declares it in this run. Leaving as-is. Remove via `pixi clean --environment default` if intended.
[04:32]   [comfy-env] geometrypack-gpu: installing cuda-wheels with --no-deps (cumesh)
[04:32]     Using Python 3.10.20 environment at: .pixi/envs/geometrypack-gpu
[04:40]     Resolved 1 package in 8.30s
[04:40]     Downloading cumesh (19.5MiB)
[04:41]      Downloaded cumesh
[04:41]     Prepared 1 package in 374ms
[04:41]     Installed 1 package in 2ms
[04:41]      + cumesh==0.0.1+cu128torch2.11 (from https://github.com/PozzettiAndrea/cuda-wheels/releases/download/cumesh-latest/cumesh-0.0.1%2Bcu128torch2.11-cp310-cp310-manylinux_2_35_x86_64.whl)
[04:41]   [comfy-env] sam3dobjects-nodes: installing cuda-wheels with --no-deps (pytorch3d, gsplat, nvdiffrast, flash-attn, sageattention, spconv, cumm)
[04:41]     Using Python 3.12.13 environment at: .pixi/envs/sam3dobjects-nodes
[04:45]     Resolved 7 packages in 4.10s
[04:45]     Downloading nvdiffrast (18.8MiB)
[04:45]     Downloading cumm (49.4MiB)
[04:45]     Downloading spconv (47.4MiB)
[04:46]     Downloading flash-attn (242.3MiB)
[04:46]     Downloading pytorch3d (69.0MiB)
[04:46]     Downloading gsplat (21.5MiB)
[04:46]     Downloading sageattention (53.2MiB)
[04:47]      Downloaded nvdiffrast
[04:48]      Downloaded gsplat
[04:50]      Downloaded spconv
[04:50]      Downloaded sageattention
[04:50]      Downloaded cumm
[04:51]      Downloaded pytorch3d
[04:56]      Downloaded flash-attn
[04:56]     Prepared 7 packages in 11.11s
[04:56]     Installed 7 packages in 64ms
[04:56]      + cumm==0.8.2+cu128torch2.11 (from https://github.com/PozzettiAndrea/cuda-wheels/releases/download/cumm-latest/cumm-0.8.2%2Bcu128torch2.11-cp312-cp312-manylinux_2_34_x86_64.manylinux_2_35_x86_64.whl)
[04:56]      + flash-attn==2.8.3+cu128torch2.11 (from https://github.com/PozzettiAndrea/cuda-wheels/releases/download/flash_attn-latest/flash_attn-2.8.3%2Bcu128torch2.11-cp312-cp312-manylinux_2_34_x86_64.manylinux_2_35_x86_64.whl)
[04:56]      + gsplat==1.5.3+cu128torch2.11 (from https://github.com/PozzettiAndrea/cuda-wheels/releases/download/gsplat-latest/gsplat-1.5.3%2Bcu128torch2.11-cp312-cp312-manylinux_2_34_x86_64.manylinux_2_35_x86_64.whl)
[04:56]      + nvdiffrast==0.4.0+cu128torch2.11 (from https://github.com/PozzettiAndrea/cuda-wheels/releases/download/nvdiffrast-latest/nvdiffrast-0.4.0%2Bcu128torch2.11-cp312-cp312-manylinux_2_34_x86_64.manylinux_2_35_x86_64.whl)
[04:56]      + pytorch3d==0.7.9+cu128torch2.11 (from https://github.com/PozzettiAndrea/cuda-wheels/releases/download/pytorch3d-latest/pytorch3d-0.7.9%2Bcu128torch2.11-cp312-cp312-manylinux_2_35_x86_64.whl)
[04:56]      + sageattention==2.2.0+cu128torch2.11 (from https://github.com/PozzettiAndrea/cuda-wheels/releases/download/sageattention-latest/sageattention-2.2.0%2Bcu128torch2.11-cp312-cp312-manylinux_2_34_x86_64.manylinux_2_35_x86_64.whl)
[04:56]      + spconv==2.3.8+cu128torch2.11 (from https://github.com/PozzettiAndrea/cuda-wheels/releases/download/spconv-latest/spconv-2.3.8%2Bcu128torch2.11-cp312-cp312-manylinux_2_34_x86_64.manylinux_2_35_x86_64.whl)
[04:56]   [comfy-env] Install log: /workspaces/SAM3DObjects-1241/ComfyUI/.ce/install.log
[04:56]   
[04:56]   Installation complete!
[04:56] Installing 2 node dependency(ies)...
[04:56]   ComfyUI-Multiband from PozzettiAndrea/ComfyUI-Multiband
[04:56]   ComfyUI-Multiband already exists, skipping...
[04:56]   ComfyUI-GeometryPack from PozzettiAndrea/ComfyUI-GeometryPack
[04:56]   ComfyUI-GeometryPack already exists, skipping...
[04:56] Installing validation endpoint...
[04:56]   Cloning PozzettiAndrea/ComfyUI-validate-endpoint...
[04:56] Running: git clone --depth 1 https://github.com/PozzettiAndrea/ComfyUI-validate-endpoint.git /workspaces/SAM3DObjects-1241/ComfyUI/custom_nodes/ComfyUI-validate-endpoint
[04:57] COMFY_TEST_GPU env var = '1'
[04:57] GPU mode: using real CUDA (no mocking)
[04:57] [INSTALL] PASSED
[04:57] 
[04:57] [2/4] REGISTRATION
[04:57] ----------------------------------------
[04:57] [DEBUG] server=None, server_url=None, api=None
[04:57] 
Starting ComfyUI server...
[04:57] Starting ComfyUI server on port 41883...
[04:57] Starting ComfyUI server on port 41883...
[04:57] Waiting for server to be ready (timeout: 600s)...
[04:58]   [ComfyUI] setup plugin alembic.autogenerate.schemas
[04:58]   [ComfyUI] setup plugin alembic.autogenerate.tables
[04:58]   [ComfyUI] setup plugin alembic.autogenerate.types
[04:58]   [ComfyUI] setup plugin alembic.autogenerate.constraints
[04:58]   [ComfyUI] setup plugin alembic.autogenerate.defaults
[04:58]   [ComfyUI] setup plugin alembic.autogenerate.comments
[04:58]   [ComfyUI] [comfy-env] ComfyUI-SAM3DObjects: 1 isolation env(s):
[04:58]   [ComfyUI] [comfy-env]   nodes -> /workspaces/SAM3DObjects-1241/ComfyUI/custom_nodes/ComfyUI-SAM3DObjects/nodes
[04:58]   [ComfyUI] [comfy-env] prestartup complete
[04:58]   [ComfyUI] [comfy-env] ComfyUI-GeometryPack: 3 isolation env(s):
[04:58]   [ComfyUI] [comfy-env]   blender -> /workspaces/SAM3DObjects-1241/ComfyUI/custom_nodes/ComfyUI-GeometryPack/nodes/blender
[04:58]   [ComfyUI] [comfy-env]   gpu -> /workspaces/SAM3DObjects-1241/ComfyUI/custom_nodes/ComfyUI-GeometryPack/nodes/gpu
[04:58]   [ComfyUI] [comfy-env]   main -> /workspaces/SAM3DObjects-1241/ComfyUI/custom_nodes/ComfyUI-GeometryPack/nodes/main
[04:58]   [ComfyUI] [comfy-env] prestartup complete
[04:58]   [ComfyUI] 
[04:58]   [ComfyUI] Prestartup times for custom nodes:
[04:58]   [ComfyUI]    0.1 seconds: /workspaces/SAM3DObjects-1241/ComfyUI/custom_nodes/ComfyUI-GeometryPack
[04:58]   [ComfyUI]    0.2 seconds: /workspaces/SAM3DObjects-1241/ComfyUI/custom_nodes/ComfyUI-SAM3DObjects
[04:58]   [ComfyUI] 
[05:04]   [ComfyUI] WARNING: You need pytorch with cu130 or higher to use optimized CUDA operations.
[05:04]   [ComfyUI] Found comfy_kitchen backend triton: {'available': True, 'disabled': True, 'unavailable_reason': None, 'capabilities': ['apply_rope', 'apply_rope1', 'dequantize_nvfp4', 'dequantize_per_tensor_fp8', 'quantize_mxfp8', 'quantize_nvfp4', 'quantize_per_tensor_fp8']}
[05:04]   [ComfyUI] Found comfy_kitchen backend cuda: {'available': True, 'disabled': True, 'unavailable_reason': None, 'capabilities': ['apply_rope', 'apply_rope1', 'dequantize_nvfp4', 'dequantize_per_tensor_fp8', 'quantize_mxfp8', 'quantize_nvfp4', 'quantize_per_tensor_fp8']}
[05:04]   [ComfyUI] Found comfy_kitchen backend eager: {'available': True, 'disabled': False, 'unavailable_reason': None, 'capabilities': ['apply_rope', 'apply_rope1', 'dequantize_mxfp8', 'dequantize_nvfp4', 'dequantize_per_tensor_fp8', 'quantize_mxfp8', 'quantize_nvfp4', 'quantize_per_tensor_fp8', 'scaled_mm_mxfp8', 'scaled_mm_nvfp4']}
[05:04]   [ComfyUI] Checkpoint files will always be loaded safely.
[05:04]   [ComfyUI] Total VRAM 7704 MB, total RAM 32011 MB
[05:04]   [ComfyUI] pytorch version: 2.11.0+cu128
[05:04]   [ComfyUI] Set vram state to: NORMAL_VRAM
[05:04]   [ComfyUI] Device: cuda:0 NVIDIA GeForce RTX 5060 : cudaMallocAsync
[05:04]   [ComfyUI] Using async weight offloading with 2 streams
[05:04]   [ComfyUI] Enabled pinned memory 28810.0
[05:04]   [ComfyUI] Using pytorch attention
[05:08]   [ComfyUI] aimdo: /project/src-posix/cuda-funchooks.c:52:DEBUG:aimdo_setup_hooks: hooks successfully installed
[05:08]   [ComfyUI] aimdo: /project/src/control.c:151:INFO:comfy-aimdo inited for GPU: NVIDIA GeForce RTX 5060 (VRAM: 7703 MB)
[05:08]   [ComfyUI] DynamicVRAM support detected and enabled
[05:08]   [ComfyUI] Python version: 3.10.20 (main, Apr 14 2026, 14:28:08) [Clang 22.1.3 ]
[05:08]   [ComfyUI] ComfyUI version: 0.20.1
[05:08]   [ComfyUI] comfy-aimdo version: 0.3.0
[05:08]   [ComfyUI] comfy-kitchen version: 0.2.8
[05:08]   [ComfyUI] ****** User settings have been changed to be stored on the server instead of browser storage. ******
[05:08]   [ComfyUI] ****** For multi-user setups add the --multi-user CLI argument to enable multiple user profiles. ******
[05:08]   [ComfyUI] ComfyUI frontend version: 1.43.17
[05:08]   [ComfyUI] [Prompt Server] web root: /workspaces/SAM3DObjects-1241/.venv/lib/python3.10/site-packages/comfyui_frontend_package/static
[05:08]   [ComfyUI] Asset seeder disabled
[05:10]   [ComfyUI] loading...
[05:10]   [ComfyUI] calling register_nodes
[05:10]   [ComfyUI] [comfy-env] Version: 0.3.65
[05:10]   [ComfyUI] [comfy-env] register_nodes: ComfyUI-SAM3DObjects
[05:10]   [ComfyUI] [comfy-env] Found 1 isolation env(s)
[05:10]   [ComfyUI] [comfy-env] Scanning nodes metadata (isolation root)...
[05:10]   [ComfyUI] [comfy-env] Metadata scan: /root/.pixi/bin/pixi run --as-is --manifest-path /workspaces/SAM3DObjects-1241/ComfyUI/.ce/pixi.toml -e sam3dobjects-nodes python /tmp/comfy_meta_f4d2i3tb.py /workspaces/SAM3DObjects-1241/ComfyUI/custom_nodes/ComfyUI-SAM3DObjects nodes
[05:10]   [ComfyUI] [comfy-env] Scan env PATH for nodes:
[05:10]   [ComfyUI] [comfy-env]   [0] /root/.local/bin
[05:10]   [ComfyUI] [comfy-env]   [1] /usr/local/nvidia/bin
[05:10]   [ComfyUI] [comfy-env]   [2] /usr/local/cuda/bin
[05:10]   [ComfyUI] [comfy-env]   [3] /usr/local/sbin
[05:10]   [ComfyUI] [comfy-env]   [4] /usr/local/bin
[05:10]   [ComfyUI] [comfy-env]   [5] /usr/sbin
[05:10]   [ComfyUI] [comfy-env]   [6] /usr/bin
[05:10]   [ComfyUI] [comfy-env]   [7] /sbin
[05:10]   [ComfyUI] [comfy-env]   [8] /bin
[05:16]   [ComfyUI] [comfy-env] Metadata scan stderr for nodes:
[05:16]   [ComfyUI] [comfy-env]   [meta-scan] importing nodes from /workspaces/SAM3DObjects-1241/ComfyUI/custom_nodes/ComfyUI-SAM3DObjects
[05:16]   [ComfyUI] [comfy-env]   WARNING:root:WARNING: You need pytorch with cu130 or higher to use optimized CUDA operations.
[05:16]   [ComfyUI] [comfy-env]   [meta-scan] import OK
[05:16]   [ComfyUI] [comfy-env] Scanned nodes: 13 nodes (6.0s)
[05:16]   [ComfyUI] [comfy-env] Imported nodes root: 13 nodes (isolation)
[05:16]   [ComfyUI] [comfy-env] Registered 13 total nodes
[05:16]   [ComfyUI] ComfyUI-Multiband loaded: 15 nodes registered
[05:16]   [ComfyUI] loading...
[05:16]   [ComfyUI] calling register_nodes
[05:16]   [ComfyUI] [comfy-env] Version: 0.3.65
[05:16]   [ComfyUI] [comfy-env] register_nodes: ComfyUI-GeometryPack
[05:17]   [ComfyUI] [comfy-env] Found 3 isolation env(s)
[05:17]   [ComfyUI] [comfy-env] Importing nodes (root)...
[05:17]   [ComfyUI] [comfy-env] Imported nodes root: 0 nodes
[05:17]   [ComfyUI] [comfy-env] Scanning main metadata...
[05:17]   [ComfyUI] [comfy-env] Scanning blender metadata...
[05:17]   [ComfyUI] [comfy-env] Scanning gpu metadata...
[05:17]   [ComfyUI] [comfy-env] Metadata scan: /root/.pixi/bin/pixi run --as-is --manifest-path /workspaces/SAM3DObjects-1241/ComfyUI/.ce/pixi.toml -e geometrypack-gpu python /tmp/comfy_meta_23szhs51.py /workspaces/SAM3DObjects-1241/ComfyUI/custom_nodes/ComfyUI-GeometryPack nodes.gpu
[05:17]   [ComfyUI] [comfy-env] Scan env PATH for nodes.gpu:
[05:17]   [ComfyUI] [comfy-env]   [0] /root/.local/bin
[05:17]   [ComfyUI] [comfy-env]   [1] /usr/local/nvidia/bin
[05:17]   [ComfyUI] [comfy-env]   [2] /usr/local/cuda/bin
[05:17]   [ComfyUI] [comfy-env]   [3] /usr/local/sbin
[05:17]   [ComfyUI] [comfy-env]   [4] /usr/local/bin
[05:17]   [ComfyUI] [comfy-env]   [5] /usr/sbin
[05:17]   [ComfyUI] [comfy-env]   [6] /usr/bin
[05:17]   [ComfyUI] [comfy-env]   [7] /sbin
[05:17]   [ComfyUI] [comfy-env]   [8] /bin
[05:17]   [ComfyUI] [comfy-env] Metadata scan: /root/.pixi/bin/pixi run --as-is --manifest-path /workspaces/SAM3DObjects-1241/ComfyUI/.ce/pixi.toml -e geometrypack-blender python /tmp/comfy_meta_cdzfnylc.py /workspaces/SAM3DObjects-1241/ComfyUI/custom_nodes/ComfyUI-GeometryPack nodes.blender
[05:17]   [ComfyUI] [comfy-env] Scan env PATH for nodes.blender:
[05:17]   [ComfyUI] [comfy-env]   [0] /root/.local/bin
[05:17]   [ComfyUI] [comfy-env]   [1] /usr/local/nvidia/bin
[05:17]   [ComfyUI] [comfy-env]   [2] /usr/local/cuda/bin
[05:17]   [ComfyUI] [comfy-env]   [3] /usr/local/sbin
[05:17]   [ComfyUI] [comfy-env]   [4] /usr/local/bin
[05:17]   [ComfyUI] [comfy-env]   [5] /usr/sbin
[05:17]   [ComfyUI] [comfy-env]   [6] /usr/bin
[05:17]   [ComfyUI] [comfy-env]   [7] /sbin
[05:17]   [ComfyUI] [comfy-env]   [8] /bin
[05:17]   [ComfyUI] [comfy-env] Metadata scan: /root/.pixi/bin/pixi run --as-is --manifest-path /workspaces/SAM3DObjects-1241/ComfyUI/.ce/pixi.toml -e geometrypack-main python /tmp/comfy_meta_mcdwgl64.py /workspaces/SAM3DObjects-1241/ComfyUI/custom_nodes/ComfyUI-GeometryPack nodes.main
[05:17]   [ComfyUI] [comfy-env] Scan env PATH for nodes.main:
[05:17]   [ComfyUI] [comfy-env]   [0] /root/.local/bin
[05:17]   [ComfyUI] [comfy-env]   [1] /usr/local/nvidia/bin
[05:17]   [ComfyUI] [comfy-env]   [2] /usr/local/cuda/bin
[05:17]   [ComfyUI] [comfy-env]   [3] /usr/local/sbin
[05:17]   [ComfyUI] [comfy-env]   [4] /usr/local/bin
[05:17]   [ComfyUI] [comfy-env]   [5] /usr/sbin
[05:17]   [ComfyUI] [comfy-env]   [6] /usr/bin
[05:17]   [ComfyUI] [comfy-env]   [7] /sbin
[05:17]   [ComfyUI] [comfy-env]   [8] /bin
[05:21]   [ComfyUI] [comfy-env] Metadata scan stderr for nodes.gpu:
[05:21]   [ComfyUI] [comfy-env]   [meta-scan] importing nodes.gpu from /workspaces/SAM3DObjects-1241/ComfyUI/custom_nodes/ComfyUI-GeometryPack
[05:21]   [ComfyUI] [comfy-env]   [meta-scan] import OK
[05:21]   [ComfyUI] [comfy-env] Scanned nodes.gpu: 3 nodes (4.3s)
[05:21]   [ComfyUI] [comfy-env] Registered 3 isolation nodes from gpu
[05:22]   [ComfyUI] [comfy-env] Metadata scan stderr for nodes.blender:
[05:22]   [ComfyUI] [comfy-env]   [meta-scan] importing nodes.blender from /workspaces/SAM3DObjects-1241/ComfyUI/custom_nodes/ComfyUI-GeometryPack
[05:22]   [ComfyUI] [comfy-env]   [meta-scan] import OK
[05:22]   [ComfyUI] [comfy-env] Scanned nodes.blender: 12 nodes (5.5s)
[05:22]   [ComfyUI] [comfy-env] Registered 12 isolation nodes from blender
[05:23]   [ComfyUI] [comfy-env] Metadata scan stderr for nodes.main:
[05:23]   [ComfyUI] [comfy-env]   [meta-scan] importing nodes.main from /workspaces/SAM3DObjects-1241/ComfyUI/custom_nodes/ComfyUI-GeometryPack
[05:23]   [ComfyUI] [comfy-env]   WARNING:root:WARNING: You need pytorch with cu130 or higher to use optimized CUDA operations.
[05:23]   [ComfyUI] [comfy-env]   [meta-scan] import OK
[05:23]   [ComfyUI] [comfy-env] Scanned nodes.main: 110 nodes (6.8s)
[05:23]   [ComfyUI] [comfy-env] Registered 110 isolation nodes from main
[05:23]   [ComfyUI] [comfy-env] Registered 125 total nodes
[05:23]   [ComfyUI] 
[05:23]   [ComfyUI] Import times for custom nodes:
[05:23]   [ComfyUI]    0.0 seconds: /workspaces/SAM3DObjects-1241/ComfyUI/custom_nodes/ComfyUI-validate-endpoint
[05:23]   [ComfyUI]    0.0 seconds: /workspaces/SAM3DObjects-1241/ComfyUI/custom_nodes/websocket_image_save.py
[05:23]   [ComfyUI]    0.2 seconds: /workspaces/SAM3DObjects-1241/ComfyUI/custom_nodes/ComfyUI-Multiband
[05:23]   [ComfyUI]    6.2 seconds: /workspaces/SAM3DObjects-1241/ComfyUI/custom_nodes/ComfyUI-SAM3DObjects
[05:23]   [ComfyUI]    6.9 seconds: /workspaces/SAM3DObjects-1241/ComfyUI/custom_nodes/ComfyUI-GeometryPack
[05:23]   [ComfyUI] 
[05:23]   [ComfyUI] Context impl SQLiteImpl.
[05:23]   [ComfyUI] Will assume non-transactional DDL.
[05:23]   [ComfyUI] Context impl SQLiteImpl.
[05:23]   [ComfyUI] Will assume non-transactional DDL.
[05:23]   [ComfyUI] Running upgrade  -> 0001_assets, Initial assets schema
[05:23]   [ComfyUI] Revision ID: 0001_assets
[05:23]   [ComfyUI] Revises: None
[05:23]   [ComfyUI] Create Date: 2025-12-10 00:00:00
[05:23]   [ComfyUI] Running upgrade 0001_assets -> 0002_merge_to_asset_references, Merge AssetInfo and AssetCacheState into unified asset_references table.
[05:23]   [ComfyUI] Running upgrade 0002_merge_to_asset_references -> 0003_add_metadata_job_id, Add system_metadata and job_id columns to asset_references.
[05:23]   [ComfyUI] Change preview_id FK from assets.id to asset_references.id.
[05:23]   [ComfyUI] Database upgraded from None to 0003_add_metadata_job_id
[05:24]   [ComfyUI] Starting server
[05:24]   [ComfyUI] 
[05:24]   [ComfyUI] To see the GUI go to: http://127.0.0.1:41883
[05:24] Server responding, waiting for nodes to load...
[05:44] Server is ready!
[05:44] Checking for import errors in server logs...
[05:44] No import errors detected
[05:44] Found 850 registered nodes
[05:44] [REGISTRATION] PASSED
[05:44] 
[05:44] [3/4] INSTANTIATION
[05:44] ----------------------------------------
[05:44] [DEBUG] server=<comfy_test.comfyui.server.ComfyUIServer object at 0x7711a30089a0>, server_url=None, api=<comfy_test.comfyui.api.ComfyUIAPI object at 0x7711a300b670>
[05:44] Testing node constructors...
[05:44] All 13 node(s) instantiated successfully!
[05:44] [INSTANTIATION] PASSED
[05:44] 
[05:44] [4/4] EXECUTION
[05:44] ----------------------------------------
[05:44] [DEBUG] server=<comfy_test.comfyui.server.ComfyUIServer object at 0x7711a30089a0>, server_url=None, api=<comfy_test.comfyui.api.ComfyUIAPI object at 0x7711a300b670>
[05:44] GPU runner - will execute 5 workflow(s)
[05:44] Running 5 workflow(s) (all with videos)...
[05:44] Installing screenshot dependencies (playwright, pillow)...
[05:45]   Packages installed, downloading chromium browser...
[06:02]   Screenshot dependencies installed successfully
[06:02] Starting headless browser...
[06:03]   Installing Vulkan stack (apt)...
[06:03]   Vulkan install error: [Errno 2] No such file or directory: 'sudo'
[06:03]   GPU detected (no Vulkan) — using ANGLE/OpenGL rendering
[06:03] Capturing execution frames: debug_large_image_results.json
[06:10]   Frame 1 saved (frame_000.jpg, t=0.0s)
[06:10]   Validating workflow...
[06:10]   [ComfyUI] === /validate endpoint called ===
[06:10]   [ComfyUI] Received JSON with keys: ['prompt']
[06:10]   [ComfyUI] Prompt has 10 nodes
[06:10]   [ComfyUI]   Node 59: SAM3D_DepthEstimate
[06:10]   [ComfyUI]     Inputs: {"depth_model": ["74", 0], "image": ["77", 0]}
[06:10]   [ComfyUI]   Node 74: LoadSAM3DModel
[06:10]   [ComfyUI]     Inputs: {"attn_backend": "flash_attn", "compile": false, "precision": "auto"}
[06:10]   Queuing workflow for execution...
[06:10]   [ComfyUI]   Node 75: MultibandLoad
[06:10]   [ComfyUI]     Inputs: {"image": "scene_multiband.npz", "normalize": true}
[06:10]   [ComfyUI]   Node 77: MultibandToImage
[06:10]   [ComfyUI]     Inputs: {"channels": "0,1,2", "multiband": ["75", 0]}
[06:10]   [ComfyUI]   Node 78: MultibandToMasks
[06:10]   [ComfyUI]     Inputs: {"channels": "3", "auto_detect_masks": false, "multiband": ["75", 0]}
[06:10]   [ComfyUI]   Node 88: PreviewImage
[06:10]   [ComfyUI]     Inputs: {"images": ["77", 0]}
[06:10]   [ComfyUI]   Node 92: SAM3DGenerateSLAT
[06:10]   [ComfyUI]     Inputs: {"seed": 42, "stage1_steps": 12, "stage1_cfg": 7.5, "stage1_cfg_pm": 0, "stage2_steps": 12, "stage2_cfg": 5, "use_distillation": false, "generator": ["74", 1], "image": ["77", 0], "mask": ["78", 0], "
[06:10]   [ComfyUI]   Node 93: SAM3DMeshDecode
[06:10]   [ComfyUI]     Inputs: {"with_postprocess": false, "simplify": 0.95, "up_axis": "Y-up (standard)", "world_coordinates": false, "use_sparse_flexicubes": true, "slat_decoder_mesh": ["74", 3], "slat": ["92", 0]}
[06:10]   [ComfyUI]   Node 94: Preview3D
[06:10]   [ComfyUI]     Inputs: {"model_file": ["93", 0], "image": ""}
[06:10]   [ComfyUI]   Node 95: MaskPreview
[06:10]   [ComfyUI]     Inputs: {"mask": ["78", 0]}
[06:10]   [ComfyUI] Generated prompt_id: b4c18558-464a-48ee-bb42-a532b5d45ffd
[06:10]   [ComfyUI] Calling execution.validate_prompt()...
[06:10]   [ComfyUI] Validation result: valid=True
[06:10]   [ComfyUI] === Validation PASSED ===
[06:10]   [ComfyUI] got prompt
[06:11]   [ComfyUI] LoadMultibandImage: Loaded /workspaces/SAM3DObjects-1241/ComfyUI/input/scene_multiband.npz
[06:11]   [ComfyUI]   Shape: (1, 10, 2240, 3360)
[06:11]   [ComfyUI]   Channels: 10
[06:11]   [ComfyUI]   Names: img_01_r,img_01_g,img_01_b,mask_01,mask_02,mask_03,mask_04,mask_05,mask_06,mask_07
[06:12]   Frame 2 saved (frame_001.jpg, t=2.4s)
[06:12]   [capture-periodic] freeze=2ms shot=181ms unfreeze=8ms saved=True
[06:12]   Node executed (1 total), capturing...
[06:13]   [ComfyUI] [comfy-env] Running LoadSAM3DModel: attn_backend: 'flash_attn', compile: False, precision: 'auto'
[06:13]   [ComfyUI] [comfy-env] SubprocessWorker: /workspaces/SAM3DObjects-1241/ComfyUI/.ce/.pixi/envs/sam3dobjects-nodes/bin/python
[06:13]   [ComfyUI] [VRAM] Before LoadSAM3DModel: 153 / 7703 MB
[06:13]   [ComfyUI] [comfy-env] env_vars: {'COMFYUI_BASE': '/workspaces/SAM3DObjects-1241/ComfyUI'}
[06:13]   [ComfyUI] [SubprocessWorker] call_method: nodes.load_model.LoadSAM3DModel.EXECUTE_NORMALIZED
[06:13]   [ComfyUI] [ComfyUI-SAM3DObjects] python: /workspaces/SAM3DObjects-1241/ComfyUI/.ce/.pixi/envs/sam3dobjects-nodes/bin/python
[06:13]   [ComfyUI] [SubprocessWorker] acquired lock, ensuring started...
[06:13]   [ComfyUI] [ComfyUI-SAM3DObjects] sys_path sent to worker: ['/workspaces/SAM3DObjects-1241/ComfyUI', '/workspaces/SAM3DObjects-1241/ComfyUI/custom_nodes/ComfyUI-SAM3DObjects', '/workspaces/SAM3DObjects-1241/ComfyUI/.ce/.pixi/envs/sam3dobjects-nodes/lib/python3.12/site-packages', '/workspaces/SAM3DObjects-1241/ComfyUI/custom_nodes/ComfyUI-SAM3DObjects']
[06:13]   [ComfyUI] [SubprocessWorker] is_pixi=True, python=/workspaces/SAM3DObjects-1241/ComfyUI/.ce/.pixi/envs/sam3dobjects-nodes/bin/python
[06:13]   [ComfyUI] [SubprocessWorker] launching cmd=['/root/.pixi/bin/pixi', 'run', '--as-is', '--manifest-path', '/workspaces/SAM3DObjects-1241/ComfyUI/.ce/pixi.toml', '-e', 'sam3dobjects-nodes', 'python', '/tmp/comfyui_pvenv_8g80169v/persistent_worker.py', 'abstract://comfy_worker_c08ee29847bc']...
[06:13]   [ComfyUI] [SubprocessWorker] socket_addr=abstract://comfy_worker_c08ee29847bc (abstract, no filesystem path)
[06:13]   Frame 3 saved (frame_002.jpg, t=3.0s)
[06:13]   [capture-node] freeze=165ms shot=256ms unfreeze=1ms saved=True
[06:13]   Node executed (2 total), capturing...
[06:13]   Frame 4 saved (frame_003.jpg, t=3.7s)
[06:13]   [capture-node] freeze=2ms shot=166ms unfreeze=2ms saved=True
[06:15]   [ComfyUI] [worker:ComfyUI-SAM3DObjects] WARNING: WARNING: You need pytorch with cu130 or higher to use optimized CUDA operations.
[06:15]   [ComfyUI] [SubprocessWorker] worker started/confirmed
[06:15]   [ComfyUI] [SubprocessWorker] serializing kwargs to shm...
[06:15]   [ComfyUI] [SubprocessWorker] created 0 shm blocks
[06:15]   [ComfyUI] [SubprocessWorker] sending request via socket...
[06:15]   [ComfyUI] [SubprocessWorker] call_id=1 sending call_method
[06:15]   [ComfyUI] /workspaces/SAM3DObjects-1241/ComfyUI/.ce/.pixi/envs/sam3dobjects-nodes/lib/python3.12/site-packages/huggingface_hub/utils/_validators.py:205: UserWarning: The `local_dir_use_symlinks` argument is deprecated and ignored in `hf_hub_download`. Downloading to a local directory does not use symlinks anymore.
[06:15]   [ComfyUI]   warnings.warn(
[06:16]   Frame 5 saved (frame_004.jpg, t=6.0s)
[06:16]   [capture-periodic] freeze=1ms shot=186ms unfreeze=8ms saved=True
[06:16]   [ComfyUI] Warning: You are sending unauthenticated requests to the HF Hub. Please set a HF_TOKEN to enable higher rate limits and faster downloads.
[06:16]   [ComfyUI] [worker:ComfyUI-SAM3DObjects] WARNING: Warning: You are sending unauthenticated requests to the HF Hub. Please set a HF_TOKEN to enable higher rate limits and faster downloads.
[06:16]   [capture-loop] iter=50 t=7.0s state={'complete': False, 'error': None, 'executedCount': 2, 'wsState': 1} eval_ms=2
[06:18]   Frame 6 saved (frame_005.jpg, t=8.3s)
[06:18]   [capture-periodic] freeze=2ms shot=178ms unfreeze=8ms saved=True
[06:22]   [capture-loop] iter=100 t=12.6s state={'complete': False, 'error': None, 'executedCount': 2, 'wsState': 1} eval_ms=2
[06:28]   [capture-loop] iter=150 t=18.3s state={'complete': False, 'error': None, 'executedCount': 2, 'wsState': 1} eval_ms=2
[06:33]   [capture-loop] iter=200 t=23.9s state={'complete': False, 'error': None, 'executedCount': 2, 'wsState': 1} eval_ms=2
[06:39]   [capture-loop] iter=250 t=29.7s state={'complete': False, 'error': None, 'executedCount': 2, 'wsState': 1} eval_ms=2
[06:45]   [capture-loop] iter=300 t=35.5s state={'complete': False, 'error': None, 'executedCount': 2, 'wsState': 1} eval_ms=2
[06:51]   [capture-loop] iter=350 t=41.3s state={'complete': False, 'error': None, 'executedCount': 2, 'wsState': 1} eval_ms=3
[06:56]   [capture-loop] iter=400 t=46.9s state={'complete': False, 'error': None, 'executedCount': 2, 'wsState': 1} eval_ms=4
[07:02]   [capture-loop] iter=450 t=52.7s state={'complete': False, 'error': None, 'executedCount': 2, 'wsState': 1} eval_ms=2
[07:08]   [capture-loop] iter=500 t=58.3s state={'complete': False, 'error': None, 'executedCount': 2, 'wsState': 1} eval_ms=2
[07:13]   [ComfyUI] [worker:ComfyUI-SAM3DObjects]
[07:13]   [ComfyUI] === WATCHDOG TICK 1 ===
[07:13]   [ComfyUI] [worker:ComfyUI-SAM3DObjects] Thread 0x0000788ee5283640 (most recent call first):
[07:13]   [ComfyUI]   File "/workspaces/SAM3DObjects-1241/ComfyUI/.ce/.pixi/envs/sam3dobjects-nodes/lib/python3.12/threading.py", line 359 in wait
[07:13]   [ComfyUI]   File "/workspaces/SAM3DObjects-1241/ComfyUI/.ce/.pixi/envs/sam3dobjects-nodes/lib/python3.12/threading.py", line 655 in wait
[07:13]   [ComfyUI]   File "/workspaces/SAM3DObjects-1241/ComfyUI/.ce/.pixi/envs/sam3dobjects-nodes/lib/python3.12/site-packages/tqdm/_monitor.py", line 60 in run
[07:13]   [ComfyUI]   File "/workspaces/SAM3DObjects-1241/ComfyUI/.ce/.pixi/envs/sam3dobjects-nodes/lib/python3.12/threading.py", line 1075 in _bootstrap_inner
[07:13]   [ComfyUI]   File "/workspaces/SAM3DObjects-1241/ComfyUI/.ce/.pixi/envs/sam3dobjects-nodes/lib/python3.12/threading.py", line 1032 in _bootstrap
[07:13]   [ComfyUI] 
[07:13]   [ComfyUI] Thread 0x0000789291e9f640 (most recent call first):
[07:13]   [ComfyUI]   File "/tmp/comfyui_pvenv_8g80169v/persistent_worker.py", line 106 in _vram_poller
[07:13]   [ComfyUI]   File "/workspaces/SAM3DObjects-1241/ComfyUI/.ce/.pixi/envs/sam3dobjects-nodes/lib/python3.12/threading.py", line 1012 in run
[07:13]   [ComfyUI]   File "/workspaces/SAM3DObjects-1241/ComfyUI/.ce/.pixi/envs/sam3dobjects-nodes/lib/python3.12/threading.py", line 1075 in _bootstrap_inner
[07:13]   [ComfyUI]   File "/workspaces/SAM3DObjects-1241/ComfyUI/.ce/.pixi/envs/sam3dobjects-nodes/lib/python3.12/threading.py", line 1032 in _bootstrap
[07:13]   [ComfyUI] 
[07:13]   [ComfyUI] Current thread 0x00007892926a4640 (most recent call first):
[07:13]   [ComfyUI]   File "/tmp/comfyui_pvenv_8g80169v/persistent_worker.py", line 52 in _watchdog
[07:13]   [ComfyUI]   File "/workspaces/SAM3DObjects-1241/ComfyUI/.ce/.pixi/envs/sam3dobjects-nodes/lib/python3.12/threading.py", line 1012 in run
[07:13]   [ComfyUI]   File "/workspaces/SAM3DObjects-1241/ComfyUI/.ce/.pixi/envs/sam3dobjects-nodes/lib/python3.12/threading.py", line 1075 in _bootstrap_inner
[07:13]   [ComfyUI]   File "/workspaces/SAM3DObjects-1241/ComfyUI/.ce/.pixi/envs/sam3dobjects-nodes/lib/python3.12/threading.py", line 1032 in _bootstrap
[07:13]   [ComfyUI] 
[07:13]   [ComfyUI] Thread 0x0000789292c9f740 (most recent call first):
[07:13]   [ComfyUI]   File "/workspaces/SAM3DObjects-1241/ComfyUI/.ce/.pixi/envs/sam3dobjects-nodes/lib/python3.12/site-packages/huggingface_hub/file_download.py", line 558 in xet_get
[07:13]   [ComfyUI]   File "/workspaces/SAM3DObjects-1241/ComfyUI/.ce/.pixi/envs/sam3dobjects-nodes/lib/python3.12/site-packages/huggingface_hub/file_download.py", line 1842 in _download_to_tmp_and_move
[07:13]   [ComfyUI]   File "/workspaces/SAM3DObjects-1241/ComfyUI/.ce/.pixi/envs/sam3dobjects-nodes/lib/python3.12/site-packages/huggingface_hub/file_download.py", line 1427 in _hf_hub_download_to_local_dir
[07:13]   [ComfyUI]   File "/workspaces/SAM3DObjects-1241/ComfyUI/.ce/.pixi/envs/sam3dobjects-nodes/lib/python3.12/site-packages/huggingface_hub/file_download.py", line 976 in hf_hub_download
[07:13]   [ComfyUI]   File "/workspaces/SAM3DObjects-1241/ComfyUI/.ce/.pixi/envs/sam3dobjects-nodes/lib/python3.12/site-packages/huggingface_hub/utils/_validators.py", line 88 in _inner_fn
[07:13]   [ComfyUI]   File "/workspaces/SAM3DObjects-1241/ComfyUI/custom_nodes/ComfyUI-SAM3DObjects/nodes/load_model.py", line 197 in _download_files
[07:13]   [ComfyUI]   File "/workspaces/SAM3DObjects-1241/ComfyUI/custom_nodes/ComfyUI-SAM3DObjects/nodes/load_model.py", line 160 in _get_or_download_checkpoint
[07:13]   [ComfyUI]   File "/workspaces/SAM3DObjects-1241/ComfyUI/custom_nodes/ComfyUI-SAM3DObjects/nodes/load_model.py", line 121 in execute
[07:13]   [ComfyUI]   File "/workspaces/SAM3DObjects-1241/ComfyUI/.ce/.pixi/envs/sam3dobjects-nodes/lib/python3.12/site-packages/torch/utils/_contextlib.py", line 124 in decorate_context
[07:13]   [ComfyUI]   File "/workspaces/SAM3DObjects-1241/ComfyUI/comfy_api/latest/_io.py", line 1827 in EXECUTE_NORMALIZED
[07:13]   [ComfyUI]   File "/tmp/comfyui_pvenv_8g80169v/persistent_worker.py", line 1749 in main
[07:13]   [ComfyUI]   File "/tmp/comfyui_pvenv_8g80169v/persistent_worker.py", line 1794 in <module>
[07:13]   [ComfyUI] 
[07:13]   [ComfyUI] [worker:ComfyUI-SAM3DObjects] === END ===
[07:13]   [ComfyUI] 
[07:14]   [capture-loop] iter=550 t=64.2s state={'complete': False, 'error': None, 'executedCount': 2, 'wsState': 1} eval_ms=1
[07:20]   [capture-loop] iter=600 t=70.1s state={'complete': False, 'error': None, 'executedCount': 2, 'wsState': 1} eval_ms=2
[07:26]   [capture-loop] iter=650 t=76.0s state={'complete': False, 'error': None, 'executedCount': 2, 'wsState': 1} eval_ms=2
[07:31]   [capture-loop] iter=700 t=81.5s state={'complete': False, 'error': None, 'executedCount': 2, 'wsState': 1} eval_ms=2
[07:37]   [capture-loop] iter=750 t=87.3s state={'complete': False, 'error': None, 'executedCount': 2, 'wsState': 1} eval_ms=2
[07:42]   [capture-loop] iter=800 t=92.9s state={'complete': False, 'error': None, 'executedCount': 2, 'wsState': 1} eval_ms=2
[07:48]   [capture-loop] iter=850 t=98.7s state={'complete': False, 'error': None, 'executedCount': 2, 'wsState': 1} eval_ms=2
[07:54]   [capture-loop] iter=900 t=104.2s state={'complete': False, 'error': None, 'executedCount': 2, 'wsState': 1} eval_ms=2
[08:00]   [capture-loop] iter=950 t=110.2s state={'complete': False, 'error': None, 'executedCount': 2, 'wsState': 1} eval_ms=2
[08:05]   [capture-loop] iter=1000 t=115.8s state={'complete': False, 'error': None, 'executedCount': 2, 'wsState': 1} eval_ms=2
[08:11]   [capture-loop] iter=1050 t=121.7s state={'complete': False, 'error': None, 'executedCount': 2, 'wsState': 1} eval_ms=2
[08:13]   [ComfyUI] [worker:ComfyUI-SAM3DObjects]
[08:13]   [ComfyUI] === WATCHDOG TICK 2 ===
[08:13]   [ComfyUI] [worker:ComfyUI-SAM3DObjects] Thread 0x0000788ee5283640 (most recent call first):
[08:13]   [ComfyUI]   File "/workspaces/SAM3DObjects-1241/ComfyUI/.ce/.pixi/envs/sam3dobjects-nodes/lib/python3.12/threading.py", line 359 in wait
[08:13]   [ComfyUI]   File "/workspaces/SAM3DObjects-1241/ComfyUI/.ce/.pixi/envs/sam3dobjects-nodes/lib/python3.12/threading.py", line 655 in wait
[08:13]   [ComfyUI]   File "/workspaces/SAM3DObjects-1241/ComfyUI/.ce/.pixi/envs/sam3dobjects-nodes/lib/python3.12/site-packages/tqdm/_monitor.py", line 60 in run
[08:13]   [ComfyUI]   File "/workspaces/SAM3DObjects-1241/ComfyUI/.ce/.pixi/envs/sam3dobjects-nodes/lib/python3.12/threading.py", line 1075 in _bootstrap_inner
[08:13]   [ComfyUI]   File "/workspaces/SAM3DObjects-1241/ComfyUI/.ce/.pixi/envs/sam3dobjects-nodes/lib/python3.12/threading.py", line 1032 in _bootstrap
[08:13]   [ComfyUI] 
[08:13]   [ComfyUI] Thread 0x0000789291e9f640 (most recent call first):
[08:13]   [ComfyUI]   File "/tmp/comfyui_pvenv_8g80169v/persistent_worker.py", line 106 in _vram_poller
[08:13]   [ComfyUI]   File "/workspaces/SAM3DObjects-1241/ComfyUI/.ce/.pixi/envs/sam3dobjects-nodes/lib/python3.12/threading.py", line 1012 in run
[08:13]   [ComfyUI]   File "/workspaces/SAM3DObjects-1241/ComfyUI/.ce/.pixi/envs/sam3dobjects-nodes/lib/python3.12/threading.py", line 1075 in _bootstrap_inner
[08:13]   [ComfyUI]   File "/workspaces/SAM3DObjects-1241/ComfyUI/.ce/.pixi/envs/sam3dobjects-nodes/lib/python3.12/threading.py", line 1032 in _bootstrap
[08:13]   [ComfyUI] 
[08:13]   [ComfyUI] Current thread 0x00007892926a4640 (most recent call first):
[08:13]   [ComfyUI]   File "/tmp/comfyui_pvenv_8g80169v/persistent_worker.py", line 52 in _watchdog
[08:13]   [ComfyUI]   File "/workspaces/SAM3DObjects-1241/ComfyUI/.ce/.pixi/envs/sam3dobjects-nodes/lib/python3.12/threading.py", line 1012 in run
[08:13]   [ComfyUI]   File "/workspaces/SAM3DObjects-1241/ComfyUI/.ce/.pixi/envs/sam3dobjects-nodes/lib/python3.12/threading.py", line 1075 in _bootstrap_inner
[08:13]   [ComfyUI]   File "/workspaces/SAM3DObjects-1241/ComfyUI/.ce/.pixi/envs/sam3dobjects-nodes/lib/python3.12/threading.py", line 1032 in _bootstrap
[08:13]   [ComfyUI] 
[08:13]   [ComfyUI] Thread 0x0000789292c9f740 (most recent call first):
[08:13]   [ComfyUI]   File "/workspaces/SAM3DObjects-1241/ComfyUI/.ce/.pixi/envs/sam3dobjects-nodes/lib/python3.12/site-packages/huggingface_hub/file_download.py", line 558 in xet_get
[08:13]   [ComfyUI]   File "/workspaces/SAM3DObjects-1241/ComfyUI/.ce/.pixi/envs/sam3dobjects-nodes/lib/python3.12/site-packages/huggingface_hub/file_download.py", line 1842 in _download_to_tmp_and_move
[08:13]   [ComfyUI]   File "/workspaces/SAM3DObjects-1241/ComfyUI/.ce/.pixi/envs/sam3dobjects-nodes/lib/python3.12/site-packages/huggingface_hub/file_download.py", line 1427 in _hf_hub_download_to_local_dir
[08:13]   [ComfyUI]   File "/workspaces/SAM3DObjects-1241/ComfyUI/.ce/.pixi/envs/sam3dobjects-nodes/lib/python3.12/site-packages/huggingface_hub/file_download.py", line 976 in hf_hub_download
[08:13]   [ComfyUI]   File "/workspaces/SAM3DObjects-1241/ComfyUI/.ce/.pixi/envs/sam3dobjects-nodes/lib/python3.12/site-packages/huggingface_hub/utils/_validators.py", line 88 in _inner_fn
[08:13]   [ComfyUI]   File "/workspaces/SAM3DObjects-1241/ComfyUI/custom_nodes/ComfyUI-SAM3DObjects/nodes/load_model.py", line 197 in _download_files
[08:13]   [ComfyUI]   File "/workspaces/SAM3DObjects-1241/ComfyUI/custom_nodes/ComfyUI-SAM3DObjects/nodes/load_model.py", line 160 in _get_or_download_checkpoint
[08:13]   [ComfyUI]   File "/workspaces/SAM3DObjects-1241/ComfyUI/custom_nodes/ComfyUI-SAM3DObjects/nodes/load_model.py", line 121 in execute
[08:13]   [ComfyUI]   File "/workspaces/SAM3DObjects-1241/ComfyUI/.ce/.pixi/envs/sam3dobjects-nodes/lib/python3.12/site-packages/torch/utils/_contextlib.py", line 124 in decorate_context
[08:13]   [ComfyUI]   File "/workspaces/SAM3DObjects-1241/ComfyUI/comfy_api/latest/_io.py", line 1827 in EXECUTE_NORMALIZED
[08:13]   [ComfyUI]   File "/tmp/comfyui_pvenv_8g80169v/persistent_worker.py", line 1749 in main
[08:13]   [ComfyUI]   File "/tmp/comfyui_pvenv_8g80169v/persistent_worker.py", line 1794 in <module>
[08:13]   [ComfyUI] 
[08:13]   [ComfyUI] [worker:ComfyUI-SAM3DObjects] === END ===
[08:13]   [ComfyUI] 
[08:17]   [capture-loop] iter=1100 t=127.2s state={'complete': False, 'error': None, 'executedCount': 2, 'wsState': 1} eval_ms=2
[08:22]   [capture-loop] iter=1150 t=133.0s state={'complete': False, 'error': None, 'executedCount': 2, 'wsState': 1} eval_ms=3
[08:28]   [capture-loop] iter=1200 t=138.5s state={'complete': False, 'error': None, 'executedCount': 2, 'wsState': 1} eval_ms=2
[08:34]   [capture-loop] iter=1250 t=144.2s state={'complete': False, 'error': None, 'executedCount': 2, 'wsState': 1} eval_ms=2
[08:39]   [capture-loop] iter=1300 t=150.0s state={'complete': False, 'error': None, 'executedCount': 2, 'wsState': 1} eval_ms=2
[08:40]   [ComfyUI] [SubprocessWorker] got response: ok
[08:40]   [ComfyUI] [comfy-env] LoadSAM3DModel done (147.05s): result: NodeOutput
[08:40]   [ComfyUI] [VRAM] After LoadSAM3DModel: 270 / 7703 MB
[08:40]   [ComfyUI] [comfy-env] Running SAM3D_DepthEstimate: depth_model: dict, image: torch.float32 [1,2240,3360,3] cpu
[08:40]   [ComfyUI] [VRAM] Before SAM3D_DepthEstimate: 270 / 7703 MB
[08:40]   [ComfyUI] [SubprocessWorker] call_method: nodes.depth_estimate.SAM3D_DepthEstimate.EXECUTE_NORMALIZED
[08:40]   [ComfyUI] [SubprocessWorker] acquired lock, ensuring started...
[08:40]   [ComfyUI] [ComfyUI-SAM3DObjects] Health check: ping (timeout=5.0s)...
[08:40]   [ComfyUI] [ComfyUI-SAM3DObjects] Health check: ok
[08:40]   [ComfyUI] [SubprocessWorker] worker started/confirmed
[08:40]   [ComfyUI] [comfy-env] PRE-SERIALIZE 'image' shape: torch.Size([1, 2240, 3360, 3])
[08:40]   [ComfyUI] [SubprocessWorker] serializing kwargs to shm...
[08:40]   [ComfyUI] [SubprocessWorker] created 0 shm blocks
[08:40]   [ComfyUI] [SubprocessWorker] sending request via socket...
[08:40]   [ComfyUI] [SubprocessWorker] call_id=2 sending call_method
[08:40]   [ComfyUI] [worker:ComfyUI-SAM3DObjects] [comfy-env] _from_shm got dict with keys: ['__type__', 'strategy', 'parent_pid', 'fd', 'storage_size']
[08:40]   [ComfyUI] [worker:ComfyUI-SAM3DObjects] [comfy-env] DESERIALIZE TensorRef: tensor_size=[1, 2240, 3360, 3]
[08:40]   [ComfyUI] [worker:ComfyUI-SAM3DObjects] [comfy-env] DESERIALIZED tensor shape: torch.Size([1, 2240, 3360, 3])
[08:41]   [ComfyUI] [worker:ComfyUI-SAM3DObjects] [VRAM] DepthEstimate: start: torch=0MiB alloc, 0MiB reserved | gpu=270MiB/7703MiB used
[08:41]   [ComfyUI] [worker:ComfyUI-SAM3DObjects] [VRAM] DepthEstimate: before MoGe from_pretrained: torch=0MiB alloc, 0MiB reserved | gpu=270MiB/7703MiB used
[08:41]   [ComfyUI] /workspaces/SAM3DObjects-1241/ComfyUI/custom_nodes/ComfyUI-SAM3DObjects/nodes/sam3d/moge.py:1012: UserWarning: Deprecated arguments ignored: {'output_mask': True, 'split_head': True}
[08:41]   [ComfyUI]   warnings.warn(f"Deprecated arguments ignored: {deprecated_kwargs}")
[08:42]   [ComfyUI] [worker:ComfyUI-SAM3DObjects] [VRAM] DepthEstimate: after MoGe from_pretrained: torch=0MiB alloc, 0MiB reserved | gpu=270MiB/7703MiB used
[08:42]   [ComfyUI] [worker:ComfyUI-SAM3DObjects] [VRAM] DepthEstimate: before load_models_gpu: torch=0MiB alloc, 0MiB reserved | gpu=270MiB/7703MiB used
[08:42]   [ComfyUI] [SubprocessWorker] callback 'request_vram_budget' from call_id=2
[08:42]   [ComfyUI] [comfy-env] VRAM request: 0.63GB, free before eviction: 7.79GB
[08:42]   [ComfyUI] [comfy-env] VRAM after eviction: 7.79GB
[08:42]   Frame 7 saved (frame_006.jpg, t=152.2s)
[08:42]   [capture-periodic] freeze=1ms shot=191ms unfreeze=7ms saved=True
[08:42]   [ComfyUI] [worker:ComfyUI-SAM3DObjects] [VRAM] +565MB (now 565MB) reserved=576MB peak=565MB
[08:42]   [ComfyUI] [worker:ComfyUI-SAM3DObjects] [VRAM] DepthEstimate: after load_models_gpu: torch=599MiB alloc, 608MiB reserved | gpu=948MiB/7703MiB used
[08:44]   Frame 8 saved (frame_007.jpg, t=154.5s)
[08:44]   [capture-periodic] freeze=1ms shot=185ms unfreeze=6ms saved=True
[08:45]   [capture-loop] iter=1350 t=155.8s state={'complete': False, 'error': None, 'executedCount': 2, 'wsState': 1} eval_ms=1
[08:48]   [ComfyUI] [SubprocessWorker] callback 'report_progress' from call_id=2
[08:48]   [ComfyUI] [worker:ComfyUI-SAM3DObjects] [VRAM] DepthEstimate: before MoGe inference: torch=599MiB alloc, 608MiB reserved | gpu=948MiB/7703MiB used
[08:49]   [ComfyUI] [worker:ComfyUI-SAM3DObjects] [VRAM] +258MB (now 824MB) reserved=1152MB peak=824MB
[08:49]   Frame 9 saved (frame_008.jpg, t=159.0s)
[08:49]   [capture-periodic] freeze=2ms shot=191ms unfreeze=7ms saved=True
[08:49]   [ComfyUI] [worker:ComfyUI-SAM3DObjects] [VRAM] DepthEstimate: after MoGe inference: torch=759MiB alloc, 1152MiB reserved | gpu=1528MiB/7703MiB used
[08:49]   [ComfyUI] [worker:ComfyUI-SAM3DObjects] [VRAM] DepthEstimate: after cleanup: torch=159MiB alloc, 256MiB reserved | gpu=632MiB/7703MiB used
[08:49]   [ComfyUI] [SubprocessWorker] callback 'report_progress' from call_id=2
[08:50]   [ComfyUI] [SubprocessWorker] callback 'report_progress' from call_id=2
[08:50]   [ComfyUI] [worker:ComfyUI-SAM3DObjects] [VRAM] -579MB (now 245MB) reserved=640MB peak=824MB
[08:51]   [capture-loop] iter=1400 t=161.3s state={'complete': False, 'error': None, 'executedCount': 2, 'wsState': 1} eval_ms=2
[08:51]   Frame 10 saved (frame_009.jpg, t=161.3s)
[08:51]   [capture-periodic] freeze=2ms shot=184ms unfreeze=5ms saved=True
[08:53]   Frame 11 saved (frame_010.jpg, t=163.6s)
[08:53]   [capture-periodic] freeze=2ms shot=170ms unfreeze=6ms saved=True
[08:57]   [capture-loop] iter=1450 t=167.2s state={'complete': False, 'error': None, 'executedCount': 2, 'wsState': 1} eval_ms=2
[09:02]   [capture-loop] iter=1500 t=172.7s state={'complete': False, 'error': None, 'executedCount': 2, 'wsState': 1} eval_ms=2
[09:06]   [ComfyUI] [SubprocessWorker] callback 'report_progress' from call_id=2
[09:06]   [ComfyUI] [worker:ComfyUI-SAM3DObjects] [VRAM] DepthEstimate: done: torch=245MiB alloc, 640MiB reserved | gpu=1016MiB/7703MiB used
[09:06]   [ComfyUI] [worker:ComfyUI-SAM3DObjects] [VRAM] -237MB (now 9MB) reserved=640MB peak=824MB
[09:06]   [ComfyUI] [SubprocessWorker] got response: ok
[09:06]   [ComfyUI] [comfy-env] Created 1 model patchers: ['MoGeModelV1_1']
[09:06]   [ComfyUI] [comfy-env] SAM3D_DepthEstimate done (26.63s): result: NodeOutput
[09:06]   [ComfyUI] [VRAM] After SAM3D_DepthEstimate: 1016 / 7703 MB
[09:06]   [ComfyUI] [VRAM] Loaded: SubprocessModel (0 MB)
[09:06]   [ComfyUI] [comfy-env] Running SAM3DGenerateSLAT: seed: 42, stage1_steps: 12, stage1_cfg: 7.5, stage1_cfg_pm: 0.0, stage2_steps: 12, stage2_cfg: 5.0, use_distillation: False, generator: dict, image: torch.float32 [1,2240,3360,3] cpu, mask: torch.float32 [1,2240,3360] cpu, pointmap: torch.float32 [2240,3360,3] cpu
[09:06]   [ComfyUI] [VRAM] Before SAM3DGenerateSLAT: 1016 / 7703 MB
[09:06]   [ComfyUI] [VRAM] Loaded: SubprocessModel (0 MB)
[09:06]   [ComfyUI] [SubprocessWorker] call_method: nodes.generate_slat.SAM3DGenerateSLAT.EXECUTE_NORMALIZED
[09:06]   [ComfyUI] [SubprocessWorker] acquired lock, ensuring started...
[09:06]   [ComfyUI] [ComfyUI-SAM3DObjects] Health check: ping (timeout=5.0s)...
[09:06]   [ComfyUI] [ComfyUI-SAM3DObjects] Health check: ok
[09:06]   [ComfyUI] [SubprocessWorker] worker started/confirmed
[09:06]   [ComfyUI] [comfy-env] PRE-SERIALIZE 'image' shape: torch.Size([1, 2240, 3360, 3])
[09:06]   [ComfyUI] [comfy-env] PRE-SERIALIZE 'mask' shape: torch.Size([1, 2240, 3360])
[09:06]   [ComfyUI] [comfy-env] PRE-SERIALIZE 'pointmap' shape: torch.Size([2240, 3360, 3])
[09:06]   [ComfyUI] [SubprocessWorker] serializing kwargs to shm...
[09:06]   [ComfyUI] [SubprocessWorker] created 0 shm blocks
[09:06]   [ComfyUI] [SubprocessWorker] sending request via socket...
[09:06]   [ComfyUI] [SubprocessWorker] call_id=3 sending call_method
[09:06]   [ComfyUI] [worker:ComfyUI-SAM3DObjects] [comfy-env] _from_shm got dict with keys: ['__type__', 'strategy', 'parent_pid', 'fd', 'storage_size']
[09:06]   [ComfyUI] [worker:ComfyUI-SAM3DObjects] [comfy-env] DESERIALIZE TensorRef: tensor_size=[1, 2240, 3360, 3]
[09:06]   [ComfyUI] [worker:ComfyUI-SAM3DObjects] [comfy-env] DESERIALIZED tensor shape: torch.Size([1, 2240, 3360, 3])
[09:06]   [ComfyUI] [worker:ComfyUI-SAM3DObjects] [comfy-env] _from_shm got dict with keys: ['__type__', 'strategy', 'parent_pid', 'fd', 'storage_size']
[09:06]   [ComfyUI] [worker:ComfyUI-SAM3DObjects] [comfy-env] DESERIALIZE TensorRef: tensor_size=[1, 2240, 3360]
[09:06]   [ComfyUI] [worker:ComfyUI-SAM3DObjects] [comfy-env] DESERIALIZED tensor shape: torch.Size([1, 2240, 3360])
[09:06]   [ComfyUI] [worker:ComfyUI-SAM3DObjects] [comfy-env] _from_shm got dict with keys: ['__type__', 'strategy', 'parent_pid', 'fd', 'storage_size']
[09:06]   [ComfyUI] [worker:ComfyUI-SAM3DObjects] [comfy-env] DESERIALIZE TensorRef: tensor_size=[2240, 3360, 3]
[09:06]   [ComfyUI] [worker:ComfyUI-SAM3DObjects] [comfy-env] DESERIALIZED tensor shape: torch.Size([2240, 3360, 3])
[09:07]   [ComfyUI] [worker:ComfyUI-SAM3DObjects] [VRAM] GenerateSLAT: start: torch=9MiB alloc, 640MiB reserved | gpu=1016MiB/7703MiB used
[09:07]   [ComfyUI] 2026-05-07 12:50:30.810 | WARNING  | nodes.sam3d.transforms:__post_init__:1359 - No rgb pointmap normalizer provided, using scale + shift
[09:07]   Frame 12 saved (frame_011.jpg, t=177.2s)
[09:07]   [capture-periodic] freeze=2ms shot=191ms unfreeze=9ms saved=True
[09:08]   [ComfyUI] [worker:ComfyUI-SAM3DObjects] [VRAM] +258MB (now 267MB) reserved=640MB peak=824MB
[09:08]   [capture-loop] iter=1550 t=178.5s state={'complete': False, 'error': None, 'executedCount': 2, 'wsState': 1} eval_ms=2
[09:08]   [ComfyUI] [worker:ComfyUI-SAM3DObjects] [VRAM] _load_condition_embedder(ss): before build: torch=109MiB alloc, 640MiB reserved | gpu=1082MiB/7703MiB used
[09:09]   Frame 13 saved (frame_012.jpg, t=179.5s)
[09:09]   [capture-periodic] freeze=2ms shot=175ms unfreeze=8ms saved=True
[09:13]   [ComfyUI] [worker:ComfyUI-SAM3DObjects]
[09:13]   [ComfyUI] === WATCHDOG TICK 3 ===
[09:13]   [ComfyUI] [worker:ComfyUI-SAM3DObjects] Thread 0x0000788e319ff640 (most recent call first):
[09:13]   [ComfyUI]   File "/workspaces/SAM3DObjects-1241/ComfyUI/.ce/.pixi/envs/sam3dobjects-nodes/lib/python3.12/socket.py", line 295 in accept
[09:13]   [ComfyUI]   File "/workspaces/SAM3DObjects-1241/ComfyUI/.ce/.pixi/envs/sam3dobjects-nodes/lib/python3.12/multiprocessing/connection.py", line 626 in accept
[09:13]   [ComfyUI]   File "/workspaces/SAM3DObjects-1241/ComfyUI/.ce/.pixi/envs/sam3dobjects-nodes/lib/python3.12/multiprocessing/connection.py", line 480 in accept
[09:13]   [ComfyUI]   File "/workspaces/SAM3DObjects-1241/ComfyUI/.ce/.pixi/envs/sam3dobjects-nodes/lib/python3.12/multiprocessing/resource_sharer.py", line 138 in _serve
[09:13]   [ComfyUI]   File "/workspaces/SAM3DObjects-1241/ComfyUI/.ce/.pixi/envs/sam3dobjects-nodes/lib/python3.12/threading.py", line 1012 in run
[09:13]   [ComfyUI]   File "/workspaces/SAM3DObjects-1241/ComfyUI/.ce/.pixi/envs/sam3dobjects-nodes/lib/python3.12/threading.py", line 1075 in _bootstrap_inner
[09:13]   [ComfyUI]   File "/workspaces/SAM3DObjects-1241/ComfyUI/.ce/.pixi/envs/sam3dobjects-nodes/lib/python3.12/threading.py", line 1032 in _bootstrap
[09:13]   [ComfyUI] 
[09:13]   [ComfyUI] Thread 0x0000788ee5283640 (most recent call first):
[09:13]   [ComfyUI]   File "/workspaces/SAM3DObjects-1241/ComfyUI/.ce/.pixi/envs/sam3dobjects-nodes/lib/python3.12/threading.py", line 359 in wait
[09:13]   [ComfyUI]   File "/workspaces/SAM3DObjects-1241/ComfyUI/.ce/.pixi/envs/sam3dobjects-nodes/lib/python3.12/threading.py", line 655 in wait
[09:13]   [ComfyUI]   File "/workspaces/SAM3DObjects-1241/ComfyUI/.ce/.pixi/envs/sam3dobjects-nodes/lib/python3.12/site-packages/tqdm/_monitor.py", line 60 in run
[09:13]   [ComfyUI]   File "/workspaces/SAM3DObjects-1241/ComfyUI/.ce/.pixi/envs/sam3dobjects-nodes/lib/python3.12/threading.py", line 1075 in _bootstrap_inner
[09:13]   [ComfyUI]   File "/workspaces/SAM3DObjects-1241/ComfyUI/.ce/.pixi/envs/sam3dobjects-nodes/lib/python3.12/threading.py", line 1032 in _bootstrap
[09:13]   [ComfyUI] 
[09:13]   [ComfyUI] Thread 0x0000789291e9f640 (most recent call first):
[09:13]   [ComfyUI]   File "/tmp/comfyui_pvenv_8g80169v/persistent_worker.py", line 106 in _vram_poller
[09:13]   [ComfyUI]   File "/workspaces/SAM3DObjects-1241/ComfyUI/.ce/.pixi/envs/sam3dobjects-nodes/lib/python3.12/threading.py", line 1012 in run
[09:13]   [ComfyUI]   File "/workspaces/SAM3DObjects-1241/ComfyUI/.ce/.pixi/envs/sam3dobjects-nodes/lib/python3.12/threading.py", line 1075 in _bootstrap_inner
[09:13]   [ComfyUI]   File "/workspaces/SAM3DObjects-1241/ComfyUI/.ce/.pixi/envs/sam3dobjects-nodes/lib/python3.12/threading.py", line 1032 in _bootstrap
[09:13]   [ComfyUI] 
[09:13]   [ComfyUI] Current thread 0x00007892926a4640 (most recent call first):
[09:13]   [ComfyUI]   File "/tmp/comfyui_pvenv_8g80169v/persistent_worker.py", line 52 in _watchdog
[09:13]   [ComfyUI]   File "/workspaces/SAM3DObjects-1241/ComfyUI/.ce/.pixi/envs/sam3dobjects-nodes/lib/python3.12/threading.py", line 1012 in run
[09:13]   [ComfyUI]   File "/workspaces/SAM3DObjects-1241/ComfyUI/.ce/.pixi/envs/sam3dobjects-nodes/lib/python3.12/threading.py", line 1075 in _bootstrap_inner
[09:13]   [ComfyUI]   File "/workspaces/SAM3DObjects-1241/ComfyUI/.ce/.pixi/envs/sam3dobjects-nodes/lib/python3.12/threading.py", line 1032 in _bootstrap
[09:13]   [ComfyUI] 
[09:13]   [ComfyUI] Thread 0x0000789292c9f740 (most recent call first):
[09:13]   [ComfyUI]   File "<frozen importlib._bootstrap_external>", line 207 in _write_atomic
[09:13]   [ComfyUI]   File "<frozen importlib._bootstrap_external>", line 1239 in set_data
[09:13]   [ComfyUI]   File "<frozen importlib._bootstrap_external>", line 1214 in _cache_bytecode
[09:13]   [ComfyUI]   File "<frozen importlib._bootstrap_external>", line 1146 in get_code
[09:13]   [ComfyUI]   File "<frozen importlib._bootstrap_external>", line 995 in exec_module
[09:13]   [ComfyUI]   File "<frozen importlib._bootstrap>", line 935 in _load_unlocked
[09:13]   [ComfyUI]   File "<frozen importlib._bootstrap>", line 1331 in _find_and_load_unlocked
[09:13]   [ComfyUI]   File "<frozen importlib._bootstrap>", line 1360 in _find_and_load
[09:13]   [ComfyUI]   File "/workspaces/SAM3DObjects-1241/ComfyUI/.ce/.pixi/envs/sam3dobjects-nodes/lib/python3.12/site-packages/timm/models/__init__.py", line 18 in <module>
[09:13]   [ComfyUI]   File "<frozen importlib._bootstrap>", line 488 in _call_with_frames_removed
[09:13]   [ComfyUI]   File "<frozen importlib._bootstrap_external>", line 999 in exec_module
[09:13]   [ComfyUI]   File "<frozen importlib._bootstrap>", line 935 in _load_unlocked
[09:13]   [ComfyUI]   File "<frozen importlib._bootstrap>", line 1331 in _find_and_load_unlocked
[09:13]   [ComfyUI]   File "<frozen importlib._bootstrap>", line 1360 in _find_and_load
[09:13]   [ComfyUI]   File "/workspaces/SAM3DObjects-1241/ComfyUI/.ce/.pixi/envs/sam3dobjects-nodes/lib/python3.12/site-packages/timm/__init__.py", line 8 in <module>
[09:13]   [ComfyUI]   File "<frozen importlib._bootstrap>", line 488 in _call_with_frames_removed
[09:13]   [ComfyUI]   File "<frozen importlib._bootstrap_external>", line 999 in exec_module
[09:13]   [ComfyUI]   File "<frozen importlib._bootstrap>", line 935 in _load_unlocked
[09:13]   [ComfyUI]   File "<frozen importlib._bootstrap>", line 1331 in _find_and_load_unlocked
[09:13]   [ComfyUI]   File "<frozen importlib._bootstrap>", line 1360 in _find_and_load
[09:13]   [ComfyUI]   File "<frozen importlib._bootstrap>", line 488 in _call_with_frames_removed
[09:13]   [ComfyUI]   File "<frozen importlib._bootstrap>", line 1310 in _find_and_load_unlocked
[09:13]   [ComfyUI]   File "<frozen importlib._bootstrap>", line 1360 in _find_and_load
[09:13]   [ComfyUI]   File "<frozen importlib._bootstrap>", line 488 in _call_with_frames_removed
[09:13]   [ComfyUI]   File "<frozen importlib._bootstrap>", line 1310 in _find_and_load_unlocked
[09:13]   [ComfyUI]   File "<frozen importlib._bootstrap>", line 1360 in _find_and_load
[09:13]   [ComfyUI]   File "/workspaces/SAM3DObjects-1241/ComfyUI/custom_nodes/ComfyUI-SAM3DObjects/nodes/sam3d/model.py", line 1869 in __init__
[09:13]   [ComfyUI]   File "/workspaces/SAM3DObjects-1241/ComfyUI/custom_nodes/ComfyUI-SAM3DObjects/nodes/utils/stages.py", line 275 in _instantiate
[09:13]   [ComfyUI]   File "/workspaces/SAM3DObjects-1241/ComfyUI/custom_nodes/ComfyUI-SAM3DObjects/nodes/utils/stages.py", line 279 in _instantiate
[09:13]   [ComfyUI]   File "/workspaces/SAM3DObjects-1241/ComfyUI/custom_nodes/ComfyUI-SAM3DObjects/nodes/utils/stages.py", line 279 in _instantiate
[09:13]   [ComfyUI]   File "/workspaces/SAM3DObjects-1241/ComfyUI/custom_nodes/ComfyUI-SAM3DObjects/nodes/utils/stages.py", line 272 in _instantiate
[09:13]   [ComfyUI]   File "/workspaces/SAM3DObjects-1241/ComfyUI/custom_nodes/ComfyUI-SAM3DObjects/nodes/utils/stages.py", line 575 in _load_condition_embedder
[09:13]   [ComfyUI]   File "/workspaces/SAM3DObjects-1241/ComfyUI/custom_nodes/ComfyUI-SAM3DObjects/nodes/utils/stages.py", line 876 in run_stage1
[09:13]   [ComfyUI]   File "/workspaces/SAM3DObjects-1241/ComfyUI/custom_nodes/ComfyUI-SAM3DObjects/nodes/generate_slat.py", line 237 in execute
[09:13]   [ComfyUI]   File "/workspaces/SAM3DObjects-1241/ComfyUI/.ce/.pixi/envs/sam3dobjects-nodes/lib/python3.12/site-packages/torch/utils/_contextlib.py", line 124 in decorate_context
[09:13]   [ComfyUI]   File "/workspaces/SAM3DObjects-1241/ComfyUI/comfy_api/latest/_io.py", line 1827 in EXECUTE_NORMALIZED
[09:13]   [ComfyUI]   File "/tmp/comfyui_pvenv_8g80169v/persistent_worker.py", line 1749 in main
[09:13]   [ComfyUI]   File "/tmp/comfyui_pvenv_8g80169v/persistent_worker.py", line 1794 in <module>
[09:13]   [ComfyUI] 
[09:13]   [ComfyUI] [worker:ComfyUI-SAM3DObjects] === END ===
[09:13]   [ComfyUI] 
[09:13]   [ComfyUI] [worker:ComfyUI-SAM3DObjects] [VRAM] _load_condition_embedder(ss): after load_state_dict: torch=109MiB alloc, 640MiB reserved | gpu=1082MiB/7703MiB used
[09:13]   [ComfyUI] [SubprocessWorker] callback 'request_vram_budget' from call_id=3
[09:13]   [ComfyUI] [comfy-env] VRAM request: 2.54GB, free before eviction: 7.38GB
[09:13]   [ComfyUI] [comfy-env] VRAM after eviction: 7.38GB
[09:14]   [capture-loop] iter=1600 t=184.1s state={'complete': False, 'error': None, 'executedCount': 2, 'wsState': 1} eval_ms=2
[09:14]   [ComfyUI] [worker:ComfyUI-SAM3DObjects] [VRAM] +210MB (now 477MB) reserved=544MB peak=824MB
[09:14]   [ComfyUI] [worker:ComfyUI-SAM3DObjects] [VRAM] Stage1: before embedding: torch=1368MiB alloc, 1376MiB reserved | gpu=1818MiB/7703MiB used
[09:15]   [ComfyUI] [worker:ComfyUI-SAM3DObjects] [VRAM] +909MB (now 1387MB) reserved=1472MB peak=1404MB
[09:15]   [ComfyUI] [worker:ComfyUI-SAM3DObjects] [VRAM] Stage1: after embedding: torch=1398MiB alloc, 2464MiB reserved | gpu=2908MiB/7703MiB used
[09:15]   [ComfyUI] [worker:ComfyUI-SAM3DObjects] [VRAM] Stage1: after embedder unload: torch=138MiB alloc, 288MiB reserved | gpu=732MiB/7703MiB used
[09:15]   [ComfyUI] [worker:ComfyUI-SAM3DObjects] [VRAM] _load_generator(ss): before build: torch=138MiB alloc, 288MiB reserved | gpu=732MiB/7703MiB used
[09:15]   [ComfyUI] [worker:ComfyUI-SAM3DObjects] [VRAM] _load_generator(ss): after load_state_dict: torch=138MiB alloc, 288MiB reserved | gpu=732MiB/7703MiB used
[09:15]   [ComfyUI] [SubprocessWorker] callback 'request_vram_budget' from call_id=3
[09:15]   [ComfyUI] [comfy-env] VRAM request: 3.86GB, free before eviction: 7.31GB
[09:15]   [ComfyUI] [comfy-env] VRAM after eviction: 7.31GB
[09:16]   [ComfyUI] [worker:ComfyUI-SAM3DObjects] [VRAM] +1213MB (now 2600MB) reserved=2624MB peak=2600MB
[09:16]   [ComfyUI] [worker:ComfyUI-SAM3DObjects] [VRAM] _load_decoder(ss): before instantiate: torch=3816MiB alloc, 3840MiB reserved | gpu=4284MiB/7703MiB used
[09:16]   [ComfyUI] [worker:ComfyUI-SAM3DObjects] [VRAM] _load_decoder(ss): after load_state_dict: torch=3816MiB alloc, 3840MiB reserved | gpu=4284MiB/7703MiB used
[09:16]   [ComfyUI] [SubprocessWorker] callback 'request_vram_budget' from call_id=3
[09:16]   [ComfyUI] [comfy-env] VRAM request: 0.15GB, free before eviction: 3.59GB
[09:16]   [ComfyUI] [comfy-env] VRAM after eviction: 3.59GB
[09:16]   [ComfyUI] [worker:ComfyUI-SAM3DObjects] [VRAM] Stage1: before inference: torch=3957MiB alloc, 3968MiB reserved | gpu=4412MiB/7703MiB used
[09:16]   [ComfyUI] [worker:ComfyUI-SAM3DObjects] [DTYPE_DBG] _generate_noise_tensor: _compute_dtype=torch.bfloat16 shape=(1, 1, 6) device=cuda:0
[09:16]   [ComfyUI] [worker:ComfyUI-SAM3DObjects] [DTYPE_DBG] _generate_noise_tensor: _compute_dtype=torch.bfloat16 shape=(1, 1, 3) device=cuda:0
[09:16]   [ComfyUI] [worker:ComfyUI-SAM3DObjects] [DTYPE_DBG] _generate_noise_tensor: _compute_dtype=torch.bfloat16 shape=(1, 4096, 8) device=cuda:0
[09:16]   [ComfyUI] [worker:ComfyUI-SAM3DObjects] [DTYPE_DBG] _generate_noise_tensor: _compute_dtype=torch.bfloat16 shape=(1, 1, 3) device=cuda:0
[09:16]   [ComfyUI] [worker:ComfyUI-SAM3DObjects] [DTYPE_DBG] _generate_noise_tensor: _compute_dtype=torch.bfloat16 shape=(1, 1, 1) device=cuda:0
[09:17]   [ComfyUI] [worker:ComfyUI-SAM3DObjects] [VRAM] +1403MB (now 4004MB) reserved=4288MB peak=4148MB
[09:17]   [ComfyUI] [SubprocessWorker] callback 'report_progress' from call_id=3
[09:18]   [ComfyUI] [SubprocessWorker] callback 'report_progress' from call_id=3
[09:18]   Frame 14 saved (frame_013.jpg, t=188.7s)
[09:18]   [capture-periodic] freeze=7ms shot=185ms unfreeze=4ms saved=True
[09:19]   [ComfyUI] [SubprocessWorker] callback 'report_progress' from call_id=3
[09:19]   [capture-loop] iter=1650 t=190.0s state={'complete': False, 'error': None, 'executedCount': 2, 'wsState': 1} eval_ms=2
[09:20]   [ComfyUI] [SubprocessWorker] callback 'report_progress' from call_id=3
[09:21]   Frame 15 saved (frame_014.jpg, t=191.0s)
[09:21]   [capture-periodic] freeze=1ms shot=160ms unfreeze=5ms saved=True
[09:21]   [ComfyUI] [SubprocessWorker] callback 'report_progress' from call_id=3
[09:22]   [ComfyUI] [SubprocessWorker] callback 'report_progress' from call_id=3
[09:23]   [ComfyUI] [SubprocessWorker] callback 'report_progress' from call_id=3
[09:23]   Frame 16 saved (frame_015.jpg, t=193.3s)
[09:23]   [capture-periodic] freeze=1ms shot=189ms unfreeze=8ms saved=True
[09:24]   [ComfyUI] [SubprocessWorker] callback 'report_progress' from call_id=3
[09:25]   [ComfyUI] [SubprocessWorker] callback 'report_progress' from call_id=3
[09:25]   [capture-loop] iter=1700 t=195.6s state={'complete': False, 'error': None, 'executedCount': 2, 'wsState': 1} eval_ms=2
[09:25]   Frame 17 saved (frame_016.jpg, t=195.6s)
[09:25]   [capture-periodic] freeze=4ms shot=158ms unfreeze=3ms saved=True
[09:26]   [ComfyUI] [SubprocessWorker] callback 'report_progress' from call_id=3
[09:26]   [ComfyUI] [SubprocessWorker] callback 'report_progress' from call_id=3
[09:27]   [ComfyUI] [SubprocessWorker] callback 'report_progress' from call_id=3
[09:27]   [ComfyUI] [worker:ComfyUI-SAM3DObjects] [VRAM] Stage1: after inference: torch=3974MiB alloc, 4512MiB reserved | gpu=4956MiB/7703MiB used
[09:27]   [ComfyUI] [worker:ComfyUI-SAM3DObjects] [VRAM] -205MB (now 3799MB) reserved=4512MB peak=4201MB
[09:28]   Frame 18 saved (frame_017.jpg, t=197.9s)
[09:28]   [capture-periodic] freeze=1ms shot=151ms unfreeze=9ms saved=True
[09:28]   [ComfyUI] [worker:ComfyUI-SAM3DObjects] [VRAM] -2079MB (now 1721MB) reserved=4512MB peak=4201MB
[09:29]   [ComfyUI] [worker:ComfyUI-SAM3DObjects] [VRAM] -1426MB (now 295MB) reserved=480MB peak=4201MB
[09:29]   [ComfyUI] [worker:ComfyUI-SAM3DObjects] [VRAM] Stage1: after model cleanup: torch=155MiB alloc, 352MiB reserved | gpu=796MiB/7703MiB used
[09:29]   [ComfyUI] 2026-05-07 12:50:53.431 | WARNING  | nodes.sam3d.transforms:__post_init__:1359 - No rgb pointmap normalizer provided, using scale + shift
[09:30]   Frame 19 saved (frame_018.jpg, t=200.2s)
[09:30]   [capture-periodic] freeze=1ms shot=200ms unfreeze=8ms saved=True
[09:31]   [ComfyUI] [worker:ComfyUI-SAM3DObjects] [VRAM] _load_condition_embedder(slat): before build: torch=105MiB alloc, 352MiB reserved | gpu=796MiB/7703MiB used
[09:31]   [capture-loop] iter=1750 t=201.5s state={'complete': False, 'error': None, 'executedCount': 2, 'wsState': 1} eval_ms=2
[09:35]   [ComfyUI] [worker:ComfyUI-SAM3DObjects] [VRAM] _load_condition_embedder(slat): after load_state_dict: torch=105MiB alloc, 352MiB reserved | gpu=796MiB/7703MiB used
[09:35]   [ComfyUI] [SubprocessWorker] callback 'request_vram_budget' from call_id=3
[09:35]   [ComfyUI] [comfy-env] VRAM request: 2.50GB, free before eviction: 7.38GB
[09:35]   [ComfyUI] [comfy-env] VRAM after eviction: 7.38GB
[09:36]   [ComfyUI] [worker:ComfyUI-SAM3DObjects] [VRAM] +209MB (now 505MB) reserved=608MB peak=4201MB
[09:36]   [ComfyUI] [worker:ComfyUI-SAM3DObjects] [VRAM] Stage2: before embedding: torch=1332MiB alloc, 1376MiB reserved | gpu=1820MiB/7703MiB used
[09:36]   [ComfyUI] [worker:ComfyUI-SAM3DObjects] [VRAM] Stage2: after embedding: torch=1342MiB alloc, 1472MiB reserved | gpu=1916MiB/7703MiB used
[09:37]   [ComfyUI] [worker:ComfyUI-SAM3DObjects] [VRAM] +837MB (now 1342MB) reserved=1472MB peak=4201MB
[09:37]   [capture-loop] iter=1800 t=207.0s state={'complete': False, 'error': None, 'executedCount': 2, 'wsState': 1} eval_ms=2
[09:37]   [ComfyUI] [worker:ComfyUI-SAM3DObjects] [VRAM] Stage2: after embedder unload: torch=115MiB alloc, 256MiB reserved | gpu=700MiB/7703MiB used
[09:37]   [ComfyUI] [worker:ComfyUI-SAM3DObjects] [VRAM] _load_generator(slat): before build: torch=115MiB alloc, 256MiB reserved | gpu=700MiB/7703MiB used
[09:38]   [ComfyUI] [worker:ComfyUI-SAM3DObjects] [VRAM] -1228MB (now 115MB) reserved=256MB peak=4201MB
[09:41]   [ComfyUI] [worker:ComfyUI-SAM3DObjects] [VRAM] _load_generator(slat): after load_state_dict: torch=115MiB alloc, 256MiB reserved | gpu=700MiB/7703MiB used
[09:41]   [ComfyUI] [SubprocessWorker] callback 'request_vram_budget' from call_id=3
[09:41]   [ComfyUI] [comfy-env] VRAM request: 2.40GB, free before eviction: 7.34GB
[09:41]   [ComfyUI] [comfy-env] VRAM after eviction: 7.34GB
[09:41]   [ComfyUI] [worker:ComfyUI-SAM3DObjects] [VRAM] +567MB (now 683MB) reserved=768MB peak=4201MB
[09:42]   [ComfyUI] [worker:ComfyUI-SAM3DObjects] [VRAM] Stage2: before inference: torch=2406MiB alloc, 2464MiB reserved | gpu=2908MiB/7703MiB used
[09:42]   [ComfyUI] [worker:ComfyUI-SAM3DObjects] [DTYPE_DBG] _generate_noise_tensor: _compute_dtype=torch.bfloat16 shape=(1, 26539, 8) device=cuda:0
[09:42]   [ComfyUI] W0507 12:51:06.217000 1260 .ce/.pixi/envs/sam3dobjects-nodes/lib/python3.12/site-packages/torch/fx/_symbolic_trace.py:53] is_fx_tracing will return true for both fx.symbolic_trace and torch.export. Please use is_fx_tracing_symbolic_tracing() for specifically fx.symbolic_trace or torch.compiler.is_compiling() for specifically torch.export/compile.
[09:42]   [ComfyUI] [worker:ComfyUI-SAM3DObjects] [VRAM] +1731MB (now 2414MB) reserved=2496MB peak=4201MB
[09:42]   [capture-loop] iter=1850 t=212.8s state={'complete': False, 'error': None, 'executedCount': 2, 'wsState': 1} eval_ms=2
[09:43]   [ComfyUI] [worker:ComfyUI-SAM3DObjects] [33m[comfy-attn] Varlen attention: sage2[0m
[09:43]   [ComfyUI] [worker:ComfyUI-SAM3DObjects] [VRAM] +275MB (now 2690MB) reserved=2752MB peak=4201MB
[09:46]   [ComfyUI] [worker:ComfyUI-SAM3DObjects] [VRAM] -205MB (now 2485MB) reserved=2816MB peak=4201MB
[09:48]   [ComfyUI] [worker:ComfyUI-SAM3DObjects] [VRAM] +430MB (now 2916MB) reserved=3200MB peak=4201MB
[09:48]   [capture-loop] iter=1900 t=218.4s state={'complete': False, 'error': None, 'executedCount': 2, 'wsState': 1} eval_ms=2
[09:48]   [ComfyUI] [SubprocessWorker] callback 'report_progress' from call_id=3
[09:49]   [ComfyUI] [worker:ComfyUI-SAM3DObjects] [VRAM] -287MB (now 2629MB) reserved=3328MB peak=4201MB
[09:50]   [ComfyUI] [SubprocessWorker] callback 'report_progress' from call_id=3
[09:50]   Frame 20 saved (frame_019.jpg, t=220.7s)
[09:50]   [capture-periodic] freeze=2ms shot=185ms unfreeze=6ms saved=True
[09:51]   [ComfyUI] [SubprocessWorker] callback 'report_progress' from call_id=3
[09:52]   [ComfyUI] [SubprocessWorker] callback 'report_progress' from call_id=3
[09:53]   Frame 21 saved (frame_020.jpg, t=223.0s)
[09:53]   [capture-periodic] freeze=1ms shot=186ms unfreeze=4ms saved=True
[09:54]   [capture-loop] iter=1950 t=224.3s state={'complete': False, 'error': None, 'executedCount': 2, 'wsState': 1} eval_ms=2
[09:54]   [ComfyUI] [SubprocessWorker] callback 'report_progress' from call_id=3
[09:55]   Frame 22 saved (frame_021.jpg, t=225.3s)
[09:55]   [capture-periodic] freeze=1ms shot=182ms unfreeze=6ms saved=True
[09:55]   [ComfyUI] [SubprocessWorker] callback 'report_progress' from call_id=3
[09:57]   [ComfyUI] [SubprocessWorker] callback 'report_progress' from call_id=3
[09:57]   [ComfyUI] [SubprocessWorker] callback 'report_progress' from call_id=3
[09:57]   Frame 23 saved (frame_022.jpg, t=227.7s)
[09:57]   [capture-periodic] freeze=1ms shot=141ms unfreeze=10ms saved=True
[09:58]   [ComfyUI] [SubprocessWorker] callback 'report_progress' from call_id=3
[09:59]   [ComfyUI] [SubprocessWorker] callback 'report_progress' from call_id=3
[09:59]   [ComfyUI] [SubprocessWorker] callback 'report_progress' from call_id=3
[09:59]   [capture-loop] iter=2000 t=229.9s state={'complete': False, 'error': None, 'executedCount': 2, 'wsState': 1} eval_ms=2
[10:00]   Frame 24 saved (frame_023.jpg, t=229.9s)
[10:00]   [capture-periodic] freeze=3ms shot=174ms unfreeze=6ms saved=True
[10:00]   [ComfyUI] [SubprocessWorker] callback 'report_progress' from call_id=3
[10:00]   [ComfyUI] [worker:ComfyUI-SAM3DObjects] [VRAM] Stage2: after inference: torch=2407MiB alloc, 3264MiB reserved | gpu=3712MiB/7703MiB used
[10:00]   [ComfyUI] [worker:ComfyUI-SAM3DObjects] [VRAM] -246MB (now 2384MB) reserved=3264MB peak=4201MB
[10:01]   [ComfyUI] [worker:ComfyUI-SAM3DObjects] [VRAM] Stage2: after model cleanup: torch=116MiB alloc, 288MiB reserved | gpu=736MiB/7703MiB used
[10:01]   [ComfyUI] [worker:ComfyUI-SAM3DObjects] [VRAM] GenerateSLAT: done: torch=97MiB alloc, 288MiB reserved | gpu=736MiB/7703MiB used
[10:01]   [ComfyUI] [SubprocessWorker] got response: ok
[10:01]   [ComfyUI] [comfy-env] Created 5 model patchers: ['EmbedderFuser_2', 'ShortCut_3', 'SparseStructureDecoderTdfyWrapper_4', 'EmbedderFuser_5', 'FlowMatching_6']
[10:01]   [ComfyUI] [comfy-env] SAM3DGenerateSLAT done (54.50s): result: NodeOutput
[10:01]   [ComfyUI] [VRAM] After SAM3DGenerateSLAT: 736 / 7703 MB
[10:01]   [ComfyUI] [VRAM] Loaded: SubprocessModel (0 MB), SubprocessModel (0 MB), SubprocessModel (0 MB), SubprocessModel (0 MB), SubprocessModel (0 MB), SubprocessModel (0 MB)
[10:01]   [ComfyUI] [comfy-env] Running SAM3DMeshDecode: with_postprocess: False, simplify: 0.95, up_axis: 'Y-up (standard)', world_coordinates: False, use_sparse_flexicubes: True, slat_decoder_mesh: dict, slat: '/workspaces/SAM3DObjects-1241/ComfyUI/output/sam3d_run_1...
[10:01]   [ComfyUI] [VRAM] Before SAM3DMeshDecode: 736 / 7703 MB
[10:01]   [ComfyUI] [VRAM] Loaded: SubprocessModel (0 MB), SubprocessModel (0 MB), SubprocessModel (0 MB), SubprocessModel (0 MB), SubprocessModel (0 MB), SubprocessModel (0 MB)
[10:01]   [ComfyUI] [SubprocessWorker] call_method: nodes.mesh_decode.SAM3DMeshDecode.EXECUTE_NORMALIZED
[10:01]   [ComfyUI] [SubprocessWorker] acquired lock, ensuring started...
[10:01]   [ComfyUI] [ComfyUI-SAM3DObjects] Health check: ping (timeout=5.0s)...
[10:01]   [ComfyUI] [ComfyUI-SAM3DObjects] Health check: ok
[10:01]   [ComfyUI] [SubprocessWorker] worker started/confirmed
[10:01]   [ComfyUI] [SubprocessWorker] serializing kwargs to shm...
[10:01]   [ComfyUI] [SubprocessWorker] created 0 shm blocks
[10:01]   [ComfyUI] [SubprocessWorker] sending request via socket...
[10:01]   [ComfyUI] [SubprocessWorker] call_id=4 sending call_method
[10:01]   [ComfyUI] [worker:ComfyUI-SAM3DObjects] [VRAM] MeshDecode: start: torch=9MiB alloc, 288MiB reserved | gpu=736MiB/7703MiB used
[10:01]   [ComfyUI] [SubprocessWorker] callback 'report_progress' from call_id=4
[10:01]   [ComfyUI] [worker:ComfyUI-SAM3DObjects] [VRAM] _load_decoder(slat_decoder_mesh): before instantiate: torch=9MiB alloc, 288MiB reserved | gpu=736MiB/7703MiB used
[10:01]   [ComfyUI] [worker:ComfyUI-SAM3DObjects] [VRAM] _load_decoder(slat_decoder_mesh): after load_state_dict: torch=9MiB alloc, 416MiB reserved | gpu=864MiB/7703MiB used
[10:01]   [ComfyUI] [worker:ComfyUI-SAM3DObjects] [VRAM] -2375MB (now 9MB) reserved=416MB peak=4201MB
[10:01]   [ComfyUI] [SubprocessWorker] callback 'request_vram_budget' from call_id=4
[10:01]   [ComfyUI] [comfy-env] VRAM request: 0.18GB, free before eviction: 7.17GB
[10:01]   [ComfyUI] [comfy-env] VRAM after eviction: 7.17GB
[10:01]   [ComfyUI] [worker:ComfyUI-SAM3DObjects] [VRAM] Decode(mesh): after load_models_gpu: torch=183MiB alloc, 288MiB reserved | gpu=736MiB/7703MiB used
[10:01]   [ComfyUI] [SubprocessWorker] callback 'report_progress' from call_id=4
[10:02]   [ComfyUI] [worker:ComfyUI-SAM3DObjects] [VRAM] +640MB (now 650MB) reserved=736MB peak=4201MB
[10:02]   Frame 25 saved (frame_024.jpg, t=232.2s)
[10:02]   [capture-periodic] freeze=1ms shot=182ms unfreeze=9ms saved=True
[10:04]   Frame 26 saved (frame_025.jpg, t=234.5s)
[10:04]   [capture-periodic] freeze=1ms shot=176ms unfreeze=5ms saved=True
[10:05]   [ComfyUI] [worker:ComfyUI-SAM3DObjects] [VRAM] +302MB (now 952MB) reserved=1088MB peak=4201MB
[10:05]   [capture-loop] iter=2050 t=235.8s state={'complete': False, 'error': None, 'executedCount': 2, 'wsState': 1} eval_ms=2
[10:09]   [ComfyUI] [worker:ComfyUI-SAM3DObjects] [VRAM] +1130MB (now 2083MB) reserved=2240MB peak=4201MB
[10:09]   [ComfyUI] [worker:ComfyUI-SAM3DObjects] WARNING: [VRAM:mesh] start: 1052 MiB | cubefeats torch.Size([1698496, 101])
[10:09]   [ComfyUI] [worker:ComfyUI-SAM3DObjects] WARNING: [VRAM:mesh] after sparse_cube2verts: 1149 MiB | v_pos torch.Size([1954154, 3])
[10:09]   [ComfyUI] [worker:ComfyUI-SAM3DObjects] WARNING: [VRAM:mesh] after get_sparse_attrs + del: 437 MiB | verts 1954154 cubes 1698496
[10:09]   [ComfyUI] [worker:ComfyUI-SAM3DObjects] [VRAM] -1203MB (now 880MB) reserved=1216MB peak=4201MB
[10:09]   [ComfyUI] [worker:ComfyUI-SAM3DObjects] WARNING: [VRAM:mesh] after dilation: 498 MiB | verts 2379394 cubes 2137402
[10:09]   [ComfyUI] [worker:ComfyUI-SAM3DObjects] WARNING: [VRAM:mesh] after searchsorted: 601 MiB | reg_c torch.Size([2137402, 8])
[10:09]   [ComfyUI] [worker:ComfyUI-SAM3DObjects] WARNING: [VRAM:fc] start: 601 MiB | verts torch.Size([2379395, 3]) cubes torch.Size([2137402, 8]) sdf torch.Size([2379395])
[10:09]   [ComfyUI] [worker:ComfyUI-SAM3DObjects] WARNING: [VRAM:fc] after _identify_surf_cubes: 619 MiB | surf_cubes 492518/2137402
[10:09]   [ComfyUI] [worker:ComfyUI-SAM3DObjects] WARNING: [VRAM:fc] after _get_case_id: 715 MiB
[10:09]   [ComfyUI] [worker:ComfyUI-SAM3DObjects] WARNING: [VRAM:fc] after _identify_surf_edges: 792 MiB | surf_edges torch.Size([492862, 2])
[10:09]   [ComfyUI] [worker:ComfyUI-SAM3DObjects] WARNING: [VRAM:fc] after _compute_vd: 864 MiB | vd torch.Size([492862, 3])
[10:09]   [ComfyUI] [worker:ComfyUI-SAM3DObjects] WARNING: [VRAM:fc] after _triangulate: 886 MiB | verts torch.Size([492862, 3]) faces torch.Size([985724, 3])
[10:09]   [ComfyUI] [worker:ComfyUI-SAM3DObjects] WARNING: [VRAM:mesh] after FlexiCubes: 637 MiB | verts torch.Size([492862, 3]) faces torch.Size([985724, 3])
[10:09]   [ComfyUI] [SubprocessWorker] callback 'report_progress' from call_id=4
[10:09]   [ComfyUI] [worker:ComfyUI-SAM3DObjects] [VRAM] Decode(mesh): after cleanup: torch=83MiB alloc, 256MiB reserved | gpu=706MiB/7703MiB used
[10:09]   [ComfyUI] [SubprocessWorker] callback 'report_progress' from call_id=4
[10:09]   [ComfyUI] [worker:ComfyUI-SAM3DObjects] [VRAM] MeshDecode: done: torch=9MiB alloc, 256MiB reserved | gpu=706MiB/7703MiB used
[10:09]   [ComfyUI] [SubprocessWorker] got response: ok
[10:09]   [ComfyUI] [comfy-env] Created 1 model patchers: ['SLatMeshDecoderTdfyWrapper_7']
[10:09]   [ComfyUI] [comfy-env] SAM3DMeshDecode done (8.50s): result: NodeOutput
[10:09]   [ComfyUI] [VRAM] After SAM3DMeshDecode: 706 / 7703 MB
[10:09]   [ComfyUI] [VRAM] Loaded: SubprocessModel (0 MB), SubprocessModel (0 MB), SubprocessModel (0 MB), SubprocessModel (0 MB), SubprocessModel (0 MB), SubprocessModel (0 MB), SubprocessModel (0 MB)
[10:09]   [ComfyUI] Prompt executed in 239.56 seconds
[10:10]   Node executed (3 total), capturing...
[10:12]   Frame 27 saved (frame_026.jpg, t=240.2s)
[10:12]   [capture-node] freeze=34ms shot=1768ms unfreeze=5ms saved=True
[10:12]   Execution complete (t=242.1s)
[10:12]   [3d-wait] Phase 1: Waiting for 'Loading 3D Model' text to disappear...
[11:12]   [3d-wait] Phase 1 exception after 60.0s: Page.wait_for_function: Timeout 60000ms exceeded.
[11:12]   [3d-wait] Phase 2: iframes=0
[11:12]   [3d-wait] Total 3D wait: 60.0s
[11:12]   Captured 27 unique frames over 302.15s
[11:12]   [debug] iframes: 0
[11:12]   [timing] trigger_3d_previews: 0.0s
[11:15]   Saved high-quality screenshot: debug_large_image_results_executed.png
[11:15]   [timing] final_screenshot: 1.1s
[11:15]   [ComfyUI] [comfy-env] [VRAM] Before offload 'ShortCut_3' (3677 MB) -> cpu: 706 / 7703 MB
[11:15] Capturing execution frames: full_generation.json
[11:15]   [ComfyUI] [ComfyUI-SAM3DObjects] Health check: ping (timeout=5.0s)...
[11:15]   [ComfyUI] [ComfyUI-SAM3DObjects] Health check: failed
[11:15]   [ComfyUI] [ComfyUI-SAM3DObjects] Socket unhealthy, restarting worker...
[11:15]   [ComfyUI] [ComfyUI-SAM3DObjects] python: /workspaces/SAM3DObjects-1241/ComfyUI/.ce/.pixi/envs/sam3dobjects-nodes/bin/python
[11:15]   [ComfyUI] [comfy-env] Invalidated 7 stale model patchers (will be cleaned up during next unload)
[11:15]   [ComfyUI] [ComfyUI-SAM3DObjects] sys_path sent to worker: ['/workspaces/SAM3DObjects-1241/ComfyUI', '/workspaces/SAM3DObjects-1241/ComfyUI/custom_nodes/ComfyUI-SAM3DObjects', '/workspaces/SAM3DObjects-1241/ComfyUI/.ce/.pixi/envs/sam3dobjects-nodes/lib/python3.12/site-packages', '/workspaces/SAM3DObjects-1241/ComfyUI/custom_nodes/ComfyUI-SAM3DObjects']
[11:15]   [ComfyUI] [SubprocessWorker] is_pixi=True, python=/workspaces/SAM3DObjects-1241/ComfyUI/.ce/.pixi/envs/sam3dobjects-nodes/bin/python
[11:15]   [ComfyUI] [SubprocessWorker] launching cmd=['/root/.pixi/bin/pixi', 'run', '--as-is', '--manifest-path', '/workspaces/SAM3DObjects-1241/ComfyUI/.ce/pixi.toml', '-e', 'sam3dobjects-nodes', 'python', '/tmp/comfyui_pvenv_8g80169v/persistent_worker.py', 'abstract://comfy_worker_99f403ee20e8']...
[11:15]   [ComfyUI] [SubprocessWorker] socket_addr=abstract://comfy_worker_99f403ee20e8 (abstract, no filesystem path)
[11:18]   [ComfyUI] [worker:ComfyUI-SAM3DObjects] WARNING: WARNING: You need pytorch with cu130 or higher to use optimized CUDA operations.
[11:18]   [ComfyUI] [SubprocessWorker] call_id=5 sending model_to_device
[11:18]   [ComfyUI] Model 'ShortCut_3' gone from worker (restarted?), treating as offloaded
[11:18]   [ComfyUI] [comfy-env] [VRAM] After offload 'ShortCut_3' (3677 MB): 759 / 7703 MB
[11:18]   [ComfyUI] [comfy-env] [VRAM] Before offload 'FlowMatching_6' (2290 MB) -> cpu: 759 / 7703 MB
[11:18]   [ComfyUI] [ComfyUI-SAM3DObjects] Health check: ping (timeout=5.0s)...
[11:18]   [ComfyUI] [ComfyUI-SAM3DObjects] Health check: ok
[11:18]   [ComfyUI] [SubprocessWorker] call_id=6 sending model_to_device
[11:18]   [ComfyUI] Model 'FlowMatching_6' gone from worker (restarted?), treating as offloaded
[11:18]   [ComfyUI] [comfy-env] [VRAM] After offload 'FlowMatching_6' (2290 MB): 759 / 7703 MB
[11:18]   [ComfyUI] [comfy-env] [VRAM] Before offload 'EmbedderFuser_2' (1259 MB) -> cpu: 759 / 7703 MB
[11:18]   [ComfyUI] [ComfyUI-SAM3DObjects] Health check: ping (timeout=5.0s)...
[11:18]   [ComfyUI] [ComfyUI-SAM3DObjects] Health check: ok
[11:18]   [ComfyUI] [SubprocessWorker] call_id=7 sending model_to_device
[11:18]   [ComfyUI] Model 'EmbedderFuser_2' gone from worker (restarted?), treating as offloaded
[11:18]   [ComfyUI] [comfy-env] [VRAM] After offload 'EmbedderFuser_2' (1259 MB): 759 / 7703 MB
[11:18]   [ComfyUI] [comfy-env] [VRAM] Before offload 'EmbedderFuser_5' (1227 MB) -> cpu: 759 / 7703 MB
[11:18]   [ComfyUI] [ComfyUI-SAM3DObjects] Health check: ping (timeout=5.0s)...
[11:18]   [ComfyUI] [ComfyUI-SAM3DObjects] Health check: ok
[11:18]   [ComfyUI] [SubprocessWorker] call_id=8 sending model_to_device
[11:18]   [ComfyUI] Model 'EmbedderFuser_5' gone from worker (restarted?), treating as offloaded
[11:18]   [ComfyUI] [comfy-env] [VRAM] After offload 'EmbedderFuser_5' (1227 MB): 759 / 7703 MB
[11:18]   [ComfyUI] [comfy-env] [VRAM] Before offload 'MoGeModelV1_1' (599 MB) -> cpu: 759 / 7703 MB
[11:18]   [ComfyUI] [ComfyUI-SAM3DObjects] Health check: ping (timeout=5.0s)...
[11:18]   [ComfyUI] [ComfyUI-SAM3DObjects] Health check: ok
[11:18]   [ComfyUI] [SubprocessWorker] call_id=9 sending model_to_device
[11:18]   [ComfyUI] Model 'MoGeModelV1_1' gone from worker (restarted?), treating as offloaded
[11:18]   [ComfyUI] [comfy-env] [VRAM] After offload 'MoGeModelV1_1' (599 MB): 759 / 7703 MB
[11:18]   [ComfyUI] [comfy-env] [VRAM] Before offload 'SLatMeshDecoderTdfyWrapper_7' (173 MB) -> cpu: 759 / 7703 MB
[11:18]   [ComfyUI] [ComfyUI-SAM3DObjects] Health check: ping (timeout=5.0s)...
[11:18]   [ComfyUI] [ComfyUI-SAM3DObjects] Health check: ok
[11:18]   [ComfyUI] [SubprocessWorker] call_id=10 sending model_to_device
[11:18]   [ComfyUI] Model 'SLatMeshDecoderTdfyWrapper_7' gone from worker (restarted?), treating as offloaded
[11:18]   [ComfyUI] [comfy-env] [VRAM] After offload 'SLatMeshDecoderTdfyWrapper_7' (173 MB): 759 / 7703 MB
[11:18]   [ComfyUI] [comfy-env] [VRAM] Before offload 'SparseStructureDecoderTdfyWrapper_4' (140 MB) -> cpu: 759 / 7703 MB
[11:18]   [ComfyUI] [ComfyUI-SAM3DObjects] Health check: ping (timeout=5.0s)...
[11:18]   [ComfyUI] [ComfyUI-SAM3DObjects] Health check: ok
[11:18]   [ComfyUI] [SubprocessWorker] call_id=11 sending model_to_device
[11:18]   [ComfyUI] Model 'SparseStructureDecoderTdfyWrapper_4' gone from worker (restarted?), treating as offloaded
[11:18]   [ComfyUI] [comfy-env] [VRAM] After offload 'SparseStructureDecoderTdfyWrapper_4' (140 MB): 759 / 7703 MB
[11:22]   Frame 1 saved (frame_000.jpg, t=0.0s)
[11:22]   Validating workflow...
[11:22]   [ComfyUI] === /validate endpoint called ===
[11:22]   [ComfyUI] Received JSON with keys: ['prompt']
[11:22]   [ComfyUI] Prompt has 11 nodes
[11:22]   [ComfyUI]   Node 4: LoadImage
[11:22]   [ComfyUI]     Inputs: {"image": "elephant.png"}
[11:22]   Queuing workflow for execution...
[11:22]   [ComfyUI]   Node 28: InvertMask
[11:22]   [ComfyUI]     Inputs: {"mask": ["4", 1]}
[11:22]   [ComfyUI]   Node 48: Preview3D
[11:22]   [ComfyUI]     Inputs: {"model_file": ["73", 0], "image": ""}
[11:22]   [ComfyUI]   Node 53: MaskPreview
[11:22]   [ComfyUI]     Inputs: {"mask": ["28", 0]}
[11:22]   [ComfyUI]   Node 54: SAM3D_PreviewPointCloud
[11:22]   [ComfyUI]     Inputs: {"file_path": ["59", 2], "preview_vtk": ""}
[11:22]   [ComfyUI]   Node 59: SAM3D_DepthEstimate
[11:22]   [ComfyUI]     Inputs: {"depth_model": ["74", 0], "image": ["4", 0]}
[11:22]   [ComfyUI]   Node 70: SAM3DGenerateSLAT
[11:22]   [ComfyUI]     Inputs: {"seed": 42, "stage1_steps": 12, "stage1_cfg": 7.5, "stage1_cfg_pm": 0, "stage2_steps": 12, "stage2_cfg": 5, "use_distillation": false, "generator": ["74", 1], "image": ["4", 0], "mask": ["28", 0], "p
[11:22]   [ComfyUI]   Node 71: SAM3DGaussianDecode
[11:22]   [ComfyUI]     Inputs: {"up_axis": "Y-up (standard)", "world_coordinates": false, "slat_decoder_gs": ["74", 2], "slat": ["70", 0]}
[11:22]   [ComfyUI]   Node 72: SAM3DMeshDecode
[11:22]   [ComfyUI]     Inputs: {"with_postprocess": true, "simplify": 0.95, "up_axis": "Y-up (standard)", "world_coordinates": false, "use_sparse_flexicubes": true, "slat_decoder_mesh": ["74", 3], "slat": ["70", 0]}
[11:22]   [ComfyUI]   Node 73: SAM3DTextureBake
[11:22]   [ComfyUI]     Inputs: {"glb_path": ["72", 0], "ply_path": ["71", 0], "texture_mode": "fast", "texture_size": 1024, "rendering_engine": "nvdiffrast"}
[11:22]   [ComfyUI]   Node 74: LoadSAM3DModel
[11:22]   [ComfyUI]     Inputs: {"attn_backend": "flash_attn", "compile": false, "precision": "auto"}
[11:22]   [ComfyUI] Generated prompt_id: 0fa3e630-3b82-4f67-9aaf-b898b153b253
[11:22]   [ComfyUI] Calling execution.validate_prompt()...
[11:22]   [ComfyUI] Validation result: valid=True
[11:22]   [ComfyUI] === Validation PASSED ===
[11:22]   [ComfyUI] got prompt
[11:22]   [ComfyUI] [comfy-env] Running LoadSAM3DModel: attn_backend: 'flash_attn', compile: False, precision: 'auto'
[11:22]   [ComfyUI] [VRAM] Before LoadSAM3DModel: 270 / 7703 MB
[11:22]   [ComfyUI] [SubprocessWorker] call_method: nodes.load_model.LoadSAM3DModel.EXECUTE_NORMALIZED
[11:22]   [ComfyUI] [SubprocessWorker] acquired lock, ensuring started...
[11:22]   [ComfyUI] [ComfyUI-SAM3DObjects] Health check: ping (timeout=5.0s)...
[11:22]   [ComfyUI] [ComfyUI-SAM3DObjects] Health check: ok
[11:22]   [ComfyUI] [SubprocessWorker] worker started/confirmed
[11:22]   [ComfyUI] [SubprocessWorker] serializing kwargs to shm...
[11:22]   [ComfyUI] [SubprocessWorker] created 0 shm blocks
[11:22]   [ComfyUI] [SubprocessWorker] sending request via socket...
[11:22]   [ComfyUI] [SubprocessWorker] call_id=12 sending call_method
[11:22]   Node executed (1 total), capturing...
[11:22]   [ComfyUI] [SubprocessWorker] got response: ok
[11:22]   [ComfyUI] [comfy-env] [VRAM] Before offload 'SLatMeshDecoderTdfyWrapper_7' (173 MB) -> cpu: 270 / 7703 MB
[11:22]   [ComfyUI] [ComfyUI-SAM3DObjects] Health check: ping (timeout=5.0s)...
[11:22]   [ComfyUI] [ComfyUI-SAM3DObjects] Health check: ok
[11:22]   [ComfyUI] [SubprocessWorker] call_id=13 sending model_to_device
[11:22]   [ComfyUI] Model 'SLatMeshDecoderTdfyWrapper_7' gone from worker (restarted?), treating as offloaded
[11:22]   [ComfyUI] [comfy-env] [VRAM] After offload 'SLatMeshDecoderTdfyWrapper_7' (173 MB): 270 / 7703 MB
[11:22]   [ComfyUI] [comfy-env] [VRAM] Before offload 'FlowMatching_6' (2290 MB) -> cpu: 270 / 7703 MB
[11:22]   [ComfyUI] [ComfyUI-SAM3DObjects] Health check: ping (timeout=5.0s)...
[11:22]   [ComfyUI] [ComfyUI-SAM3DObjects] Health check: ok
[11:22]   [ComfyUI] [SubprocessWorker] call_id=14 sending model_to_device
[11:22]   [ComfyUI] Model 'FlowMatching_6' gone from worker (restarted?), treating as offloaded
[11:22]   [ComfyUI] [comfy-env] [VRAM] After offload 'FlowMatching_6' (2290 MB): 270 / 7703 MB
[11:22]   [ComfyUI] [comfy-env] [VRAM] Before offload 'EmbedderFuser_5' (1227 MB) -> cpu: 270 / 7703 MB
[11:22]   [ComfyUI] [ComfyUI-SAM3DObjects] Health check: ping (timeout=5.0s)...
[11:22]   [ComfyUI] [ComfyUI-SAM3DObjects] Health check: ok
[11:22]   [ComfyUI] [SubprocessWorker] call_id=15 sending model_to_device
[11:22]   [ComfyUI] Model 'EmbedderFuser_5' gone from worker (restarted?), treating as offloaded
[11:22]   [ComfyUI] [comfy-env] [VRAM] After offload 'EmbedderFuser_5' (1227 MB): 270 / 7703 MB
[11:22]   [ComfyUI] [comfy-env] [VRAM] Before offload 'SparseStructureDecoderTdfyWrapper_4' (140 MB) -> cpu: 270 / 7703 MB
[11:22]   [ComfyUI] [ComfyUI-SAM3DObjects] Health check: ping (timeout=5.0s)...
[11:22]   [ComfyUI] [ComfyUI-SAM3DObjects] Health check: ok
[11:22]   [ComfyUI] [SubprocessWorker] call_id=16 sending model_to_device
[11:22]   [ComfyUI] Model 'SparseStructureDecoderTdfyWrapper_4' gone from worker (restarted?), treating as offloaded
[11:22]   [ComfyUI] [comfy-env] [VRAM] After offload 'SparseStructureDecoderTdfyWrapper_4' (140 MB): 270 / 7703 MB
[11:22]   [ComfyUI] [comfy-env] [VRAM] Before offload 'ShortCut_3' (3677 MB) -> cpu: 270 / 7703 MB
[11:22]   [ComfyUI] [ComfyUI-SAM3DObjects] Health check: ping (timeout=5.0s)...
[11:22]   [ComfyUI] [ComfyUI-SAM3DObjects] Health check: ok
[11:22]   [ComfyUI] [SubprocessWorker] call_id=17 sending model_to_device
[11:22]   [ComfyUI] Model 'ShortCut_3' gone from worker (restarted?), treating as offloaded
[11:22]   [ComfyUI] [comfy-env] [VRAM] After offload 'ShortCut_3' (3677 MB): 270 / 7703 MB
[11:22]   [ComfyUI] [comfy-env] [VRAM] Before offload 'EmbedderFuser_2' (1259 MB) -> cpu: 270 / 7703 MB
[11:22]   [ComfyUI] [ComfyUI-SAM3DObjects] Health check: ping (timeout=5.0s)...
[11:22]   [ComfyUI] [ComfyUI-SAM3DObjects] Health check: ok
[11:22]   [ComfyUI] [SubprocessWorker] call_id=18 sending model_to_device
[11:22]   [ComfyUI] Model 'EmbedderFuser_2' gone from worker (restarted?), treating as offloaded
[11:22]   [ComfyUI] [comfy-env] [VRAM] After offload 'EmbedderFuser_2' (1259 MB): 270 / 7703 MB
[11:22]   [ComfyUI] [comfy-env] [VRAM] Before offload 'MoGeModelV1_1' (599 MB) -> cpu: 270 / 7703 MB
[11:22]   [ComfyUI] [ComfyUI-SAM3DObjects] Health check: ping (timeout=5.0s)...
[11:22]   [ComfyUI] [ComfyUI-SAM3DObjects] Health check: ok
[11:22]   [ComfyUI] [SubprocessWorker] call_id=19 sending model_to_device
[11:22]   [ComfyUI] Model 'MoGeModelV1_1' gone from worker (restarted?), treating as offloaded
[11:22]   [ComfyUI] [comfy-env] [VRAM] After offload 'MoGeModelV1_1' (599 MB): 270 / 7703 MB
[11:22]   [ComfyUI] [comfy-env] LoadSAM3DModel done (0.29s): result: NodeOutput
[11:22]   [ComfyUI] [VRAM] After LoadSAM3DModel: 270 / 7703 MB
[11:22]   [ComfyUI] [comfy-env] Running SAM3D_DepthEstimate: depth_model: dict, image: torch.float32 [1,1062,1600,3] cpu
[11:22]   [ComfyUI] [VRAM] Before SAM3D_DepthEstimate: 270 / 7703 MB
[11:22]   [ComfyUI] [SubprocessWorker] call_method: nodes.depth_estimate.SAM3D_DepthEstimate.EXECUTE_NORMALIZED
[11:22]   [ComfyUI] [SubprocessWorker] acquired lock, ensuring started...
[11:22]   [ComfyUI] [ComfyUI-SAM3DObjects] Health check: ping (timeout=5.0s)...
[11:22]   [ComfyUI] [ComfyUI-SAM3DObjects] Health check: ok
[11:22]   [ComfyUI] [SubprocessWorker] worker started/confirmed
[11:22]   [ComfyUI] [comfy-env] PRE-SERIALIZE 'image' shape: torch.Size([1, 1062, 1600, 3])
[11:22]   [ComfyUI] [SubprocessWorker] serializing kwargs to shm...
[11:22]   [ComfyUI] [SubprocessWorker] created 0 shm blocks
[11:22]   [ComfyUI] [SubprocessWorker] sending request via socket...
[11:22]   [ComfyUI] [SubprocessWorker] call_id=20 sending call_method
[11:22]   [ComfyUI] [worker:ComfyUI-SAM3DObjects] [comfy-env] _from_shm got dict with keys: ['__type__', 'strategy', 'parent_pid', 'fd', 'storage_size']
[11:22]   [ComfyUI] [worker:ComfyUI-SAM3DObjects] [comfy-env] DESERIALIZE TensorRef: tensor_size=[1, 1062, 1600, 3]
[11:22]   [ComfyUI] [worker:ComfyUI-SAM3DObjects] [comfy-env] DESERIALIZED tensor shape: torch.Size([1, 1062, 1600, 3])
[11:22]   Frame 2 saved (frame_001.jpg, t=0.7s)
[11:22]   [capture-node] freeze=2ms shot=209ms unfreeze=8ms saved=True
[11:23]   [ComfyUI] [worker:ComfyUI-SAM3DObjects] [VRAM] DepthEstimate: start: torch=0MiB alloc, 0MiB reserved | gpu=270MiB/7703MiB used
[11:23]   [ComfyUI] [worker:ComfyUI-SAM3DObjects] [VRAM] DepthEstimate: before MoGe from_pretrained: torch=0MiB alloc, 0MiB reserved | gpu=270MiB/7703MiB used
[11:23]   [ComfyUI] /workspaces/SAM3DObjects-1241/ComfyUI/custom_nodes/ComfyUI-SAM3DObjects/nodes/sam3d/moge.py:1012: UserWarning: Deprecated arguments ignored: {'output_mask': True, 'split_head': True}
[11:23]   [ComfyUI]   warnings.warn(f"Deprecated arguments ignored: {deprecated_kwargs}")
[11:24]   [ComfyUI] [worker:ComfyUI-SAM3DObjects] [VRAM] DepthEstimate: after MoGe from_pretrained: torch=0MiB alloc, 0MiB reserved | gpu=270MiB/7703MiB used
[11:24]   [ComfyUI] [worker:ComfyUI-SAM3DObjects] [VRAM] DepthEstimate: before load_models_gpu: torch=0MiB alloc, 0MiB reserved | gpu=270MiB/7703MiB used
[11:24]   [ComfyUI] [SubprocessWorker] callback 'request_vram_budget' from call_id=20
[11:24]   [ComfyUI] [comfy-env] VRAM request: 0.63GB, free before eviction: 7.79GB
[11:24]   [ComfyUI] [comfy-env] VRAM after eviction: 7.79GB
[11:24]   [ComfyUI] [worker:ComfyUI-SAM3DObjects] [VRAM] +376MB (now 376MB) reserved=384MB peak=376MB
[11:24]   [ComfyUI] [worker:ComfyUI-SAM3DObjects] [VRAM] DepthEstimate: after load_models_gpu: torch=599MiB alloc, 608MiB reserved | gpu=948MiB/7703MiB used
[11:25]   Frame 3 saved (frame_002.jpg, t=3.0s)
[11:25]   [capture-periodic] freeze=2ms shot=198ms unfreeze=7ms saved=True
[11:25]   [ComfyUI] [worker:ComfyUI-SAM3DObjects] [VRAM] +223MB (now 599MB) reserved=608MB peak=599MB
[11:26]   [ComfyUI] [SubprocessWorker] callback 'report_progress' from call_id=20
[11:26]   [ComfyUI] [worker:ComfyUI-SAM3DObjects] [VRAM] DepthEstimate: before MoGe inference: torch=599MiB alloc, 608MiB reserved | gpu=948MiB/7703MiB used
[11:26]   [ComfyUI] [worker:ComfyUI-SAM3DObjects] [VRAM] DepthEstimate: after MoGe inference: torch=642MiB alloc, 1120MiB reserved | gpu=1496MiB/7703MiB used
[11:27]   [ComfyUI] [worker:ComfyUI-SAM3DObjects] [VRAM] -223MB (now 376MB) reserved=704MB peak=679MB
[11:27]   [ComfyUI] [worker:ComfyUI-SAM3DObjects] [VRAM] DepthEstimate: after cleanup: torch=43MiB alloc, 96MiB reserved | gpu=472MiB/7703MiB used
[11:27]   [ComfyUI] [SubprocessWorker] callback 'report_progress' from call_id=20
[11:27]   Frame 4 saved (frame_003.jpg, t=5.4s)
[11:27]   [capture-periodic] freeze=1ms shot=203ms unfreeze=7ms saved=True
[11:27]   [ComfyUI] [SubprocessWorker] callback 'report_progress' from call_id=20
[11:28]   [ComfyUI] [worker:ComfyUI-SAM3DObjects] [VRAM] -315MB (now 62MB) reserved=160MB peak=679MB
[11:28]   [capture-loop] iter=50 t=6.5s state={'complete': False, 'error': None, 'executedCount': 1, 'wsState': 1} eval_ms=2
[11:28]   [ComfyUI] [SubprocessWorker] callback 'report_progress' from call_id=20
[11:28]   [ComfyUI] [worker:ComfyUI-SAM3DObjects] [VRAM] DepthEstimate: done: torch=62MiB alloc, 160MiB reserved | gpu=536MiB/7703MiB used
[11:28]   [ComfyUI] [SubprocessWorker] got response: ok
[11:28]   [ComfyUI] [comfy-env] Created 1 model patchers: ['MoGeModelV1_1']
[11:28]   [ComfyUI] [comfy-env] SAM3D_DepthEstimate done (6.04s): result: NodeOutput
[11:28]   [ComfyUI] [VRAM] After SAM3D_DepthEstimate: 536 / 7703 MB
[11:28]   [ComfyUI] [VRAM] Loaded: SubprocessModel (0 MB)
[11:28]   [ComfyUI] [comfy-env] Running SAM3D_PreviewPointCloud: file_path: '/workspaces/SAM3DObjects-1241/ComfyUI/output/sam3d_infer...
[11:28]   [ComfyUI] [VRAM] Before SAM3D_PreviewPointCloud: 536 / 7703 MB
[11:28]   [ComfyUI] [VRAM] Loaded: SubprocessModel (0 MB)
[11:28]   [ComfyUI] [SubprocessWorker] call_method: nodes.preview_nodes.SAM3D_PreviewPointCloud.EXECUTE_NORMALIZED
[11:28]   [ComfyUI] [SubprocessWorker] acquired lock, ensuring started...
[11:28]   [ComfyUI] [ComfyUI-SAM3DObjects] Health check: ping (timeout=5.0s)...
[11:28]   [ComfyUI] [ComfyUI-SAM3DObjects] Health check: ok
[11:28]   [ComfyUI] [SubprocessWorker] worker started/confirmed
[11:28]   [ComfyUI] [SubprocessWorker] serializing kwargs to shm...
[11:28]   [ComfyUI] [SubprocessWorker] created 0 shm blocks
[11:28]   [ComfyUI] [SubprocessWorker] sending request via socket...
[11:28]   [ComfyUI] [SubprocessWorker] call_id=21 sending call_method
[11:28]   [ComfyUI] [SubprocessWorker] got response: ok
[11:28]   [ComfyUI] [comfy-env] SAM3D_PreviewPointCloud done (0.01s): result: NodeOutput
[11:28]   [ComfyUI] [VRAM] After SAM3D_PreviewPointCloud: 536 / 7703 MB
[11:28]   [ComfyUI] [VRAM] Loaded: SubprocessModel (0 MB)
[11:28]   [ComfyUI] [comfy-env] Running SAM3DGenerateSLAT: seed: 42, stage1_steps: 12, stage1_cfg: 7.5, stage1_cfg_pm: 0.0, stage2_steps: 12, stage2_cfg: 5.0, use_distillation: False, generator: dict, image: torch.float32 [1,1062,1600,3] cpu, mask: torch.float32 [1,1062,1600] cpu, pointmap: torch.float32 [1062,1600,3] cpu
[11:28]   [ComfyUI] [VRAM] Before SAM3DGenerateSLAT: 536 / 7703 MB
[11:28]   [ComfyUI] [VRAM] Loaded: SubprocessModel (0 MB)
[11:28]   [ComfyUI] [SubprocessWorker] call_method: nodes.generate_slat.SAM3DGenerateSLAT.EXECUTE_NORMALIZED
[11:28]   [ComfyUI] [SubprocessWorker] acquired lock, ensuring started...
[11:28]   [ComfyUI] [ComfyUI-SAM3DObjects] Health check: ping (timeout=5.0s)...
[11:28]   [ComfyUI] [ComfyUI-SAM3DObjects] Health check: ok
[11:28]   [ComfyUI] [SubprocessWorker] worker started/confirmed
[11:28]   [ComfyUI] [comfy-env] PRE-SERIALIZE 'image' shape: torch.Size([1, 1062, 1600, 3])
[11:28]   [ComfyUI] [comfy-env] PRE-SERIALIZE 'mask' shape: torch.Size([1, 1062, 1600])
[11:28]   [ComfyUI] [comfy-env] PRE-SERIALIZE 'pointmap' shape: torch.Size([1062, 1600, 3])
[11:28]   [ComfyUI] [SubprocessWorker] serializing kwargs to shm...
[11:28]   Node executed (2 total), capturing...
[11:28]   [ComfyUI] [SubprocessWorker] created 0 shm blocks
[11:28]   [ComfyUI] [SubprocessWorker] sending request via socket...
[11:28]   [ComfyUI] [SubprocessWorker] call_id=22 sending call_method
[11:28]   [ComfyUI] [worker:ComfyUI-SAM3DObjects] [comfy-env] _from_shm got dict with keys: ['__type__', 'strategy', 'parent_pid', 'fd', 'storage_size']
[11:28]   [ComfyUI] [worker:ComfyUI-SAM3DObjects] [comfy-env] DESERIALIZE TensorRef: tensor_size=[1, 1062, 1600, 3]
[11:28]   [ComfyUI] [worker:ComfyUI-SAM3DObjects] [comfy-env] DESERIALIZED tensor shape: torch.Size([1, 1062, 1600, 3])
[11:28]   [ComfyUI] [worker:ComfyUI-SAM3DObjects] [comfy-env] _from_shm got dict with keys: ['__type__', 'strategy', 'parent_pid', 'fd', 'storage_size']
[11:28]   [ComfyUI] [worker:ComfyUI-SAM3DObjects] [comfy-env] DESERIALIZE TensorRef: tensor_size=[1, 1062, 1600]
[11:28]   [ComfyUI] [worker:ComfyUI-SAM3DObjects] [comfy-env] DESERIALIZED tensor shape: torch.Size([1, 1062, 1600])
[11:28]   [ComfyUI] [worker:ComfyUI-SAM3DObjects] [comfy-env] _from_shm got dict with keys: ['__type__', 'strategy', 'parent_pid', 'fd', 'storage_size']
[11:28]   [ComfyUI] [worker:ComfyUI-SAM3DObjects] [comfy-env] DESERIALIZE TensorRef: tensor_size=[1062, 1600, 3]
[11:28]   [ComfyUI] [worker:ComfyUI-SAM3DObjects] [comfy-env] DESERIALIZED tensor shape: torch.Size([1062, 1600, 3])
[11:28]   [ComfyUI] [worker:ComfyUI-SAM3DObjects] [VRAM] GenerateSLAT: start: torch=9MiB alloc, 160MiB reserved | gpu=536MiB/7703MiB used
[11:28]   [ComfyUI] 2026-05-07 12:52:52.211 | WARNING  | nodes.sam3d.transforms:__post_init__:1359 - No rgb pointmap normalizer provided, using scale + shift
[11:28]   [ComfyUI] [worker:ComfyUI-SAM3DObjects] [VRAM] _load_condition_embedder(ss): before build: torch=42MiB alloc, 224MiB reserved | gpu=666MiB/7703MiB used
[11:30]   Frame 5 saved (frame_004.jpg, t=6.9s)
[11:30]   [capture-node] freeze=1754ms shot=164ms unfreeze=8ms saved=True
[11:33]   Frame 6 saved (frame_005.jpg, t=11.0s)
[11:33]   [capture-periodic] freeze=1ms shot=149ms unfreeze=10ms saved=True
[11:34]   [ComfyUI] [worker:ComfyUI-SAM3DObjects] [VRAM] _load_condition_embedder(ss): after load_state_dict: torch=42MiB alloc, 224MiB reserved | gpu=666MiB/7703MiB used
[11:34]   [ComfyUI] [SubprocessWorker] callback 'request_vram_budget' from call_id=22
[11:34]   [ComfyUI] [comfy-env] VRAM request: 2.54GB, free before eviction: 7.48GB
[11:34]   [ComfyUI] [comfy-env] VRAM after eviction: 7.48GB
[11:34]   [ComfyUI] [worker:ComfyUI-SAM3DObjects] [VRAM] +332MB (now 395MB) reserved=448MB peak=679MB
[11:34]   [ComfyUI] [worker:ComfyUI-SAM3DObjects] [VRAM] Stage1: before embedding: torch=1302MiB alloc, 1312MiB reserved | gpu=1754MiB/7703MiB used
[11:35]   [ComfyUI] [worker:ComfyUI-SAM3DObjects] [VRAM] Stage1: after embedding: torch=1331MiB alloc, 2464MiB reserved | gpu=2908MiB/7703MiB used
[11:35]   [ComfyUI] [worker:ComfyUI-SAM3DObjects] [VRAM] -246MB (now 149MB) reserved=2464MB peak=1384MB
[11:35]   [ComfyUI] [worker:ComfyUI-SAM3DObjects] [VRAM] Stage1: after embedder unload: torch=72MiB alloc, 192MiB reserved | gpu=636MiB/7703MiB used
[11:35]   [ComfyUI] [worker:ComfyUI-SAM3DObjects] [VRAM] _load_generator(ss): before build: torch=72MiB alloc, 192MiB reserved | gpu=636MiB/7703MiB used
[11:35]   [ComfyUI] [worker:ComfyUI-SAM3DObjects] [VRAM] _load_generator(ss): after load_state_dict: torch=72MiB alloc, 192MiB reserved | gpu=636MiB/7703MiB used
[11:35]   [ComfyUI] [SubprocessWorker] callback 'request_vram_budget' from call_id=22
[11:35]   [ComfyUI] [comfy-env] VRAM request: 3.86GB, free before eviction: 7.41GB
[11:35]   [ComfyUI] [comfy-env] VRAM after eviction: 7.41GB
[11:36]   [capture-loop] iter=100 t=14.2s state={'complete': False, 'error': None, 'executedCount': 2, 'wsState': 1} eval_ms=2
[11:36]   [ComfyUI] [worker:ComfyUI-SAM3DObjects] [VRAM] +1300MB (now 1449MB) reserved=1504MB peak=1449MB
[11:37]   [ComfyUI] [worker:ComfyUI-SAM3DObjects] [VRAM] +1528MB (now 2978MB) reserved=3008MB peak=2978MB
[11:38]   [ComfyUI] [worker:ComfyUI-SAM3DObjects] [VRAM] _load_decoder(ss): before instantiate: torch=3750MiB alloc, 3776MiB reserved | gpu=4220MiB/7703MiB used
[11:38]   [ComfyUI] [worker:ComfyUI-SAM3DObjects] [VRAM] _load_decoder(ss): after load_state_dict: torch=3750MiB alloc, 3776MiB reserved | gpu=4220MiB/7703MiB used
[11:38]   [ComfyUI] [SubprocessWorker] callback 'request_vram_budget' from call_id=22
[11:38]   [ComfyUI] [comfy-env] VRAM request: 0.15GB, free before eviction: 3.65GB
[11:38]   [ComfyUI] [comfy-env] VRAM after eviction: 3.65GB
[11:38]   [ComfyUI] [worker:ComfyUI-SAM3DObjects] [VRAM] Stage1: before inference: torch=3890MiB alloc, 3904MiB reserved | gpu=4348MiB/7703MiB used
[11:38]   [ComfyUI] [worker:ComfyUI-SAM3DObjects] [DTYPE_DBG] _generate_noise_tensor: _compute_dtype=torch.bfloat16 shape=(1, 1, 6) device=cuda:0
[11:38]   [ComfyUI] [worker:ComfyUI-SAM3DObjects] [DTYPE_DBG] _generate_noise_tensor: _compute_dtype=torch.bfloat16 shape=(1, 1, 3) device=cuda:0
[11:38]   [ComfyUI] [worker:ComfyUI-SAM3DObjects] [DTYPE_DBG] _generate_noise_tensor: _compute_dtype=torch.bfloat16 shape=(1, 4096, 8) device=cuda:0
[11:38]   [ComfyUI] [worker:ComfyUI-SAM3DObjects] [DTYPE_DBG] _generate_noise_tensor: _compute_dtype=torch.bfloat16 shape=(1, 1, 3) device=cuda:0
[11:38]   [ComfyUI] [worker:ComfyUI-SAM3DObjects] [DTYPE_DBG] _generate_noise_tensor: _compute_dtype=torch.bfloat16 shape=(1, 1, 1) device=cuda:0
[11:38]   [ComfyUI] [worker:ComfyUI-SAM3DObjects] [VRAM] +1119MB (now 4097MB) reserved=4224MB peak=4097MB
[11:39]   [ComfyUI] [SubprocessWorker] callback 'report_progress' from call_id=22
[11:39]   Frame 7 saved (frame_006.jpg, t=17.7s)
[11:39]   [capture-periodic] freeze=1ms shot=192ms unfreeze=7ms saved=True
[11:40]   [ComfyUI] [SubprocessWorker] callback 'report_progress' from call_id=22
[11:41]   [ComfyUI] [SubprocessWorker] callback 'report_progress' from call_id=22
[11:41]   [capture-loop] iter=150 t=19.8s state={'complete': False, 'error': None, 'executedCount': 2, 'wsState': 1} eval_ms=2
[11:42]   Frame 8 saved (frame_007.jpg, t=20.0s)
[11:42]   [capture-periodic] freeze=2ms shot=187ms unfreeze=7ms saved=True
[11:42]   [ComfyUI] [SubprocessWorker] callback 'report_progress' from call_id=22
[11:43]   [ComfyUI] [SubprocessWorker] callback 'report_progress' from call_id=22
[11:44]   [ComfyUI] [SubprocessWorker] callback 'report_progress' from call_id=22
[11:44]   Frame 9 saved (frame_008.jpg, t=22.4s)
[11:44]   [capture-periodic] freeze=2ms shot=173ms unfreeze=7ms saved=True
[11:45]   [ComfyUI] [SubprocessWorker] callback 'report_progress' from call_id=22
[11:46]   [ComfyUI] [SubprocessWorker] callback 'report_progress' from call_id=22
[11:46]   Frame 10 saved (frame_009.jpg, t=24.7s)
[11:46]   [capture-periodic] freeze=2ms shot=185ms unfreeze=6ms saved=True
[11:47]   [ComfyUI] [SubprocessWorker] callback 'report_progress' from call_id=22
[11:47]   [capture-loop] iter=200 t=25.8s state={'complete': False, 'error': None, 'executedCount': 2, 'wsState': 1} eval_ms=2
[11:48]   [ComfyUI] [SubprocessWorker] callback 'report_progress' from call_id=22
[11:48]   [ComfyUI] [SubprocessWorker] callback 'report_progress' from call_id=22
[11:49]   [ComfyUI] [SubprocessWorker] callback 'report_progress' from call_id=22
[11:49]   Frame 11 saved (frame_010.jpg, t=27.0s)
[11:49]   [capture-periodic] freeze=1ms shot=190ms unfreeze=2ms saved=True
[11:49]   [ComfyUI] [worker:ComfyUI-SAM3DObjects] [VRAM] Stage1: after inference: torch=3906MiB alloc, 4416MiB reserved | gpu=4860MiB/7703MiB used
[11:49]   [ComfyUI] [worker:ComfyUI-SAM3DObjects] [VRAM] -330MB (now 3768MB) reserved=4416MB peak=4112MB
[11:50]   [ComfyUI] [worker:ComfyUI-SAM3DObjects] [VRAM] -2523MB (now 1246MB) reserved=4416MB peak=4112MB
[11:51]   [ComfyUI] [worker:ComfyUI-SAM3DObjects] [VRAM] Stage1: after model cleanup: torch=88MiB alloc, 256MiB reserved | gpu=700MiB/7703MiB used
[11:51]   [ComfyUI] 2026-05-07 12:53:14.642 | WARNING  | nodes.sam3d.transforms:__post_init__:1359 - No rgb pointmap normalizer provided, using scale + shift
[11:51]   [ComfyUI] [worker:ComfyUI-SAM3DObjects] [VRAM] _load_condition_embedder(slat): before build: torch=37MiB alloc, 256MiB reserved | gpu=700MiB/7703MiB used
[11:51]   [ComfyUI] [worker:ComfyUI-SAM3DObjects] [VRAM] -1209MB (now 37MB) reserved=256MB peak=4112MB
[11:51]   Frame 12 saved (frame_011.jpg, t=29.3s)
[11:51]   [capture-periodic] freeze=2ms shot=189ms unfreeze=8ms saved=True
[11:53]   [capture-loop] iter=250 t=31.4s state={'complete': False, 'error': None, 'executedCount': 2, 'wsState': 1} eval_ms=2
[11:55]   [ComfyUI] [worker:ComfyUI-SAM3DObjects] [VRAM] _load_condition_embedder(slat): after load_state_dict: torch=37MiB alloc, 256MiB reserved | gpu=700MiB/7703MiB used
[11:55]   [ComfyUI] [SubprocessWorker] callback 'request_vram_budget' from call_id=22
[11:55]   [ComfyUI] [comfy-env] VRAM request: 2.50GB, free before eviction: 7.44GB
[11:55]   [ComfyUI] [comfy-env] VRAM after eviction: 7.44GB
[11:55]   [ComfyUI] [worker:ComfyUI-SAM3DObjects] [VRAM] +240MB (now 277MB) reserved=352MB peak=4112MB
[11:56]   [ComfyUI] [worker:ComfyUI-SAM3DObjects] [VRAM] Stage2: before embedding: torch=1264MiB alloc, 1312MiB reserved | gpu=1756MiB/7703MiB used
[11:56]   [ComfyUI] [worker:ComfyUI-SAM3DObjects] [VRAM] Stage2: after embedding: torch=1275MiB alloc, 1408MiB reserved | gpu=1852MiB/7703MiB used
[11:56]   [ComfyUI] [worker:ComfyUI-SAM3DObjects] [VRAM] Stage2: after embedder unload: torch=48MiB alloc, 192MiB reserved | gpu=636MiB/7703MiB used
[11:56]   [ComfyUI] [worker:ComfyUI-SAM3DObjects] [VRAM] _load_generator(slat): before build: torch=48MiB alloc, 192MiB reserved | gpu=636MiB/7703MiB used
[11:56]   [ComfyUI] [worker:ComfyUI-SAM3DObjects] [VRAM] -230MB (now 48MB) reserved=192MB peak=4112MB
[11:59]   [capture-loop] iter=300 t=37.2s state={'complete': False, 'error': None, 'executedCount': 2, 'wsState': 1} eval_ms=2
[12:00]   [ComfyUI] [worker:ComfyUI-SAM3DObjects] [VRAM] _load_generator(slat): after load_state_dict: torch=48MiB alloc, 192MiB reserved | gpu=636MiB/7703MiB used
[12:00]   [ComfyUI] [SubprocessWorker] callback 'request_vram_budget' from call_id=22
[12:00]   [ComfyUI] [comfy-env] VRAM request: 2.40GB, free before eviction: 7.41GB
[12:00]   [ComfyUI] [comfy-env] VRAM after eviction: 7.41GB
[12:00]   [ComfyUI] [worker:ComfyUI-SAM3DObjects] [VRAM] +615MB (now 663MB) reserved=768MB peak=4112MB
[12:01]   [ComfyUI] [worker:ComfyUI-SAM3DObjects] [VRAM] Stage2: before inference: torch=2338MiB alloc, 2400MiB reserved | gpu=2844MiB/7703MiB used
[12:01]   [ComfyUI] [worker:ComfyUI-SAM3DObjects] [DTYPE_DBG] _generate_noise_tensor: _compute_dtype=torch.bfloat16 shape=(1, 8699, 8) device=cuda:0
[12:01]   [ComfyUI] W0507 12:53:24.727000 2235 .ce/.pixi/envs/sam3dobjects-nodes/lib/python3.12/site-packages/torch/fx/_symbolic_trace.py:53] is_fx_tracing will return true for both fx.symbolic_trace and torch.export. Please use is_fx_tracing_symbolic_tracing() for specifically fx.symbolic_trace or torch.compiler.is_compiling() for specifically torch.export/compile.
[12:01]   [ComfyUI] [worker:ComfyUI-SAM3DObjects] [33m[comfy-attn] Varlen attention: sage2[0m
[12:01]   [ComfyUI] [worker:ComfyUI-SAM3DObjects] [VRAM] +1731MB (now 2395MB) reserved=2560MB peak=4112MB
[12:02]   [ComfyUI] [SubprocessWorker] callback 'report_progress' from call_id=22
[12:03]   [ComfyUI] [SubprocessWorker] callback 'report_progress' from call_id=22
[12:03]   [ComfyUI] [SubprocessWorker] callback 'report_progress' from call_id=22
[12:04]   [ComfyUI] [SubprocessWorker] callback 'report_progress' from call_id=22
[12:04]   [capture-loop] iter=350 t=42.7s state={'complete': False, 'error': None, 'executedCount': 2, 'wsState': 1} eval_ms=8
[12:04]   [ComfyUI] [SubprocessWorker] callback 'report_progress' from call_id=22
[12:04]   Frame 13 saved (frame_012.jpg, t=42.9s)
[12:04]   [capture-periodic] freeze=7ms shot=175ms unfreeze=10ms saved=True
[12:05]   [ComfyUI] [SubprocessWorker] callback 'report_progress' from call_id=22
[12:05]   [ComfyUI] [SubprocessWorker] callback 'report_progress' from call_id=22
[12:06]   [ComfyUI] [SubprocessWorker] callback 'report_progress' from call_id=22
[12:06]   [ComfyUI] [SubprocessWorker] callback 'report_progress' from call_id=22
[12:06]   [ComfyUI] [SubprocessWorker] callback 'report_progress' from call_id=22
[12:06]   [ComfyUI] [SubprocessWorker] callback 'report_progress' from call_id=22
[12:07]   [ComfyUI] [SubprocessWorker] callback 'report_progress' from call_id=22
[12:07]   [ComfyUI] [worker:ComfyUI-SAM3DObjects] [VRAM] Stage2: after inference: torch=2338MiB alloc, 2720MiB reserved | gpu=3168MiB/7703MiB used
[12:07]   Frame 14 saved (frame_013.jpg, t=45.1s)
[12:07]   [capture-periodic] freeze=2ms shot=172ms unfreeze=5ms saved=True
[12:07]   [ComfyUI] [worker:ComfyUI-SAM3DObjects] [VRAM] -348MB (now 2047MB) reserved=2720MB peak=4112MB
[12:08]   [ComfyUI] [worker:ComfyUI-SAM3DObjects] [VRAM] Stage2: after model cleanup: torch=48MiB alloc, 224MiB reserved | gpu=672MiB/7703MiB used
[12:08]   [ComfyUI] [worker:ComfyUI-SAM3DObjects] [VRAM] GenerateSLAT: done: torch=29MiB alloc, 224MiB reserved | gpu=672MiB/7703MiB used
[12:08]   [ComfyUI] [SubprocessWorker] got response: ok
[12:08]   [ComfyUI] [comfy-env] Created 5 model patchers: ['EmbedderFuser_2', 'ShortCut_3', 'SparseStructureDecoderTdfyWrapper_4', 'EmbedderFuser_5', 'FlowMatching_6']
[12:08]   [ComfyUI] [comfy-env] SAM3DGenerateSLAT done (39.66s): result: NodeOutput
[12:08]   [ComfyUI] [VRAM] After SAM3DGenerateSLAT: 672 / 7703 MB
[12:08]   [ComfyUI] [VRAM] Loaded: SubprocessModel (0 MB), SubprocessModel (0 MB), SubprocessModel (0 MB), SubprocessModel (0 MB), SubprocessModel (0 MB), SubprocessModel (0 MB)
[12:08]   [ComfyUI] [comfy-env] Running SAM3DGaussianDecode: up_axis: 'Y-up (standard)', world_coordinates: False, slat_decoder_gs: dict, slat: '/workspaces/SAM3DObjects-1241/ComfyUI/output/sam3d_run_2...
[12:08]   [ComfyUI] [VRAM] Before SAM3DGaussianDecode: 672 / 7703 MB
[12:08]   [ComfyUI] [VRAM] Loaded: SubprocessModel (0 MB), SubprocessModel (0 MB), SubprocessModel (0 MB), SubprocessModel (0 MB), SubprocessModel (0 MB), SubprocessModel (0 MB)
[12:08]   [ComfyUI] [SubprocessWorker] call_method: nodes.gaussian_decode.SAM3DGaussianDecode.EXECUTE_NORMALIZED
[12:08]   [ComfyUI] [SubprocessWorker] acquired lock, ensuring started...
[12:08]   [ComfyUI] [ComfyUI-SAM3DObjects] Health check: ping (timeout=5.0s)...
[12:08]   [ComfyUI] [ComfyUI-SAM3DObjects] Health check: ok
[12:08]   [ComfyUI] [SubprocessWorker] worker started/confirmed
[12:08]   [ComfyUI] [SubprocessWorker] serializing kwargs to shm...
[12:08]   [ComfyUI] [SubprocessWorker] created 0 shm blocks
[12:08]   [ComfyUI] [SubprocessWorker] sending request via socket...
[12:08]   [ComfyUI] [SubprocessWorker] call_id=23 sending call_method
[12:08]   [ComfyUI] [worker:ComfyUI-SAM3DObjects] [VRAM] GaussianDecode: start: torch=9MiB alloc, 224MiB reserved | gpu=672MiB/7703MiB used
[12:08]   [ComfyUI] [SubprocessWorker] callback 'report_progress' from call_id=23
[12:08]   [ComfyUI] [worker:ComfyUI-SAM3DObjects] [VRAM] _load_decoder(slat_decoder_gs): before instantiate: torch=9MiB alloc, 224MiB reserved | gpu=672MiB/7703MiB used
[12:08]   [ComfyUI] [worker:ComfyUI-SAM3DObjects] [VRAM] -2038MB (now 9MB) reserved=224MB peak=4112MB
[12:08]   [ComfyUI] 2026-05-07 12:53:32.378 | DEBUG    | nodes.sam3d.image_ops:<module>:14 - image_operations: cv2 available, using OpenCV backend
[12:08]   [ComfyUI] [worker:ComfyUI-SAM3DObjects] [VRAM] _load_decoder(slat_decoder_gs): after load_state_dict: torch=9MiB alloc, 224MiB reserved | gpu=672MiB/7703MiB used
[12:09]   [ComfyUI] [SubprocessWorker] callback 'request_vram_budget' from call_id=23
[12:09]   [ComfyUI] [comfy-env] VRAM request: 0.17GB, free before eviction: 7.37GB
[12:09]   [ComfyUI] [comfy-env] VRAM after eviction: 7.37GB
[12:09]   [ComfyUI] [worker:ComfyUI-SAM3DObjects] [VRAM] Decode(gaussian): after load_models_gpu: torch=172MiB alloc, 256MiB reserved | gpu=704MiB/7703MiB used
[12:09]   [ComfyUI] [SubprocessWorker] callback 'report_progress' from call_id=23
[12:09]   [ComfyUI] [worker:ComfyUI-SAM3DObjects] [VRAM] Decode(gaussian): after cleanup: torch=24MiB alloc, 96MiB reserved | gpu=544MiB/7703MiB used
[12:09]   Frame 15 saved (frame_014.jpg, t=47.4s)
[12:09]   [capture-periodic] freeze=2ms shot=185ms unfreeze=73ms saved=True
[12:10]   [capture-loop] iter=400 t=48.7s state={'complete': False, 'error': None, 'executedCount': 2, 'wsState': 1} eval_ms=2
[12:11]   Frame 16 saved (frame_015.jpg, t=49.8s)
[12:11]   [capture-periodic] freeze=2ms shot=204ms unfreeze=7ms saved=True
[12:15]   [ComfyUI] [worker:ComfyUI-SAM3DObjects]
[12:15]   [ComfyUI] === WATCHDOG TICK 1 ===
[12:15]   [ComfyUI] [worker:ComfyUI-SAM3DObjects] Thread 0x0000771636b5d640 (most recent call first):
[12:15]   [ComfyUI]   File "/workspaces/SAM3DObjects-1241/ComfyUI/.ce/.pixi/envs/sam3dobjects-nodes/lib/python3.12/socket.py", line 295 in accept
[12:15]   [ComfyUI]   File "/workspaces/SAM3DObjects-1241/ComfyUI/.ce/.pixi/envs/sam3dobjects-nodes/lib/python3.12/multiprocessing/connection.py", line 626 in accept
[12:15]   [ComfyUI]   File "/workspaces/SAM3DObjects-1241/ComfyUI/.ce/.pixi/envs/sam3dobjects-nodes/lib/python3.12/multiprocessing/connection.py", line 480 in accept
[12:15]   [ComfyUI]   File "/workspaces/SAM3DObjects-1241/ComfyUI/.ce/.pixi/envs/sam3dobjects-nodes/lib/python3.12/multiprocessing/resource_sharer.py", line 138 in _serve
[12:15]   [ComfyUI]   File "/workspaces/SAM3DObjects-1241/ComfyUI/.ce/.pixi/envs/sam3dobjects-nodes/lib/python3.12/threading.py", line 1012 in run
[12:15]   [ComfyUI]   File "/workspaces/SAM3DObjects-1241/ComfyUI/.ce/.pixi/envs/sam3dobjects-nodes/lib/python3.12/threading.py", line 1075 in _bootstrap_inner
[12:15]   [ComfyUI]   File "/workspaces/SAM3DObjects-1241/ComfyUI/.ce/.pixi/envs/sam3dobjects-nodes/lib/python3.12/threading.py", line 1032 in _bootstrap
[12:15]   [ComfyUI] 
[12:15]   [ComfyUI] Thread 0x0000771a777ec640 (most recent call first):
[12:15]   [ComfyUI]   File "/tmp/comfyui_pvenv_8g80169v/persistent_worker.py", line 106 in _vram_poller
[12:15]   [ComfyUI]   File "/workspaces/SAM3DObjects-1241/ComfyUI/.ce/.pixi/envs/sam3dobjects-nodes/lib/python3.12/threading.py", line 1012 in run
[12:15]   [ComfyUI]   File "/workspaces/SAM3DObjects-1241/ComfyUI/.ce/.pixi/envs/sam3dobjects-nodes/lib/python3.12/threading.py", line 1075 in _bootstrap_inner
[12:15]   [ComfyUI]   File "/workspaces/SAM3DObjects-1241/ComfyUI/.ce/.pixi/envs/sam3dobjects-nodes/lib/python3.12/threading.py", line 1032 in _bootstrap
[12:15]   [ComfyUI] 
[12:15]   [ComfyUI] Current thread 0x0000771a77ff1640 (most recent call first):
[12:15]   [ComfyUI]   File "/tmp/comfyui_pvenv_8g80169v/persistent_worker.py", line 52 in _watchdog
[12:15]   [ComfyUI]   File "/workspaces/SAM3DObjects-1241/ComfyUI/.ce/.pixi/envs/sam3dobjects-nodes/lib/python3.12/threading.py", line 1012 in run
[12:15]   [ComfyUI]   File "/workspaces/SAM3DObjects-1241/ComfyUI/.ce/.pixi/envs/sam3dobjects-nodes/lib/python3.12/threading.py", line 1075 in _bootstrap_inner
[12:15]   [ComfyUI]   File "/workspaces/SAM3DObjects-1241/ComfyUI/.ce/.pixi/envs/sam3dobjects-nodes/lib/python3.12/threading.py", line 1032 in _bootstrap
[12:15]   [ComfyUI] 
[12:15]   [ComfyUI] Thread 0x0000771a785ec740 (most recent call first):
[12:15]   [ComfyUI]   File "/workspaces/SAM3DObjects-1241/ComfyUI/.ce/.pixi/envs/sam3dobjects-nodes/lib/python3.12/site-packages/numpy/lib/_npyio_impl.py", line 1533 in write_bytes
[12:15]   [ComfyUI]   File "/workspaces/SAM3DObjects-1241/ComfyUI/.ce/.pixi/envs/sam3dobjects-nodes/lib/python3.12/site-packages/numpy/lib/_npyio_impl.py", line 1544 in first_write
[12:15]   [ComfyUI]   File "/workspaces/SAM3DObjects-1241/ComfyUI/.ce/.pixi/envs/sam3dobjects-nodes/lib/python3.12/site-packages/numpy/lib/_npyio_impl.py", line 1527 in write
[12:15]   [ComfyUI]   File "/workspaces/SAM3DObjects-1241/ComfyUI/.ce/.pixi/envs/sam3dobjects-nodes/lib/python3.12/site-packages/numpy/lib/_npyio_impl.py", line 1623 in savetxt
[12:15]   [ComfyUI]   File "/workspaces/SAM3DObjects-1241/ComfyUI/.ce/.pixi/envs/sam3dobjects-nodes/lib/python3.12/site-packages/plyfile.py", line 651 in _write_txt
[12:15]   [ComfyUI]   File "/workspaces/SAM3DObjects-1241/ComfyUI/.ce/.pixi/envs/sam3dobjects-nodes/lib/python3.12/site-packages/plyfile.py", line 541 in _write
[12:15]   [ComfyUI]   File "/workspaces/SAM3DObjects-1241/ComfyUI/.ce/.pixi/envs/sam3dobjects-nodes/lib/python3.12/site-packages/plyfile.py", line 211 in write
[12:15]   [ComfyUI]   File "/workspaces/SAM3DObjects-1241/ComfyUI/custom_nodes/ComfyUI-SAM3DObjects/nodes/sam3d/representations.py", line 454 in save_ply
[12:15]   [ComfyUI]   File "/workspaces/SAM3DObjects-1241/ComfyUI/custom_nodes/ComfyUI-SAM3DObjects/nodes/utils/stages.py", line 1423 in run_decode
[12:15]   [ComfyUI]   File "/workspaces/SAM3DObjects-1241/ComfyUI/custom_nodes/ComfyUI-SAM3DObjects/nodes/gaussian_decode.py", line 100 in execute
[12:15]   [ComfyUI]   File "/workspaces/SAM3DObjects-1241/ComfyUI/.ce/.pixi/envs/sam3dobjects-nodes/lib/python3.12/site-packages/torch/utils/_contextlib.py", line 124 in decorate_context
[12:15]   [ComfyUI]   File "/workspaces/SAM3DObjects-1241/ComfyUI/comfy_api/latest/_io.py", line 1827 in EXECUTE_NORMALIZED
[12:15]   [ComfyUI]   File "/tmp/comfyui_pvenv_8g80169v/persistent_worker.py", line 1749 in main
[12:15]   [ComfyUI]   File "/tmp/comfyui_pvenv_8g80169v/persistent_worker.py", line 1794 in <module>
[12:15]   [ComfyUI] 
[12:15]   [ComfyUI] [worker:ComfyUI-SAM3DObjects] === END ===
[12:15]   [ComfyUI] 
[12:16]   [capture-loop] iter=450 t=54.3s state={'complete': False, 'error': None, 'executedCount': 2, 'wsState': 1} eval_ms=2
[12:21]   [capture-loop] iter=500 t=60.1s state={'complete': False, 'error': None, 'executedCount': 2, 'wsState': 1} eval_ms=2
[12:22]   [ComfyUI] [SubprocessWorker] callback 'report_progress' from call_id=23
[12:22]   [ComfyUI] [worker:ComfyUI-SAM3DObjects] [VRAM] GaussianDecode: done: torch=9MiB alloc, 96MiB reserved | gpu=544MiB/7703MiB used
[12:22]   [ComfyUI] [SubprocessWorker] got response: ok
[12:22]   [ComfyUI] [comfy-env] Created 1 model patchers: ['SLatGaussianDecoderTdfyWrapper_7']
[12:22]   [ComfyUI] [comfy-env] SAM3DGaussianDecode done (13.88s): result: NodeOutput
[12:22]   [ComfyUI] [VRAM] After SAM3DGaussianDecode: 544 / 7703 MB
[12:22]   [ComfyUI] [VRAM] Loaded: SubprocessModel (0 MB), SubprocessModel (0 MB), SubprocessModel (0 MB), SubprocessModel (0 MB), SubprocessModel (0 MB), SubprocessModel (0 MB), SubprocessModel (0 MB)
[12:22]   [ComfyUI] [comfy-env] Running SAM3DMeshDecode: with_postprocess: True, simplify: 0.95, up_axis: 'Y-up (standard)', world_coordinates: False, use_sparse_flexicubes: True, slat_decoder_mesh: dict, slat: '/workspaces/SAM3DObjects-1241/ComfyUI/output/sam3d_run_2...
[12:22]   [ComfyUI] [VRAM] Before SAM3DMeshDecode: 544 / 7703 MB
[12:22]   [ComfyUI] [VRAM] Loaded: SubprocessModel (0 MB), SubprocessModel (0 MB), SubprocessModel (0 MB), SubprocessModel (0 MB), SubprocessModel (0 MB), SubprocessModel (0 MB), SubprocessModel (0 MB)
[12:22]   [ComfyUI] [SubprocessWorker] call_method: nodes.mesh_decode.SAM3DMeshDecode.EXECUTE_NORMALIZED
[12:22]   [ComfyUI] [SubprocessWorker] acquired lock, ensuring started...
[12:22]   [ComfyUI] [ComfyUI-SAM3DObjects] Health check: ping (timeout=5.0s)...
[12:22]   [ComfyUI] [ComfyUI-SAM3DObjects] Health check: ok
[12:22]   [ComfyUI] [SubprocessWorker] worker started/confirmed
[12:22]   [ComfyUI] [SubprocessWorker] serializing kwargs to shm...
[12:22]   [ComfyUI] [SubprocessWorker] created 0 shm blocks
[12:22]   [ComfyUI] [SubprocessWorker] sending request via socket...
[12:22]   [ComfyUI] [SubprocessWorker] call_id=24 sending call_method
[12:22]   [ComfyUI] [worker:ComfyUI-SAM3DObjects] [VRAM] MeshDecode: start: torch=9MiB alloc, 96MiB reserved | gpu=544MiB/7703MiB used
[12:22]   [ComfyUI] [SubprocessWorker] callback 'report_progress' from call_id=24
[12:22]   [ComfyUI] [worker:ComfyUI-SAM3DObjects] [VRAM] _load_decoder(slat_decoder_mesh): before instantiate: torch=9MiB alloc, 96MiB reserved | gpu=544MiB/7703MiB used
[12:22]   [ComfyUI] [worker:ComfyUI-SAM3DObjects] [VRAM] _load_decoder(slat_decoder_mesh): after load_state_dict: torch=9MiB alloc, 384MiB reserved | gpu=832MiB/7703MiB used
[12:22]   [ComfyUI] [SubprocessWorker] callback 'request_vram_budget' from call_id=24
[12:22]   [ComfyUI] [comfy-env] VRAM request: 0.18GB, free before eviction: 7.21GB
[12:22]   [ComfyUI] [comfy-env] VRAM after eviction: 7.21GB
[12:22]   [ComfyUI] [worker:ComfyUI-SAM3DObjects] [VRAM] Decode(mesh): after load_models_gpu: torch=182MiB alloc, 224MiB reserved | gpu=672MiB/7703MiB used
[12:22]   [ComfyUI] [SubprocessWorker] callback 'report_progress' from call_id=24
[12:22]   [ComfyUI] [worker:ComfyUI-SAM3DObjects] [VRAM] +275MB (now 285MB) reserved=448MB peak=4112MB
[12:23]   Frame 17 saved (frame_016.jpg, t=61.1s)
[12:23]   [capture-periodic] freeze=2ms shot=189ms unfreeze=6ms saved=True
[12:24]   [ComfyUI] [worker:ComfyUI-SAM3DObjects] [VRAM] +520MB (now 805MB) reserved=928MB peak=4112MB
[12:24]   [ComfyUI] [worker:ComfyUI-SAM3DObjects] WARNING: [VRAM:mesh] start: 468 MiB | cubefeats torch.Size([556736, 101])
[12:24]   [ComfyUI] [worker:ComfyUI-SAM3DObjects] WARNING: [VRAM:mesh] after sparse_cube2verts: 500 MiB | v_pos torch.Size([660777, 3])
[12:24]   [ComfyUI] [worker:ComfyUI-SAM3DObjects] WARNING: [VRAM:mesh] after get_sparse_attrs + del: 267 MiB | verts 660777 cubes 556736
[12:24]   [ComfyUI] [worker:ComfyUI-SAM3DObjects] WARNING: [VRAM:mesh] after dilation: 293 MiB | verts 842780 cubes 739092
[12:24]   [ComfyUI] [worker:ComfyUI-SAM3DObjects] WARNING: [VRAM:mesh] after searchsorted: 328 MiB | reg_c torch.Size([739092, 8])
[12:24]   [ComfyUI] [worker:ComfyUI-SAM3DObjects] WARNING: [VRAM:fc] start: 328 MiB | verts torch.Size([842781, 3]) cubes torch.Size([739092, 8]) sdf torch.Size([842781])
[12:24]   [ComfyUI] [worker:ComfyUI-SAM3DObjects] WARNING: [VRAM:fc] after _identify_surf_cubes: 334 MiB | surf_cubes 194453/739092
[12:24]   [ComfyUI] [worker:ComfyUI-SAM3DObjects] WARNING: [VRAM:fc] after _get_case_id: 370 MiB
[12:24]   [ComfyUI] [worker:ComfyUI-SAM3DObjects] WARNING: [VRAM:fc] after _identify_surf_edges: 400 MiB | surf_edges torch.Size([194470, 2])
[12:24]   [ComfyUI] [worker:ComfyUI-SAM3DObjects] WARNING: [VRAM:fc] after _compute_vd: 429 MiB | vd torch.Size([194471, 3])
[12:24]   [ComfyUI] [worker:ComfyUI-SAM3DObjects] WARNING: [VRAM:fc] after _triangulate: 438 MiB | verts torch.Size([194471, 3]) faces torch.Size([388910, 3])
[12:24]   [ComfyUI] [worker:ComfyUI-SAM3DObjects] WARNING: [VRAM:mesh] after FlexiCubes: 342 MiB | verts torch.Size([194471, 3]) faces torch.Size([388910, 3])
[12:24]   [ComfyUI] [SubprocessWorker] callback 'report_progress' from call_id=24
[12:24]   [ComfyUI] [worker:ComfyUI-SAM3DObjects] [VRAM] Decode(mesh): after cleanup: torch=38MiB alloc, 192MiB reserved | gpu=642MiB/7703MiB used
[12:24]   [ComfyUI] [worker:ComfyUI-SAM3DObjects] Before postprocess: 194471 vertices, 388910 faces
[12:24]   [ComfyUI] 
[12:24]   [ComfyUI]   0%|          [00:00<?]
[12:24]   [ComfyUI] Decimating Mesh:   0%|          [00:00<?]
[12:24]   [ComfyUI] Decimating Mesh:  10%|█         [00:00<00:01]
[12:25]   [ComfyUI] Decimating Mesh:  20%|██        [00:00<00:01]
[12:25]   [ComfyUI] Decimating Mesh:  28%|██▊       [00:00<00:01]
[12:25]   Frame 18 saved (frame_017.jpg, t=63.5s)
[12:25]   [capture-periodic] freeze=2ms shot=184ms unfreeze=7ms saved=True
[12:25]   [ComfyUI] Decimating Mesh:  36%|███▋      [00:00<00:01]
[12:25]   [ComfyUI] Decimating Mesh:  45%|████▍     [00:00<00:01][worker:ComfyUI-SAM3DObjects] [VRAM] -768MB (now 38MB) reserved=192MB peak=4112MB
[12:25]   [ComfyUI] 
[12:25]   [ComfyUI] Decimating Mesh:  53%|█████▎    [00:01<00:01]
[12:26]   [ComfyUI] Decimating Mesh:  61%|██████    [00:01<00:00]
[12:26]   [ComfyUI] Decimating Mesh:  69%|██████▉   [00:01<00:00]
[12:26]   [ComfyUI] Decimating Mesh:  78%|███████▊  [00:01<00:00]
[12:26]   [ComfyUI] Decimating Mesh:  82%|████████▏ [00:01<00:00]
[12:26]   [ComfyUI] Decimating Mesh:  86%|████████▌ [00:01<00:00]
[12:26]   [ComfyUI] Decimating Mesh:  90%|████████▉ [00:02<00:00]
[12:26]   [ComfyUI] Decimating Mesh:  94%|█████████▍[00:02<00:00]
[12:26]   [ComfyUI] Decimating Mesh: 100%|██████████[00:02<00:00]
[12:26]   [ComfyUI] Decimating Mesh: 100%|██████████[00:02<00:00]
[12:27]   [ComfyUI] [worker:ComfyUI-SAM3DObjects] After decimate: 9731 vertices, 19445 faces
[12:27]   [capture-loop] iter=550 t=65.7s state={'complete': False, 'error': None, 'executedCount': 2, 'wsState': 1} eval_ms=2
[12:27]   Frame 19 saved (frame_018.jpg, t=65.7s)
[12:27]   [capture-periodic] freeze=2ms shot=181ms unfreeze=5ms saved=True
[12:28]   [ComfyUI] [worker:ComfyUI-SAM3DObjects] Found 8178 invisible faces
[12:28]   [ComfyUI] [worker:ComfyUI-SAM3DObjects] Dual graph: 29158 edges
[12:28]   [ComfyUI] [worker:ComfyUI-SAM3DObjects] Mincut solved, start checking the cut
[12:28]   [ComfyUI] [worker:ComfyUI-SAM3DObjects] Removed 9684 faces by mincut
[12:28]   [ComfyUI] [worker:ComfyUI-SAM3DObjects] After remove invisible faces: 4895 vertices, 9790 faces
[12:28]   [ComfyUI] [SubprocessWorker] callback 'report_progress' from call_id=24
[12:28]   [ComfyUI] [worker:ComfyUI-SAM3DObjects] [VRAM] MeshDecode: done: torch=9MiB alloc, 224MiB reserved | gpu=674MiB/7703MiB used
[12:28]   [ComfyUI] [SubprocessWorker] got response: ok
[12:28]   [ComfyUI] [comfy-env] Created 1 model patchers: ['SLatMeshDecoderTdfyWrapper_8']
[12:28]   [ComfyUI] [comfy-env] SAM3DMeshDecode done (6.35s): result: NodeOutput
[12:28]   [ComfyUI] [VRAM] After SAM3DMeshDecode: 674 / 7703 MB
[12:28]   [ComfyUI] [VRAM] Loaded: SubprocessModel (0 MB), SubprocessModel (0 MB), SubprocessModel (0 MB), SubprocessModel (0 MB), SubprocessModel (0 MB), SubprocessModel (0 MB), SubprocessModel (0 MB), SubprocessModel (0 MB)
[12:28]   [ComfyUI] [comfy-env] Running SAM3DTextureBake: glb_path: '/workspaces/SAM3DObjects-1241/ComfyUI/output/sam3d_run_2..., ply_path: '/workspaces/SAM3DObjects-1241/ComfyUI/output/sam3d_run_2..., texture_mode: 'fast', texture_size: 1024, rendering_engine: 'nvdiffrast'
[12:28]   [ComfyUI] [VRAM] Before SAM3DTextureBake: 674 / 7703 MB
[12:28]   [ComfyUI] [VRAM] Loaded: SubprocessModel (0 MB), SubprocessModel (0 MB), SubprocessModel (0 MB), SubprocessModel (0 MB), SubprocessModel (0 MB), SubprocessModel (0 MB), SubprocessModel (0 MB), SubprocessModel (0 MB)
[12:28]   [ComfyUI] [SubprocessWorker] call_method: nodes.postprocess.SAM3DTextureBake.EXECUTE_NORMALIZED
[12:28]   [ComfyUI] [SubprocessWorker] acquired lock, ensuring started...
[12:28]   [ComfyUI] [ComfyUI-SAM3DObjects] Health check: ping (timeout=5.0s)...
[12:28]   [ComfyUI] [ComfyUI-SAM3DObjects] Health check: ok
[12:28]   [ComfyUI] [SubprocessWorker] worker started/confirmed
[12:28]   [ComfyUI] [SubprocessWorker] serializing kwargs to shm...
[12:28]   [ComfyUI] [SubprocessWorker] created 0 shm blocks
[12:28]   [ComfyUI] [SubprocessWorker] sending request via socket...
[12:28]   [ComfyUI] [SubprocessWorker] call_id=25 sending call_method
[12:30]   Frame 20 saved (frame_019.jpg, t=68.0s)
[12:30]   [capture-periodic] freeze=2ms shot=192ms unfreeze=9ms saved=True
[12:32]   Frame 21 saved (frame_020.jpg, t=70.3s)
[12:32]   [capture-periodic] freeze=2ms shot=181ms unfreeze=8ms saved=True
[12:33]   [capture-loop] iter=600 t=71.6s state={'complete': False, 'error': None, 'executedCount': 2, 'wsState': 1} eval_ms=2
[12:34]   [ComfyUI] 2026-05-07 12:53:58.081 | INFO     | nodes.sam3d.postprocessing:to_glb:911 - Baking texture ...
[12:38]   [capture-loop] iter=650 t=77.1s state={'complete': False, 'error': None, 'executedCount': 2, 'wsState': 1} eval_ms=2
[12:39]   [ComfyUI] [SubprocessWorker] got response: ok
[12:39]   [ComfyUI] [comfy-env] SAM3DTextureBake done (10.77s): result: NodeOutput
[12:39]   [ComfyUI] [VRAM] After SAM3DTextureBake: 580 / 7703 MB
[12:39]   [ComfyUI] [VRAM] Loaded: SubprocessModel (0 MB), SubprocessModel (0 MB), SubprocessModel (0 MB), SubprocessModel (0 MB), SubprocessModel (0 MB), SubprocessModel (0 MB), SubprocessModel (0 MB), SubprocessModel (0 MB)
[12:39]   [ComfyUI] Prompt executed in 77.15 seconds
[12:39]   [ComfyUI] [comfy-env] [VRAM] Before offload 'ShortCut_3' (3677 MB) -> cpu: 580 / 7703 MB
[12:39]   [ComfyUI] [ComfyUI-SAM3DObjects] Health check: ping (timeout=5.0s)...
[12:39]   [ComfyUI] [ComfyUI-SAM3DObjects] Health check: ok
[12:39]   [ComfyUI] [SubprocessWorker] call_id=26 sending model_to_device
[12:39]   [ComfyUI] [comfy-env] [VRAM] After offload 'ShortCut_3' (3677 MB): 580 / 7703 MB
[12:39]   [ComfyUI] [comfy-env] [VRAM] Before offload 'FlowMatching_6' (2290 MB) -> cpu: 580 / 7703 MB
[12:39]   [ComfyUI] [ComfyUI-SAM3DObjects] Health check: ping (timeout=5.0s)...
[12:39]   [ComfyUI] [ComfyUI-SAM3DObjects] Health check: ok
[12:39]   [ComfyUI] [SubprocessWorker] call_id=27 sending model_to_device
[12:39]   [ComfyUI] [comfy-env] [VRAM] After offload 'FlowMatching_6' (2290 MB): 580 / 7703 MB
[12:39]   [ComfyUI] [comfy-env] [VRAM] Before offload 'EmbedderFuser_2' (1259 MB) -> cpu: 580 / 7703 MB
[12:39]   [ComfyUI] [ComfyUI-SAM3DObjects] Health check: ping (timeout=5.0s)...
[12:39]   [ComfyUI] [ComfyUI-SAM3DObjects] Health check: ok
[12:39]   [ComfyUI] [SubprocessWorker] call_id=28 sending model_to_device
[12:39]   [ComfyUI] [comfy-env] [VRAM] After offload 'EmbedderFuser_2' (1259 MB): 580 / 7703 MB
[12:39]   [ComfyUI] [comfy-env] [VRAM] Before offload 'EmbedderFuser_5' (1227 MB) -> cpu: 580 / 7703 MB
[12:39]   [ComfyUI] [ComfyUI-SAM3DObjects] Health check: ping (timeout=5.0s)...
[12:39]   [ComfyUI] [ComfyUI-SAM3DObjects] Health check: ok
[12:39]   [ComfyUI] [SubprocessWorker] call_id=29 sending model_to_device
[12:39]   [ComfyUI] [comfy-env] [VRAM] After offload 'EmbedderFuser_5' (1227 MB): 580 / 7703 MB
[12:39]   [ComfyUI] [comfy-env] [VRAM] Before offload 'MoGeModelV1_1' (599 MB) -> cpu: 580 / 7703 MB
[12:39]   [ComfyUI] [ComfyUI-SAM3DObjects] Health check: ping (timeout=5.0s)...
[12:39]   [ComfyUI] [ComfyUI-SAM3DObjects] Health check: ok
[12:39]   [ComfyUI] [SubprocessWorker] call_id=30 sending model_to_device
[12:39]   [ComfyUI] [comfy-env] [VRAM] After offload 'MoGeModelV1_1' (599 MB): 580 / 7703 MB
[12:39]   [ComfyUI] [comfy-env] [VRAM] Before offload 'SLatMeshDecoderTdfyWrapper_8' (173 MB) -> cpu: 580 / 7703 MB
[12:39]   [ComfyUI] [ComfyUI-SAM3DObjects] Health check: ping (timeout=5.0s)...
[12:39]   [ComfyUI] [ComfyUI-SAM3DObjects] Health check: ok
[12:39]   [ComfyUI] [SubprocessWorker] call_id=31 sending model_to_device
[12:39]   [ComfyUI] [comfy-env] [VRAM] After offload 'SLatMeshDecoderTdfyWrapper_8' (173 MB): 580 / 7703 MB
[12:39]   [ComfyUI] [comfy-env] [VRAM] Before offload 'SLatGaussianDecoderTdfyWrapper_7' (162 MB) -> cpu: 580 / 7703 MB
[12:39]   [ComfyUI] [ComfyUI-SAM3DObjects] Health check: ping (timeout=5.0s)...
[12:39]   [ComfyUI] [ComfyUI-SAM3DObjects] Health check: ok
[12:39]   [ComfyUI] [SubprocessWorker] call_id=32 sending model_to_device
[12:39]   [ComfyUI] [comfy-env] [VRAM] After offload 'SLatGaussianDecoderTdfyWrapper_7' (162 MB): 580 / 7703 MB
[12:39]   [ComfyUI] [comfy-env] [VRAM] Before offload 'SparseStructureDecoderTdfyWrapper_4' (140 MB) -> cpu: 580 / 7703 MB
[12:39]   [ComfyUI] [ComfyUI-SAM3DObjects] Health check: ping (timeout=5.0s)...
[12:39]   [ComfyUI] [ComfyUI-SAM3DObjects] Health check: ok
[12:39]   [ComfyUI] [SubprocessWorker] call_id=33 sending model_to_device
[12:39]   [ComfyUI] [comfy-env] [VRAM] After offload 'SparseStructureDecoderTdfyWrapper_4' (140 MB): 580 / 7703 MB
[12:39]   Node executed (3 total), capturing...
[12:39]   Frame 22 saved (frame_021.jpg, t=77.7s)
[12:39]   [capture-node] freeze=134ms shot=215ms unfreeze=0ms saved=True
[12:39]   Execution complete (t=77.7s)
[12:39]   [3d-wait] Phase 1: Waiting for 'Loading 3D Model' text to disappear...
[13:39]   [3d-wait] Phase 1 exception after 60.0s: Page.wait_for_function: Timeout 60000ms exceeded.
[13:39]   [3d-wait] Phase 2: iframes=1
[13:39]   [3d-wait] iframe viewer_ready=True (matched 1 console logs)
[13:39]   [3d-wait] Unfrozen in 0.002s, rendering for 5s...
[13:44]   [3d-wait] JS halted via CDP after 5.0s
[13:45]   [3d-wait] Re-frozen in 6.0s
[13:45]   [3d-wait] Total 3D wait: 66.1s
[13:45]   Captured 22 unique frames over 144.15s
[13:45]   [debug] iframes: 1
[13:45]   [debug]   iframe[0]: src=http://127.0.0.1:41883/extensions/ComfyUI-SAM3DObjects/viewer_vtk.html?v=1778158, canvas=486x405, rafFrozen=True
[13:45]   [timing] trigger_3d_previews: 0.0s
[13:48]   Saved high-quality screenshot: full_generation_executed.png
[13:49]   [timing] final_screenshot: 1.0s
[13:49] Capturing execution frames: gaussian_generation.json
[13:56]   Frame 1 saved (frame_000.jpg, t=0.0s)
[13:56]   Validating workflow...
[13:56]   [ComfyUI] === /validate endpoint called ===
[13:56]   [ComfyUI] Received JSON with keys: ['prompt']
[13:56]   Queuing workflow for execution...
[13:56]   [ComfyUI] Prompt has 8 nodes
[13:56]   [ComfyUI]   Node 4: LoadImage
[13:56]   [ComfyUI]     Inputs: {"image": "elephant.png"}
[13:56]   [ComfyUI]   Node 28: InvertMask
[13:56]   [ComfyUI]     Inputs: {"mask": ["4", 1]}
[13:56]   [ComfyUI]   Node 53: MaskPreview
[13:56]   [ComfyUI]     Inputs: {"mask": ["28", 0]}
[13:56]   [ComfyUI]   Node 59: SAM3D_DepthEstimate
[13:56]   [ComfyUI]     Inputs: {"depth_model": ["60", 0], "image": ["4", 0]}
[13:56]   [ComfyUI]   Node 60: LoadSAM3DModel
[13:56]   [ComfyUI]     Inputs: {"attn_backend": "flash_attn", "compile": false, "precision": "auto"}
[13:56]   [ComfyUI]   Node 61: SAM3DGenerateSLAT
[13:56]   [ComfyUI]     Inputs: {"seed": 42, "stage1_steps": 12, "stage1_cfg": 7.5, "stage1_cfg_pm": 0, "stage2_steps": 12, "stage2_cfg": 5, "use_distillation": false, "generator": ["60", 1], "image": ["4", 0], "mask": ["28", 0], "p
[13:56]   [ComfyUI]   Node 62: SAM3D_PreviewPointCloud
[13:56]   [ComfyUI]     Inputs: {"file_path": ["63", 0], "preview_vtk": ""}
[13:56]   [ComfyUI]   Node 63: SAM3DGaussianDecode
[13:56]   [ComfyUI]     Inputs: {"up_axis": "Y-up (standard)", "world_coordinates": false, "slat_decoder_gs": ["60", 2], "slat": ["61", 0]}
[13:56]   [ComfyUI] Generated prompt_id: 0c822047-3205-4001-a5c3-3343633abeed
[13:56]   [ComfyUI] Calling execution.validate_prompt()...
[13:56]   [ComfyUI] Validation result: valid=True
[13:56]   [ComfyUI] === Validation PASSED ===
[13:56]   [ComfyUI] got prompt
[13:56]   [ComfyUI] [comfy-env] Running LoadSAM3DModel: attn_backend: 'flash_attn', compile: False, precision: 'auto'
[13:56]   [ComfyUI] [VRAM] Before LoadSAM3DModel: 580 / 7703 MB
[13:56]   [ComfyUI] [ComfyUI-SAM3DObjects] python: /workspaces/SAM3DObjects-1241/ComfyUI/.ce/.pixi/envs/sam3dobjects-nodes/bin/python
[13:56]   [ComfyUI] [SubprocessWorker] call_method: nodes.load_model.LoadSAM3DModel.EXECUTE_NORMALIZED
[13:56]   [ComfyUI] [ComfyUI-SAM3DObjects] sys_path sent to worker: ['/workspaces/SAM3DObjects-1241/ComfyUI', '/workspaces/SAM3DObjects-1241/ComfyUI/custom_nodes/ComfyUI-SAM3DObjects', '/workspaces/SAM3DObjects-1241/ComfyUI/.ce/.pixi/envs/sam3dobjects-nodes/lib/python3.12/site-packages', '/workspaces/SAM3DObjects-1241/ComfyUI/custom_nodes/ComfyUI-SAM3DObjects']
[13:56]   [ComfyUI] [SubprocessWorker] acquired lock, ensuring started...
[13:56]   [ComfyUI] [SubprocessWorker] is_pixi=True, python=/workspaces/SAM3DObjects-1241/ComfyUI/.ce/.pixi/envs/sam3dobjects-nodes/bin/python
[13:56]   [ComfyUI] [ComfyUI-SAM3DObjects] Health check: ping (timeout=5.0s)...
[13:56]   [ComfyUI] [SubprocessWorker] launching cmd=['/root/.pixi/bin/pixi', 'run', '--as-is', '--manifest-path', '/workspaces/SAM3DObjects-1241/ComfyUI/.ce/pixi.toml', '-e', 'sam3dobjects-nodes', 'python', '/tmp/comfyui_pvenv_8g80169v/persistent_worker.py', 'abstract://comfy_worker_b25bc53e4ac7']...
[13:56]   [ComfyUI] [ComfyUI-SAM3DObjects] Health check: failed
[13:56]   [ComfyUI] [SubprocessWorker] socket_addr=abstract://comfy_worker_b25bc53e4ac7 (abstract, no filesystem path)
[13:56]   [ComfyUI] [ComfyUI-SAM3DObjects] Socket unhealthy, restarting worker...
[13:56]   [ComfyUI] [comfy-env] Invalidated 8 stale model patchers (will be cleaned up during next unload)
[13:56]   Node executed (1 total), capturing...
[13:56]   Frame 2 saved (frame_001.jpg, t=0.6s)
[13:56]   [capture-node] freeze=2ms shot=154ms unfreeze=8ms saved=True
[13:58]   [ComfyUI] [worker:ComfyUI-SAM3DObjects] WARNING: WARNING: You need pytorch with cu130 or higher to use optimized CUDA operations.
[13:58]   [ComfyUI] [SubprocessWorker] worker started/confirmed
[13:58]   [ComfyUI] [SubprocessWorker] serializing kwargs to shm...
[13:58]   [ComfyUI] [SubprocessWorker] created 0 shm blocks
[13:58]   [ComfyUI] [SubprocessWorker] sending request via socket...
[13:58]   [ComfyUI] [SubprocessWorker] call_id=34 sending call_method
[13:58]   Frame 3 saved (frame_002.jpg, t=2.9s)
[13:58]   [capture-periodic] freeze=2ms shot=157ms unfreeze=6ms saved=True
[13:58]   [ComfyUI] [SubprocessWorker] got response: ok
[13:58]   [ComfyUI] [comfy-env] [VRAM] Before offload 'SLatMeshDecoderTdfyWrapper_8' (173 MB) -> cpu: 270 / 7703 MB
[13:58]   [ComfyUI] [ComfyUI-SAM3DObjects] Health check: ping (timeout=5.0s)...
[13:58]   [ComfyUI] [ComfyUI-SAM3DObjects] Health check: ok
[13:58]   [ComfyUI] [SubprocessWorker] call_id=35 sending model_to_device
[13:58]   [ComfyUI] Model 'SLatMeshDecoderTdfyWrapper_8' gone from worker (restarted?), treating as offloaded
[13:58]   [ComfyUI] [comfy-env] [VRAM] After offload 'SLatMeshDecoderTdfyWrapper_8' (173 MB): 270 / 7703 MB
[13:58]   [ComfyUI] [comfy-env] [VRAM] Before offload 'SLatGaussianDecoderTdfyWrapper_7' (162 MB) -> cpu: 270 / 7703 MB
[13:58]   [ComfyUI] [ComfyUI-SAM3DObjects] Health check: ping (timeout=5.0s)...
[13:58]   [ComfyUI] [ComfyUI-SAM3DObjects] Health check: ok
[13:58]   [ComfyUI] [SubprocessWorker] call_id=36 sending model_to_device
[13:58]   [ComfyUI] Model 'SLatGaussianDecoderTdfyWrapper_7' gone from worker (restarted?), treating as offloaded
[13:59]   [ComfyUI] [comfy-env] [VRAM] After offload 'SLatGaussianDecoderTdfyWrapper_7' (162 MB): 270 / 7703 MB
[13:59]   [ComfyUI] [comfy-env] [VRAM] Before offload 'FlowMatching_6' (2290 MB) -> cpu: 270 / 7703 MB
[13:59]   [ComfyUI] [ComfyUI-SAM3DObjects] Health check: ping (timeout=5.0s)...
[13:59]   [ComfyUI] [ComfyUI-SAM3DObjects] Health check: ok
[13:59]   [ComfyUI] [SubprocessWorker] call_id=37 sending model_to_device
[13:59]   [ComfyUI] Model 'FlowMatching_6' gone from worker (restarted?), treating as offloaded
[13:59]   [ComfyUI] [comfy-env] [VRAM] After offload 'FlowMatching_6' (2290 MB): 270 / 7703 MB
[13:59]   [ComfyUI] [comfy-env] [VRAM] Before offload 'EmbedderFuser_5' (1227 MB) -> cpu: 270 / 7703 MB
[13:59]   [ComfyUI] [ComfyUI-SAM3DObjects] Health check: ping (timeout=5.0s)...
[13:59]   [ComfyUI] [ComfyUI-SAM3DObjects] Health check: ok
[13:59]   [ComfyUI] [SubprocessWorker] call_id=38 sending model_to_device
[13:59]   [ComfyUI] Model 'EmbedderFuser_5' gone from worker (restarted?), treating as offloaded
[13:59]   [ComfyUI] [comfy-env] [VRAM] After offload 'EmbedderFuser_5' (1227 MB): 270 / 7703 MB
[13:59]   [ComfyUI] [comfy-env] [VRAM] Before offload 'SparseStructureDecoderTdfyWrapper_4' (140 MB) -> cpu: 270 / 7703 MB
[13:59]   [ComfyUI] [ComfyUI-SAM3DObjects] Health check: ping (timeout=5.0s)...
[13:59]   [ComfyUI] [ComfyUI-SAM3DObjects] Health check: ok
[13:59]   [ComfyUI] [SubprocessWorker] call_id=39 sending model_to_device
[13:59]   [ComfyUI] Model 'SparseStructureDecoderTdfyWrapper_4' gone from worker (restarted?), treating as offloaded
[13:59]   [ComfyUI] [comfy-env] [VRAM] After offload 'SparseStructureDecoderTdfyWrapper_4' (140 MB): 270 / 7703 MB
[13:59]   [ComfyUI] [comfy-env] [VRAM] Before offload 'ShortCut_3' (3677 MB) -> cpu: 270 / 7703 MB
[13:59]   [ComfyUI] [ComfyUI-SAM3DObjects] Health check: ping (timeout=5.0s)...
[13:59]   [ComfyUI] [ComfyUI-SAM3DObjects] Health check: ok
[13:59]   [ComfyUI] [SubprocessWorker] call_id=40 sending model_to_device
[13:59]   [ComfyUI] Model 'ShortCut_3' gone from worker (restarted?), treating as offloaded
[13:59]   [ComfyUI] [comfy-env] [VRAM] After offload 'ShortCut_3' (3677 MB): 270 / 7703 MB
[13:59]   [ComfyUI] [comfy-env] [VRAM] Before offload 'EmbedderFuser_2' (1259 MB) -> cpu: 270 / 7703 MB
[13:59]   [ComfyUI] [ComfyUI-SAM3DObjects] Health check: ping (timeout=5.0s)...
[13:59]   [ComfyUI] [ComfyUI-SAM3DObjects] Health check: ok
[13:59]   [ComfyUI] [SubprocessWorker] call_id=41 sending model_to_device
[13:59]   [ComfyUI] Model 'EmbedderFuser_2' gone from worker (restarted?), treating as offloaded
[13:59]   [ComfyUI] [comfy-env] [VRAM] After offload 'EmbedderFuser_2' (1259 MB): 270 / 7703 MB
[13:59]   [ComfyUI] [comfy-env] [VRAM] Before offload 'MoGeModelV1_1' (599 MB) -> cpu: 270 / 7703 MB
[13:59]   [ComfyUI] [ComfyUI-SAM3DObjects] Health check: ping (timeout=5.0s)...
[13:59]   [ComfyUI] [ComfyUI-SAM3DObjects] Health check: ok
[13:59]   [ComfyUI] [SubprocessWorker] call_id=42 sending model_to_device
[13:59]   [ComfyUI] Model 'MoGeModelV1_1' gone from worker (restarted?), treating as offloaded
[13:59]   [ComfyUI] [comfy-env] [VRAM] After offload 'MoGeModelV1_1' (599 MB): 270 / 7703 MB
[13:59]   [ComfyUI] [comfy-env] LoadSAM3DModel done (2.86s): result: NodeOutput
[13:59]   [ComfyUI] [VRAM] After LoadSAM3DModel: 270 / 7703 MB
[13:59]   [ComfyUI] [comfy-env] Running SAM3D_DepthEstimate: depth_model: dict, image: torch.float32 [1,1062,1600,3] cpu
[13:59]   [ComfyUI] [VRAM] Before SAM3D_DepthEstimate: 270 / 7703 MB
[13:59]   [ComfyUI] [SubprocessWorker] call_method: nodes.depth_estimate.SAM3D_DepthEstimate.EXECUTE_NORMALIZED
[13:59]   [ComfyUI] [SubprocessWorker] acquired lock, ensuring started...
[13:59]   [ComfyUI] [ComfyUI-SAM3DObjects] Health check: ping (timeout=5.0s)...
[13:59]   [ComfyUI] [ComfyUI-SAM3DObjects] Health check: ok
[13:59]   [ComfyUI] [SubprocessWorker] worker started/confirmed
[13:59]   [ComfyUI] [comfy-env] PRE-SERIALIZE 'image' shape: torch.Size([1, 1062, 1600, 3])
[13:59]   [ComfyUI] [SubprocessWorker] serializing kwargs to shm...
[13:59]   [ComfyUI] [SubprocessWorker] created 0 shm blocks
[13:59]   [ComfyUI] [SubprocessWorker] sending request via socket...
[13:59]   [ComfyUI] [SubprocessWorker] call_id=43 sending call_method
[13:59]   [ComfyUI] [worker:ComfyUI-SAM3DObjects] [comfy-env] _from_shm got dict with keys: ['__type__', 'strategy', 'parent_pid', 'fd', 'storage_size']
[13:59]   [ComfyUI] [worker:ComfyUI-SAM3DObjects] [comfy-env] DESERIALIZE TensorRef: tensor_size=[1, 1062, 1600, 3]
[13:59]   [ComfyUI] [worker:ComfyUI-SAM3DObjects] [comfy-env] DESERIALIZED tensor shape: torch.Size([1, 1062, 1600, 3])
[13:59]   [ComfyUI] [worker:ComfyUI-SAM3DObjects] [VRAM] DepthEstimate: start: torch=0MiB alloc, 0MiB reserved | gpu=270MiB/7703MiB used
[13:59]   [ComfyUI] [worker:ComfyUI-SAM3DObjects] [VRAM] DepthEstimate: before MoGe from_pretrained: torch=0MiB alloc, 0MiB reserved | gpu=270MiB/7703MiB used
[13:59]   [ComfyUI] /workspaces/SAM3DObjects-1241/ComfyUI/custom_nodes/ComfyUI-SAM3DObjects/nodes/sam3d/moge.py:1012: UserWarning: Deprecated arguments ignored: {'output_mask': True, 'split_head': True}
[13:59]   [ComfyUI]   warnings.warn(f"Deprecated arguments ignored: {deprecated_kwargs}")
[14:00]   [ComfyUI] [worker:ComfyUI-SAM3DObjects] [VRAM] DepthEstimate: after MoGe from_pretrained: torch=0MiB alloc, 0MiB reserved | gpu=270MiB/7703MiB used
[14:00]   [ComfyUI] [worker:ComfyUI-SAM3DObjects] [VRAM] DepthEstimate: before load_models_gpu: torch=0MiB alloc, 0MiB reserved | gpu=270MiB/7703MiB used
[14:00]   [ComfyUI] [SubprocessWorker] callback 'request_vram_budget' from call_id=43
[14:00]   [ComfyUI] [comfy-env] VRAM request: 0.63GB, free before eviction: 7.79GB
[14:00]   [ComfyUI] [comfy-env] VRAM after eviction: 7.79GB
[14:00]   [ComfyUI] [worker:ComfyUI-SAM3DObjects] [VRAM] +328MB (now 328MB) reserved=352MB peak=328MB
[14:00]   [ComfyUI] [worker:ComfyUI-SAM3DObjects] [VRAM] DepthEstimate: after load_models_gpu: torch=599MiB alloc, 608MiB reserved | gpu=948MiB/7703MiB used
[14:01]   Frame 4 saved (frame_003.jpg, t=5.2s)
[14:01]   [capture-periodic] freeze=2ms shot=221ms unfreeze=7ms saved=True
[14:01]   [ComfyUI] [worker:ComfyUI-SAM3DObjects] [VRAM] +271MB (now 599MB) reserved=608MB peak=599MB
[14:02]   [capture-loop] iter=50 t=6.3s state={'complete': False, 'error': None, 'executedCount': 1, 'wsState': 1} eval_ms=2
[14:03]   [ComfyUI] [SubprocessWorker] callback 'report_progress' from call_id=43
[14:03]   [ComfyUI] [worker:ComfyUI-SAM3DObjects] [VRAM] DepthEstimate: before MoGe inference: torch=599MiB alloc, 608MiB reserved | gpu=948MiB/7703MiB used
[14:03]   [ComfyUI] [worker:ComfyUI-SAM3DObjects] [VRAM] DepthEstimate: after MoGe inference: torch=642MiB alloc, 1120MiB reserved | gpu=1496MiB/7703MiB used
[14:03]   Frame 5 saved (frame_004.jpg, t=7.6s)
[14:03]   [capture-periodic] freeze=9ms shot=168ms unfreeze=8ms saved=True
[14:03]   [ComfyUI] [worker:ComfyUI-SAM3DObjects] [VRAM] -255MB (now 344MB) reserved=704MB peak=692MB
[14:04]   [ComfyUI] [worker:ComfyUI-SAM3DObjects] [VRAM] DepthEstimate: after cleanup: torch=43MiB alloc, 96MiB reserved | gpu=472MiB/7703MiB used
[14:04]   [ComfyUI] [SubprocessWorker] callback 'report_progress' from call_id=43
[14:04]   [ComfyUI] [SubprocessWorker] callback 'report_progress' from call_id=43
[14:04]   [ComfyUI] [worker:ComfyUI-SAM3DObjects] [VRAM] -283MB (now 62MB) reserved=160MB peak=692MB
[14:05]   [ComfyUI] [SubprocessWorker] callback 'report_progress' from call_id=43
[14:05]   [ComfyUI] [worker:ComfyUI-SAM3DObjects] [VRAM] DepthEstimate: done: torch=62MiB alloc, 160MiB reserved | gpu=536MiB/7703MiB used
[14:05]   [ComfyUI] [SubprocessWorker] got response: ok
[14:05]   [ComfyUI] [comfy-env] Created 1 model patchers: ['MoGeModelV1_1']
[14:05]   [ComfyUI] [comfy-env] SAM3D_DepthEstimate done (6.27s): result: NodeOutput
[14:05]   [ComfyUI] [VRAM] After SAM3D_DepthEstimate: 536 / 7703 MB
[14:05]   [ComfyUI] [VRAM] Loaded: SubprocessModel (0 MB)
[14:05]   [ComfyUI] [comfy-env] Running SAM3DGenerateSLAT: seed: 42, stage1_steps: 12, stage1_cfg: 7.5, stage1_cfg_pm: 0.0, stage2_steps: 12, stage2_cfg: 5.0, use_distillation: False, generator: dict, image: torch.float32 [1,1062,1600,3] cpu, mask: torch.float32 [1,1062,1600] cpu, pointmap: torch.float32 [1062,1600,3] cpu
[14:05]   [ComfyUI] [VRAM] Before SAM3DGenerateSLAT: 536 / 7703 MB
[14:05]   [ComfyUI] [VRAM] Loaded: SubprocessModel (0 MB)
[14:05]   [ComfyUI] [SubprocessWorker] call_method: nodes.generate_slat.SAM3DGenerateSLAT.EXECUTE_NORMALIZED
[14:05]   [ComfyUI] [SubprocessWorker] acquired lock, ensuring started...
[14:05]   [ComfyUI] [ComfyUI-SAM3DObjects] Health check: ping (timeout=5.0s)...
[14:05]   [ComfyUI] [ComfyUI-SAM3DObjects] Health check: ok
[14:05]   [ComfyUI] [SubprocessWorker] worker started/confirmed
[14:05]   [ComfyUI] [comfy-env] PRE-SERIALIZE 'image' shape: torch.Size([1, 1062, 1600, 3])
[14:05]   [ComfyUI] [comfy-env] PRE-SERIALIZE 'mask' shape: torch.Size([1, 1062, 1600])
[14:05]   [ComfyUI] [comfy-env] PRE-SERIALIZE 'pointmap' shape: torch.Size([1062, 1600, 3])
[14:05]   [ComfyUI] [SubprocessWorker] serializing kwargs to shm...
[14:05]   [ComfyUI] [SubprocessWorker] created 0 shm blocks
[14:05]   [ComfyUI] [SubprocessWorker] sending request via socket...
[14:05]   [ComfyUI] [SubprocessWorker] call_id=44 sending call_method
[14:05]   [ComfyUI] [worker:ComfyUI-SAM3DObjects] [comfy-env] _from_shm got dict with keys: ['__type__', 'strategy', 'parent_pid', 'fd', 'storage_size']
[14:05]   [ComfyUI] [worker:ComfyUI-SAM3DObjects] [comfy-env] DESERIALIZE TensorRef: tensor_size=[1, 1062, 1600, 3]
[14:05]   [ComfyUI] [worker:ComfyUI-SAM3DObjects] [comfy-env] DESERIALIZED tensor shape: torch.Size([1, 1062, 1600, 3])
[14:05]   [ComfyUI] [worker:ComfyUI-SAM3DObjects] [comfy-env] _from_shm got dict with keys: ['__type__', 'strategy', 'parent_pid', 'fd', 'storage_size']
[14:05]   [ComfyUI] [worker:ComfyUI-SAM3DObjects] [comfy-env] DESERIALIZE TensorRef: tensor_size=[1, 1062, 1600]
[14:05]   [ComfyUI] [worker:ComfyUI-SAM3DObjects] [comfy-env] DESERIALIZED tensor shape: torch.Size([1, 1062, 1600])
[14:05]   [ComfyUI] [worker:ComfyUI-SAM3DObjects] [comfy-env] _from_shm got dict with keys: ['__type__', 'strategy', 'parent_pid', 'fd', 'storage_size']
[14:05]   [ComfyUI] [worker:ComfyUI-SAM3DObjects] [comfy-env] DESERIALIZE TensorRef: tensor_size=[1062, 1600, 3]
[14:05]   [ComfyUI] [worker:ComfyUI-SAM3DObjects] [comfy-env] DESERIALIZED tensor shape: torch.Size([1062, 1600, 3])
[14:05]   [ComfyUI] [worker:ComfyUI-SAM3DObjects] [VRAM] GenerateSLAT: start: torch=9MiB alloc, 160MiB reserved | gpu=536MiB/7703MiB used
[14:05]   [ComfyUI] 2026-05-07 12:55:28.977 | WARNING  | nodes.sam3d.transforms:__post_init__:1359 - No rgb pointmap normalizer provided, using scale + shift
[14:05]   [ComfyUI] [worker:ComfyUI-SAM3DObjects] [VRAM] _load_condition_embedder(ss): before build: torch=42MiB alloc, 224MiB reserved | gpu=666MiB/7703MiB used
[14:05]   Frame 6 saved (frame_005.jpg, t=9.9s)
[14:05]   [capture-periodic] freeze=1ms shot=173ms unfreeze=8ms saved=True
[14:07]   [capture-loop] iter=100 t=12.0s state={'complete': False, 'error': None, 'executedCount': 1, 'wsState': 1} eval_ms=2
[14:08]   Frame 7 saved (frame_006.jpg, t=12.2s)
[14:08]   [capture-periodic] freeze=2ms shot=167ms unfreeze=7ms saved=True
[14:10]   [ComfyUI] [worker:ComfyUI-SAM3DObjects] [VRAM] _load_condition_embedder(ss): after load_state_dict: torch=42MiB alloc, 224MiB reserved | gpu=666MiB/7703MiB used
[14:10]   [ComfyUI] [SubprocessWorker] callback 'request_vram_budget' from call_id=44
[14:10]   [ComfyUI] [comfy-env] VRAM request: 2.54GB, free before eviction: 7.48GB
[14:10]   [ComfyUI] [comfy-env] VRAM after eviction: 7.48GB
[14:10]   [ComfyUI] [worker:ComfyUI-SAM3DObjects] [VRAM] +316MB (now 379MB) reserved=416MB peak=692MB
[14:10]   [ComfyUI] [worker:ComfyUI-SAM3DObjects] [VRAM] Stage1: before embedding: torch=1302MiB alloc, 1312MiB reserved | gpu=1754MiB/7703MiB used
[14:11]   [ComfyUI] [worker:ComfyUI-SAM3DObjects] [VRAM] Stage1: after embedding: torch=1331MiB alloc, 2464MiB reserved | gpu=2908MiB/7703MiB used
[14:11]   [ComfyUI] [worker:ComfyUI-SAM3DObjects] [VRAM] -230MB (now 149MB) reserved=2464MB peak=1385MB
[14:11]   [ComfyUI] [worker:ComfyUI-SAM3DObjects] [VRAM] Stage1: after embedder unload: torch=72MiB alloc, 192MiB reserved | gpu=636MiB/7703MiB used
[14:11]   [ComfyUI] [worker:ComfyUI-SAM3DObjects] [VRAM] _load_generator(ss): before build: torch=72MiB alloc, 192MiB reserved | gpu=636MiB/7703MiB used
[14:11]   [ComfyUI] [worker:ComfyUI-SAM3DObjects] [VRAM] _load_generator(ss): after load_state_dict: torch=72MiB alloc, 192MiB reserved | gpu=636MiB/7703MiB used
[14:11]   [ComfyUI] [SubprocessWorker] callback 'request_vram_budget' from call_id=44
[14:11]   [ComfyUI] [comfy-env] VRAM request: 3.86GB, free before eviction: 7.41GB
[14:11]   [ComfyUI] [comfy-env] VRAM after eviction: 7.41GB
[14:12]   [ComfyUI] [worker:ComfyUI-SAM3DObjects] [VRAM] +3600MB (now 3750MB) reserved=3776MB peak=3750MB
[14:12]   [ComfyUI] [worker:ComfyUI-SAM3DObjects] [VRAM] _load_decoder(ss): before instantiate: torch=3750MiB alloc, 3776MiB reserved | gpu=4220MiB/7703MiB used
[14:12]   [ComfyUI] [worker:ComfyUI-SAM3DObjects] [VRAM] _load_decoder(ss): after load_state_dict: torch=3750MiB alloc, 3776MiB reserved | gpu=4220MiB/7703MiB used
[14:12]   [ComfyUI] [SubprocessWorker] callback 'request_vram_budget' from call_id=44
[14:12]   [ComfyUI] [comfy-env] VRAM request: 0.15GB, free before eviction: 3.65GB
[14:12]   [ComfyUI] [comfy-env] VRAM after eviction: 3.65GB
[14:12]   [ComfyUI] [worker:ComfyUI-SAM3DObjects] [VRAM] Stage1: before inference: torch=3890MiB alloc, 3904MiB reserved | gpu=4348MiB/7703MiB used
[14:12]   [ComfyUI] [worker:ComfyUI-SAM3DObjects] [DTYPE_DBG] _generate_noise_tensor: _compute_dtype=torch.bfloat16 shape=(1, 1, 6) device=cuda:0
[14:12]   [ComfyUI] [worker:ComfyUI-SAM3DObjects] [DTYPE_DBG] _generate_noise_tensor: _compute_dtype=torch.bfloat16 shape=(1, 1, 3) device=cuda:0
[14:12]   [ComfyUI] [worker:ComfyUI-SAM3DObjects] [DTYPE_DBG] _generate_noise_tensor: _compute_dtype=torch.bfloat16 shape=(1, 4096, 8) device=cuda:0
[14:12]   [ComfyUI] [worker:ComfyUI-SAM3DObjects] [DTYPE_DBG] _generate_noise_tensor: _compute_dtype=torch.bfloat16 shape=(1, 1, 3) device=cuda:0
[14:12]   [ComfyUI] [worker:ComfyUI-SAM3DObjects] [DTYPE_DBG] _generate_noise_tensor: _compute_dtype=torch.bfloat16 shape=(1, 1, 1) device=cuda:0
[14:13]   [capture-loop] iter=150 t=17.7s state={'complete': False, 'error': None, 'executedCount': 1, 'wsState': 1} eval_ms=2
[14:13]   [ComfyUI] [SubprocessWorker] callback 'report_progress' from call_id=44
[14:13]   [ComfyUI] [worker:ComfyUI-SAM3DObjects] [VRAM] +251MB (now 4001MB) reserved=4224MB peak=4112MB
[14:14]   [ComfyUI] [SubprocessWorker] callback 'report_progress' from call_id=44
[14:15]   Frame 8 saved (frame_007.jpg, t=19.0s)
[14:15]   [capture-periodic] freeze=2ms shot=167ms unfreeze=7ms saved=True
[14:15]   [ComfyUI] [SubprocessWorker] callback 'report_progress' from call_id=44
[14:16]   [ComfyUI] [SubprocessWorker] callback 'report_progress' from call_id=44
[14:17]   Frame 9 saved (frame_008.jpg, t=21.3s)
[14:17]   [capture-periodic] freeze=2ms shot=175ms unfreeze=5ms saved=True
[14:17]   [ComfyUI] [SubprocessWorker] callback 'report_progress' from call_id=44
[14:18]   [ComfyUI] [SubprocessWorker] callback 'report_progress' from call_id=44
[14:19]   [capture-loop] iter=200 t=23.4s state={'complete': False, 'error': None, 'executedCount': 1, 'wsState': 1} eval_ms=2
[14:19]   [ComfyUI] [SubprocessWorker] callback 'report_progress' from call_id=44
[14:19]   Frame 10 saved (frame_009.jpg, t=23.6s)
[14:19]   [capture-periodic] freeze=2ms shot=166ms unfreeze=2ms saved=True
[14:20]   [ComfyUI] [SubprocessWorker] callback 'report_progress' from call_id=44
[14:21]   [ComfyUI] [SubprocessWorker] callback 'report_progress' from call_id=44
[14:21]   Frame 11 saved (frame_010.jpg, t=25.9s)
[14:21]   [capture-periodic] freeze=1ms shot=181ms unfreeze=5ms saved=True
[14:22]   [ComfyUI] [SubprocessWorker] callback 'report_progress' from call_id=44
[14:22]   [ComfyUI] [SubprocessWorker] callback 'report_progress' from call_id=44
[14:23]   [ComfyUI] [SubprocessWorker] callback 'report_progress' from call_id=44
[14:23]   [ComfyUI] [worker:ComfyUI-SAM3DObjects] [VRAM] Stage1: after inference: torch=3906MiB alloc, 4416MiB reserved | gpu=4860MiB/7703MiB used
[14:23]   [ComfyUI] [worker:ComfyUI-SAM3DObjects] [VRAM] -614MB (now 3388MB) reserved=4416MB peak=4112MB
[14:24]   Frame 12 saved (frame_011.jpg, t=28.2s)
[14:24]   [capture-periodic] freeze=2ms shot=176ms unfreeze=10ms saved=True
[14:24]   [ComfyUI] [worker:ComfyUI-SAM3DObjects] [VRAM] -2023MB (now 1366MB) reserved=4416MB peak=4112MB
[14:25]   [capture-loop] iter=250 t=29.3s state={'complete': False, 'error': None, 'executedCount': 1, 'wsState': 1} eval_ms=2
[14:25]   [ComfyUI] [worker:ComfyUI-SAM3DObjects] [VRAM] Stage1: after model cleanup: torch=88MiB alloc, 256MiB reserved | gpu=700MiB/7703MiB used
[14:25]   [ComfyUI] 2026-05-07 12:55:49.166 | WARNING  | nodes.sam3d.transforms:__post_init__:1359 - No rgb pointmap normalizer provided, using scale + shift
[14:25]   [ComfyUI] [worker:ComfyUI-SAM3DObjects] [VRAM] _load_condition_embedder(slat): before build: torch=37MiB alloc, 256MiB reserved | gpu=700MiB/7703MiB used
[14:25]   [ComfyUI] [worker:ComfyUI-SAM3DObjects] [VRAM] -1329MB (now 37MB) reserved=256MB peak=4112MB
[14:26]   Frame 13 saved (frame_012.jpg, t=30.6s)
[14:26]   [capture-periodic] freeze=1ms shot=215ms unfreeze=7ms saved=True
[14:30]   [ComfyUI] [worker:ComfyUI-SAM3DObjects] [VRAM] _load_condition_embedder(slat): after load_state_dict: torch=37MiB alloc, 256MiB reserved | gpu=700MiB/7703MiB used
[14:30]   [ComfyUI] [SubprocessWorker] callback 'request_vram_budget' from call_id=44
[14:30]   [ComfyUI] [comfy-env] VRAM request: 2.50GB, free before eviction: 7.44GB
[14:30]   [ComfyUI] [comfy-env] VRAM after eviction: 7.44GB
[14:30]   [ComfyUI] [worker:ComfyUI-SAM3DObjects] [VRAM] +272MB (now 309MB) reserved=384MB peak=4112MB
[14:30]   [capture-loop] iter=300 t=35.0s state={'complete': False, 'error': None, 'executedCount': 1, 'wsState': 1} eval_ms=2
[14:30]   [ComfyUI] [worker:ComfyUI-SAM3DObjects] [VRAM] Stage2: before embedding: torch=1264MiB alloc, 1312MiB reserved | gpu=1756MiB/7703MiB used
[14:31]   [ComfyUI] [worker:ComfyUI-SAM3DObjects] [VRAM] Stage2: after embedding: torch=1275MiB alloc, 1408MiB reserved | gpu=1852MiB/7703MiB used
[14:31]   [ComfyUI] [worker:ComfyUI-SAM3DObjects] [VRAM] +338MB (now 648MB) reserved=1408MB peak=4112MB
[14:31]   [ComfyUI] [worker:ComfyUI-SAM3DObjects] [VRAM] Stage2: after embedder unload: torch=48MiB alloc, 192MiB reserved | gpu=636MiB/7703MiB used
[14:31]   [ComfyUI] [worker:ComfyUI-SAM3DObjects] [VRAM] _load_generator(slat): before build: torch=48MiB alloc, 192MiB reserved | gpu=636MiB/7703MiB used
[14:32]   [ComfyUI] [worker:ComfyUI-SAM3DObjects] [VRAM] -601MB (now 48MB) reserved=192MB peak=4112MB
[14:35]   [ComfyUI] [worker:ComfyUI-SAM3DObjects] [VRAM] _load_generator(slat): after load_state_dict: torch=48MiB alloc, 192MiB reserved | gpu=636MiB/7703MiB used
[14:35]   [ComfyUI] [SubprocessWorker] callback 'request_vram_budget' from call_id=44
[14:35]   [ComfyUI] [comfy-env] VRAM request: 2.40GB, free before eviction: 7.41GB
[14:35]   [ComfyUI] [comfy-env] VRAM after eviction: 7.41GB
[14:35]   [ComfyUI] [worker:ComfyUI-SAM3DObjects] [VRAM] +423MB (now 471MB) reserved=608MB peak=4112MB
[14:35]   [ComfyUI] [worker:ComfyUI-SAM3DObjects] [VRAM] Stage2: before inference: torch=2338MiB alloc, 2400MiB reserved | gpu=2844MiB/7703MiB used
[14:35]   [ComfyUI] [worker:ComfyUI-SAM3DObjects] [DTYPE_DBG] _generate_noise_tensor: _compute_dtype=torch.bfloat16 shape=(1, 8699, 8) device=cuda:0
[14:35]   [ComfyUI] W0507 12:55:59.485000 2609 .ce/.pixi/envs/sam3dobjects-nodes/lib/python3.12/site-packages/torch/fx/_symbolic_trace.py:53] is_fx_tracing will return true for both fx.symbolic_trace and torch.export. Please use is_fx_tracing_symbolic_tracing() for specifically fx.symbolic_trace or torch.compiler.is_compiling() for specifically torch.export/compile.
[14:36]   [ComfyUI] [worker:ComfyUI-SAM3DObjects] [33m[comfy-attn] Varlen attention: sage2[0m
[14:36]   [ComfyUI] [worker:ComfyUI-SAM3DObjects] [VRAM] +1967MB (now 2439MB) reserved=2496MB peak=4112MB
[14:36]   [capture-loop] iter=350 t=40.8s state={'complete': False, 'error': None, 'executedCount': 1, 'wsState': 1} eval_ms=2
[14:37]   [ComfyUI] [SubprocessWorker] callback 'report_progress' from call_id=44
[14:37]   Frame 14 saved (frame_013.jpg, t=42.0s)
[14:37]   [capture-periodic] freeze=2ms shot=159ms unfreeze=6ms saved=True
[14:38]   [ComfyUI] [SubprocessWorker] callback 'report_progress' from call_id=44
[14:38]   [ComfyUI] [SubprocessWorker] callback 'report_progress' from call_id=44
[14:39]   [ComfyUI] [SubprocessWorker] callback 'report_progress' from call_id=44
[14:39]   [ComfyUI] [SubprocessWorker] callback 'report_progress' from call_id=44
[14:40]   [ComfyUI] [SubprocessWorker] callback 'report_progress' from call_id=44
[14:40]   Frame 15 saved (frame_014.jpg, t=44.3s)
[14:40]   [capture-periodic] freeze=2ms shot=177ms unfreeze=6ms saved=True
[14:40]   [ComfyUI] [SubprocessWorker] callback 'report_progress' from call_id=44
[14:40]   [ComfyUI] [SubprocessWorker] callback 'report_progress' from call_id=44
[14:41]   [ComfyUI] [SubprocessWorker] callback 'report_progress' from call_id=44
[14:41]   [ComfyUI] [SubprocessWorker] callback 'report_progress' from call_id=44
[14:41]   [ComfyUI] [SubprocessWorker] callback 'report_progress' from call_id=44
[14:41]   [ComfyUI] [SubprocessWorker] callback 'report_progress' from call_id=44
[14:41]   [ComfyUI] [worker:ComfyUI-SAM3DObjects] [VRAM] Stage2: after inference: torch=2338MiB alloc, 2720MiB reserved | gpu=3168MiB/7703MiB used
[14:41]   [ComfyUI] [worker:ComfyUI-SAM3DObjects] [VRAM] -288MB (now 2151MB) reserved=2720MB peak=4112MB
[14:42]   [capture-loop] iter=400 t=46.5s state={'complete': False, 'error': None, 'executedCount': 1, 'wsState': 1} eval_ms=1
[14:42]   Frame 16 saved (frame_015.jpg, t=46.5s)
[14:42]   [capture-periodic] freeze=1ms shot=171ms unfreeze=7ms saved=True
[14:42]   [ComfyUI] [worker:ComfyUI-SAM3DObjects] [VRAM] Stage2: after model cleanup: torch=48MiB alloc, 256MiB reserved | gpu=704MiB/7703MiB used
[14:42]   [ComfyUI] [worker:ComfyUI-SAM3DObjects] [VRAM] GenerateSLAT: done: torch=29MiB alloc, 256MiB reserved | gpu=704MiB/7703MiB used
[14:42]   [ComfyUI] [SubprocessWorker] got response: ok
[14:42]   [ComfyUI] [comfy-env] Created 5 model patchers: ['EmbedderFuser_2', 'ShortCut_3', 'SparseStructureDecoderTdfyWrapper_4', 'EmbedderFuser_5', 'FlowMatching_6']
[14:42]   [ComfyUI] [comfy-env] SAM3DGenerateSLAT done (37.60s): result: NodeOutput
[14:42]   [ComfyUI] [VRAM] After SAM3DGenerateSLAT: 704 / 7703 MB
[14:42]   [ComfyUI] [VRAM] Loaded: SubprocessModel (0 MB), SubprocessModel (0 MB), SubprocessModel (0 MB), SubprocessModel (0 MB), SubprocessModel (0 MB), SubprocessModel (0 MB)
[14:42]   [ComfyUI] [comfy-env] Running SAM3DGaussianDecode: up_axis: 'Y-up (standard)', world_coordinates: False, slat_decoder_gs: dict, slat: '/workspaces/SAM3DObjects-1241/ComfyUI/output/sam3d_run_3...
[14:42]   [ComfyUI] [VRAM] Before SAM3DGaussianDecode: 704 / 7703 MB
[14:42]   [ComfyUI] [VRAM] Loaded: SubprocessModel (0 MB), SubprocessModel (0 MB), SubprocessModel (0 MB), SubprocessModel (0 MB), SubprocessModel (0 MB), SubprocessModel (0 MB)
[14:42]   [ComfyUI] [SubprocessWorker] call_method: nodes.gaussian_decode.SAM3DGaussianDecode.EXECUTE_NORMALIZED
[14:42]   [ComfyUI] [SubprocessWorker] acquired lock, ensuring started...
[14:42]   [ComfyUI] [ComfyUI-SAM3DObjects] Health check: ping (timeout=5.0s)...
[14:42]   [ComfyUI] [ComfyUI-SAM3DObjects] Health check: ok
[14:42]   [ComfyUI] [SubprocessWorker] worker started/confirmed
[14:42]   [ComfyUI] [SubprocessWorker] serializing kwargs to shm...
[14:42]   [ComfyUI] [SubprocessWorker] created 0 shm blocks
[14:42]   [ComfyUI] [SubprocessWorker] sending request via socket...
[14:42]   [ComfyUI] [SubprocessWorker] call_id=45 sending call_method
[14:42]   [ComfyUI] [worker:ComfyUI-SAM3DObjects] [VRAM] -2143MB (now 9MB) reserved=256MB peak=4112MB
[14:42]   [ComfyUI] [worker:ComfyUI-SAM3DObjects] [VRAM] GaussianDecode: start: torch=9MiB alloc, 256MiB reserved | gpu=704MiB/7703MiB used
[14:42]   [ComfyUI] [SubprocessWorker] callback 'report_progress' from call_id=45
[14:42]   [ComfyUI] [worker:ComfyUI-SAM3DObjects] [VRAM] _load_decoder(slat_decoder_gs): before instantiate: torch=9MiB alloc, 256MiB reserved | gpu=704MiB/7703MiB used
[14:43]   [ComfyUI] 2026-05-07 12:56:06.623 | DEBUG    | nodes.sam3d.image_ops:<module>:14 - image_operations: cv2 available, using OpenCV backend
[14:43]   [ComfyUI] [worker:ComfyUI-SAM3DObjects] [VRAM] _load_decoder(slat_decoder_gs): after load_state_dict: torch=9MiB alloc, 256MiB reserved | gpu=704MiB/7703MiB used
[14:43]   [ComfyUI] [SubprocessWorker] callback 'request_vram_budget' from call_id=45
[14:43]   [ComfyUI] [comfy-env] VRAM request: 0.17GB, free before eviction: 7.34GB
[14:43]   [ComfyUI] [comfy-env] VRAM after eviction: 7.34GB
[14:43]   [ComfyUI] [worker:ComfyUI-SAM3DObjects] [VRAM] Decode(gaussian): after load_models_gpu: torch=172MiB alloc, 256MiB reserved | gpu=704MiB/7703MiB used
[14:43]   [ComfyUI] [SubprocessWorker] callback 'report_progress' from call_id=45
[14:43]   [ComfyUI] [worker:ComfyUI-SAM3DObjects] [VRAM] Decode(gaussian): after cleanup: torch=24MiB alloc, 96MiB reserved | gpu=544MiB/7703MiB used
[14:44]   Frame 17 saved (frame_016.jpg, t=48.8s)
[14:44]   [capture-periodic] freeze=2ms shot=156ms unfreeze=7ms saved=True
[14:47]   Frame 18 saved (frame_017.jpg, t=51.1s)
[14:47]   [capture-periodic] freeze=2ms shot=175ms unfreeze=6ms saved=True
[14:48]   [capture-loop] iter=450 t=52.4s state={'complete': False, 'error': None, 'executedCount': 1, 'wsState': 1} eval_ms=2
[14:53]   [capture-loop] iter=500 t=57.9s state={'complete': False, 'error': None, 'executedCount': 1, 'wsState': 1} eval_ms=2
[14:55]   [ComfyUI] [SubprocessWorker] callback 'report_progress' from call_id=45
[14:55]   [ComfyUI] [worker:ComfyUI-SAM3DObjects] [VRAM] GaussianDecode: done: torch=9MiB alloc, 96MiB reserved | gpu=544MiB/7703MiB used
[14:55]   [ComfyUI] [SubprocessWorker] got response: ok
[14:55]   [ComfyUI] [comfy-env] Created 1 model patchers: ['SLatGaussianDecoderTdfyWrapper_7']
[14:55]   [ComfyUI] [comfy-env] SAM3DGaussianDecode done (13.10s): result: NodeOutput
[14:56]   [ComfyUI] [VRAM] After SAM3DGaussianDecode: 544 / 7703 MB
[14:56]   [ComfyUI] [VRAM] Loaded: SubprocessModel (0 MB), SubprocessModel (0 MB), SubprocessModel (0 MB), SubprocessModel (0 MB), SubprocessModel (0 MB), SubprocessModel (0 MB), SubprocessModel (0 MB)
[14:56]   [ComfyUI] [comfy-env] Running SAM3D_PreviewPointCloud: file_path: '/workspaces/SAM3DObjects-1241/ComfyUI/output/sam3d_run_3...
[14:56]   [ComfyUI] [VRAM] Before SAM3D_PreviewPointCloud: 544 / 7703 MB
[14:56]   [ComfyUI] [VRAM] Loaded: SubprocessModel (0 MB), SubprocessModel (0 MB), SubprocessModel (0 MB), SubprocessModel (0 MB), SubprocessModel (0 MB), SubprocessModel (0 MB), SubprocessModel (0 MB)
[14:56]   [ComfyUI] [SubprocessWorker] call_method: nodes.preview_nodes.SAM3D_PreviewPointCloud.EXECUTE_NORMALIZED
[14:56]   [ComfyUI] [SubprocessWorker] acquired lock, ensuring started...
[14:56]   [ComfyUI] [ComfyUI-SAM3DObjects] Health check: ping (timeout=5.0s)...
[14:56]   [ComfyUI] [ComfyUI-SAM3DObjects] Health check: ok
[14:56]   [ComfyUI] [SubprocessWorker] worker started/confirmed
[14:56]   [ComfyUI] [SubprocessWorker] serializing kwargs to shm...
[14:56]   [ComfyUI] [SubprocessWorker] created 0 shm blocks
[14:56]   [ComfyUI] [SubprocessWorker] sending request via socket...
[14:56]   [ComfyUI] [SubprocessWorker] call_id=46 sending call_method
[14:56]   [ComfyUI] [SubprocessWorker] got response: ok
[14:56]   [ComfyUI] [comfy-env] SAM3D_PreviewPointCloud done (0.05s): result: NodeOutput
[14:56]   [ComfyUI] [VRAM] After SAM3D_PreviewPointCloud: 544 / 7703 MB
[14:56]   [ComfyUI] [VRAM] Loaded: SubprocessModel (0 MB), SubprocessModel (0 MB), SubprocessModel (0 MB), SubprocessModel (0 MB), SubprocessModel (0 MB), SubprocessModel (0 MB), SubprocessModel (0 MB)
[14:56]   [ComfyUI] Prompt executed in 60.01 seconds
[14:56]   Node executed (2 total), capturing...
[14:58]   Frame 19 saved (frame_018.jpg, t=60.5s)
[14:58]   [capture-node] freeze=147ms shot=1940ms unfreeze=5ms saved=True
[14:58]   Execution complete (t=62.8s)
[14:58]   [3d-wait] Phase 1: Waiting for 'Loading 3D Model' text to disappear...
[14:58]   [3d-wait] Phase 1 done in 0.0s
[14:58]   [3d-wait] Phase 2: iframes=1
[14:58]   [3d-wait] iframe viewer_ready=True (matched 1 console logs)
[14:58]   [3d-wait] Unfrozen in 0.001s, rendering for 5s...
[15:03]   [3d-wait] JS halted via CDP after 5.0s
[15:04]   [3d-wait] Re-frozen in 6.0s
[15:04]   [3d-wait] Total 3D wait: 6.0s
[15:04]   Captured 19 unique frames over 68.89s
[15:04]   [debug] iframes: 1
[15:04]   [debug]   iframe[0]: src=http://127.0.0.1:41883/extensions/ComfyUI-SAM3DObjects/viewer_vtk.html?v=1778158, canvas=486x405, rafFrozen=True
[15:04]   [timing] trigger_3d_previews: 0.0s
[15:07]   Saved high-quality screenshot: gaussian_generation_executed.png
[15:07]   [timing] final_screenshot: 1.0s
[15:07]   [ComfyUI] [comfy-env] [VRAM] Before offload 'ShortCut_3' (3677 MB) -> cpu: 544 / 7703 MB
[15:07] Capturing execution frames: mesh_generation.json
[15:07]   [ComfyUI] [ComfyUI-SAM3DObjects] python: /workspaces/SAM3DObjects-1241/ComfyUI/.ce/.pixi/envs/sam3dobjects-nodes/bin/python
[15:07]   [ComfyUI] [ComfyUI-SAM3DObjects] Health check: ping (timeout=5.0s)...
[15:07]   [ComfyUI] [ComfyUI-SAM3DObjects] Health check: failed
[15:07]   [ComfyUI] [ComfyUI-SAM3DObjects] sys_path sent to worker: ['/workspaces/SAM3DObjects-1241/ComfyUI', '/workspaces/SAM3DObjects-1241/ComfyUI/custom_nodes/ComfyUI-SAM3DObjects', '/workspaces/SAM3DObjects-1241/ComfyUI/.ce/.pixi/envs/sam3dobjects-nodes/lib/python3.12/site-packages', '/workspaces/SAM3DObjects-1241/ComfyUI/custom_nodes/ComfyUI-SAM3DObjects']
[15:07]   [ComfyUI] [ComfyUI-SAM3DObjects] Socket unhealthy, restarting worker...
[15:07]   [ComfyUI] [SubprocessWorker] is_pixi=True, python=/workspaces/SAM3DObjects-1241/ComfyUI/.ce/.pixi/envs/sam3dobjects-nodes/bin/python
[15:07]   [ComfyUI] [comfy-env] Invalidated 7 stale model patchers (will be cleaned up during next unload)
[15:07]   [ComfyUI] [SubprocessWorker] launching cmd=['/root/.pixi/bin/pixi', 'run', '--as-is', '--manifest-path', '/workspaces/SAM3DObjects-1241/ComfyUI/.ce/pixi.toml', '-e', 'sam3dobjects-nodes', 'python', '/tmp/comfyui_pvenv_8g80169v/persistent_worker.py', 'abstract://comfy_worker_8c004a3b5c27']...
[15:07]   [ComfyUI] [SubprocessWorker] socket_addr=abstract://comfy_worker_8c004a3b5c27 (abstract, no filesystem path)
[15:10]   [ComfyUI] [worker:ComfyUI-SAM3DObjects] WARNING: WARNING: You need pytorch with cu130 or higher to use optimized CUDA operations.
[15:10]   [ComfyUI] [SubprocessWorker] call_id=47 sending model_to_device
[15:10]   [ComfyUI] Model 'ShortCut_3' gone from worker (restarted?), treating as offloaded
[15:10]   [ComfyUI] [comfy-env] [VRAM] After offload 'ShortCut_3' (3677 MB): 270 / 7703 MB
[15:10]   [ComfyUI] [comfy-env] [VRAM] Before offload 'FlowMatching_6' (2290 MB) -> cpu: 270 / 7703 MB
[15:10]   [ComfyUI] [ComfyUI-SAM3DObjects] Health check: ping (timeout=5.0s)...
[15:10]   [ComfyUI] [ComfyUI-SAM3DObjects] Health check: ok
[15:10]   [ComfyUI] [SubprocessWorker] call_id=48 sending model_to_device
[15:10]   [ComfyUI] Model 'FlowMatching_6' gone from worker (restarted?), treating as offloaded
[15:10]   [ComfyUI] [comfy-env] [VRAM] After offload 'FlowMatching_6' (2290 MB): 270 / 7703 MB
[15:10]   [ComfyUI] [comfy-env] [VRAM] Before offload 'EmbedderFuser_2' (1259 MB) -> cpu: 270 / 7703 MB
[15:10]   [ComfyUI] [ComfyUI-SAM3DObjects] Health check: ping (timeout=5.0s)...
[15:10]   [ComfyUI] [ComfyUI-SAM3DObjects] Health check: ok
[15:10]   [ComfyUI] [SubprocessWorker] call_id=49 sending model_to_device
[15:10]   [ComfyUI] Model 'EmbedderFuser_2' gone from worker (restarted?), treating as offloaded
[15:10]   [ComfyUI] [comfy-env] [VRAM] After offload 'EmbedderFuser_2' (1259 MB): 270 / 7703 MB
[15:10]   [ComfyUI] [comfy-env] [VRAM] Before offload 'EmbedderFuser_5' (1227 MB) -> cpu: 270 / 7703 MB
[15:10]   [ComfyUI] [ComfyUI-SAM3DObjects] Health check: ping (timeout=5.0s)...
[15:10]   [ComfyUI] [ComfyUI-SAM3DObjects] Health check: ok
[15:10]   [ComfyUI] [SubprocessWorker] call_id=50 sending model_to_device
[15:10]   [ComfyUI] Model 'EmbedderFuser_5' gone from worker (restarted?), treating as offloaded
[15:10]   [ComfyUI] [comfy-env] [VRAM] After offload 'EmbedderFuser_5' (1227 MB): 270 / 7703 MB
[15:10]   [ComfyUI] [comfy-env] [VRAM] Before offload 'MoGeModelV1_1' (599 MB) -> cpu: 270 / 7703 MB
[15:10]   [ComfyUI] [ComfyUI-SAM3DObjects] Health check: ping (timeout=5.0s)...
[15:10]   [ComfyUI] [ComfyUI-SAM3DObjects] Health check: ok
[15:10]   [ComfyUI] [SubprocessWorker] call_id=51 sending model_to_device
[15:10]   [ComfyUI] Model 'MoGeModelV1_1' gone from worker (restarted?), treating as offloaded
[15:10]   [ComfyUI] [comfy-env] [VRAM] After offload 'MoGeModelV1_1' (599 MB): 270 / 7703 MB
[15:10]   [ComfyUI] [comfy-env] [VRAM] Before offload 'SLatGaussianDecoderTdfyWrapper_7' (162 MB) -> cpu: 270 / 7703 MB
[15:10]   [ComfyUI] [ComfyUI-SAM3DObjects] Health check: ping (timeout=5.0s)...
[15:10]   [ComfyUI] [ComfyUI-SAM3DObjects] Health check: ok
[15:10]   [ComfyUI] [SubprocessWorker] call_id=52 sending model_to_device
[15:10]   [ComfyUI] Model 'SLatGaussianDecoderTdfyWrapper_7' gone from worker (restarted?), treating as offloaded
[15:10]   [ComfyUI] [comfy-env] [VRAM] After offload 'SLatGaussianDecoderTdfyWrapper_7' (162 MB): 270 / 7703 MB
[15:10]   [ComfyUI] [comfy-env] [VRAM] Before offload 'SparseStructureDecoderTdfyWrapper_4' (140 MB) -> cpu: 270 / 7703 MB
[15:10]   [ComfyUI] [ComfyUI-SAM3DObjects] Health check: ping (timeout=5.0s)...
[15:10]   [ComfyUI] [ComfyUI-SAM3DObjects] Health check: ok
[15:10]   [ComfyUI] [SubprocessWorker] call_id=53 sending model_to_device
[15:10]   [ComfyUI] Model 'SparseStructureDecoderTdfyWrapper_4' gone from worker (restarted?), treating as offloaded
[15:10]   [ComfyUI] [comfy-env] [VRAM] After offload 'SparseStructureDecoderTdfyWrapper_4' (140 MB): 270 / 7703 MB
[15:14]   Frame 1 saved (frame_000.jpg, t=0.0s)
[15:14]   Validating workflow...
[15:14]   [ComfyUI] === /validate endpoint called ===
[15:14]   [ComfyUI] Received JSON with keys: ['prompt']
[15:14]   Queuing workflow for execution...
[15:14]   [ComfyUI] Prompt has 8 nodes
[15:14]   [ComfyUI]   Node 4: LoadImage
[15:14]   [ComfyUI]     Inputs: {"image": "elephant.png"}
[15:14]   [ComfyUI]   Node 28: InvertMask
[15:14]   [ComfyUI]     Inputs: {"mask": ["4", 1]}
[15:14]   [ComfyUI]   Node 53: MaskPreview
[15:14]   [ComfyUI]     Inputs: {"mask": ["28", 0]}
[15:14]   [ComfyUI]   Node 59: SAM3D_DepthEstimate
[15:14]   [ComfyUI]     Inputs: {"depth_model": ["60", 0], "image": ["4", 0]}
[15:14]   [ComfyUI]   Node 60: LoadSAM3DModel
[15:14]   [ComfyUI]     Inputs: {"attn_backend": "flash_attn", "compile": false, "precision": "auto"}
[15:14]   [ComfyUI]   Node 61: SAM3DGenerateSLAT
[15:14]   [ComfyUI]     Inputs: {"seed": 42, "stage1_steps": 12, "stage1_cfg": 7.5, "stage1_cfg_pm": 0, "stage2_steps": 12, "stage2_cfg": 5, "use_distillation": true, "generator": ["60", 1], "image": ["4", 0], "mask": ["28", 0], "po
[15:14]   [ComfyUI]   Node 64: SAM3DMeshDecode
[15:14]   [ComfyUI]     Inputs: {"with_postprocess": false, "simplify": 0.95, "up_axis": "Y-up (standard)", "world_coordinates": false, "use_sparse_flexicubes": true, "slat_decoder_mesh": ["60", 3], "slat": ["61", 0]}
[15:14]   [ComfyUI]   Node 65: Preview3D
[15:14]   [ComfyUI]     Inputs: {"model_file": ["64", 0], "image": ""}
[15:14]   [ComfyUI] Generated prompt_id: 7cc3feb1-6e06-4e9e-9420-4bebba2f1446
[15:14]   [ComfyUI] Calling execution.validate_prompt()...
[15:14]   [ComfyUI] Validation result: valid=True
[15:14]   [ComfyUI] === Validation PASSED ===
[15:14]   [ComfyUI] got prompt
[15:14]   [ComfyUI] [comfy-env] Running LoadSAM3DModel: attn_backend: 'flash_attn', compile: False, precision: 'auto'
[15:14]   [ComfyUI] [VRAM] Before LoadSAM3DModel: 270 / 7703 MB
[15:14]   [ComfyUI] [SubprocessWorker] call_method: nodes.load_model.LoadSAM3DModel.EXECUTE_NORMALIZED
[15:14]   [ComfyUI] [SubprocessWorker] acquired lock, ensuring started...
[15:14]   [ComfyUI] [ComfyUI-SAM3DObjects] Health check: ping (timeout=5.0s)...
[15:14]   [ComfyUI] [ComfyUI-SAM3DObjects] Health check: ok
[15:14]   [ComfyUI] [SubprocessWorker] worker started/confirmed
[15:14]   [ComfyUI] [SubprocessWorker] serializing kwargs to shm...
[15:14]   [ComfyUI] [SubprocessWorker] created 0 shm blocks
[15:14]   [ComfyUI] [SubprocessWorker] sending request via socket...
[15:14]   [ComfyUI] [SubprocessWorker] call_id=54 sending call_method
[15:14]   Node executed (1 total), capturing...
[15:14]   [ComfyUI] [SubprocessWorker] got response: ok
[15:14]   [ComfyUI] [comfy-env] [VRAM] Before offload 'SLatGaussianDecoderTdfyWrapper_7' (162 MB) -> cpu: 270 / 7703 MB
[15:14]   [ComfyUI] [ComfyUI-SAM3DObjects] Health check: ping (timeout=5.0s)...
[15:14]   [ComfyUI] [ComfyUI-SAM3DObjects] Health check: ok
[15:14]   [ComfyUI] [SubprocessWorker] call_id=55 sending model_to_device
[15:14]   [ComfyUI] Model 'SLatGaussianDecoderTdfyWrapper_7' gone from worker (restarted?), treating as offloaded
[15:14]   [ComfyUI] [comfy-env] [VRAM] After offload 'SLatGaussianDecoderTdfyWrapper_7' (162 MB): 270 / 7703 MB
[15:14]   [ComfyUI] [comfy-env] [VRAM] Before offload 'FlowMatching_6' (2290 MB) -> cpu: 270 / 7703 MB
[15:14]   [ComfyUI] [ComfyUI-SAM3DObjects] Health check: ping (timeout=5.0s)...
[15:14]   [ComfyUI] [ComfyUI-SAM3DObjects] Health check: ok
[15:14]   [ComfyUI] [SubprocessWorker] call_id=56 sending model_to_device
[15:14]   [ComfyUI] Model 'FlowMatching_6' gone from worker (restarted?), treating as offloaded
[15:14]   [ComfyUI] [comfy-env] [VRAM] After offload 'FlowMatching_6' (2290 MB): 270 / 7703 MB
[15:14]   [ComfyUI] [comfy-env] [VRAM] Before offload 'EmbedderFuser_5' (1227 MB) -> cpu: 270 / 7703 MB
[15:14]   [ComfyUI] [ComfyUI-SAM3DObjects] Health check: ping (timeout=5.0s)...
[15:14]   [ComfyUI] [ComfyUI-SAM3DObjects] Health check: ok
[15:14]   [ComfyUI] [SubprocessWorker] call_id=57 sending model_to_device
[15:14]   [ComfyUI] Model 'EmbedderFuser_5' gone from worker (restarted?), treating as offloaded
[15:14]   [ComfyUI] [comfy-env] [VRAM] After offload 'EmbedderFuser_5' (1227 MB): 270 / 7703 MB
[15:14]   [ComfyUI] [comfy-env] [VRAM] Before offload 'SparseStructureDecoderTdfyWrapper_4' (140 MB) -> cpu: 270 / 7703 MB
[15:14]   [ComfyUI] [ComfyUI-SAM3DObjects] Health check: ping (timeout=5.0s)...
[15:14]   [ComfyUI] [ComfyUI-SAM3DObjects] Health check: ok
[15:14]   [ComfyUI] [SubprocessWorker] call_id=58 sending model_to_device
[15:14]   [ComfyUI] Model 'SparseStructureDecoderTdfyWrapper_4' gone from worker (restarted?), treating as offloaded
[15:14]   [ComfyUI] [comfy-env] [VRAM] After offload 'SparseStructureDecoderTdfyWrapper_4' (140 MB): 270 / 7703 MB
[15:14]   [ComfyUI] [comfy-env] [VRAM] Before offload 'ShortCut_3' (3677 MB) -> cpu: 270 / 7703 MB
[15:14]   [ComfyUI] [ComfyUI-SAM3DObjects] Health check: ping (timeout=5.0s)...
[15:14]   [ComfyUI] [ComfyUI-SAM3DObjects] Health check: ok
[15:14]   [ComfyUI] [SubprocessWorker] call_id=59 sending model_to_device
[15:14]   [ComfyUI] Model 'ShortCut_3' gone from worker (restarted?), treating as offloaded
[15:14]   [ComfyUI] [comfy-env] [VRAM] After offload 'ShortCut_3' (3677 MB): 270 / 7703 MB
[15:14]   [ComfyUI] [comfy-env] [VRAM] Before offload 'EmbedderFuser_2' (1259 MB) -> cpu: 270 / 7703 MB
[15:14]   [ComfyUI] [ComfyUI-SAM3DObjects] Health check: ping (timeout=5.0s)...
[15:14]   [ComfyUI] [ComfyUI-SAM3DObjects] Health check: ok
[15:14]   [ComfyUI] [SubprocessWorker] call_id=60 sending model_to_device
[15:14]   [ComfyUI] Model 'EmbedderFuser_2' gone from worker (restarted?), treating as offloaded
[15:14]   [ComfyUI] [comfy-env] [VRAM] After offload 'EmbedderFuser_2' (1259 MB): 270 / 7703 MB
[15:14]   [ComfyUI] [comfy-env] [VRAM] Before offload 'MoGeModelV1_1' (599 MB) -> cpu: 270 / 7703 MB
[15:14]   [ComfyUI] [ComfyUI-SAM3DObjects] Health check: ping (timeout=5.0s)...
[15:14]   [ComfyUI] [ComfyUI-SAM3DObjects] Health check: ok
[15:14]   [ComfyUI] [SubprocessWorker] call_id=61 sending model_to_device
[15:14]   [ComfyUI] Model 'MoGeModelV1_1' gone from worker (restarted?), treating as offloaded
[15:14]   [ComfyUI] [comfy-env] [VRAM] After offload 'MoGeModelV1_1' (599 MB): 270 / 7703 MB
[15:14]   [ComfyUI] [comfy-env] LoadSAM3DModel done (0.32s): result: NodeOutput
[15:14]   [ComfyUI] [VRAM] After LoadSAM3DModel: 270 / 7703 MB
[15:14]   [ComfyUI] [comfy-env] Running SAM3D_DepthEstimate: depth_model: dict, image: torch.float32 [1,1062,1600,3] cpu
[15:14]   [ComfyUI] [VRAM] Before SAM3D_DepthEstimate: 270 / 7703 MB
[15:14]   [ComfyUI] [SubprocessWorker] call_method: nodes.depth_estimate.SAM3D_DepthEstimate.EXECUTE_NORMALIZED
[15:14]   [ComfyUI] [SubprocessWorker] acquired lock, ensuring started...
[15:14]   [ComfyUI] [ComfyUI-SAM3DObjects] Health check: ping (timeout=5.0s)...
[15:14]   [ComfyUI] [ComfyUI-SAM3DObjects] Health check: ok
[15:14]   [ComfyUI] [SubprocessWorker] worker started/confirmed
[15:14]   [ComfyUI] [comfy-env] PRE-SERIALIZE 'image' shape: torch.Size([1, 1062, 1600, 3])
[15:14]   [ComfyUI] [SubprocessWorker] serializing kwargs to shm...
[15:14]   [ComfyUI] [SubprocessWorker] created 0 shm blocks
[15:14]   [ComfyUI] [SubprocessWorker] sending request via socket...
[15:14]   [ComfyUI] [SubprocessWorker] call_id=62 sending call_method
[15:14]   [ComfyUI] [worker:ComfyUI-SAM3DObjects] [comfy-env] _from_shm got dict with keys: ['__type__', 'strategy', 'parent_pid', 'fd', 'storage_size']
[15:14]   [ComfyUI] [worker:ComfyUI-SAM3DObjects] [comfy-env] DESERIALIZE TensorRef: tensor_size=[1, 1062, 1600, 3]
[15:14]   [ComfyUI] [worker:ComfyUI-SAM3DObjects] [comfy-env] DESERIALIZED tensor shape: torch.Size([1, 1062, 1600, 3])
[15:14]   Frame 2 saved (frame_001.jpg, t=0.7s)
[15:14]   [capture-node] freeze=2ms shot=192ms unfreeze=6ms saved=True
[15:15]   [ComfyUI] [worker:ComfyUI-SAM3DObjects] [VRAM] DepthEstimate: start: torch=0MiB alloc, 0MiB reserved | gpu=270MiB/7703MiB used
[15:15]   [ComfyUI] [worker:ComfyUI-SAM3DObjects] [VRAM] DepthEstimate: before MoGe from_pretrained: torch=0MiB alloc, 0MiB reserved | gpu=270MiB/7703MiB used
[15:15]   [ComfyUI] /workspaces/SAM3DObjects-1241/ComfyUI/custom_nodes/ComfyUI-SAM3DObjects/nodes/sam3d/moge.py:1012: UserWarning: Deprecated arguments ignored: {'output_mask': True, 'split_head': True}
[15:15]   [ComfyUI]   warnings.warn(f"Deprecated arguments ignored: {deprecated_kwargs}")
[15:15]   [ComfyUI] [worker:ComfyUI-SAM3DObjects] [VRAM] DepthEstimate: after MoGe from_pretrained: torch=0MiB alloc, 0MiB reserved | gpu=270MiB/7703MiB used
[15:15]   [ComfyUI] [worker:ComfyUI-SAM3DObjects] [VRAM] DepthEstimate: before load_models_gpu: torch=0MiB alloc, 0MiB reserved | gpu=270MiB/7703MiB used
[15:15]   [ComfyUI] [SubprocessWorker] callback 'request_vram_budget' from call_id=62
[15:15]   [ComfyUI] [comfy-env] VRAM request: 0.63GB, free before eviction: 7.79GB
[15:15]   [ComfyUI] [comfy-env] VRAM after eviction: 7.79GB
[15:16]   [ComfyUI] [worker:ComfyUI-SAM3DObjects] [VRAM] +571MB (now 571MB) reserved=576MB peak=571MB
[15:16]   [ComfyUI] [worker:ComfyUI-SAM3DObjects] [VRAM] DepthEstimate: after load_models_gpu: torch=599MiB alloc, 608MiB reserved | gpu=948MiB/7703MiB used
[15:17]   Frame 3 saved (frame_002.jpg, t=3.0s)
[15:17]   [capture-periodic] freeze=1ms shot=168ms unfreeze=7ms saved=True
[15:18]   [ComfyUI] [SubprocessWorker] callback 'report_progress' from call_id=62
[15:18]   [ComfyUI] [worker:ComfyUI-SAM3DObjects] [VRAM] DepthEstimate: before MoGe inference: torch=599MiB alloc, 608MiB reserved | gpu=948MiB/7703MiB used
[15:18]   [ComfyUI] [worker:ComfyUI-SAM3DObjects] [VRAM] DepthEstimate: after MoGe inference: torch=642MiB alloc, 1120MiB reserved | gpu=1496MiB/7703MiB used
[15:18]   [ComfyUI] [worker:ComfyUI-SAM3DObjects] [VRAM] -249MB (now 322MB) reserved=704MB peak=702MB
[15:19]   [ComfyUI] [worker:ComfyUI-SAM3DObjects] [VRAM] DepthEstimate: after cleanup: torch=43MiB alloc, 96MiB reserved | gpu=472MiB/7703MiB used
[15:19]   [ComfyUI] [SubprocessWorker] callback 'report_progress' from call_id=62
[15:19]   [ComfyUI] [SubprocessWorker] callback 'report_progress' from call_id=62
[15:19]   Frame 4 saved (frame_003.jpg, t=5.3s)
[15:19]   [capture-periodic] freeze=1ms shot=168ms unfreeze=7ms saved=True
[15:19]   [ComfyUI] [worker:ComfyUI-SAM3DObjects] [VRAM] -261MB (now 62MB) reserved=160MB peak=702MB
[15:20]   [ComfyUI] [SubprocessWorker] callback 'report_progress' from call_id=62
[15:20]   [ComfyUI] [worker:ComfyUI-SAM3DObjects] [VRAM] DepthEstimate: done: torch=62MiB alloc, 160MiB reserved | gpu=536MiB/7703MiB used
[15:20]   [ComfyUI] [SubprocessWorker] got response: ok
[15:20]   [ComfyUI] [comfy-env] Created 1 model patchers: ['MoGeModelV1_1']
[15:20]   [ComfyUI] [comfy-env] SAM3D_DepthEstimate done (5.50s): result: NodeOutput
[15:20]   [ComfyUI] [VRAM] After SAM3D_DepthEstimate: 536 / 7703 MB
[15:20]   [ComfyUI] [VRAM] Loaded: SubprocessModel (0 MB)
[15:20]   [ComfyUI] [comfy-env] Running SAM3DGenerateSLAT: seed: 42, stage1_steps: 12, stage1_cfg: 7.5, stage1_cfg_pm: 0.0, stage2_steps: 12, stage2_cfg: 5.0, use_distillation: True, generator: dict, image: torch.float32 [1,1062,1600,3] cpu, mask: torch.float32 [1,1062,1600] cpu, pointmap: torch.float32 [1062,1600,3] cpu
[15:20]   [ComfyUI] [VRAM] Before SAM3DGenerateSLAT: 536 / 7703 MB
[15:20]   [ComfyUI] [VRAM] Loaded: SubprocessModel (0 MB)
[15:20]   [ComfyUI] [SubprocessWorker] call_method: nodes.generate_slat.SAM3DGenerateSLAT.EXECUTE_NORMALIZED
[15:20]   [ComfyUI] [SubprocessWorker] acquired lock, ensuring started...
[15:20]   [ComfyUI] [ComfyUI-SAM3DObjects] Health check: ping (timeout=5.0s)...
[15:20]   [ComfyUI] [ComfyUI-SAM3DObjects] Health check: ok
[15:20]   [ComfyUI] [SubprocessWorker] worker started/confirmed
[15:20]   [ComfyUI] [comfy-env] PRE-SERIALIZE 'image' shape: torch.Size([1, 1062, 1600, 3])
[15:20]   [ComfyUI] [comfy-env] PRE-SERIALIZE 'mask' shape: torch.Size([1, 1062, 1600])
[15:20]   [ComfyUI] [comfy-env] PRE-SERIALIZE 'pointmap' shape: torch.Size([1062, 1600, 3])
[15:20]   [ComfyUI] [SubprocessWorker] serializing kwargs to shm...
[15:20]   [ComfyUI] [SubprocessWorker] created 0 shm blocks
[15:20]   [ComfyUI] [SubprocessWorker] sending request via socket...
[15:20]   [ComfyUI] [SubprocessWorker] call_id=63 sending call_method
[15:20]   [ComfyUI] [worker:ComfyUI-SAM3DObjects] [comfy-env] _from_shm got dict with keys: ['__type__', 'strategy', 'parent_pid', 'fd', 'storage_size']
[15:20]   [ComfyUI] [worker:ComfyUI-SAM3DObjects] [comfy-env] DESERIALIZE TensorRef: tensor_size=[1, 1062, 1600, 3]
[15:20]   [ComfyUI] [worker:ComfyUI-SAM3DObjects] [comfy-env] DESERIALIZED tensor shape: torch.Size([1, 1062, 1600, 3])
[15:20]   [ComfyUI] [worker:ComfyUI-SAM3DObjects] [comfy-env] _from_shm got dict with keys: ['__type__', 'strategy', 'parent_pid', 'fd', 'storage_size']
[15:20]   [ComfyUI] [worker:ComfyUI-SAM3DObjects] [comfy-env] DESERIALIZE TensorRef: tensor_size=[1, 1062, 1600]
[15:20]   [ComfyUI] [worker:ComfyUI-SAM3DObjects] [comfy-env] DESERIALIZED tensor shape: torch.Size([1, 1062, 1600])
[15:20]   [ComfyUI] [worker:ComfyUI-SAM3DObjects] [comfy-env] _from_shm got dict with keys: ['__type__', 'strategy', 'parent_pid', 'fd', 'storage_size']
[15:20]   [ComfyUI] [worker:ComfyUI-SAM3DObjects] [comfy-env] DESERIALIZE TensorRef: tensor_size=[1062, 1600, 3]
[15:20]   [ComfyUI] [worker:ComfyUI-SAM3DObjects] [comfy-env] DESERIALIZED tensor shape: torch.Size([1062, 1600, 3])
[15:20]   [ComfyUI] [worker:ComfyUI-SAM3DObjects] [VRAM] GenerateSLAT: start: torch=9MiB alloc, 160MiB reserved | gpu=536MiB/7703MiB used
[15:20]   [ComfyUI] 2026-05-07 12:56:43.925 | WARNING  | nodes.sam3d.transforms:__post_init__:1359 - No rgb pointmap normalizer provided, using scale + shift
[15:20]   [capture-loop] iter=50 t=6.4s state={'complete': False, 'error': None, 'executedCount': 1, 'wsState': 1} eval_ms=2
[15:20]   [ComfyUI] [worker:ComfyUI-SAM3DObjects] [VRAM] _load_condition_embedder(ss): before build: torch=42MiB alloc, 224MiB reserved | gpu=666MiB/7703MiB used
[15:21]   Frame 5 saved (frame_004.jpg, t=7.6s)
[15:21]   [capture-periodic] freeze=1ms shot=197ms unfreeze=6ms saved=True
[15:24]   Frame 6 saved (frame_005.jpg, t=9.9s)
[15:24]   [capture-periodic] freeze=2ms shot=191ms unfreeze=10ms saved=True
[15:25]   [ComfyUI] [worker:ComfyUI-SAM3DObjects] [VRAM] _load_condition_embedder(ss): after load_state_dict: torch=42MiB alloc, 224MiB reserved | gpu=666MiB/7703MiB used
[15:25]   [ComfyUI] [SubprocessWorker] callback 'request_vram_budget' from call_id=63
[15:25]   [ComfyUI] [comfy-env] VRAM request: 2.54GB, free before eviction: 7.48GB
[15:25]   [ComfyUI] [comfy-env] VRAM after eviction: 7.48GB
[15:25]   [ComfyUI] [worker:ComfyUI-SAM3DObjects] [VRAM] +300MB (now 363MB) reserved=416MB peak=702MB
[15:25]   [ComfyUI] [worker:ComfyUI-SAM3DObjects] [VRAM] Stage1: before embedding: torch=1302MiB alloc, 1312MiB reserved | gpu=1754MiB/7703MiB used
[15:26]   [capture-loop] iter=100 t=12.1s state={'complete': False, 'error': None, 'executedCount': 1, 'wsState': 1} eval_ms=2
[15:26]   [ComfyUI] [worker:ComfyUI-SAM3DObjects] [VRAM] Stage1: after embedding: torch=1331MiB alloc, 2464MiB reserved | gpu=2908MiB/7703MiB used
[15:26]   [ComfyUI] [worker:ComfyUI-SAM3DObjects] [VRAM] Stage1: after embedder unload: torch=72MiB alloc, 192MiB reserved | gpu=636MiB/7703MiB used
[15:26]   [ComfyUI] [worker:ComfyUI-SAM3DObjects] [VRAM] _load_generator(ss): before build: torch=72MiB alloc, 192MiB reserved | gpu=636MiB/7703MiB used
[15:26]   [ComfyUI] [worker:ComfyUI-SAM3DObjects] [VRAM] -291MB (now 72MB) reserved=192MB peak=1364MB
[15:26]   [ComfyUI] [worker:ComfyUI-SAM3DObjects] [VRAM] _load_generator(ss): after load_state_dict: torch=72MiB alloc, 192MiB reserved | gpu=636MiB/7703MiB used
[15:26]   [ComfyUI] [SubprocessWorker] callback 'request_vram_budget' from call_id=63
[15:26]   [ComfyUI] [comfy-env] VRAM request: 3.86GB, free before eviction: 7.41GB
[15:26]   [ComfyUI] [comfy-env] VRAM after eviction: 7.41GB
[15:27]   [ComfyUI] [worker:ComfyUI-SAM3DObjects] [VRAM] _load_decoder(ss): before instantiate: torch=3750MiB alloc, 3776MiB reserved | gpu=4220MiB/7703MiB used
[15:27]   [ComfyUI] [worker:ComfyUI-SAM3DObjects] [VRAM] _load_decoder(ss): after load_state_dict: torch=3750MiB alloc, 3776MiB reserved | gpu=4220MiB/7703MiB used
[15:27]   [ComfyUI] [SubprocessWorker] callback 'request_vram_budget' from call_id=63
[15:27]   [ComfyUI] [comfy-env] VRAM request: 0.15GB, free before eviction: 3.65GB
[15:27]   [ComfyUI] [comfy-env] VRAM after eviction: 3.65GB
[15:27]   [ComfyUI] [worker:ComfyUI-SAM3DObjects] [VRAM] Stage1: before inference: torch=3890MiB alloc, 3904MiB reserved | gpu=4348MiB/7703MiB used
[15:27]   [ComfyUI] [worker:ComfyUI-SAM3DObjects] [DTYPE_DBG] _generate_noise_tensor: _compute_dtype=torch.bfloat16 shape=(1, 1, 6) device=cuda:0
[15:27]   [ComfyUI] [worker:ComfyUI-SAM3DObjects] [DTYPE_DBG] _generate_noise_tensor: _compute_dtype=torch.bfloat16 shape=(1, 1, 3) device=cuda:0
[15:27]   [ComfyUI] [worker:ComfyUI-SAM3DObjects] [DTYPE_DBG] _generate_noise_tensor: _compute_dtype=torch.bfloat16 shape=(1, 4096, 8) device=cuda:0
[15:27]   [ComfyUI] [worker:ComfyUI-SAM3DObjects] [DTYPE_DBG] _generate_noise_tensor: _compute_dtype=torch.bfloat16 shape=(1, 1, 3) device=cuda:0
[15:27]   [ComfyUI] [worker:ComfyUI-SAM3DObjects] [DTYPE_DBG] _generate_noise_tensor: _compute_dtype=torch.bfloat16 shape=(1, 1, 1) device=cuda:0
[15:27]   [ComfyUI] [worker:ComfyUI-SAM3DObjects] [VRAM] +3897MB (now 3969MB) reserved=4224MB peak=3969MB
[15:28]   [ComfyUI] [SubprocessWorker] callback 'report_progress' from call_id=63
[15:28]   Frame 7 saved (frame_006.jpg, t=14.5s)
[15:28]   [capture-periodic] freeze=2ms shot=167ms unfreeze=6ms saved=True
[15:29]   [ComfyUI] [SubprocessWorker] callback 'report_progress' from call_id=63
[15:30]   [ComfyUI] [SubprocessWorker] callback 'report_progress' from call_id=63
[15:31]   Frame 8 saved (frame_007.jpg, t=16.8s)
[15:31]   [capture-periodic] freeze=1ms shot=177ms unfreeze=5ms saved=True
[15:31]   [ComfyUI] [SubprocessWorker] callback 'report_progress' from call_id=63
[15:31]   [capture-loop] iter=150 t=17.9s state={'complete': False, 'error': None, 'executedCount': 1, 'wsState': 1} eval_ms=1
[15:32]   [ComfyUI] [SubprocessWorker] callback 'report_progress' from call_id=63
[15:33]   [ComfyUI] [SubprocessWorker] callback 'report_progress' from call_id=63
[15:33]   Frame 9 saved (frame_008.jpg, t=19.2s)
[15:33]   [capture-periodic] freeze=2ms shot=198ms unfreeze=7ms saved=True
[15:34]   [ComfyUI] [SubprocessWorker] callback 'report_progress' from call_id=63
[15:35]   [ComfyUI] [SubprocessWorker] callback 'report_progress' from call_id=63
[15:35]   Frame 10 saved (frame_009.jpg, t=21.5s)
[15:35]   [capture-periodic] freeze=2ms shot=186ms unfreeze=4ms saved=True
[15:36]   [ComfyUI] [SubprocessWorker] callback 'report_progress' from call_id=63
[15:37]   [ComfyUI] [SubprocessWorker] callback 'report_progress' from call_id=63
[15:37]   [capture-loop] iter=200 t=23.6s state={'complete': False, 'error': None, 'executedCount': 1, 'wsState': 1} eval_ms=2
[15:37]   [ComfyUI] [SubprocessWorker] callback 'report_progress' from call_id=63
[15:38]   Frame 11 saved (frame_010.jpg, t=23.8s)
[15:38]   [capture-periodic] freeze=4ms shot=170ms unfreeze=7ms saved=True
[15:38]   [ComfyUI] [SubprocessWorker] callback 'report_progress' from call_id=63
[15:38]   [ComfyUI] [worker:ComfyUI-SAM3DObjects] [VRAM] Stage1: after inference: torch=3906MiB alloc, 4480MiB reserved | gpu=4924MiB/7703MiB used
[15:38]   [ComfyUI] [worker:ComfyUI-SAM3DObjects] [VRAM] -426MB (now 3544MB) reserved=4480MB peak=4114MB
[15:39]   [ComfyUI] [worker:ComfyUI-SAM3DObjects] [VRAM] -2147MB (now 1398MB) reserved=4480MB peak=4114MB
[15:40]   [ComfyUI] [worker:ComfyUI-SAM3DObjects] [VRAM] Stage1: after model cleanup: torch=88MiB alloc, 288MiB reserved | gpu=732MiB/7703MiB used
[15:40]   [ComfyUI] 2026-05-07 12:57:03.917 | WARNING  | nodes.sam3d.transforms:__post_init__:1359 - No rgb pointmap normalizer provided, using scale + shift
[15:40]   Frame 12 saved (frame_011.jpg, t=26.1s)
[15:40]   [capture-periodic] freeze=2ms shot=203ms unfreeze=8ms saved=True
[15:40]   [ComfyUI] [worker:ComfyUI-SAM3DObjects] [VRAM] _load_condition_embedder(slat): before build: torch=37MiB alloc, 288MiB reserved | gpu=732MiB/7703MiB used
[15:40]   [ComfyUI] [worker:ComfyUI-SAM3DObjects] [VRAM] -1361MB (now 37MB) reserved=288MB peak=4114MB
[15:42]   Frame 13 saved (frame_012.jpg, t=28.4s)
[15:42]   [capture-periodic] freeze=1ms shot=189ms unfreeze=7ms saved=True
[15:43]   [capture-loop] iter=250 t=29.5s state={'complete': False, 'error': None, 'executedCount': 1, 'wsState': 1} eval_ms=3
[15:44]   [ComfyUI] [worker:ComfyUI-SAM3DObjects] [VRAM] _load_condition_embedder(slat): after load_state_dict: torch=37MiB alloc, 288MiB reserved | gpu=732MiB/7703MiB used
[15:44]   [ComfyUI] [SubprocessWorker] callback 'request_vram_budget' from call_id=63
[15:44]   [ComfyUI] [comfy-env] VRAM request: 2.50GB, free before eviction: 7.48GB
[15:45]   [ComfyUI] [comfy-env] VRAM after eviction: 7.48GB
[15:45]   [ComfyUI] [worker:ComfyUI-SAM3DObjects] [VRAM] +384MB (now 421MB) reserved=480MB peak=4114MB
[15:45]   [ComfyUI] [worker:ComfyUI-SAM3DObjects] [VRAM] Stage2: before embedding: torch=1264MiB alloc, 1312MiB reserved | gpu=1756MiB/7703MiB used
[15:45]   [ComfyUI] [worker:ComfyUI-SAM3DObjects] [VRAM] Stage2: after embedding: torch=1275MiB alloc, 1408MiB reserved | gpu=1852MiB/7703MiB used
[15:45]   [ComfyUI] [worker:ComfyUI-SAM3DObjects] [VRAM] Stage2: after embedder unload: torch=48MiB alloc, 160MiB reserved | gpu=604MiB/7703MiB used
[15:45]   [ComfyUI] [worker:ComfyUI-SAM3DObjects] [VRAM] _load_generator(slat): before build: torch=48MiB alloc, 160MiB reserved | gpu=604MiB/7703MiB used
[15:46]   [ComfyUI] [worker:ComfyUI-SAM3DObjects] [VRAM] -374MB (now 48MB) reserved=160MB peak=4114MB
[15:49]   [capture-loop] iter=300 t=35.2s state={'complete': False, 'error': None, 'executedCount': 1, 'wsState': 1} eval_ms=2
[15:49]   [ComfyUI] [worker:ComfyUI-SAM3DObjects] [VRAM] _load_generator(slat): after load_state_dict: torch=48MiB alloc, 160MiB reserved | gpu=604MiB/7703MiB used
[15:49]   [ComfyUI] [SubprocessWorker] callback 'request_vram_budget' from call_id=63
[15:49]   [ComfyUI] [comfy-env] VRAM request: 2.40GB, free before eviction: 7.44GB
[15:49]   [ComfyUI] [comfy-env] VRAM after eviction: 7.44GB
[15:49]   [ComfyUI] [worker:ComfyUI-SAM3DObjects] [VRAM] +351MB (now 399MB) reserved=512MB peak=4114MB
[15:50]   [ComfyUI] [worker:ComfyUI-SAM3DObjects] [VRAM] Stage2: before inference: torch=2338MiB alloc, 2368MiB reserved | gpu=2812MiB/7703MiB used
[15:50]   [ComfyUI] [worker:ComfyUI-SAM3DObjects] [DTYPE_DBG] _generate_noise_tensor: _compute_dtype=torch.bfloat16 shape=(1, 8699, 8) device=cuda:0
[15:50]   [ComfyUI] W0507 12:57:14.015000 2794 .ce/.pixi/envs/sam3dobjects-nodes/lib/python3.12/site-packages/torch/fx/_symbolic_trace.py:53] is_fx_tracing will return true for both fx.symbolic_trace and torch.export. Please use is_fx_tracing_symbolic_tracing() for specifically fx.symbolic_trace or torch.compiler.is_compiling() for specifically torch.export/compile.
[15:50]   [ComfyUI] [worker:ComfyUI-SAM3DObjects] [33m[comfy-attn] Varlen attention: sage2[0m
[15:50]   [ComfyUI] [worker:ComfyUI-SAM3DObjects] [VRAM] +2039MB (now 2439MB) reserved=2496MB peak=4114MB
[15:52]   [ComfyUI] [SubprocessWorker] callback 'report_progress' from call_id=63
[15:52]   [ComfyUI] [SubprocessWorker] callback 'report_progress' from call_id=63
[15:53]   [ComfyUI] [SubprocessWorker] callback 'report_progress' from call_id=63
[15:53]   [ComfyUI] [SubprocessWorker] callback 'report_progress' from call_id=63
[15:54]   Frame 14 saved (frame_013.jpg, t=39.9s)
[15:54]   [capture-periodic] freeze=1ms shot=132ms unfreeze=7ms saved=True
[15:54]   [ComfyUI] [SubprocessWorker] callback 'report_progress' from call_id=63
[15:54]   [ComfyUI] [SubprocessWorker] callback 'report_progress' from call_id=63
[15:54]   [capture-loop] iter=350 t=40.9s state={'complete': False, 'error': None, 'executedCount': 1, 'wsState': 1} eval_ms=2
[15:55]   [ComfyUI] [SubprocessWorker] callback 'report_progress' from call_id=63
[15:55]   [ComfyUI] [SubprocessWorker] callback 'report_progress' from call_id=63
[15:55]   [ComfyUI] [SubprocessWorker] callback 'report_progress' from call_id=63
[15:55]   [ComfyUI] [SubprocessWorker] callback 'report_progress' from call_id=63
[15:56]   [ComfyUI] [SubprocessWorker] callback 'report_progress' from call_id=63
[15:56]   Frame 15 saved (frame_014.jpg, t=42.1s)
[15:56]   [capture-periodic] freeze=1ms shot=201ms unfreeze=11ms saved=True
[15:56]   [ComfyUI] [SubprocessWorker] callback 'report_progress' from call_id=63
[15:56]   [ComfyUI] [worker:ComfyUI-SAM3DObjects] [VRAM] Stage2: after inference: torch=2338MiB alloc, 2688MiB reserved | gpu=3136MiB/7703MiB used
[15:56]   [ComfyUI] [worker:ComfyUI-SAM3DObjects] [VRAM] -304MB (now 2135MB) reserved=2688MB peak=4114MB
[15:57]   [ComfyUI] [worker:ComfyUI-SAM3DObjects] [VRAM] Stage2: after model cleanup: torch=48MiB alloc, 192MiB reserved | gpu=640MiB/7703MiB used
[15:57]   [ComfyUI] [worker:ComfyUI-SAM3DObjects] [VRAM] GenerateSLAT: done: torch=29MiB alloc, 192MiB reserved | gpu=640MiB/7703MiB used
[15:57]   [ComfyUI] [SubprocessWorker] got response: ok
[15:57]   [ComfyUI] [comfy-env] Created 5 model patchers: ['EmbedderFuser_2', 'ShortCut_3', 'SparseStructureDecoderTdfyWrapper_4', 'EmbedderFuser_5', 'FlowMatching_6']
[15:57]   [ComfyUI] [comfy-env] SAM3DGenerateSLAT done (37.25s): result: NodeOutput
[15:57]   [ComfyUI] [VRAM] After SAM3DGenerateSLAT: 640 / 7703 MB
[15:57]   [ComfyUI] [VRAM] Loaded: SubprocessModel (0 MB), SubprocessModel (0 MB), SubprocessModel (0 MB), SubprocessModel (0 MB), SubprocessModel (0 MB), SubprocessModel (0 MB)
[15:57]   [ComfyUI] [comfy-env] Running SAM3DMeshDecode: with_postprocess: False, simplify: 0.95, up_axis: 'Y-up (standard)', world_coordinates: False, use_sparse_flexicubes: True, slat_decoder_mesh: dict, slat: '/workspaces/SAM3DObjects-1241/ComfyUI/output/sam3d_run_4...
[15:57]   [ComfyUI] [VRAM] Before SAM3DMeshDecode: 640 / 7703 MB
[15:57]   [ComfyUI] [VRAM] Loaded: SubprocessModel (0 MB), SubprocessModel (0 MB), SubprocessModel (0 MB), SubprocessModel (0 MB), SubprocessModel (0 MB), SubprocessModel (0 MB)
[15:57]   [ComfyUI] [SubprocessWorker] call_method: nodes.mesh_decode.SAM3DMeshDecode.EXECUTE_NORMALIZED
[15:57]   [ComfyUI] [SubprocessWorker] acquired lock, ensuring started...
[15:57]   [ComfyUI] [ComfyUI-SAM3DObjects] Health check: ping (timeout=5.0s)...
[15:57]   [ComfyUI] [ComfyUI-SAM3DObjects] Health check: ok
[15:57]   [ComfyUI] [SubprocessWorker] worker started/confirmed
[15:57]   [ComfyUI] [SubprocessWorker] serializing kwargs to shm...
[15:57]   [ComfyUI] [SubprocessWorker] created 0 shm blocks
[15:57]   [ComfyUI] [SubprocessWorker] sending request via socket...
[15:57]   [ComfyUI] [SubprocessWorker] call_id=64 sending call_method
[15:57]   [ComfyUI] [worker:ComfyUI-SAM3DObjects] [VRAM] MeshDecode: start: torch=9MiB alloc, 192MiB reserved | gpu=640MiB/7703MiB used
[15:57]   [ComfyUI] [SubprocessWorker] callback 'report_progress' from call_id=64
[15:57]   [ComfyUI] [worker:ComfyUI-SAM3DObjects] [VRAM] _load_decoder(slat_decoder_mesh): before instantiate: torch=9MiB alloc, 192MiB reserved | gpu=640MiB/7703MiB used
[15:57]   [ComfyUI] [worker:ComfyUI-SAM3DObjects] [VRAM] _load_decoder(slat_decoder_mesh): after load_state_dict: torch=9MiB alloc, 416MiB reserved | gpu=864MiB/7703MiB used
[15:57]   [ComfyUI] [worker:ComfyUI-SAM3DObjects] [VRAM] -2126MB (now 9MB) reserved=416MB peak=4114MB
[15:57]   [ComfyUI] [SubprocessWorker] callback 'request_vram_budget' from call_id=64
[15:57]   [ComfyUI] [comfy-env] VRAM request: 0.18GB, free before eviction: 7.17GB
[15:57]   [ComfyUI] [comfy-env] VRAM after eviction: 7.17GB
[15:57]   [ComfyUI] [worker:ComfyUI-SAM3DObjects] [VRAM] Decode(mesh): after load_models_gpu: torch=182MiB alloc, 288MiB reserved | gpu=736MiB/7703MiB used
[15:57]   [ComfyUI] [SubprocessWorker] callback 'report_progress' from call_id=64
[15:58]   [ComfyUI] [worker:ComfyUI-SAM3DObjects] [VRAM] +451MB (now 460MB) reserved=736MB peak=4114MB
[15:58]   Frame 16 saved (frame_015.jpg, t=44.4s)
[15:58]   [capture-periodic] freeze=1ms shot=183ms unfreeze=4ms saved=True
[15:59]   [ComfyUI] [worker:ComfyUI-SAM3DObjects] [VRAM] +447MB (now 907MB) reserved=1696MB peak=4114MB
[15:59]   [ComfyUI] [worker:ComfyUI-SAM3DObjects] WARNING: [VRAM:mesh] start: 468 MiB | cubefeats torch.Size([556736, 101])
[15:59]   [ComfyUI] [worker:ComfyUI-SAM3DObjects] WARNING: [VRAM:mesh] after sparse_cube2verts: 500 MiB | v_pos torch.Size([660777, 3])
[15:59]   [ComfyUI] [worker:ComfyUI-SAM3DObjects] WARNING: [VRAM:mesh] after get_sparse_attrs + del: 267 MiB | verts 660777 cubes 556736
[16:00]   [ComfyUI] [worker:ComfyUI-SAM3DObjects] WARNING: [VRAM:mesh] after dilation: 293 MiB | verts 842780 cubes 739092
[16:00]   [ComfyUI] [worker:ComfyUI-SAM3DObjects] WARNING: [VRAM:mesh] after searchsorted: 328 MiB | reg_c torch.Size([739092, 8])
[16:00]   [ComfyUI] [worker:ComfyUI-SAM3DObjects] WARNING: [VRAM:fc] start: 328 MiB | verts torch.Size([842781, 3]) cubes torch.Size([739092, 8]) sdf torch.Size([842781])
[16:00]   [ComfyUI] [worker:ComfyUI-SAM3DObjects] WARNING: [VRAM:fc] after _identify_surf_cubes: 334 MiB | surf_cubes 194439/739092
[16:00]   [ComfyUI] [worker:ComfyUI-SAM3DObjects] WARNING: [VRAM:fc] after _get_case_id: 370 MiB
[16:00]   [ComfyUI] [worker:ComfyUI-SAM3DObjects] WARNING: [VRAM:fc] after _identify_surf_edges: 400 MiB | surf_edges torch.Size([194458, 2])
[16:00]   [ComfyUI] [worker:ComfyUI-SAM3DObjects] WARNING: [VRAM:fc] after _compute_vd: 429 MiB | vd torch.Size([194460, 3])
[16:00]   [ComfyUI] [worker:ComfyUI-SAM3DObjects] WARNING: [VRAM:fc] after _triangulate: 438 MiB | verts torch.Size([194460, 3]) faces torch.Size([388892, 3])
[16:00]   [ComfyUI] [worker:ComfyUI-SAM3DObjects] WARNING: [VRAM:mesh] after FlexiCubes: 342 MiB | verts torch.Size([194460, 3]) faces torch.Size([388892, 3])
[16:00]   [ComfyUI] [SubprocessWorker] callback 'report_progress' from call_id=64
[16:00]   [ComfyUI] [worker:ComfyUI-SAM3DObjects] [VRAM] Decode(mesh): after cleanup: torch=38MiB alloc, 256MiB reserved | gpu=706MiB/7703MiB used
[16:00]   [ComfyUI] [SubprocessWorker] callback 'report_progress' from call_id=64
[16:00]   [ComfyUI] [worker:ComfyUI-SAM3DObjects] [VRAM] MeshDecode: done: torch=9MiB alloc, 256MiB reserved | gpu=706MiB/7703MiB used
[16:00]   [ComfyUI] [SubprocessWorker] got response: ok
[16:00]   [ComfyUI] [comfy-env] Created 1 model patchers: ['SLatMeshDecoderTdfyWrapper_7']
[16:00]   [ComfyUI] [comfy-env] SAM3DMeshDecode done (2.79s): result: NodeOutput
[16:00]   [ComfyUI] [VRAM] After SAM3DMeshDecode: 706 / 7703 MB
[16:00]   [ComfyUI] [VRAM] Loaded: SubprocessModel (0 MB), SubprocessModel (0 MB), SubprocessModel (0 MB), SubprocessModel (0 MB), SubprocessModel (0 MB), SubprocessModel (0 MB), SubprocessModel (0 MB)
[16:00]   [ComfyUI] Prompt executed in 46.00 seconds
[16:00]   [ComfyUI] [comfy-env] [VRAM] Before offload 'ShortCut_3' (3677 MB) -> cpu: 706 / 7703 MB
[16:00]   [ComfyUI] [ComfyUI-SAM3DObjects] Health check: ping (timeout=5.0s)...
[16:00]   [ComfyUI] [ComfyUI-SAM3DObjects] Health check: ok
[16:00]   [ComfyUI] [SubprocessWorker] call_id=65 sending model_to_device
[16:00]   [ComfyUI] [comfy-env] [VRAM] After offload 'ShortCut_3' (3677 MB): 706 / 7703 MB
[16:00]   [ComfyUI] [comfy-env] [VRAM] Before offload 'FlowMatching_6' (2290 MB) -> cpu: 706 / 7703 MB
[16:00]   [ComfyUI] [ComfyUI-SAM3DObjects] Health check: ping (timeout=5.0s)...
[16:00]   [ComfyUI] [ComfyUI-SAM3DObjects] Health check: ok
[16:00]   [ComfyUI] [SubprocessWorker] call_id=66 sending model_to_device
[16:00]   [ComfyUI] [comfy-env] [VRAM] After offload 'FlowMatching_6' (2290 MB): 706 / 7703 MB
[16:00]   [ComfyUI] [comfy-env] [VRAM] Before offload 'EmbedderFuser_2' (1259 MB) -> cpu: 706 / 7703 MB
[16:00]   [ComfyUI] [ComfyUI-SAM3DObjects] Health check: ping (timeout=5.0s)...
[16:00]   [ComfyUI] [ComfyUI-SAM3DObjects] Health check: ok
[16:00]   [ComfyUI] [SubprocessWorker] call_id=67 sending model_to_device
[16:00]   [ComfyUI] [comfy-env] [VRAM] After offload 'EmbedderFuser_2' (1259 MB): 706 / 7703 MB
[16:00]   [ComfyUI] [comfy-env] [VRAM] Before offload 'EmbedderFuser_5' (1227 MB) -> cpu: 706 / 7703 MB
[16:00]   [ComfyUI] [ComfyUI-SAM3DObjects] Health check: ping (timeout=5.0s)...
[16:00]   [ComfyUI] [ComfyUI-SAM3DObjects] Health check: ok
[16:00]   [ComfyUI] [SubprocessWorker] call_id=68 sending model_to_device
[16:00]   [ComfyUI] [comfy-env] [VRAM] After offload 'EmbedderFuser_5' (1227 MB): 706 / 7703 MB
[16:00]   [ComfyUI] [comfy-env] [VRAM] Before offload 'MoGeModelV1_1' (599 MB) -> cpu: 706 / 7703 MB
[16:00]   [ComfyUI] [ComfyUI-SAM3DObjects] Health check: ping (timeout=5.0s)...
[16:00]   [ComfyUI] [ComfyUI-SAM3DObjects] Health check: ok
[16:00]   [ComfyUI] [SubprocessWorker] call_id=69 sending model_to_device
[16:00]   [ComfyUI] [comfy-env] [VRAM] After offload 'MoGeModelV1_1' (599 MB): 706 / 7703 MB
[16:00]   [ComfyUI] [comfy-env] [VRAM] Before offload 'SLatMeshDecoderTdfyWrapper_7' (173 MB) -> cpu: 706 / 7703 MB
[16:00]   [ComfyUI] [ComfyUI-SAM3DObjects] Health check: ping (timeout=5.0s)...
[16:00]   [ComfyUI] [ComfyUI-SAM3DObjects] Health check: ok
[16:00]   [ComfyUI] [SubprocessWorker] call_id=70 sending model_to_device
[16:00]   [ComfyUI] [comfy-env] [VRAM] After offload 'SLatMeshDecoderTdfyWrapper_7' (173 MB): 706 / 7703 MB
[16:00]   [ComfyUI] [comfy-env] [VRAM] Before offload 'SparseStructureDecoderTdfyWrapper_4' (140 MB) -> cpu: 706 / 7703 MB
[16:00]   [ComfyUI] [ComfyUI-SAM3DObjects] Health check: ping (timeout=5.0s)...
[16:00]   [ComfyUI] [ComfyUI-SAM3DObjects] Health check: ok
[16:00]   [ComfyUI] [SubprocessWorker] call_id=71 sending model_to_device
[16:00]   [ComfyUI] [comfy-env] [VRAM] After offload 'SparseStructureDecoderTdfyWrapper_4' (140 MB): 706 / 7703 MB
[16:00]   Node executed (2 total), capturing...
[16:01]   Frame 17 saved (frame_016.jpg, t=46.5s)
[16:01]   [capture-node] freeze=249ms shot=686ms unfreeze=0ms saved=True
[16:01]   Execution complete (t=46.5s)
[16:01]   [3d-wait] Phase 1: Waiting for 'Loading 3D Model' text to disappear...
[17:01]   [3d-wait] Phase 1 exception after 60.0s: Page.wait_for_function: Timeout 60000ms exceeded.
[17:01]   [3d-wait] Phase 2: iframes=0
[17:01]   [3d-wait] Total 3D wait: 60.0s
[17:01]   Captured 17 unique frames over 107.55s
[17:01]   [debug] iframes: 0
[17:01]   [timing] trigger_3d_previews: 0.0s
[17:04]   Saved high-quality screenshot: mesh_generation_executed.png
[17:04]   [timing] final_screenshot: 1.1s
[17:04] Capturing execution frames: scene_generation.json
[17:11]   Frame 1 saved (frame_000.jpg, t=0.0s)
[17:11]   Validating workflow...
[17:11]   [ComfyUI] === /validate endpoint called ===
[17:11]   [ComfyUI] Received JSON with keys: ['prompt']
[17:11]   Queuing workflow for execution...
[17:11]   [ComfyUI] Prompt has 13 nodes
[17:11]   [ComfyUI]   Node 59: SAM3D_DepthEstimate
[17:11]   [ComfyUI]     Inputs: {"depth_model": ["74", 0], "image": ["77", 0]}
[17:11]   [ComfyUI]   Node 74: LoadSAM3DModel
[17:11]   [ComfyUI]     Inputs: {"attn_backend": "flash_attn", "compile": true, "precision": "auto"}
[17:11]   [ComfyUI]   Node 75: MultibandLoad
[17:11]   [ComfyUI]     Inputs: {"image": "scene_multiband.npz", "normalize": true}
[17:11]   [ComfyUI]   Node 77: MultibandToImage
[17:11]   [ComfyUI]     Inputs: {"channels": "0,1,2", "multiband": ["75", 0]}
[17:11]   [ComfyUI]   Node 78: MultibandToMasks
[17:11]   [ComfyUI]     Inputs: {"channels": "", "auto_detect_masks": true, "multiband": ["75", 0]}
[17:11]   [ComfyUI]   Node 80: SAM3DSceneGenerate
[17:11]   [ComfyUI]     Inputs: {"seed": 42, "stage1_steps": 12, "stage1_cfg": 7.5, "stage1_cfg_pm": 0, "stage2_steps": 12, "stage2_cfg": 5, "with_postprocess": false, "simplify": 0.95, "add_textures": false, "texture_mode": "fast",
[17:11]   [ComfyUI]   Node 82: SAM3D_ScenePoseOptimize
[17:11]   [ComfyUI]     Inputs: {"output_folder": ["80", 0], "optimization_mode": "pose_only"}
[17:11]   [ComfyUI]   Node 85: GeomPackPreviewMeshVTK
[17:11]   [ComfyUI]     Inputs: {"mode": "texture", "preview_vtk": "{\"show_edges\":false,\"camera_state\":\"{\\\"position\\\":[1.1789228144992419,1.3637070517428993,-0.6859388036148804],\\\"focalPoint\\\":[-0.29605234414339066,0.01
[17:11]   [ComfyUI]   Node 87: GeomPackCombineMeshesBatch
[17:11]   [ComfyUI]     Inputs: {"report_panel": "false", "meshes": ["106", 0]}
[17:11]   [ComfyUI]   Node 99: PreviewImage
[17:11]   [ComfyUI]     Inputs: {"images": ["77", 0]}
[17:11]   [ComfyUI]   Node 100: SAM3D_ProjectionOverlay
[17:11]   [ComfyUI]     Inputs: {"pose_opt_folder": ["82", 0], "render_mode": "3d_mesh_textured", "point_size": 2, "alpha": 0.6}
[17:11]   [ComfyUI]   Node 106: GeomPackLoadMeshBatch
[17:11]   [ComfyUI]     Inputs: {"folder_path": ["82", 0], "start_index": 0, "max_meshes": -1}
[17:11]   [ComfyUI]   Node 108: SaveImage
[17:11]   [ComfyUI]     Inputs: {"filename_prefix": "overlay", "images": ["100", 0]}
[17:11]   [ComfyUI] Generated prompt_id: bfd28d98-fb40-4f3f-abbc-fcf3f4bbc8d4
[17:11]   [ComfyUI] Calling execution.validate_prompt()...
[17:11]   [ComfyUI] Validation result: valid=True
[17:11]   [ComfyUI] === Validation PASSED ===
[17:11]   [ComfyUI] got prompt
[17:12]   [ComfyUI] LoadMultibandImage: Loaded /workspaces/SAM3DObjects-1241/ComfyUI/input/scene_multiband.npz
[17:12]   [ComfyUI]   Shape: (1, 10, 2240, 3360)
[17:12]   [ComfyUI]   Channels: 10
[17:12]   [ComfyUI]   Names: img_01_r,img_01_g,img_01_b,mask_01,mask_02,mask_03,mask_04,mask_05,mask_06,mask_07
[17:13]   [ComfyUI] [comfy-env] Running LoadSAM3DModel: attn_backend: 'flash_attn', compile: True, precision: 'auto'
[17:13]   [ComfyUI] [ComfyUI-SAM3DObjects] python: /workspaces/SAM3DObjects-1241/ComfyUI/.ce/.pixi/envs/sam3dobjects-nodes/bin/python
[17:13]   [ComfyUI] [VRAM] Before LoadSAM3DModel: 706 / 7703 MB
[17:13]   [ComfyUI] [ComfyUI-SAM3DObjects] sys_path sent to worker: ['/workspaces/SAM3DObjects-1241/ComfyUI', '/workspaces/SAM3DObjects-1241/ComfyUI/custom_nodes/ComfyUI-SAM3DObjects', '/workspaces/SAM3DObjects-1241/ComfyUI/.ce/.pixi/envs/sam3dobjects-nodes/lib/python3.12/site-packages', '/workspaces/SAM3DObjects-1241/ComfyUI/custom_nodes/ComfyUI-SAM3DObjects']
[17:13]   [ComfyUI] [SubprocessWorker] call_method: nodes.load_model.LoadSAM3DModel.EXECUTE_NORMALIZED
[17:13]   [ComfyUI] [SubprocessWorker] is_pixi=True, python=/workspaces/SAM3DObjects-1241/ComfyUI/.ce/.pixi/envs/sam3dobjects-nodes/bin/python
[17:13]   [ComfyUI] [SubprocessWorker] acquired lock, ensuring started...
[17:13]   [ComfyUI] [SubprocessWorker] launching cmd=['/root/.pixi/bin/pixi', 'run', '--as-is', '--manifest-path', '/workspaces/SAM3DObjects-1241/ComfyUI/.ce/pixi.toml', '-e', 'sam3dobjects-nodes', 'python', '/tmp/comfyui_pvenv_8g80169v/persistent_worker.py', 'abstract://comfy_worker_bbee7409da36']...
[17:13]   [ComfyUI] [ComfyUI-SAM3DObjects] Health check: ping (timeout=5.0s)...
[17:13]   [ComfyUI] [SubprocessWorker] socket_addr=abstract://comfy_worker_bbee7409da36 (abstract, no filesystem path)
[17:13]   [ComfyUI] [ComfyUI-SAM3DObjects] Health check: failed
[17:13]   [ComfyUI] [ComfyUI-SAM3DObjects] Socket unhealthy, restarting worker...
[17:13]   [ComfyUI] [comfy-env] Invalidated 7 stale model patchers (will be cleaned up during next unload)
[17:13]   Node executed (1 total), capturing...
[17:14]   Frame 2 saved (frame_001.jpg, t=2.5s)
[17:14]   [capture-node] freeze=90ms shot=195ms unfreeze=9ms saved=True
[17:15]   [ComfyUI] [worker:ComfyUI-SAM3DObjects] WARNING: WARNING: You need pytorch with cu130 or higher to use optimized CUDA operations.
[17:16]   [ComfyUI] [SubprocessWorker] worker started/confirmed
[17:16]   [ComfyUI] [SubprocessWorker] serializing kwargs to shm...
[17:16]   [ComfyUI] [SubprocessWorker] created 0 shm blocks
[17:16]   [ComfyUI] [SubprocessWorker] sending request via socket...
[17:16]   [ComfyUI] [SubprocessWorker] call_id=72 sending call_method
[17:16]   [ComfyUI] [SubprocessWorker] got response: ok
[17:16]   [ComfyUI] [comfy-env] [VRAM] Before offload 'SLatMeshDecoderTdfyWrapper_7' (173 MB) -> cpu: 270 / 7703 MB
[17:16]   [ComfyUI] [ComfyUI-SAM3DObjects] Health check: ping (timeout=5.0s)...
[17:16]   [ComfyUI] [ComfyUI-SAM3DObjects] Health check: ok
[17:16]   [ComfyUI] [SubprocessWorker] call_id=73 sending model_to_device
[17:16]   [ComfyUI] Model 'SLatMeshDecoderTdfyWrapper_7' gone from worker (restarted?), treating as offloaded
[17:16]   [ComfyUI] [comfy-env] [VRAM] After offload 'SLatMeshDecoderTdfyWrapper_7' (173 MB): 270 / 7703 MB
[17:16]   [ComfyUI] [comfy-env] [VRAM] Before offload 'FlowMatching_6' (2290 MB) -> cpu: 270 / 7703 MB
[17:16]   [ComfyUI] [ComfyUI-SAM3DObjects] Health check: ping (timeout=5.0s)...
[17:16]   [ComfyUI] [ComfyUI-SAM3DObjects] Health check: ok
[17:16]   [ComfyUI] [SubprocessWorker] call_id=74 sending model_to_device
[17:16]   [ComfyUI] Model 'FlowMatching_6' gone from worker (restarted?), treating as offloaded
[17:16]   [ComfyUI] [comfy-env] [VRAM] After offload 'FlowMatching_6' (2290 MB): 270 / 7703 MB
[17:16]   [ComfyUI] [comfy-env] [VRAM] Before offload 'EmbedderFuser_5' (1227 MB) -> cpu: 270 / 7703 MB
[17:16]   [ComfyUI] [ComfyUI-SAM3DObjects] Health check: ping (timeout=5.0s)...
[17:16]   [ComfyUI] [ComfyUI-SAM3DObjects] Health check: ok
[17:16]   [ComfyUI] [SubprocessWorker] call_id=75 sending model_to_device
[17:16]   [ComfyUI] Model 'EmbedderFuser_5' gone from worker (restarted?), treating as offloaded
[17:16]   [ComfyUI] [comfy-env] [VRAM] After offload 'EmbedderFuser_5' (1227 MB): 270 / 7703 MB
[17:16]   [ComfyUI] [comfy-env] [VRAM] Before offload 'SparseStructureDecoderTdfyWrapper_4' (140 MB) -> cpu: 270 / 7703 MB
[17:16]   [ComfyUI] [ComfyUI-SAM3DObjects] Health check: ping (timeout=5.0s)...
[17:16]   [ComfyUI] [ComfyUI-SAM3DObjects] Health check: ok
[17:16]   [ComfyUI] [SubprocessWorker] call_id=76 sending model_to_device
[17:16]   [ComfyUI] Model 'SparseStructureDecoderTdfyWrapper_4' gone from worker (restarted?), treating as offloaded
[17:16]   [ComfyUI] [comfy-env] [VRAM] After offload 'SparseStructureDecoderTdfyWrapper_4' (140 MB): 270 / 7703 MB
[17:16]   [ComfyUI] [comfy-env] [VRAM] Before offload 'ShortCut_3' (3677 MB) -> cpu: 270 / 7703 MB
[17:16]   [ComfyUI] [ComfyUI-SAM3DObjects] Health check: ping (timeout=5.0s)...
[17:16]   [ComfyUI] [ComfyUI-SAM3DObjects] Health check: ok
[17:16]   [ComfyUI] [SubprocessWorker] call_id=77 sending model_to_device
[17:16]   [ComfyUI] Model 'ShortCut_3' gone from worker (restarted?), treating as offloaded
[17:16]   [ComfyUI] [comfy-env] [VRAM] After offload 'ShortCut_3' (3677 MB): 270 / 7703 MB
[17:16]   [ComfyUI] [comfy-env] [VRAM] Before offload 'EmbedderFuser_2' (1259 MB) -> cpu: 270 / 7703 MB
[17:16]   [ComfyUI] [ComfyUI-SAM3DObjects] Health check: ping (timeout=5.0s)...
[17:16]   [ComfyUI] [ComfyUI-SAM3DObjects] Health check: ok
[17:16]   [ComfyUI] [SubprocessWorker] call_id=78 sending model_to_device
[17:16]   [ComfyUI] Model 'EmbedderFuser_2' gone from worker (restarted?), treating as offloaded
[17:16]   [ComfyUI] [comfy-env] [VRAM] After offload 'EmbedderFuser_2' (1259 MB): 270 / 7703 MB
[17:16]   [ComfyUI] [comfy-env] [VRAM] Before offload 'MoGeModelV1_1' (599 MB) -> cpu: 270 / 7703 MB
[17:16]   [ComfyUI] [ComfyUI-SAM3DObjects] Health check: ping (timeout=5.0s)...
[17:16]   [ComfyUI] [ComfyUI-SAM3DObjects] Health check: ok
[17:16]   [ComfyUI] [SubprocessWorker] call_id=79 sending model_to_device
[17:16]   [ComfyUI] Model 'MoGeModelV1_1' gone from worker (restarted?), treating as offloaded
[17:16]   [ComfyUI] [comfy-env] [VRAM] After offload 'MoGeModelV1_1' (599 MB): 270 / 7703 MB
[17:16]   [ComfyUI] [comfy-env] LoadSAM3DModel done (2.69s): result: NodeOutput
[17:16]   [ComfyUI] [VRAM] After LoadSAM3DModel: 270 / 7703 MB
[17:16]   [ComfyUI] [comfy-env] Running SAM3D_DepthEstimate: depth_model: dict, image: torch.float32 [1,2240,3360,3] cpu
[17:16]   [ComfyUI] [VRAM] Before SAM3D_DepthEstimate: 270 / 7703 MB
[17:16]   [ComfyUI] [SubprocessWorker] call_method: nodes.depth_estimate.SAM3D_DepthEstimate.EXECUTE_NORMALIZED
[17:16]   [ComfyUI] [SubprocessWorker] acquired lock, ensuring started...
[17:16]   [ComfyUI] [ComfyUI-SAM3DObjects] Health check: ping (timeout=5.0s)...
[17:16]   [ComfyUI] [ComfyUI-SAM3DObjects] Health check: ok
[17:16]   [ComfyUI] [SubprocessWorker] worker started/confirmed
[17:16]   [ComfyUI] [comfy-env] PRE-SERIALIZE 'image' shape: torch.Size([1, 2240, 3360, 3])
[17:16]   [ComfyUI] [SubprocessWorker] serializing kwargs to shm...
[17:16]   [ComfyUI] [SubprocessWorker] created 0 shm blocks
[17:16]   [ComfyUI] [SubprocessWorker] sending request via socket...
[17:16]   [ComfyUI] [SubprocessWorker] call_id=80 sending call_method
[17:16]   Frame 3 saved (frame_002.jpg, t=4.9s)
[17:16]   [capture-periodic] freeze=2ms shot=267ms unfreeze=4ms saved=True
[17:16]   [ComfyUI] [worker:ComfyUI-SAM3DObjects] [comfy-env] _from_shm got dict with keys: ['__type__', 'strategy', 'parent_pid', 'fd', 'storage_size']
[17:16]   [ComfyUI] [worker:ComfyUI-SAM3DObjects] [comfy-env] DESERIALIZE TensorRef: tensor_size=[1, 2240, 3360, 3]
[17:16]   [ComfyUI] [worker:ComfyUI-SAM3DObjects] [comfy-env] DESERIALIZED tensor shape: torch.Size([1, 2240, 3360, 3])
[17:17]   [ComfyUI] [worker:ComfyUI-SAM3DObjects] [VRAM] DepthEstimate: start: torch=0MiB alloc, 0MiB reserved | gpu=270MiB/7703MiB used
[17:17]   [ComfyUI] [worker:ComfyUI-SAM3DObjects] [VRAM] DepthEstimate: before MoGe from_pretrained: torch=0MiB alloc, 0MiB reserved | gpu=270MiB/7703MiB used
[17:17]   [ComfyUI] /workspaces/SAM3DObjects-1241/ComfyUI/custom_nodes/ComfyUI-SAM3DObjects/nodes/sam3d/moge.py:1012: UserWarning: Deprecated arguments ignored: {'output_mask': True, 'split_head': True}
[17:17]   [ComfyUI]   warnings.warn(f"Deprecated arguments ignored: {deprecated_kwargs}")
[17:17]   [ComfyUI] [worker:ComfyUI-SAM3DObjects] [VRAM] DepthEstimate: after MoGe from_pretrained: torch=0MiB alloc, 0MiB reserved | gpu=270MiB/7703MiB used
[17:17]   [ComfyUI] [worker:ComfyUI-SAM3DObjects] [VRAM] DepthEstimate: before load_models_gpu: torch=0MiB alloc, 0MiB reserved | gpu=270MiB/7703MiB used
[17:17]   [capture-loop] iter=50 t=6.4s state={'complete': False, 'error': None, 'executedCount': 1, 'wsState': 1} eval_ms=2
[17:17]   [ComfyUI] [SubprocessWorker] callback 'request_vram_budget' from call_id=80
[17:17]   [ComfyUI] [comfy-env] VRAM request: 0.63GB, free before eviction: 7.79GB
[17:17]   [ComfyUI] [comfy-env] VRAM after eviction: 7.79GB
[17:17]   [ComfyUI] [worker:ComfyUI-SAM3DObjects] [VRAM] +200MB (now 200MB) reserved=224MB peak=200MB
[17:18]   [ComfyUI] [worker:ComfyUI-SAM3DObjects] [VRAM] DepthEstimate: after load_models_gpu: torch=599MiB alloc, 608MiB reserved | gpu=948MiB/7703MiB used
[17:19]   Frame 4 saved (frame_003.jpg, t=7.4s)
[17:19]   [capture-periodic] freeze=1ms shot=292ms unfreeze=58ms saved=True
[17:19]   [ComfyUI] [worker:ComfyUI-SAM3DObjects] [VRAM] +399MB (now 599MB) reserved=608MB peak=599MB
[17:20]   [ComfyUI] [SubprocessWorker] callback 'report_progress' from call_id=80
[17:20]   [ComfyUI] [worker:ComfyUI-SAM3DObjects] [VRAM] DepthEstimate: before MoGe inference: torch=599MiB alloc, 608MiB reserved | gpu=948MiB/7703MiB used
[17:20]   [ComfyUI] [worker:ComfyUI-SAM3DObjects] [VRAM] +224MB (now 824MB) reserved=1152MB peak=824MB
[17:20]   [ComfyUI] [worker:ComfyUI-SAM3DObjects] [VRAM] DepthEstimate: after MoGe inference: torch=759MiB alloc, 1152MiB reserved | gpu=1528MiB/7703MiB used
[17:21]   [ComfyUI] [worker:ComfyUI-SAM3DObjects] [VRAM] DepthEstimate: after cleanup: torch=159MiB alloc, 256MiB reserved | gpu=632MiB/7703MiB used
[17:21]   [ComfyUI] [SubprocessWorker] callback 'report_progress' from call_id=80
[17:21]   Frame 5 saved (frame_004.jpg, t=9.8s)
[17:21]   [capture-periodic] freeze=1ms shot=199ms unfreeze=6ms saved=True
[17:21]   [ComfyUI] [SubprocessWorker] callback 'report_progress' from call_id=80
[17:21]   [ComfyUI] [worker:ComfyUI-SAM3DObjects] [VRAM] -579MB (now 245MB) reserved=640MB peak=824MB
[17:23]   Frame 6 saved (frame_005.jpg, t=12.2s)
[17:23]   [capture-periodic] freeze=2ms shot=218ms unfreeze=2ms saved=True
[17:24]   [capture-loop] iter=100 t=12.6s state={'complete': False, 'error': None, 'executedCount': 1, 'wsState': 1} eval_ms=2
[17:26]   Frame 7 saved (frame_006.jpg, t=14.5s)
[17:26]   [capture-periodic] freeze=2ms shot=223ms unfreeze=2ms saved=True
[17:29]   [capture-loop] iter=150 t=18.3s state={'complete': False, 'error': None, 'executedCount': 1, 'wsState': 1} eval_ms=2
[17:35]   [capture-loop] iter=200 t=24.0s state={'complete': False, 'error': None, 'executedCount': 1, 'wsState': 1} eval_ms=2
[17:37]   [ComfyUI] [SubprocessWorker] callback 'report_progress' from call_id=80
[17:37]   [ComfyUI] [worker:ComfyUI-SAM3DObjects] [VRAM] DepthEstimate: done: torch=245MiB alloc, 640MiB reserved | gpu=1016MiB/7703MiB used
[17:37]   [ComfyUI] [worker:ComfyUI-SAM3DObjects] [VRAM] -237MB (now 9MB) reserved=640MB peak=824MB
[17:37]   [ComfyUI] [SubprocessWorker] got response: ok
[17:37]   [ComfyUI] [comfy-env] Created 1 model patchers: ['MoGeModelV1_1']
[17:37]   [ComfyUI] MultibandToMasks: Auto-detected 7 mask channels: ['mask_01', 'mask_02', 'mask_03', 'mask_04', 'mask_05', 'mask_06', 'mask_07']
[17:37]   [ComfyUI] [comfy-env] SAM3D_DepthEstimate done (21.44s): result: NodeOutput
[17:37]   [ComfyUI] [VRAM] After SAM3D_DepthEstimate: 1016 / 7703 MB
[17:37]   [ComfyUI] [VRAM] Loaded: SubprocessModel (0 MB)
[17:37]   [ComfyUI] [comfy-env] Running SAM3DSceneGenerate: seed: 42, stage1_steps: 12, stage1_cfg: 7.5, stage1_cfg_pm: 0.0, stage2_steps: 12, stage2_cfg: 5.0, with_postprocess: False, simplify: 0.95, add_textures: False, texture_mode: 'fast', texture_size: 1024, stage1_batch_size: 1, generator: dict, slat_decoder_gs: dict, slat_decoder_mesh: dict, image: torch.float32 [1,2240,3360,3] cpu, masks: torch.float32 [7,2240,3360] cpu, intrinsics: float32 [3,3], pointmap: torch.float32 [2240,3360,3] cpu
[17:37]   [ComfyUI] [VRAM] Before SAM3DSceneGenerate: 1016 / 7703 MB
[17:37]   [ComfyUI] [VRAM] Loaded: SubprocessModel (0 MB)
[17:37]   [ComfyUI] [SubprocessWorker] call_method: nodes.scene_generate.SAM3DSceneGenerate.EXECUTE_NORMALIZED
[17:37]   [ComfyUI] [SubprocessWorker] acquired lock, ensuring started...
[17:37]   [ComfyUI] [ComfyUI-SAM3DObjects] Health check: ping (timeout=5.0s)...
[17:37]   [ComfyUI] [ComfyUI-SAM3DObjects] Health check: ok
[17:37]   [ComfyUI] [SubprocessWorker] worker started/confirmed
[17:37]   [ComfyUI] [comfy-env] PRE-SERIALIZE 'image' shape: torch.Size([1, 2240, 3360, 3])
[17:37]   [ComfyUI] [comfy-env] PRE-SERIALIZE 'masks' shape: torch.Size([7, 2240, 3360])
[17:37]   [ComfyUI] [comfy-env] PRE-SERIALIZE 'intrinsics' shape: (3, 3)
[17:37]   [ComfyUI] [comfy-env] PRE-SERIALIZE 'pointmap' shape: torch.Size([2240, 3360, 3])
[17:37]   [ComfyUI] [SubprocessWorker] serializing kwargs to shm...
[17:38]   [ComfyUI] [SubprocessWorker] created 0 shm blocks
[17:38]   [ComfyUI] [SubprocessWorker] sending request via socket...
[17:38]   [ComfyUI] [SubprocessWorker] call_id=81 sending call_method
[17:38]   [ComfyUI] [worker:ComfyUI-SAM3DObjects] [comfy-env] _from_shm got dict with keys: ['__type__', 'strategy', 'parent_pid', 'fd', 'storage_size']
[17:38]   [ComfyUI] [worker:ComfyUI-SAM3DObjects] [comfy-env] DESERIALIZE TensorRef: tensor_size=[1, 2240, 3360, 3]
[17:38]   [ComfyUI] [worker:ComfyUI-SAM3DObjects] [comfy-env] DESERIALIZED tensor shape: torch.Size([1, 2240, 3360, 3])
[17:38]   [ComfyUI] [worker:ComfyUI-SAM3DObjects] [comfy-env] _from_shm got dict with keys: ['__type__', 'strategy', 'parent_pid', 'fd', 'storage_size']
[17:38]   [ComfyUI] [worker:ComfyUI-SAM3DObjects] [comfy-env] DESERIALIZE TensorRef: tensor_size=[7, 2240, 3360]
[17:38]   [ComfyUI] [worker:ComfyUI-SAM3DObjects] [comfy-env] DESERIALIZED tensor shape: torch.Size([7, 2240, 3360])
[17:38]   [ComfyUI] [worker:ComfyUI-SAM3DObjects] [comfy-env] _from_shm got dict with keys: ['__type__', 'strategy', 'parent_pid', 'fd', 'storage_size']
[17:38]   [ComfyUI] [worker:ComfyUI-SAM3DObjects] [comfy-env] DESERIALIZE TensorRef: tensor_size=[3, 3]
[17:38]   [ComfyUI] [worker:ComfyUI-SAM3DObjects] [comfy-env] DESERIALIZED tensor shape: torch.Size([3, 3])
[17:38]   [ComfyUI] [worker:ComfyUI-SAM3DObjects] [comfy-env] _from_shm got dict with keys: ['__type__', 'strategy', 'parent_pid', 'fd', 'storage_size']
[17:38]   [ComfyUI] [worker:ComfyUI-SAM3DObjects] [comfy-env] DESERIALIZE TensorRef: tensor_size=[2240, 3360, 3]
[17:38]   [ComfyUI] [worker:ComfyUI-SAM3DObjects] [comfy-env] DESERIALIZED tensor shape: torch.Size([2240, 3360, 3])
[17:38]   [ComfyUI] [worker:ComfyUI-SAM3DObjects] [VRAM] SceneGenerate: start: torch=9MiB alloc, 640MiB reserved | gpu=1016MiB/7703MiB used
[17:39]   [ComfyUI] [worker:ComfyUI-SAM3DObjects] [VRAM] SceneGenerate: PHASE 1 start: torch=9MiB alloc, 640MiB reserved | gpu=1016MiB/7703MiB used
[17:39]   [ComfyUI] 2026-05-07 12:59:02.783 | WARNING  | nodes.sam3d.transforms:__post_init__:1359 - No rgb pointmap normalizer provided, using scale + shift
[17:40]   Frame 8 saved (frame_007.jpg, t=28.3s)
[17:40]   [capture-periodic] freeze=2ms shot=217ms unfreeze=12ms saved=True
[17:41]   [ComfyUI] [worker:ComfyUI-SAM3DObjects] [VRAM] _load_condition_embedder(ss): before build: torch=23MiB alloc, 640MiB reserved | gpu=1016MiB/7703MiB used
[17:41]   [capture-loop] iter=250 t=29.7s state={'complete': False, 'error': None, 'executedCount': 1, 'wsState': 1} eval_ms=2
[17:42]   Frame 9 saved (frame_008.jpg, t=30.7s)
[17:42]   [capture-periodic] freeze=1ms shot=214ms unfreeze=2ms saved=True
[17:45]   [ComfyUI] [worker:ComfyUI-SAM3DObjects] [VRAM] _load_condition_embedder(ss): after load_state_dict: torch=23MiB alloc, 640MiB reserved | gpu=1016MiB/7703MiB used
[17:45]   [ComfyUI] [SubprocessWorker] callback 'request_vram_budget' from call_id=81
[17:45]   [ComfyUI] [comfy-env] VRAM request: 2.54GB, free before eviction: 7.62GB
[17:45]   [ComfyUI] [comfy-env] VRAM after eviction: 7.62GB
[17:45]   [ComfyUI] [worker:ComfyUI-SAM3DObjects] [VRAM] +414MB (now 423MB) reserved=480MB peak=824MB
[17:46]   [ComfyUI] [worker:ComfyUI-SAM3DObjects] [VRAM] Stage1: before embedding: torch=1282MiB alloc, 1312MiB reserved | gpu=1688MiB/7703MiB used
[17:46]   [ComfyUI] [worker:ComfyUI-SAM3DObjects] [VRAM] Stage1: after embedding: torch=1312MiB alloc, 2368MiB reserved | gpu=2746MiB/7703MiB used
[17:46]   [ComfyUI] [worker:ComfyUI-SAM3DObjects] [VRAM] Stage1: after embedder unload: torch=52MiB alloc, 128MiB reserved | gpu=506MiB/7703MiB used
[17:46]   [ComfyUI] [worker:ComfyUI-SAM3DObjects] [VRAM] _load_generator(ss): before build: torch=52MiB alloc, 128MiB reserved | gpu=506MiB/7703MiB used
[17:46]   [ComfyUI] [worker:ComfyUI-SAM3DObjects] [VRAM] -371MB (now 52MB) reserved=128MB peak=1326MB
[17:46]   [ComfyUI] [worker:ComfyUI-SAM3DObjects] [VRAM] _load_generator(ss): after load_state_dict: torch=52MiB alloc, 128MiB reserved | gpu=506MiB/7703MiB used
[17:46]   [ComfyUI] [SubprocessWorker] callback 'request_vram_budget' from call_id=81
[17:46]   [ComfyUI] [comfy-env] VRAM request: 3.86GB, free before eviction: 7.55GB
[17:46]   [ComfyUI] [comfy-env] VRAM after eviction: 7.55GB
[17:47]   [capture-loop] iter=300 t=35.7s state={'complete': False, 'error': None, 'executedCount': 1, 'wsState': 1} eval_ms=3
[17:47]   [ComfyUI] [worker:ComfyUI-SAM3DObjects] [VRAM] _load_decoder(ss): before instantiate: torch=3730MiB alloc, 3744MiB reserved | gpu=4122MiB/7703MiB used
[17:47]   [ComfyUI] [worker:ComfyUI-SAM3DObjects] [VRAM] _load_decoder(ss): after load_state_dict: torch=3730MiB alloc, 3744MiB reserved | gpu=4122MiB/7703MiB used
[17:47]   [ComfyUI] [worker:ComfyUI-SAM3DObjects] [VRAM] +3677MB (now 3730MB) reserved=3744MB peak=3730MB
[17:47]   [ComfyUI] [SubprocessWorker] callback 'request_vram_budget' from call_id=81
[17:47]   [ComfyUI] [comfy-env] VRAM request: 0.15GB, free before eviction: 3.76GB
[17:47]   [ComfyUI] [comfy-env] VRAM after eviction: 3.76GB
[17:47]   [ComfyUI] [worker:ComfyUI-SAM3DObjects] [VRAM] Stage1: before inference: torch=3871MiB alloc, 3872MiB reserved | gpu=4250MiB/7703MiB used
[17:48]   [ComfyUI] [worker:ComfyUI-SAM3DObjects] [DTYPE_DBG] _generate_noise_tensor: _compute_dtype=torch.bfloat16 shape=(1, 1, 6) device=cuda:0
[17:48]   [ComfyUI] [worker:ComfyUI-SAM3DObjects] [DTYPE_DBG] _generate_noise_tensor: _compute_dtype=torch.bfloat16 shape=(1, 1, 3) device=cuda:0
[17:48]   [ComfyUI] [worker:ComfyUI-SAM3DObjects] [DTYPE_DBG] _generate_noise_tensor: _compute_dtype=torch.bfloat16 shape=(1, 4096, 8) device=cuda:0
[17:48]   [ComfyUI] [worker:ComfyUI-SAM3DObjects] [DTYPE_DBG] _generate_noise_tensor: _compute_dtype=torch.bfloat16 shape=(1, 1, 3) device=cuda:0
[17:48]   [ComfyUI] [worker:ComfyUI-SAM3DObjects] [DTYPE_DBG] _generate_noise_tensor: _compute_dtype=torch.bfloat16 shape=(1, 1, 1) device=cuda:0
[17:48]   [ComfyUI] [SubprocessWorker] callback 'report_progress' from call_id=81
[17:49]   [ComfyUI] [worker:ComfyUI-SAM3DObjects] [VRAM] +251MB (now 3982MB) reserved=4192MB peak=4022MB
[17:49]   Frame 10 saved (frame_009.jpg, t=37.6s)
[17:49]   [capture-periodic] freeze=2ms shot=208ms unfreeze=7ms saved=True
[17:49]   [ComfyUI] [SubprocessWorker] callback 'report_progress' from call_id=81
[17:50]   [ComfyUI] [SubprocessWorker] callback 'report_progress' from call_id=81
[17:51]   Frame 11 saved (frame_010.jpg, t=39.9s)
[17:51]   [capture-periodic] freeze=1ms shot=227ms unfreeze=2ms saved=True
[17:51]   [ComfyUI] [SubprocessWorker] callback 'report_progress' from call_id=81
[17:52]   [ComfyUI] [SubprocessWorker] callback 'report_progress' from call_id=81
[17:52]   [capture-loop] iter=350 t=41.4s state={'complete': False, 'error': None, 'executedCount': 1, 'wsState': 1} eval_ms=19
[17:53]   [ComfyUI] [SubprocessWorker] callback 'report_progress' from call_id=81
[17:54]   Frame 12 saved (frame_011.jpg, t=42.3s)
[17:54]   [capture-periodic] freeze=38ms shot=217ms unfreeze=8ms saved=True
[17:54]   [ComfyUI] [SubprocessWorker] callback 'report_progress' from call_id=81
[17:55]   [ComfyUI] [SubprocessWorker] callback 'report_progress' from call_id=81
[17:56]   Frame 13 saved (frame_012.jpg, t=44.7s)
[17:56]   [capture-periodic] freeze=2ms shot=181ms unfreeze=7ms saved=True
[17:56]   [ComfyUI] [SubprocessWorker] callback 'report_progress' from call_id=81
[17:57]   [ComfyUI] [SubprocessWorker] callback 'report_progress' from call_id=81
[17:58]   [ComfyUI] [SubprocessWorker] callback 'report_progress' from call_id=81
[17:58]   [ComfyUI] [SubprocessWorker] callback 'report_progress' from call_id=81
[17:58]   Frame 14 saved (frame_013.jpg, t=47.0s)
[17:58]   [capture-periodic] freeze=2ms shot=206ms unfreeze=1ms saved=True
[17:58]   [ComfyUI] [worker:ComfyUI-SAM3DObjects] [VRAM] Stage1: after inference: torch=3887MiB alloc, 4416MiB reserved | gpu=4794MiB/7703MiB used
[17:58]   [capture-loop] iter=400 t=47.5s state={'complete': False, 'error': None, 'executedCount': 1, 'wsState': 1} eval_ms=2
[17:58]   [ComfyUI] [worker:ComfyUI-SAM3DObjects] [VRAM] -337MB (now 3645MB) reserved=4416MB peak=4097MB
[17:59]   [ComfyUI] [worker:ComfyUI-SAM3DObjects] [VRAM] -2535MB (now 1111MB) reserved=4416MB peak=4097MB
[18:00]   [ComfyUI] [worker:ComfyUI-SAM3DObjects] [VRAM] Stage1: after model cleanup: torch=69MiB alloc, 192MiB reserved | gpu=570MiB/7703MiB used
[18:00]   [ComfyUI] 2026-05-07 12:59:24.253 | WARNING  | nodes.sam3d.transforms:__post_init__:1359 - No rgb pointmap normalizer provided, using scale + shift
[18:00]   [ComfyUI] [worker:ComfyUI-SAM3DObjects] [VRAM] -1101MB (now 10MB) reserved=64MB peak=4097MB
[18:01]   Frame 15 saved (frame_014.jpg, t=49.3s)
[18:01]   [capture-periodic] freeze=2ms shot=234ms unfreeze=3ms saved=True
[18:02]   [ComfyUI] [SubprocessWorker] callback 'request_vram_budget' from call_id=81
[18:02]   [ComfyUI] [comfy-env] VRAM request: 2.54GB, free before eviction: 7.61GB
[18:02]   [ComfyUI] [comfy-env] VRAM after eviction: 7.61GB
[18:02]   [ComfyUI] [worker:ComfyUI-SAM3DObjects] [VRAM] +718MB (now 729MB) reserved=768MB peak=4097MB
[18:02]   [ComfyUI] [worker:ComfyUI-SAM3DObjects] [VRAM] Stage1: before embedding: torch=1283MiB alloc, 1344MiB reserved | gpu=1722MiB/7703MiB used
[18:03]   [ComfyUI] [worker:ComfyUI-SAM3DObjects] [VRAM] Stage1: after embedding: torch=1313MiB alloc, 2400MiB reserved | gpu=2778MiB/7703MiB used
[18:03]   [ComfyUI] [worker:ComfyUI-SAM3DObjects] [VRAM] -364MB (now 365MB) reserved=2400MB peak=4097MB
[18:03]   [ComfyUI] [worker:ComfyUI-SAM3DObjects] [VRAM] Stage1: after embedder unload: torch=54MiB alloc, 128MiB reserved | gpu=506MiB/7703MiB used
[18:03]   [ComfyUI] [SubprocessWorker] callback 'request_vram_budget' from call_id=81
[18:03]   [ComfyUI] [comfy-env] VRAM request: 3.86GB, free before eviction: 7.55GB
[18:03]   [ComfyUI] [comfy-env] VRAM after eviction: 7.55GB
[18:04]   [ComfyUI] [SubprocessWorker] callback 'request_vram_budget' from call_id=81
[18:04]   [ComfyUI] [comfy-env] VRAM request: 0.15GB, free before eviction: 3.72GB
[18:04]   [ComfyUI] [comfy-env] VRAM after eviction: 3.72GB
[18:04]   [ComfyUI] [worker:ComfyUI-SAM3DObjects] [VRAM] Stage1: before inference: torch=3872MiB alloc, 3904MiB reserved | gpu=4282MiB/7703MiB used
[18:04]   [ComfyUI] [worker:ComfyUI-SAM3DObjects] [DTYPE_DBG] _generate_noise_tensor: _compute_dtype=torch.bfloat16 shape=(1, 1, 6) device=cuda:0
[18:04]   [ComfyUI] [worker:ComfyUI-SAM3DObjects] [DTYPE_DBG] _generate_noise_tensor: _compute_dtype=torch.bfloat16 shape=(1, 1, 3) device=cuda:0
[18:04]   [ComfyUI] [worker:ComfyUI-SAM3DObjects] [DTYPE_DBG] _generate_noise_tensor: _compute_dtype=torch.bfloat16 shape=(1, 4096, 8) device=cuda:0
[18:04]   [ComfyUI] [worker:ComfyUI-SAM3DObjects] [DTYPE_DBG] _generate_noise_tensor: _compute_dtype=torch.bfloat16 shape=(1, 1, 3) device=cuda:0
[18:04]   [ComfyUI] [worker:ComfyUI-SAM3DObjects] [DTYPE_DBG] _generate_noise_tensor: _compute_dtype=torch.bfloat16 shape=(1, 1, 1) device=cuda:0
[18:04]   [capture-loop] iter=450 t=53.1s state={'complete': False, 'error': None, 'executedCount': 1, 'wsState': 1} eval_ms=2
[18:04]   [ComfyUI] [worker:ComfyUI-SAM3DObjects] [VRAM] +3681MB (now 4047MB) reserved=4192MB peak=4097MB
[18:05]   [ComfyUI] [SubprocessWorker] callback 'report_progress' from call_id=81
[18:05]   Frame 16 saved (frame_015.jpg, t=54.0s)
[18:05]   [capture-periodic] freeze=2ms shot=170ms unfreeze=7ms saved=True
[18:06]   [ComfyUI] [SubprocessWorker] callback 'report_progress' from call_id=81
[18:07]   [ComfyUI] [SubprocessWorker] callback 'report_progress' from call_id=81
[18:07]   Frame 17 saved (frame_016.jpg, t=56.2s)
[18:07]   [capture-periodic] freeze=2ms shot=203ms unfreeze=2ms saved=True
[18:08]   [ComfyUI] [SubprocessWorker] callback 'report_progress' from call_id=81
[18:09]   [ComfyUI] [SubprocessWorker] callback 'report_progress' from call_id=81
[18:10]   [ComfyUI] [SubprocessWorker] callback 'report_progress' from call_id=81
[18:10]   Frame 18 saved (frame_017.jpg, t=58.6s)
[18:10]   [capture-periodic] freeze=2ms shot=200ms unfreeze=11ms saved=True
[18:10]   [capture-loop] iter=500 t=59.0s state={'complete': False, 'error': None, 'executedCount': 1, 'wsState': 1} eval_ms=2
[18:11]   [ComfyUI] [SubprocessWorker] callback 'report_progress' from call_id=81
[18:12]   [ComfyUI] [SubprocessWorker] callback 'report_progress' from call_id=81
[18:12]   Frame 19 saved (frame_018.jpg, t=60.9s)
[18:12]   [capture-periodic] freeze=2ms shot=232ms unfreeze=2ms saved=True
[18:13]   [ComfyUI] [SubprocessWorker] callback 'report_progress' from call_id=81
[18:13]   [ComfyUI] [worker:ComfyUI-SAM3DObjects]
[18:13]   [ComfyUI] === WATCHDOG TICK 1 ===
[18:13]   [ComfyUI] [worker:ComfyUI-SAM3DObjects] Thread 0x0000711139600640 (most recent call first):
[18:13]   [ComfyUI]   File "/workspaces/SAM3DObjects-1241/ComfyUI/.ce/.pixi/envs/sam3dobjects-nodes/lib/python3.12/socket.py", line 295 in accept
[18:13]   [ComfyUI]   File "/workspaces/SAM3DObjects-1241/ComfyUI/.ce/.pixi/envs/sam3dobjects-nodes/lib/python3.12/multiprocessing/connection.py", line 626 in accept
[18:13]   [ComfyUI]   File "/workspaces/SAM3DObjects-1241/ComfyUI/.ce/.pixi/envs/sam3dobjects-nodes/lib/python3.12/multiprocessing/connection.py", line 480 in accept
[18:13]   [ComfyUI]   File "/workspaces/SAM3DObjects-1241/ComfyUI/.ce/.pixi/envs/sam3dobjects-nodes/lib/python3.12/multiprocessing/resource_sharer.py", line 138 in _serve
[18:13]   [ComfyUI]   File "/workspaces/SAM3DObjects-1241/ComfyUI/.ce/.pixi/envs/sam3dobjects-nodes/lib/python3.12/threading.py", line 1012 in run
[18:13]   [ComfyUI]   File "/workspaces/SAM3DObjects-1241/ComfyUI/.ce/.pixi/envs/sam3dobjects-nodes/lib/python3.12/threading.py", line 1075 in _bootstrap_inner
[18:13]   [ComfyUI]   File "/workspaces/SAM3DObjects-1241/ComfyUI/.ce/.pixi/envs/sam3dobjects-nodes/lib/python3.12/threading.py", line 1032 in _bootstrap
[18:13]   [ComfyUI] 
[18:13]   [ComfyUI] Thread 0x00007114fcb1f640 (most recent call first):
[18:13]   [ComfyUI]   File "/tmp/comfyui_pvenv_8g80169v/persistent_worker.py", line 106 in _vram_poller
[18:13]   [ComfyUI]   File "/workspaces/SAM3DObjects-1241/ComfyUI/.ce/.pixi/envs/sam3dobjects-nodes/lib/python3.12/threading.py", line 1012 in run
[18:13]   [ComfyUI]   File "/workspaces/SAM3DObjects-1241/ComfyUI/.ce/.pixi/envs/sam3dobjects-nodes/lib/python3.12/threading.py", line 1075 in _bootstrap_inner
[18:13]   [ComfyUI]   File "/workspaces/SAM3DObjects-1241/ComfyUI/.ce/.pixi/envs/sam3dobjects-nodes/lib/python3.12/threading.py", line 1032 in _bootstrap
[18:13]   [ComfyUI] 
[18:13]   [ComfyUI] Current thread 0x00007114fd324640 (most recent call first):
[18:13]   [ComfyUI]   File "/tmp/comfyui_pvenv_8g80169v/persistent_worker.py", line 52 in _watchdog
[18:13]   [ComfyUI]   File "/workspaces/SAM3DObjects-1241/ComfyUI/.ce/.pixi/envs/sam3dobjects-nodes/lib/python3.12/threading.py", line 1012 in run
[18:13]   [ComfyUI]   File "/workspaces/SAM3DObjects-1241/ComfyUI/.ce/.pixi/envs/sam3dobjects-nodes/lib/python3.12/threading.py", line 1075 in _bootstrap_inner
[18:13]   [ComfyUI]   File "/workspaces/SAM3DObjects-1241/ComfyUI/.ce/.pixi/envs/sam3dobjects-nodes/lib/python3.12/threading.py", line 1032 in _bootstrap
[18:13]   [ComfyUI] 
[18:13]   [ComfyUI] Thread 0x00007114fd91f740 (most recent call first):
[18:13]   [ComfyUI]   File "/workspaces/SAM3DObjects-1241/ComfyUI/custom_nodes/ComfyUI-SAM3DObjects/nodes/sam3d/model.py", line 454 in mm_scale_dot_product_attention
[18:13]   [ComfyUI]   File "/workspaces/SAM3DObjects-1241/ComfyUI/custom_nodes/ComfyUI-SAM3DObjects/nodes/sam3d/model.py", line 468 in forward
[18:13]   [ComfyUI]   File "/workspaces/SAM3DObjects-1241/ComfyUI/.ce/.pixi/envs/sam3dobjects-nodes/lib/python3.12/site-packages/torch/nn/modules/module.py", line 1790 in _call_impl
[18:13]   [ComfyUI]   File "/workspaces/SAM3DObjects-1241/ComfyUI/.ce/.pixi/envs/sam3dobjects-nodes/lib/python3.12/site-packages/torch/nn/modules/module.py", line 1779 in _wrapped_call_impl
[18:13]   [ComfyUI]   File "/workspaces/SAM3DObjects-1241/ComfyUI/custom_nodes/ComfyUI-SAM3DObjects/nodes/sam3d/model.py", line 934 in _forward
[18:13]   [ComfyUI]   File "/workspaces/SAM3DObjects-1241/ComfyUI/custom_nodes/ComfyUI-SAM3DObjects/nodes/sam3d/model.py", line 950 in forward
[18:13]   [ComfyUI]   File "/workspaces/SAM3DObjects-1241/ComfyUI/.ce/.pixi/envs/sam3dobjects-nodes/lib/python3.12/site-packages/torch/nn/modules/module.py", line 1790 in _call_impl
[18:13]   [ComfyUI]   File "/workspaces/SAM3DObjects-1241/ComfyUI/.ce/.pixi/envs/sam3dobjects-nodes/lib/python3.12/site-packages/torch/nn/modules/module.py", line 1779 in _wrapped_call_impl
[18:13]   [ComfyUI]   File "/workspaces/SAM3DObjects-1241/ComfyUI/custom_nodes/ComfyUI-SAM3DObjects/nodes/sam3d/model.py", line 1464 in _forward
[18:13]   [ComfyUI]   File "/workspaces/SAM3DObjects-1241/ComfyUI/comfy/patcher_extension.py", line 112 in execute
[18:13]   [ComfyUI]   File "/workspaces/SAM3DObjects-1241/ComfyUI/custom_nodes/ComfyUI-SAM3DObjects/nodes/sam3d/model.py", line 1427 in forward
[18:13]   [ComfyUI]   File "/workspaces/SAM3DObjects-1241/ComfyUI/custom_nodes/ComfyUI-SAM3DObjects/nodes/sam3d/model.py", line 1504 in forward
[18:13]   [ComfyUI]   File "/workspaces/SAM3DObjects-1241/ComfyUI/.ce/.pixi/envs/sam3dobjects-nodes/lib/python3.12/site-packages/torch/nn/modules/module.py", line 1790 in _call_impl
[18:13]   [ComfyUI]   File "/workspaces/SAM3DObjects-1241/ComfyUI/.ce/.pixi/envs/sam3dobjects-nodes/lib/python3.12/site-packages/torch/nn/modules/module.py", line 1779 in _wrapped_call_impl
[18:13]   [ComfyUI]   File "/workspaces/SAM3DObjects-1241/ComfyUI/custom_nodes/ComfyUI-SAM3DObjects/nodes/sam3d/generators.py", line 674 in inner_forward
[18:13]   [ComfyUI]   File "/workspaces/SAM3DObjects-1241/ComfyUI/custom_nodes/ComfyUI-SAM3DObjects/nodes/sam3d/generators.py", line 814 in forward
[18:13]   [ComfyUI]   File "/workspaces/SAM3DObjects-1241/ComfyUI/.ce/.pixi/envs/sam3dobjects-nodes/lib/python3.12/site-packages/torch/nn/modules/module.py", line 1790 in _call_impl
[18:13]   [ComfyUI]   File "/workspaces/SAM3DObjects-1241/ComfyUI/.ce/.pixi/envs/sam3dobjects-nodes/lib/python3.12/site-packages/torch/nn/modules/module.py", line 1779 in _wrapped_call_impl
[18:13]   [ComfyUI]   File "/workspaces/SAM3DObjects-1241/ComfyUI/custom_nodes/ComfyUI-SAM3DObjects/nodes/sam3d/generators.py", line 1253 in _generate_dynamics
[18:13]   [ComfyUI]   File "/workspaces/SAM3DObjects-1241/ComfyUI/custom_nodes/ComfyUI-SAM3DObjects/nodes/sam3d/generators.py", line 133 in step
[18:13]   [ComfyUI]   File "/workspaces/SAM3DObjects-1241/ComfyUI/custom_nodes/ComfyUI-SAM3DObjects/nodes/sam3d/generators.py", line 121 in solve_iter
[18:13]   [ComfyUI]   File "/workspaces/SAM3DObjects-1241/ComfyUI/custom_nodes/ComfyUI-SAM3DObjects/nodes/sam3d/generators.py", line 1228 in generate_iter
[18:13]   [ComfyUI]   File "/workspaces/SAM3DObjects-1241/ComfyUI/custom_nodes/ComfyUI-SAM3DObjects/nodes/utils/stages.py", line 965 in run_stage1
[18:13]   [ComfyUI]   File "/workspaces/SAM3DObjects-1241/ComfyUI/custom_nodes/ComfyUI-SAM3DObjects/nodes/scene_generate.py", line 251 in execute
[18:13]   [ComfyUI]   File "/workspaces/SAM3DObjects-1241/ComfyUI/.ce/.pixi/envs/sam3dobjects-nodes/lib/python3.12/site-packages/torch/utils/_contextlib.py", line 124 in decorate_context
[18:13]   [ComfyUI]   File "/workspaces/SAM3DObjects-1241/ComfyUI/comfy_api/latest/_io.py", line 1827 in EXECUTE_NORMALIZED
[18:13]   [ComfyUI]   File "/tmp/comfyui_pvenv_8g80169v/persistent_worker.py", line 1749 in main
[18:13]   [ComfyUI]   File "/tmp/comfyui_pvenv_8g80169v/persistent_worker.py", line 1794 in <module>
[18:13]   [ComfyUI] 
[18:13]   [ComfyUI] [worker:ComfyUI-SAM3DObjects] === END ===
[18:13]   [ComfyUI] 
[18:14]   [ComfyUI] [SubprocessWorker] callback 'report_progress' from call_id=81
[18:14]   [ComfyUI] [SubprocessWorker] callback 'report_progress' from call_id=81
[18:15]   Frame 20 saved (frame_019.jpg, t=63.3s)
[18:15]   [capture-periodic] freeze=2ms shot=217ms unfreeze=2ms saved=True
[18:15]   [ComfyUI] [SubprocessWorker] callback 'report_progress' from call_id=81
[18:15]   [ComfyUI] [worker:ComfyUI-SAM3DObjects] [VRAM] Stage1: after inference: torch=3889MiB alloc, 4416MiB reserved | gpu=4794MiB/7703MiB used
[18:15]   [ComfyUI] [worker:ComfyUI-SAM3DObjects] [VRAM] -537MB (now 3511MB) reserved=4416MB peak=4117MB
[18:16]   [capture-loop] iter=550 t=64.8s state={'complete': False, 'error': None, 'executedCount': 1, 'wsState': 1} eval_ms=3
[18:16]   [ComfyUI] [worker:ComfyUI-SAM3DObjects] [VRAM] -2891MB (now 620MB) reserved=4416MB peak=4117MB
[18:16]   [ComfyUI] [worker:ComfyUI-SAM3DObjects] [VRAM] Stage1: after model cleanup: torch=71MiB alloc, 160MiB reserved | gpu=538MiB/7703MiB used
[18:16]   [ComfyUI] 2026-05-07 12:59:40.218 | WARNING  | nodes.sam3d.transforms:__post_init__:1359 - No rgb pointmap normalizer provided, using scale + shift
[18:17]   Frame 21 saved (frame_020.jpg, t=65.7s)
[18:17]   [capture-periodic] freeze=2ms shot=209ms unfreeze=12ms saved=True
[18:17]   [ComfyUI] [worker:ComfyUI-SAM3DObjects] [VRAM] -609MB (now 12MB) reserved=64MB peak=4117MB
[18:18]   [ComfyUI] [SubprocessWorker] callback 'request_vram_budget' from call_id=81
[18:18]   [ComfyUI] [comfy-env] VRAM request: 2.54GB, free before eviction: 7.61GB
[18:18]   [ComfyUI] [comfy-env] VRAM after eviction: 7.61GB
[18:18]   [ComfyUI] [worker:ComfyUI-SAM3DObjects] [VRAM] +462MB (now 474MB) reserved=512MB peak=4117MB
[18:18]   [ComfyUI] [worker:ComfyUI-SAM3DObjects] [VRAM] Stage1: before embedding: torch=1285MiB alloc, 1312MiB reserved | gpu=1690MiB/7703MiB used
[18:19]   [ComfyUI] [worker:ComfyUI-SAM3DObjects] [VRAM] Stage1: after embedding: torch=1315MiB alloc, 2400MiB reserved | gpu=2778MiB/7703MiB used
[18:19]   [ComfyUI] [worker:ComfyUI-SAM3DObjects] [VRAM] Stage1: after embedder unload: torch=55MiB alloc, 128MiB reserved | gpu=506MiB/7703MiB used
[18:19]   [ComfyUI] [SubprocessWorker] callback 'request_vram_budget' from call_id=81
[18:19]   [ComfyUI] [comfy-env] VRAM request: 3.86GB, free before eviction: 7.55GB
[18:19]   [ComfyUI] [comfy-env] VRAM after eviction: 7.55GB
[18:19]   Frame 22 saved (frame_021.jpg, t=68.0s)
[18:19]   [capture-periodic] freeze=2ms shot=226ms unfreeze=2ms saved=True
[18:19]   [ComfyUI] [worker:ComfyUI-SAM3DObjects] [VRAM] +493MB (now 968MB) reserved=1056MB peak=4117MB
[18:20]   [ComfyUI] [SubprocessWorker] callback 'request_vram_budget' from call_id=81
[18:20]   [ComfyUI] [comfy-env] VRAM request: 0.15GB, free before eviction: 3.72GB
[18:20]   [ComfyUI] [comfy-env] VRAM after eviction: 3.72GB
[18:20]   [ComfyUI] [worker:ComfyUI-SAM3DObjects] [VRAM] Stage1: before inference: torch=3874MiB alloc, 3904MiB reserved | gpu=4282MiB/7703MiB used
[18:20]   [ComfyUI] [worker:ComfyUI-SAM3DObjects] [DTYPE_DBG] _generate_noise_tensor: _compute_dtype=torch.bfloat16 shape=(1, 1, 6) device=cuda:0
[18:20]   [ComfyUI] [worker:ComfyUI-SAM3DObjects] [DTYPE_DBG] _generate_noise_tensor: _compute_dtype=torch.bfloat16 shape=(1, 1, 3) device=cuda:0
[18:20]   [ComfyUI] [worker:ComfyUI-SAM3DObjects] [DTYPE_DBG] _generate_noise_tensor: _compute_dtype=torch.bfloat16 shape=(1, 4096, 8) device=cuda:0
[18:20]   [ComfyUI] [worker:ComfyUI-SAM3DObjects] [DTYPE_DBG] _generate_noise_tensor: _compute_dtype=torch.bfloat16 shape=(1, 1, 3) device=cuda:0
[18:20]   [ComfyUI] [worker:ComfyUI-SAM3DObjects] [DTYPE_DBG] _generate_noise_tensor: _compute_dtype=torch.bfloat16 shape=(1, 1, 1) device=cuda:0
[18:20]   [ComfyUI] [worker:ComfyUI-SAM3DObjects] [VRAM] +2951MB (now 3919MB) reserved=4192MB peak=4117MB
[18:21]   [ComfyUI] [SubprocessWorker] callback 'report_progress' from call_id=81
[18:22]   Frame 23 saved (frame_022.jpg, t=70.3s)
[18:22]   [capture-periodic] freeze=1ms shot=223ms unfreeze=2ms saved=True
[18:22]   [ComfyUI] [SubprocessWorker] callback 'report_progress' from call_id=81
[18:22]   [capture-loop] iter=600 t=70.8s state={'complete': False, 'error': None, 'executedCount': 1, 'wsState': 1} eval_ms=2
[18:23]   [ComfyUI] [SubprocessWorker] callback 'report_progress' from call_id=81
[18:24]   [ComfyUI] [SubprocessWorker] callback 'report_progress' from call_id=81
[18:24]   Frame 24 saved (frame_023.jpg, t=72.7s)
[18:24]   [capture-periodic] freeze=1ms shot=220ms unfreeze=4ms saved=True
[18:25]   [ComfyUI] [SubprocessWorker] callback 'report_progress' from call_id=81
[18:26]   [ComfyUI] [SubprocessWorker] callback 'report_progress' from call_id=81
[18:26]   Frame 25 saved (frame_024.jpg, t=75.1s)
[18:26]   [capture-periodic] freeze=2ms shot=218ms unfreeze=7ms saved=True
[18:27]   [ComfyUI] [SubprocessWorker] callback 'report_progress' from call_id=81
[18:28]   [capture-loop] iter=650 t=76.6s state={'complete': False, 'error': None, 'executedCount': 1, 'wsState': 1} eval_ms=2
[18:28]   [ComfyUI] [SubprocessWorker] callback 'report_progress' from call_id=81
[18:29]   [ComfyUI] [SubprocessWorker] callback 'report_progress' from call_id=81
[18:29]   Frame 26 saved (frame_025.jpg, t=77.4s)
[18:29]   [capture-periodic] freeze=1ms shot=218ms unfreeze=12ms saved=True
[18:30]   [ComfyUI] [SubprocessWorker] callback 'report_progress' from call_id=81
[18:30]   [ComfyUI] [SubprocessWorker] callback 'report_progress' from call_id=81
[18:31]   [ComfyUI] [SubprocessWorker] callback 'report_progress' from call_id=81
[18:31]   [ComfyUI] [worker:ComfyUI-SAM3DObjects] [VRAM] Stage1: after inference: torch=3890MiB alloc, 4480MiB reserved | gpu=4858MiB/7703MiB used
[18:31]   [ComfyUI] [worker:ComfyUI-SAM3DObjects] [VRAM] -244MB (now 3676MB) reserved=4480MB peak=4117MB
[18:31]   Frame 27 saved (frame_026.jpg, t=79.8s)
[18:31]   [capture-periodic] freeze=1ms shot=206ms unfreeze=12ms saved=True
[18:31]   [ComfyUI] [worker:ComfyUI-SAM3DObjects] [VRAM] Stage1: after model cleanup: torch=72MiB alloc, 160MiB reserved | gpu=538MiB/7703MiB used
[18:32]   [ComfyUI] 2026-05-07 12:59:55.541 | WARNING  | nodes.sam3d.transforms:__post_init__:1359 - No rgb pointmap normalizer provided, using scale + shift
[18:32]   [ComfyUI] [worker:ComfyUI-SAM3DObjects] [VRAM] -3664MB (now 12MB) reserved=64MB peak=4117MB
[18:33]   Frame 28 saved (frame_027.jpg, t=82.1s)
[18:33]   [capture-periodic] freeze=2ms shot=182ms unfreeze=8ms saved=True
[18:33]   [ComfyUI] [SubprocessWorker] callback 'request_vram_budget' from call_id=81
[18:33]   [ComfyUI] [comfy-env] VRAM request: 2.54GB, free before eviction: 7.61GB
[18:33]   [ComfyUI] [comfy-env] VRAM after eviction: 7.61GB
[18:33]   [capture-loop] iter=700 t=82.5s state={'complete': False, 'error': None, 'executedCount': 1, 'wsState': 1} eval_ms=2
[18:34]   [ComfyUI] [worker:ComfyUI-SAM3DObjects] [VRAM] +686MB (now 699MB) reserved=736MB peak=4117MB
[18:34]   [ComfyUI] [worker:ComfyUI-SAM3DObjects] [VRAM] Stage1: before embedding: torch=1286MiB alloc, 1312MiB reserved | gpu=1690MiB/7703MiB used
[18:34]   [ComfyUI] [worker:ComfyUI-SAM3DObjects] [VRAM] Stage1: after embedding: torch=1315MiB alloc, 2400MiB reserved | gpu=2778MiB/7703MiB used
[18:34]   [ComfyUI] [worker:ComfyUI-SAM3DObjects] [VRAM] Stage1: after embedder unload: torch=56MiB alloc, 128MiB reserved | gpu=506MiB/7703MiB used
[18:34]   [ComfyUI] [SubprocessWorker] callback 'request_vram_budget' from call_id=81
[18:34]   [ComfyUI] [comfy-env] VRAM request: 3.86GB, free before eviction: 7.55GB
[18:34]   [ComfyUI] [comfy-env] VRAM after eviction: 7.55GB
[18:35]   [ComfyUI] [worker:ComfyUI-SAM3DObjects] [VRAM] +638MB (now 1337MB) reserved=1408MB peak=4117MB
[18:35]   [ComfyUI] [SubprocessWorker] callback 'request_vram_budget' from call_id=81
[18:35]   [ComfyUI] [comfy-env] VRAM request: 0.15GB, free before eviction: 3.72GB
[18:35]   [ComfyUI] [comfy-env] VRAM after eviction: 3.72GB
[18:35]   [ComfyUI] [worker:ComfyUI-SAM3DObjects] [VRAM] Stage1: before inference: torch=3875MiB alloc, 3904MiB reserved | gpu=4282MiB/7703MiB used
[18:35]   [ComfyUI] [worker:ComfyUI-SAM3DObjects] [DTYPE_DBG] _generate_noise_tensor: _compute_dtype=torch.bfloat16 shape=(1, 1, 6) device=cuda:0
[18:35]   [ComfyUI] [worker:ComfyUI-SAM3DObjects] [DTYPE_DBG] _generate_noise_tensor: _compute_dtype=torch.bfloat16 shape=(1, 1, 3) device=cuda:0
[18:35]   [ComfyUI] [worker:ComfyUI-SAM3DObjects] [DTYPE_DBG] _generate_noise_tensor: _compute_dtype=torch.bfloat16 shape=(1, 4096, 8) device=cuda:0
[18:35]   [ComfyUI] [worker:ComfyUI-SAM3DObjects] [DTYPE_DBG] _generate_noise_tensor: _compute_dtype=torch.bfloat16 shape=(1, 1, 3) device=cuda:0
[18:35]   [ComfyUI] [worker:ComfyUI-SAM3DObjects] [DTYPE_DBG] _generate_noise_tensor: _compute_dtype=torch.bfloat16 shape=(1, 1, 1) device=cuda:0
[18:36]   [ComfyUI] [worker:ComfyUI-SAM3DObjects] [VRAM] +2614MB (now 3952MB) reserved=4192MB peak=4117MB
[18:36]   [ComfyUI] [SubprocessWorker] callback 'report_progress' from call_id=81
[18:37]   [ComfyUI] [SubprocessWorker] callback 'report_progress' from call_id=81
[18:38]   Frame 29 saved (frame_028.jpg, t=86.7s)
[18:38]   [capture-periodic] freeze=2ms shot=206ms unfreeze=8ms saved=True
[18:38]   [ComfyUI] [SubprocessWorker] callback 'report_progress' from call_id=81
[18:39]   [ComfyUI] [SubprocessWorker] callback 'report_progress' from call_id=81
[18:39]   [capture-loop] iter=750 t=88.2s state={'complete': False, 'error': None, 'executedCount': 1, 'wsState': 1} eval_ms=2
[18:40]   [ComfyUI] [SubprocessWorker] callback 'report_progress' from call_id=81
[18:40]   Frame 30 saved (frame_029.jpg, t=89.0s)
[18:40]   [capture-periodic] freeze=2ms shot=239ms unfreeze=2ms saved=True
[18:41]   [ComfyUI] [SubprocessWorker] callback 'report_progress' from call_id=81
[18:42]   [ComfyUI] [SubprocessWorker] callback 'report_progress' from call_id=81
[18:43]   Frame 31 saved (frame_030.jpg, t=91.4s)
[18:43]   [capture-periodic] freeze=1ms shot=222ms unfreeze=2ms saved=True
[18:43]   [ComfyUI] [SubprocessWorker] callback 'report_progress' from call_id=81
[18:44]   [ComfyUI] [SubprocessWorker] callback 'report_progress' from call_id=81
[18:45]   [ComfyUI] [SubprocessWorker] callback 'report_progress' from call_id=81
[18:45]   Frame 32 saved (frame_031.jpg, t=93.7s)
[18:45]   [capture-periodic] freeze=2ms shot=198ms unfreeze=4ms saved=True
[18:45]   [capture-loop] iter=800 t=94.2s state={'complete': False, 'error': None, 'executedCount': 1, 'wsState': 1} eval_ms=2
[18:45]   [ComfyUI] [SubprocessWorker] callback 'report_progress' from call_id=81
[18:46]   [ComfyUI] [SubprocessWorker] callback 'report_progress' from call_id=81
[18:46]   [ComfyUI] [worker:ComfyUI-SAM3DObjects] [VRAM] Stage1: after inference: torch=3892MiB alloc, 4416MiB reserved | gpu=4794MiB/7703MiB used
[18:46]   [ComfyUI] [worker:ComfyUI-SAM3DObjects] [VRAM] -412MB (now 3541MB) reserved=4416MB peak=4117MB
[18:47]   [ComfyUI] [worker:ComfyUI-SAM3DObjects] [VRAM] Stage1: after model cleanup: torch=73MiB alloc, 160MiB reserved | gpu=538MiB/7703MiB used
[18:47]   [ComfyUI] 2026-05-07 13:00:10.795 | WARNING  | nodes.sam3d.transforms:__post_init__:1359 - No rgb pointmap normalizer provided, using scale + shift
[18:47]   [ComfyUI] [worker:ComfyUI-SAM3DObjects] [VRAM] -3528MB (now 14MB) reserved=96MB peak=4117MB
[18:47]   Frame 33 saved (frame_032.jpg, t=96.0s)
[18:47]   [capture-periodic] freeze=2ms shot=223ms unfreeze=8ms saved=True
[18:49]   [ComfyUI] [SubprocessWorker] callback 'request_vram_budget' from call_id=81
[18:49]   [ComfyUI] [comfy-env] VRAM request: 2.54GB, free before eviction: 7.58GB
[18:49]   [ComfyUI] [comfy-env] VRAM after eviction: 7.58GB
[18:49]   [ComfyUI] [worker:ComfyUI-SAM3DObjects] [VRAM] +686MB (now 701MB) reserved=768MB peak=4117MB
[18:49]   [ComfyUI] [worker:ComfyUI-SAM3DObjects] [VRAM] Stage1: before embedding: torch=1288MiB alloc, 1344MiB reserved | gpu=1722MiB/7703MiB used
[18:49]   [ComfyUI] [worker:ComfyUI-SAM3DObjects] [VRAM] Stage1: after embedding: torch=1317MiB alloc, 2432MiB reserved | gpu=2810MiB/7703MiB used
[18:50]   Frame 34 saved (frame_033.jpg, t=98.4s)
[18:50]   [capture-periodic] freeze=1ms shot=215ms unfreeze=16ms saved=True
[18:50]   [ComfyUI] [worker:ComfyUI-SAM3DObjects] [VRAM] Stage1: after embedder unload: torch=58MiB alloc, 160MiB reserved | gpu=538MiB/7703MiB used
[18:50]   [ComfyUI] [SubprocessWorker] callback 'request_vram_budget' from call_id=81
[18:50]   [ComfyUI] [comfy-env] VRAM request: 3.86GB, free before eviction: 7.51GB
[18:50]   [ComfyUI] [comfy-env] VRAM after eviction: 7.51GB
[18:50]   [ComfyUI] [worker:ComfyUI-SAM3DObjects] [VRAM] +622MB (now 1323MB) reserved=1408MB peak=4117MB
[18:50]   [ComfyUI] [SubprocessWorker] callback 'request_vram_budget' from call_id=81
[18:50]   [ComfyUI] [comfy-env] VRAM request: 0.15GB, free before eviction: 3.72GB
[18:50]   [ComfyUI] [comfy-env] VRAM after eviction: 3.72GB
[18:50]   [ComfyUI] [worker:ComfyUI-SAM3DObjects] [VRAM] Stage1: before inference: torch=3876MiB alloc, 3904MiB reserved | gpu=4282MiB/7703MiB used
[18:50]   [ComfyUI] [worker:ComfyUI-SAM3DObjects] [DTYPE_DBG] _generate_noise_tensor: _compute_dtype=torch.bfloat16 shape=(1, 1, 6) device=cuda:0
[18:50]   [ComfyUI] [worker:ComfyUI-SAM3DObjects] [DTYPE_DBG] _generate_noise_tensor: _compute_dtype=torch.bfloat16 shape=(1, 1, 3) device=cuda:0
[18:50]   [ComfyUI] [worker:ComfyUI-SAM3DObjects] [DTYPE_DBG] _generate_noise_tensor: _compute_dtype=torch.bfloat16 shape=(1, 4096, 8) device=cuda:0
[18:50]   [ComfyUI] [worker:ComfyUI-SAM3DObjects] [DTYPE_DBG] _generate_noise_tensor: _compute_dtype=torch.bfloat16 shape=(1, 1, 3) device=cuda:0
[18:50]   [ComfyUI] [worker:ComfyUI-SAM3DObjects] [DTYPE_DBG] _generate_noise_tensor: _compute_dtype=torch.bfloat16 shape=(1, 1, 1) device=cuda:0
[18:51]   [capture-loop] iter=850 t=99.9s state={'complete': False, 'error': None, 'executedCount': 1, 'wsState': 1} eval_ms=2
[18:51]   [ComfyUI] [worker:ComfyUI-SAM3DObjects] [VRAM] +2646MB (now 3970MB) reserved=4256MB peak=4117MB
[18:51]   [ComfyUI] [SubprocessWorker] callback 'report_progress' from call_id=81
[18:52]   Frame 35 saved (frame_034.jpg, t=100.7s)
[18:52]   [capture-periodic] freeze=2ms shot=232ms unfreeze=3ms saved=True
[18:52]   [ComfyUI] [SubprocessWorker] callback 'report_progress' from call_id=81
[18:53]   [ComfyUI] [SubprocessWorker] callback 'report_progress' from call_id=81
[18:54]   [ComfyUI] [SubprocessWorker] callback 'report_progress' from call_id=81
[18:54]   Frame 36 saved (frame_035.jpg, t=103.1s)
[18:54]   [capture-periodic] freeze=2ms shot=221ms unfreeze=6ms saved=True
[18:55]   [ComfyUI] [SubprocessWorker] callback 'report_progress' from call_id=81
[18:56]   [ComfyUI] [SubprocessWorker] callback 'report_progress' from call_id=81
[18:57]   Frame 37 saved (frame_036.jpg, t=105.4s)
[18:57]   [capture-periodic] freeze=1ms shot=215ms unfreeze=2ms saved=True
[18:57]   [capture-loop] iter=900 t=106.0s state={'complete': False, 'error': None, 'executedCount': 1, 'wsState': 1} eval_ms=2
[18:57]   [ComfyUI] [SubprocessWorker] callback 'report_progress' from call_id=81
[18:58]   [ComfyUI] [SubprocessWorker] callback 'report_progress' from call_id=81
[18:59]   Frame 38 saved (frame_037.jpg, t=107.8s)
[18:59]   [capture-periodic] freeze=1ms shot=208ms unfreeze=2ms saved=True
[18:59]   [ComfyUI] [SubprocessWorker] callback 'report_progress' from call_id=81
[19:00]   [ComfyUI] [SubprocessWorker] callback 'report_progress' from call_id=81
[19:01]   [ComfyUI] [SubprocessWorker] callback 'report_progress' from call_id=81
[19:01]   [ComfyUI] [SubprocessWorker] callback 'report_progress' from call_id=81
[19:01]   [ComfyUI] [worker:ComfyUI-SAM3DObjects] [VRAM] Stage1: after inference: torch=3893MiB alloc, 4512MiB reserved | gpu=4890MiB/7703MiB used
[19:01]   Frame 39 saved (frame_038.jpg, t=110.1s)
[19:01]   [capture-periodic] freeze=2ms shot=228ms unfreeze=6ms saved=True
[19:01]   [ComfyUI] [worker:ComfyUI-SAM3DObjects] [VRAM] -284MB (now 3687MB) reserved=4512MB peak=4117MB
[19:02]   [ComfyUI] [worker:ComfyUI-SAM3DObjects] [VRAM] Stage1: after model cleanup: torch=74MiB alloc, 224MiB reserved | gpu=602MiB/7703MiB used
[19:02]   [ComfyUI] 2026-05-07 13:00:26.162 | WARNING  | nodes.sam3d.transforms:__post_init__:1359 - No rgb pointmap normalizer provided, using scale + shift
[19:02]   [ComfyUI] [worker:ComfyUI-SAM3DObjects] [VRAM] -3672MB (now 15MB) reserved=128MB peak=4117MB
[19:03]   [capture-loop] iter=950 t=111.8s state={'complete': False, 'error': None, 'executedCount': 1, 'wsState': 1} eval_ms=2
[19:04]   Frame 40 saved (frame_039.jpg, t=112.5s)
[19:04]   [capture-periodic] freeze=2ms shot=237ms unfreeze=5ms saved=True
[19:04]   [ComfyUI] [SubprocessWorker] callback 'request_vram_budget' from call_id=81
[19:04]   [ComfyUI] [comfy-env] VRAM request: 2.54GB, free before eviction: 7.55GB
[19:04]   [ComfyUI] [comfy-env] VRAM after eviction: 7.55GB
[19:04]   [ComfyUI] [worker:ComfyUI-SAM3DObjects] [VRAM] +558MB (now 574MB) reserved=672MB peak=4117MB
[19:04]   [ComfyUI] [worker:ComfyUI-SAM3DObjects] [VRAM] Stage1: before embedding: torch=1289MiB alloc, 1376MiB reserved | gpu=1754MiB/7703MiB used
[19:05]   [ComfyUI] [worker:ComfyUI-SAM3DObjects] [VRAM] Stage1: after embedding: torch=1318MiB alloc, 2464MiB reserved | gpu=2842MiB/7703MiB used
[19:05]   [ComfyUI] [worker:ComfyUI-SAM3DObjects] [VRAM] Stage1: after embedder unload: torch=59MiB alloc, 192MiB reserved | gpu=570MiB/7703MiB used
[19:05]   [ComfyUI] [SubprocessWorker] callback 'request_vram_budget' from call_id=81
[19:05]   [ComfyUI] [comfy-env] VRAM request: 3.86GB, free before eviction: 7.48GB
[19:05]   [ComfyUI] [comfy-env] VRAM after eviction: 7.48GB
[19:05]   [ComfyUI] [worker:ComfyUI-SAM3DObjects] [VRAM] +606MB (now 1180MB) reserved=1312MB peak=4117MB
[19:06]   [ComfyUI] [SubprocessWorker] callback 'request_vram_budget' from call_id=81
[19:06]   [ComfyUI] [comfy-env] VRAM request: 0.15GB, free before eviction: 3.69GB
[19:06]   [ComfyUI] [comfy-env] VRAM after eviction: 3.69GB
[19:06]   [ComfyUI] [worker:ComfyUI-SAM3DObjects] [VRAM] Stage1: before inference: torch=3877MiB alloc, 3936MiB reserved | gpu=4314MiB/7703MiB used
[19:06]   [ComfyUI] [worker:ComfyUI-SAM3DObjects] [DTYPE_DBG] _generate_noise_tensor: _compute_dtype=torch.bfloat16 shape=(1, 1, 6) device=cuda:0
[19:06]   [ComfyUI] [worker:ComfyUI-SAM3DObjects] [DTYPE_DBG] _generate_noise_tensor: _compute_dtype=torch.bfloat16 shape=(1, 1, 3) device=cuda:0
[19:06]   [ComfyUI] [worker:ComfyUI-SAM3DObjects] [DTYPE_DBG] _generate_noise_tensor: _compute_dtype=torch.bfloat16 shape=(1, 4096, 8) device=cuda:0
[19:06]   [ComfyUI] [worker:ComfyUI-SAM3DObjects] [DTYPE_DBG] _generate_noise_tensor: _compute_dtype=torch.bfloat16 shape=(1, 1, 3) device=cuda:0
[19:06]   [ComfyUI] [worker:ComfyUI-SAM3DObjects] [DTYPE_DBG] _generate_noise_tensor: _compute_dtype=torch.bfloat16 shape=(1, 1, 1) device=cuda:0
[19:06]   [ComfyUI] [worker:ComfyUI-SAM3DObjects] [VRAM] +2791MB (now 3971MB) reserved=4256MB peak=4117MB
[19:07]   [ComfyUI] [SubprocessWorker] callback 'report_progress' from call_id=81
[19:08]   [ComfyUI] [SubprocessWorker] callback 'report_progress' from call_id=81
[19:08]   Frame 41 saved (frame_040.jpg, t=117.2s)
[19:08]   [capture-periodic] freeze=1ms shot=173ms unfreeze=6ms saved=True
[19:09]   [ComfyUI] [SubprocessWorker] callback 'report_progress' from call_id=81
[19:09]   [capture-loop] iter=1000 t=117.7s state={'complete': False, 'error': None, 'executedCount': 1, 'wsState': 1} eval_ms=4
[19:10]   [ComfyUI] [SubprocessWorker] callback 'report_progress' from call_id=81
[19:11]   [ComfyUI] [SubprocessWorker] callback 'report_progress' from call_id=81
[19:11]   Frame 42 saved (frame_041.jpg, t=119.5s)
[19:11]   [capture-periodic] freeze=1ms shot=205ms unfreeze=12ms saved=True
[19:12]   [ComfyUI] [SubprocessWorker] callback 'report_progress' from call_id=81
[19:13]   [ComfyUI] [SubprocessWorker] callback 'report_progress' from call_id=81
[19:13]   Frame 43 saved (frame_042.jpg, t=121.8s)
[19:13]   [capture-periodic] freeze=2ms shot=185ms unfreeze=6ms saved=True
[19:13]   [ComfyUI] [worker:ComfyUI-SAM3DObjects]
[19:13]   [ComfyUI] === WATCHDOG TICK 2 ===
[19:13]   [ComfyUI] [worker:ComfyUI-SAM3DObjects] Thread 0x0000711139600640 (most recent call first):
[19:13]   [ComfyUI]   File "/workspaces/SAM3DObjects-1241/ComfyUI/.ce/.pixi/envs/sam3dobjects-nodes/lib/python3.12/socket.py", line 295 in accept
[19:13]   [ComfyUI]   File "/workspaces/SAM3DObjects-1241/ComfyUI/.ce/.pixi/envs/sam3dobjects-nodes/lib/python3.12/multiprocessing/connection.py", line 626 in accept
[19:13]   [ComfyUI]   File "/workspaces/SAM3DObjects-1241/ComfyUI/.ce/.pixi/envs/sam3dobjects-nodes/lib/python3.12/multiprocessing/connection.py", line 480 in accept
[19:13]   [ComfyUI]   File "/workspaces/SAM3DObjects-1241/ComfyUI/.ce/.pixi/envs/sam3dobjects-nodes/lib/python3.12/multiprocessing/resource_sharer.py", line 138 in _serve
[19:13]   [ComfyUI]   File "/workspaces/SAM3DObjects-1241/ComfyUI/.ce/.pixi/envs/sam3dobjects-nodes/lib/python3.12/threading.py", line 1012 in run
[19:13]   [ComfyUI]   File "/workspaces/SAM3DObjects-1241/ComfyUI/.ce/.pixi/envs/sam3dobjects-nodes/lib/python3.12/threading.py", line 1075 in _bootstrap_inner
[19:13]   [ComfyUI]   File "/workspaces/SAM3DObjects-1241/ComfyUI/.ce/.pixi/envs/sam3dobjects-nodes/lib/python3.12/threading.py", line 1032 in _bootstrap
[19:13]   [ComfyUI] 
[19:13]   [ComfyUI] Thread 0x00007114fcb1f640 (most recent call first):
[19:13]   [ComfyUI]   File "/tmp/comfyui_pvenv_8g80169v/persistent_worker.py", line 106 in _vram_poller
[19:13]   [ComfyUI]   File "/workspaces/SAM3DObjects-1241/ComfyUI/.ce/.pixi/envs/sam3dobjects-nodes/lib/python3.12/threading.py", line 1012 in run
[19:13]   [ComfyUI]   File "/workspaces/SAM3DObjects-1241/ComfyUI/.ce/.pixi/envs/sam3dobjects-nodes/lib/python3.12/threading.py", line 1075 in _bootstrap_inner
[19:13]   [ComfyUI]   File "/workspaces/SAM3DObjects-1241/ComfyUI/.ce/.pixi/envs/sam3dobjects-nodes/lib/python3.12/threading.py", line 1032 in _bootstrap
[19:13]   [ComfyUI] 
[19:13]   [ComfyUI] Current thread 0x00007114fd324640 (most recent call first):
[19:13]   [ComfyUI]   File "/tmp/comfyui_pvenv_8g80169v/persistent_worker.py", line 52 in _watchdog
[19:13]   [ComfyUI]   File "/workspaces/SAM3DObjects-1241/ComfyUI/.ce/.pixi/envs/sam3dobjects-nodes/lib/python3.12/threading.py", line 1012 in run
[19:13]   [ComfyUI]   File "/workspaces/SAM3DObjects-1241/ComfyUI/.ce/.pixi/envs/sam3dobjects-nodes/lib/python3.12/threading.py", line 1075 in _bootstrap_inner
[19:13]   [ComfyUI]   File "/workspaces/SAM3DObjects-1241/ComfyUI/.ce/.pixi/envs/sam3dobjects-nodes/lib/python3.12/threading.py", line 1032 in _bootstrap
[19:13]   [ComfyUI] 
[19:13]   [ComfyUI] Thread 0x00007114fd91f740 (most recent call first):
[19:13]   [ComfyUI]   File "/workspaces/SAM3DObjects-1241/ComfyUI/custom_nodes/ComfyUI-SAM3DObjects/nodes/sam3d/model.py", line 452 in mm_scale_dot_product_attention
[19:13]   [ComfyUI]   File "/workspaces/SAM3DObjects-1241/ComfyUI/custom_nodes/ComfyUI-SAM3DObjects/nodes/sam3d/model.py", line 468 in forward
[19:13]   [ComfyUI]   File "/workspaces/SAM3DObjects-1241/ComfyUI/.ce/.pixi/envs/sam3dobjects-nodes/lib/python3.12/site-packages/torch/nn/modules/module.py", line 1790 in _call_impl
[19:13]   [ComfyUI]   File "/workspaces/SAM3DObjects-1241/ComfyUI/.ce/.pixi/envs/sam3dobjects-nodes/lib/python3.12/site-packages/torch/nn/modules/module.py", line 1779 in _wrapped_call_impl
[19:13]   [ComfyUI]   File "/workspaces/SAM3DObjects-1241/ComfyUI/custom_nodes/ComfyUI-SAM3DObjects/nodes/sam3d/model.py", line 934 in _forward
[19:13]   [ComfyUI]   File "/workspaces/SAM3DObjects-1241/ComfyUI/custom_nodes/ComfyUI-SAM3DObjects/nodes/sam3d/model.py", line 950 in forward
[19:13]   [ComfyUI]   File "/workspaces/SAM3DObjects-1241/ComfyUI/.ce/.pixi/envs/sam3dobjects-nodes/lib/python3.12/site-packages/torch/nn/modules/module.py", line 1790 in _call_impl
[19:13]   [ComfyUI]   File "/workspaces/SAM3DObjects-1241/ComfyUI/.ce/.pixi/envs/sam3dobjects-nodes/lib/python3.12/site-packages/torch/nn/modules/module.py", line 1779 in _wrapped_call_impl
[19:13]   [ComfyUI]   File "/workspaces/SAM3DObjects-1241/ComfyUI/custom_nodes/ComfyUI-SAM3DObjects/nodes/sam3d/model.py", line 1464 in _forward
[19:13]   [ComfyUI]   File "/workspaces/SAM3DObjects-1241/ComfyUI/comfy/patcher_extension.py", line 112 in execute
[19:13]   [ComfyUI]   File "/workspaces/SAM3DObjects-1241/ComfyUI/custom_nodes/ComfyUI-SAM3DObjects/nodes/sam3d/model.py", line 1427 in forward
[19:13]   [ComfyUI]   File "/workspaces/SAM3DObjects-1241/ComfyUI/custom_nodes/ComfyUI-SAM3DObjects/nodes/sam3d/model.py", line 1504 in forward
[19:13]   [ComfyUI]   File "/workspaces/SAM3DObjects-1241/ComfyUI/.ce/.pixi/envs/sam3dobjects-nodes/lib/python3.12/site-packages/torch/nn/modules/module.py", line 1790 in _call_impl
[19:13]   [ComfyUI]   File "/workspaces/SAM3DObjects-1241/ComfyUI/.ce/.pixi/envs/sam3dobjects-nodes/lib/python3.12/site-packages/torch/nn/modules/module.py", line 1779 in _wrapped_call_impl
[19:13]   [ComfyUI]   File "/workspaces/SAM3DObjects-1241/ComfyUI/custom_nodes/ComfyUI-SAM3DObjects/nodes/sam3d/generators.py", line 674 in inner_forward
[19:13]   [ComfyUI]   File "/workspaces/SAM3DObjects-1241/ComfyUI/custom_nodes/ComfyUI-SAM3DObjects/nodes/sam3d/generators.py", line 814 in forward
[19:13]   [ComfyUI]   File "/workspaces/SAM3DObjects-1241/ComfyUI/.ce/.pixi/envs/sam3dobjects-nodes/lib/python3.12/site-packages/torch/nn/modules/module.py", line 1790 in _call_impl
[19:13]   [ComfyUI]   File "/workspaces/SAM3DObjects-1241/ComfyUI/.ce/.pixi/envs/sam3dobjects-nodes/lib/python3.12/site-packages/torch/nn/modules/module.py", line 1779 in _wrapped_call_impl
[19:13]   [ComfyUI]   File "/workspaces/SAM3DObjects-1241/ComfyUI/custom_nodes/ComfyUI-SAM3DObjects/nodes/sam3d/generators.py", line 1253 in _generate_dynamics
[19:13]   [ComfyUI]   File "/workspaces/SAM3DObjects-1241/ComfyUI/custom_nodes/ComfyUI-SAM3DObjects/nodes/sam3d/generators.py", line 133 in step
[19:13]   [ComfyUI]   File "/workspaces/SAM3DObjects-1241/ComfyUI/custom_nodes/ComfyUI-SAM3DObjects/nodes/sam3d/generators.py", line 121 in solve_iter
[19:13]   [ComfyUI]   File "/workspaces/SAM3DObjects-1241/ComfyUI/custom_nodes/ComfyUI-SAM3DObjects/nodes/sam3d/generators.py", line 1228 in generate_iter
[19:13]   [ComfyUI]   File "/workspaces/SAM3DObjects-1241/ComfyUI/custom_nodes/ComfyUI-SAM3DObjects/nodes/utils/stages.py", line 965 in run_stage1
[19:13]   [ComfyUI]   File "/workspaces/SAM3DObjects-1241/ComfyUI/custom_nodes/ComfyUI-SAM3DObjects/nodes/scene_generate.py", line 251 in execute
[19:13]   [ComfyUI]   File "/workspaces/SAM3DObjects-1241/ComfyUI/.ce/.pixi/envs/sam3dobjects-nodes/lib/python3.12/site-packages/torch/utils/_contextlib.py", line 124 in decorate_context
[19:13]   [ComfyUI]   File "/workspaces/SAM3DObjects-1241/ComfyUI/comfy_api/latest/_io.py", line 1827 in EXECUTE_NORMALIZED
[19:13]   [ComfyUI]   File "/tmp/comfyui_pvenv_8g80169v/persistent_worker.py", line 1749 in main
[19:13]   [ComfyUI]   File "/tmp/comfyui_pvenv_8g80169v/persistent_worker.py", line 1794 in <module>
[19:13]   [ComfyUI] 
[19:13]   [ComfyUI] [worker:ComfyUI-SAM3DObjects] === END ===
[19:13]   [ComfyUI] 
[19:14]   [ComfyUI] [SubprocessWorker] callback 'report_progress' from call_id=81
[19:14]   [capture-loop] iter=1050 t=123.4s state={'complete': False, 'error': None, 'executedCount': 1, 'wsState': 1} eval_ms=1
[19:15]   [ComfyUI] [SubprocessWorker] callback 'report_progress' from call_id=81
[19:15]   Frame 44 saved (frame_043.jpg, t=124.1s)
[19:15]   [capture-periodic] freeze=2ms shot=221ms unfreeze=2ms saved=True
[19:16]   [ComfyUI] [SubprocessWorker] callback 'report_progress' from call_id=81
[19:16]   [ComfyUI] [SubprocessWorker] callback 'report_progress' from call_id=81
[19:17]   [ComfyUI] [SubprocessWorker] callback 'report_progress' from call_id=81
[19:17]   [ComfyUI] [worker:ComfyUI-SAM3DObjects] [VRAM] Stage1: after inference: torch=3893MiB alloc, 4448MiB reserved | gpu=4826MiB/7703MiB used
[19:17]   [ComfyUI] [worker:ComfyUI-SAM3DObjects] [VRAM] -605MB (now 3367MB) reserved=4448MB peak=4117MB
[19:17]   [ComfyUI] [worker:ComfyUI-SAM3DObjects] [VRAM] Stage1: after model cleanup: torch=75MiB alloc, 224MiB reserved | gpu=602MiB/7703MiB used
[19:17]   [ComfyUI] 2026-05-07 13:00:41.505 | WARNING  | nodes.sam3d.transforms:__post_init__:1359 - No rgb pointmap normalizer provided, using scale + shift
[19:18]   Frame 45 saved (frame_044.jpg, t=126.5s)
[19:18]   [capture-periodic] freeze=2ms shot=235ms unfreeze=6ms saved=True
[19:18]   [ComfyUI] [worker:ComfyUI-SAM3DObjects] [VRAM] -3352MB (now 16MB) reserved=160MB peak=4117MB
[19:19]   [ComfyUI] [SubprocessWorker] callback 'request_vram_budget' from call_id=81
[19:19]   [ComfyUI] [comfy-env] VRAM request: 2.54GB, free before eviction: 7.51GB
[19:19]   [ComfyUI] [comfy-env] VRAM after eviction: 7.51GB
[19:19]   [ComfyUI] [worker:ComfyUI-SAM3DObjects] [VRAM] +414MB (now 430MB) reserved=576MB peak=4117MB
[19:20]   [ComfyUI] [worker:ComfyUI-SAM3DObjects] [VRAM] Stage1: before embedding: torch=1289MiB alloc, 1408MiB reserved | gpu=1786MiB/7703MiB used
[19:20]   [ComfyUI] [worker:ComfyUI-SAM3DObjects] [VRAM] Stage1: after embedding: torch=1319MiB alloc, 2496MiB reserved | gpu=2874MiB/7703MiB used
[19:20]   Frame 46 saved (frame_045.jpg, t=128.9s)
[19:20]   [capture-periodic] freeze=2ms shot=224ms unfreeze=5ms saved=True
[19:20]   [ComfyUI] [worker:ComfyUI-SAM3DObjects] [VRAM] Stage1: after embedder unload: torch=59MiB alloc, 224MiB reserved | gpu=602MiB/7703MiB used
[19:20]   [ComfyUI] [SubprocessWorker] callback 'request_vram_budget' from call_id=81
[19:20]   [ComfyUI] [comfy-env] VRAM request: 3.86GB, free before eviction: 7.45GB
[19:20]   [ComfyUI] [comfy-env] VRAM after eviction: 7.45GB
[19:20]   [capture-loop] iter=1100 t=129.5s state={'complete': False, 'error': None, 'executedCount': 1, 'wsState': 1} eval_ms=3
[19:21]   [ComfyUI] [worker:ComfyUI-SAM3DObjects] [VRAM] +589MB (now 1020MB) reserved=1152MB peak=4117MB
[19:21]   [ComfyUI] [SubprocessWorker] callback 'request_vram_budget' from call_id=81
[19:21]   [ComfyUI] [comfy-env] VRAM request: 0.15GB, free before eviction: 3.69GB
[19:21]   [ComfyUI] [comfy-env] VRAM after eviction: 3.69GB
[19:21]   [ComfyUI] [worker:ComfyUI-SAM3DObjects] [VRAM] Stage1: before inference: torch=3878MiB alloc, 3936MiB reserved | gpu=4314MiB/7703MiB used
[19:21]   [ComfyUI] [worker:ComfyUI-SAM3DObjects] [DTYPE_DBG] _generate_noise_tensor: _compute_dtype=torch.bfloat16 shape=(1, 1, 6) device=cuda:0
[19:21]   [ComfyUI] [worker:ComfyUI-SAM3DObjects] [DTYPE_DBG] _generate_noise_tensor: _compute_dtype=torch.bfloat16 shape=(1, 1, 3) device=cuda:0
[19:21]   [ComfyUI] [worker:ComfyUI-SAM3DObjects] [DTYPE_DBG] _generate_noise_tensor: _compute_dtype=torch.bfloat16 shape=(1, 4096, 8) device=cuda:0
[19:21]   [ComfyUI] [worker:ComfyUI-SAM3DObjects] [DTYPE_DBG] _generate_noise_tensor: _compute_dtype=torch.bfloat16 shape=(1, 1, 3) device=cuda:0
[19:21]   [ComfyUI] [worker:ComfyUI-SAM3DObjects] [DTYPE_DBG] _generate_noise_tensor: _compute_dtype=torch.bfloat16 shape=(1, 1, 1) device=cuda:0
[19:22]   [ComfyUI] [worker:ComfyUI-SAM3DObjects] [VRAM] +2903MB (now 3923MB) reserved=4224MB peak=4117MB
[19:22]   [ComfyUI] [SubprocessWorker] callback 'report_progress' from call_id=81
[19:22]   Frame 47 saved (frame_046.jpg, t=131.2s)
[19:22]   [capture-periodic] freeze=11ms shot=159ms unfreeze=8ms saved=True
[19:23]   [ComfyUI] [SubprocessWorker] callback 'report_progress' from call_id=81
[19:24]   [ComfyUI] [SubprocessWorker] callback 'report_progress' from call_id=81
[19:25]   Frame 48 saved (frame_047.jpg, t=133.5s)
[19:25]   [capture-periodic] freeze=2ms shot=210ms unfreeze=2ms saved=True
[19:25]   [ComfyUI] [SubprocessWorker] callback 'report_progress' from call_id=81
[19:26]   [ComfyUI] [SubprocessWorker] callback 'report_progress' from call_id=81
[19:26]   [capture-loop] iter=1150 t=135.2s state={'complete': False, 'error': None, 'executedCount': 1, 'wsState': 1} eval_ms=2
[19:27]   [ComfyUI] [SubprocessWorker] callback 'report_progress' from call_id=81
[19:27]   Frame 49 saved (frame_048.jpg, t=135.9s)
[19:27]   [capture-periodic] freeze=2ms shot=220ms unfreeze=7ms saved=True
[19:28]   [ComfyUI] [SubprocessWorker] callback 'report_progress' from call_id=81
[19:29]   [ComfyUI] [SubprocessWorker] callback 'report_progress' from call_id=81
[19:29]   Frame 50 saved (frame_049.jpg, t=138.2s)
[19:29]   [capture-periodic] freeze=1ms shot=229ms unfreeze=2ms saved=True
[19:30]   [ComfyUI] [SubprocessWorker] callback 'report_progress' from call_id=81
[19:31]   [ComfyUI] [SubprocessWorker] callback 'report_progress' from call_id=81
[19:31]   [ComfyUI] [SubprocessWorker] callback 'report_progress' from call_id=81
[19:32]   Frame 51 saved (frame_050.jpg, t=140.6s)
[19:32]   [ComfyUI] [SubprocessWorker] callback 'report_progress' from call_id=81
[19:32]   [capture-periodic] freeze=2ms shot=205ms unfreeze=11ms saved=True
[19:32]   [ComfyUI] [worker:ComfyUI-SAM3DObjects] [VRAM] Stage1: after inference: torch=3894MiB alloc, 4448MiB reserved | gpu=4826MiB/7703MiB used
[19:32]   [ComfyUI] [worker:ComfyUI-SAM3DObjects] [VRAM] -204MB (now 3720MB) reserved=4448MB peak=4117MB
[19:32]   [capture-loop] iter=1200 t=141.3s state={'complete': False, 'error': None, 'executedCount': 1, 'wsState': 1} eval_ms=3
[19:33]   [ComfyUI] [worker:ComfyUI-SAM3DObjects] [VRAM] Stage1: after model cleanup: torch=76MiB alloc, 256MiB reserved | gpu=634MiB/7703MiB used
[19:33]   [ComfyUI] [worker:ComfyUI-SAM3DObjects] [VRAM] SceneGenerate: PHASE 2 start: torch=17MiB alloc, 192MiB reserved | gpu=570MiB/7703MiB used
[19:33]   [ComfyUI] 2026-05-07 13:00:56.834 | WARNING  | nodes.sam3d.transforms:__post_init__:1359 - No rgb pointmap normalizer provided, using scale + shift
[19:33]   [ComfyUI] [worker:ComfyUI-SAM3DObjects] [VRAM] -3704MB (now 17MB) reserved=192MB peak=4117MB
[19:33]   [ComfyUI] [worker:ComfyUI-SAM3DObjects] [VRAM] _load_condition_embedder(slat): before build: torch=25MiB alloc, 192MiB reserved | gpu=570MiB/7703MiB used
[19:34]   Frame 52 saved (frame_051.jpg, t=143.0s)
[19:34]   [capture-periodic] freeze=2ms shot=221ms unfreeze=2ms saved=True
[19:37]   Frame 53 saved (frame_052.jpg, t=145.3s)
[19:37]   [capture-periodic] freeze=2ms shot=214ms unfreeze=2ms saved=True
[19:37]   [ComfyUI] [worker:ComfyUI-SAM3DObjects] [VRAM] _load_condition_embedder(slat): after load_state_dict: torch=25MiB alloc, 192MiB reserved | gpu=570MiB/7703MiB used
[19:38]   [ComfyUI] [SubprocessWorker] callback 'request_vram_budget' from call_id=81
[19:38]   [ComfyUI] [comfy-env] VRAM request: 2.50GB, free before eviction: 7.48GB
[19:38]   [ComfyUI] [comfy-env] VRAM after eviction: 7.48GB
[19:38]   [ComfyUI] [worker:ComfyUI-SAM3DObjects] [VRAM] +408MB (now 425MB) reserved=576MB peak=4117MB
[19:38]   [ComfyUI] [worker:ComfyUI-SAM3DObjects] [VRAM] Stage2: before embedding: torch=1252MiB alloc, 1376MiB reserved | gpu=1754MiB/7703MiB used
[19:38]   [capture-loop] iter=1250 t=147.0s state={'complete': False, 'error': None, 'executedCount': 1, 'wsState': 1} eval_ms=2
[19:38]   [ComfyUI] [worker:ComfyUI-SAM3DObjects] [VRAM] Stage2: after embedding: torch=1263MiB alloc, 1472MiB reserved | gpu=1850MiB/7703MiB used
[19:39]   [ComfyUI] [worker:ComfyUI-SAM3DObjects] [VRAM] Stage2: after embedder unload: torch=35MiB alloc, 224MiB reserved | gpu=602MiB/7703MiB used
[19:39]   [ComfyUI] [worker:ComfyUI-SAM3DObjects] [VRAM] _load_generator(slat): before build: torch=35MiB alloc, 224MiB reserved | gpu=602MiB/7703MiB used
[19:39]   [ComfyUI] [worker:ComfyUI-SAM3DObjects] [VRAM] -390MB (now 35MB) reserved=224MB peak=4117MB
[19:42]   [ComfyUI] [worker:ComfyUI-SAM3DObjects] [VRAM] _load_generator(slat): after load_state_dict: torch=35MiB alloc, 224MiB reserved | gpu=602MiB/7703MiB used
[19:42]   [ComfyUI] [SubprocessWorker] callback 'request_vram_budget' from call_id=81
[19:42]   [ComfyUI] [comfy-env] VRAM request: 2.40GB, free before eviction: 7.45GB
[19:42]   [ComfyUI] [comfy-env] VRAM after eviction: 7.45GB
[19:42]   [ComfyUI] [worker:ComfyUI-SAM3DObjects] [VRAM] +399MB (now 435MB) reserved=608MB peak=4117MB
[19:43]   [ComfyUI] [worker:ComfyUI-SAM3DObjects] [VRAM] Stage2: before inference: torch=2326MiB alloc, 2400MiB reserved | gpu=2778MiB/7703MiB used
[19:43]   [ComfyUI] [worker:ComfyUI-SAM3DObjects] [DTYPE_DBG] _generate_noise_tensor: _compute_dtype=torch.bfloat16 shape=(1, 26539, 8) device=cuda:0
[19:43]   [ComfyUI] W0507 13:01:06.986000 3089 .ce/.pixi/envs/sam3dobjects-nodes/lib/python3.12/site-packages/torch/fx/_symbolic_trace.py:53] is_fx_tracing will return true for both fx.symbolic_trace and torch.export. Please use is_fx_tracing_symbolic_tracing() for specifically fx.symbolic_trace or torch.compiler.is_compiling() for specifically torch.export/compile.
[19:43]   [ComfyUI] [worker:ComfyUI-SAM3DObjects] [33m[comfy-attn] Varlen attention: sage2[0m
[19:44]   [ComfyUI] [worker:ComfyUI-SAM3DObjects] [VRAM] +2175MB (now 2610MB) reserved=2688MB peak=4117MB
[19:44]   [capture-loop] iter=1300 t=152.8s state={'complete': False, 'error': None, 'executedCount': 1, 'wsState': 1} eval_ms=2
[19:46]   [ComfyUI] [worker:ComfyUI-SAM3DObjects] [VRAM] +225MB (now 2836MB) reserved=3168MB peak=4117MB
[19:47]   [ComfyUI] [SubprocessWorker] callback 'report_progress' from call_id=81
[19:47]   [ComfyUI] [worker:ComfyUI-SAM3DObjects] [VRAM] -287MB (now 2549MB) reserved=3232MB peak=4117MB
[19:48]   Frame 54 saved (frame_053.jpg, t=156.8s)
[19:48]   [capture-periodic] freeze=2ms shot=223ms unfreeze=2ms saved=True
[19:49]   [ComfyUI] [SubprocessWorker] callback 'report_progress' from call_id=81
[19:49]   [capture-loop] iter=1350 t=158.5s state={'complete': False, 'error': None, 'executedCount': 1, 'wsState': 1} eval_ms=2
[19:50]   [ComfyUI] [SubprocessWorker] callback 'report_progress' from call_id=81
[19:50]   Frame 55 saved (frame_054.jpg, t=159.1s)
[19:50]   [capture-periodic] freeze=2ms shot=196ms unfreeze=2ms saved=True
[19:51]   [ComfyUI] [SubprocessWorker] callback 'report_progress' from call_id=81
[19:53]   [ComfyUI] [worker:ComfyUI-SAM3DObjects] [VRAM] +295MB (now 2844MB) reserved=3232MB peak=4117MB
[19:53]   [ComfyUI] [SubprocessWorker] callback 'report_progress' from call_id=81
[19:53]   Frame 56 saved (frame_055.jpg, t=161.4s)
[19:53]   [capture-periodic] freeze=2ms shot=211ms unfreeze=14ms saved=True
[19:54]   [ComfyUI] [worker:ComfyUI-SAM3DObjects] [VRAM] -285MB (now 2560MB) reserved=3168MB peak=4117MB
[19:54]   [ComfyUI] [SubprocessWorker] callback 'report_progress' from call_id=81
[19:55]   Frame 57 saved (frame_056.jpg, t=163.8s)
[19:55]   [capture-periodic] freeze=2ms shot=190ms unfreeze=7ms saved=True
[19:55]   [ComfyUI] [SubprocessWorker] callback 'report_progress' from call_id=81
[19:55]   [capture-loop] iter=1400 t=164.5s state={'complete': False, 'error': None, 'executedCount': 1, 'wsState': 1} eval_ms=5
[19:56]   [ComfyUI] [SubprocessWorker] callback 'report_progress' from call_id=81
[19:56]   [ComfyUI] [worker:ComfyUI-SAM3DObjects] [VRAM] -234MB (now 2327MB) reserved=3264MB peak=4117MB
[19:57]   [ComfyUI] [SubprocessWorker] callback 'report_progress' from call_id=81
[19:57]   [ComfyUI] [worker:ComfyUI-SAM3DObjects] [VRAM] +221MB (now 2549MB) reserved=3264MB peak=4117MB
[19:57]   [ComfyUI] [SubprocessWorker] callback 'report_progress' from call_id=81
[19:57]   Frame 58 saved (frame_057.jpg, t=166.1s)
[19:57]   [capture-periodic] freeze=48ms shot=346ms unfreeze=2ms saved=True
[19:58]   [ComfyUI] [SubprocessWorker] callback 'report_progress' from call_id=81
[19:59]   [ComfyUI] [worker:ComfyUI-SAM3DObjects] [VRAM] +284MB (now 2833MB) reserved=3200MB peak=4117MB
[19:59]   [ComfyUI] [SubprocessWorker] callback 'report_progress' from call_id=81
[19:59]   [ComfyUI] [worker:ComfyUI-SAM3DObjects] [VRAM] Stage2: after inference: torch=2327MiB alloc, 3200MiB reserved | gpu=3580MiB/7703MiB used
[20:00]   [ComfyUI] [worker:ComfyUI-SAM3DObjects] [VRAM] -2320MB (now 514MB) reserved=3200MB peak=4117MB
[20:00]   Frame 59 saved (frame_058.jpg, t=168.6s)
[20:00]   [capture-periodic] freeze=1ms shot=206ms unfreeze=7ms saved=True
[20:00]   [ComfyUI] [worker:ComfyUI-SAM3DObjects] [VRAM] Stage2: after model cleanup: torch=36MiB alloc, 288MiB reserved | gpu=668MiB/7703MiB used
[20:00]   [ComfyUI] 2026-05-07 13:01:24.304 | WARNING  | nodes.sam3d.transforms:__post_init__:1359 - No rgb pointmap normalizer provided, using scale + shift
[20:01]   [ComfyUI] [worker:ComfyUI-SAM3DObjects] [VRAM] -497MB (now 17MB) reserved=288MB peak=4117MB
[20:01]   [ComfyUI] [SubprocessWorker] callback 'request_vram_budget' from call_id=81
[20:01]   [ComfyUI] [comfy-env] VRAM request: 2.50GB, free before eviction: 7.38GB
[20:01]   [ComfyUI] [comfy-env] VRAM after eviction: 7.38GB
[20:01]   [capture-loop] iter=1450 t=170.4s state={'complete': False, 'error': None, 'executedCount': 1, 'wsState': 1} eval_ms=2
[20:01]   [ComfyUI] [worker:ComfyUI-SAM3DObjects] [VRAM] Stage2: before embedding: torch=1252MiB alloc, 1376MiB reserved | gpu=1756MiB/7703MiB used
[20:02]   [ComfyUI] [worker:ComfyUI-SAM3DObjects] [VRAM] Stage2: after embedding: torch=1263MiB alloc, 1472MiB reserved | gpu=1852MiB/7703MiB used
[20:02]   [ComfyUI] [worker:ComfyUI-SAM3DObjects] [VRAM] +1246MB (now 1263MB) reserved=1472MB peak=4117MB
[20:02]   [ComfyUI] [worker:ComfyUI-SAM3DObjects] [VRAM] Stage2: after embedder unload: torch=36MiB alloc, 224MiB reserved | gpu=604MiB/7703MiB used
[20:02]   [ComfyUI] [SubprocessWorker] callback 'request_vram_budget' from call_id=81
[20:02]   [ComfyUI] [comfy-env] VRAM request: 2.40GB, free before eviction: 7.44GB
[20:02]   [ComfyUI] [comfy-env] VRAM after eviction: 7.44GB
[20:02]   Frame 60 saved (frame_059.jpg, t=171.0s)
[20:02]   [capture-periodic] freeze=1ms shot=170ms unfreeze=7ms saved=True
[20:03]   [ComfyUI] [worker:ComfyUI-SAM3DObjects] [VRAM] Stage2: before inference: torch=2326MiB alloc, 2400MiB reserved | gpu=2780MiB/7703MiB used
[20:03]   [ComfyUI] [worker:ComfyUI-SAM3DObjects] [DTYPE_DBG] _generate_noise_tensor: _compute_dtype=torch.bfloat16 shape=(1, 33948, 8) device=cuda:0
[20:03]   [ComfyUI] [worker:ComfyUI-SAM3DObjects] [VRAM] +1387MB (now 2650MB) reserved=2976MB peak=4117MB
[20:05]   [ComfyUI] [SubprocessWorker] callback 'report_progress' from call_id=81
[20:06]   [ComfyUI] [worker:ComfyUI-SAM3DObjects] [VRAM] +352MB (now 3003MB) reserved=3488MB peak=4117MB
[20:06]   [ComfyUI] [SubprocessWorker] callback 'report_progress' from call_id=81
[20:07]   Frame 61 saved (frame_060.jpg, t=175.6s)
[20:07]   [capture-periodic] freeze=2ms shot=207ms unfreeze=7ms saved=True
[20:07]   [capture-loop] iter=1500 t=176.4s state={'complete': False, 'error': None, 'executedCount': 1, 'wsState': 1} eval_ms=2
[20:07]   [ComfyUI] [worker:ComfyUI-SAM3DObjects] [VRAM] -566MB (now 2438MB) reserved=3488MB peak=4117MB
[20:08]   [ComfyUI] [SubprocessWorker] callback 'report_progress' from call_id=81
[20:09]   [ComfyUI] [worker:ComfyUI-SAM3DObjects] [VRAM] +212MB (now 2651MB) reserved=3488MB peak=4117MB
[20:09]   Frame 62 saved (frame_061.jpg, t=177.9s)
[20:09]   [capture-periodic] freeze=1ms shot=207ms unfreeze=6ms saved=True
[20:10]   [ComfyUI] [SubprocessWorker] callback 'report_progress' from call_id=81
[20:11]   Frame 63 saved (frame_062.jpg, t=180.3s)
[20:11]   [capture-periodic] freeze=1ms shot=216ms unfreeze=2ms saved=True
[20:12]   [ComfyUI] [SubprocessWorker] callback 'report_progress' from call_id=81
[20:12]   [ComfyUI] [worker:ComfyUI-SAM3DObjects] [VRAM] -324MB (now 2327MB) reserved=3520MB peak=4117MB
[20:13]   [capture-loop] iter=1550 t=182.1s state={'complete': False, 'error': None, 'executedCount': 1, 'wsState': 1} eval_ms=2
[20:13]   [ComfyUI] [worker:ComfyUI-SAM3DObjects]
[20:13]   [ComfyUI] === WATCHDOG TICK 3 ===
[20:13]   [ComfyUI] [worker:ComfyUI-SAM3DObjects] Thread 0x0000711139600640 (most recent call first):
[20:13]   [ComfyUI]   File "/workspaces/SAM3DObjects-1241/ComfyUI/.ce/.pixi/envs/sam3dobjects-nodes/lib/python3.12/socket.py", line 295 in accept
[20:13]   [ComfyUI]   File "/workspaces/SAM3DObjects-1241/ComfyUI/.ce/.pixi/envs/sam3dobjects-nodes/lib/python3.12/multiprocessing/connection.py", line 626 in accept
[20:13]   [ComfyUI]   File "/workspaces/SAM3DObjects-1241/ComfyUI/.ce/.pixi/envs/sam3dobjects-nodes/lib/python3.12/multiprocessing/connection.py", line 480 in accept
[20:13]   [ComfyUI]   File "/workspaces/SAM3DObjects-1241/ComfyUI/.ce/.pixi/envs/sam3dobjects-nodes/lib/python3.12/multiprocessing/resource_sharer.py", line 138 in _serve
[20:13]   [ComfyUI]   File "/workspaces/SAM3DObjects-1241/ComfyUI/.ce/.pixi/envs/sam3dobjects-nodes/lib/python3.12/threading.py", line 1012 in run
[20:13]   [ComfyUI]   File "/workspaces/SAM3DObjects-1241/ComfyUI/.ce/.pixi/envs/sam3dobjects-nodes/lib/python3.12/threading.py", line 1075 in _bootstrap_inner
[20:13]   [ComfyUI]   File "/workspaces/SAM3DObjects-1241/ComfyUI/.ce/.pixi/envs/sam3dobjects-nodes/lib/python3.12/threading.py", line 1032 in _bootstrap
[20:13]   [ComfyUI] 
[20:13]   [ComfyUI] Thread 0x00007114fcb1f640 (most recent call first):
[20:13]   [ComfyUI]   File "/tmp/comfyui_pvenv_8g80169v/persistent_worker.py", line 106 in _vram_poller
[20:13]   [ComfyUI]   File "/workspaces/SAM3DObjects-1241/ComfyUI/.ce/.pixi/envs/sam3dobjects-nodes/lib/python3.12/threading.py", line 1012 in run
[20:13]   [ComfyUI]   File "/workspaces/SAM3DObjects-1241/ComfyUI/.ce/.pixi/envs/sam3dobjects-nodes/lib/python3.12/threading.py", line 1075 in _bootstrap_inner
[20:13]   [ComfyUI]   File "/workspaces/SAM3DObjects-1241/ComfyUI/.ce/.pixi/envs/sam3dobjects-nodes/lib/python3.12/threading.py", line 1032 in _bootstrap
[20:13]   [ComfyUI] 
[20:13]   [ComfyUI] Current thread 0x00007114fd324640 (most recent call first):
[20:13]   [ComfyUI]   File "/tmp/comfyui_pvenv_8g80169v/persistent_worker.py", line 52 in _watchdog
[20:13]   [ComfyUI]   File "/workspaces/SAM3DObjects-1241/ComfyUI/.ce/.pixi/envs/sam3dobjects-nodes/lib/python3.12/threading.py", line 1012 in run
[20:13]   [ComfyUI]   File "/workspaces/SAM3DObjects-1241/ComfyUI/.ce/.pixi/envs/sam3dobjects-nodes/lib/python3.12/threading.py", line 1075 in _bootstrap_inner
[20:13]   [ComfyUI]   File "/workspaces/SAM3DObjects-1241/ComfyUI/.ce/.pixi/envs/sam3dobjects-nodes/lib/python3.12/threading.py", line 1032 in _bootstrap
[20:13]   [ComfyUI] 
[20:13]   [ComfyUI] Thread 0x00007114fd91f740 (most recent call first):
[20:13]   [ComfyUI]   File "/workspaces/SAM3DObjects-1241/ComfyUI/.ce/.pixi/envs/sam3dobjects-nodes/lib/python3.12/site-packages/spconv/pytorch/core.py", line 168 in __init__
[20:13]   [ComfyUI]   File "/workspaces/SAM3DObjects-1241/ComfyUI/.ce/.pixi/envs/sam3dobjects-nodes/lib/python3.12/site-packages/torch/fx/_symbolic_trace.py", line 127 in __call__
[20:13]   [ComfyUI]   File "/workspaces/SAM3DObjects-1241/ComfyUI/custom_nodes/ComfyUI-SAM3DObjects/nodes/sam3d/sparse.py", line 138 in __init__
[20:13]   [ComfyUI]   File "/workspaces/SAM3DObjects-1241/ComfyUI/custom_nodes/ComfyUI-SAM3DObjects/nodes/sam3d/sparse.py", line 619 in forward
[20:13]   [ComfyUI]   File "/workspaces/SAM3DObjects-1241/ComfyUI/.ce/.pixi/envs/sam3dobjects-nodes/lib/python3.12/site-packages/torch/nn/modules/module.py", line 1790 in _call_impl
[20:13]   [ComfyUI]   File "/workspaces/SAM3DObjects-1241/ComfyUI/.ce/.pixi/envs/sam3dobjects-nodes/lib/python3.12/site-packages/torch/nn/modules/module.py", line 1779 in _wrapped_call_impl
[20:13]   [ComfyUI]   File "/workspaces/SAM3DObjects-1241/ComfyUI/custom_nodes/ComfyUI-SAM3DObjects/nodes/sam3d/model.py", line 1185 in _updown
[20:13]   [ComfyUI]   File "/workspaces/SAM3DObjects-1241/ComfyUI/custom_nodes/ComfyUI-SAM3DObjects/nodes/sam3d/model.py", line 1192 in forward
[20:13]   [ComfyUI]   File "/workspaces/SAM3DObjects-1241/ComfyUI/.ce/.pixi/envs/sam3dobjects-nodes/lib/python3.12/site-packages/torch/nn/modules/module.py", line 1790 in _call_impl
[20:13]   [ComfyUI]   File "/workspaces/SAM3DObjects-1241/ComfyUI/.ce/.pixi/envs/sam3dobjects-nodes/lib/python3.12/site-packages/torch/nn/modules/module.py", line 1779 in _wrapped_call_impl
[20:13]   [ComfyUI]   File "/workspaces/SAM3DObjects-1241/ComfyUI/custom_nodes/ComfyUI-SAM3DObjects/nodes/sam3d/model.py", line 1703 in _forward
[20:13]   [ComfyUI]   File "/workspaces/SAM3DObjects-1241/ComfyUI/comfy/patcher_extension.py", line 112 in execute
[20:13]   [ComfyUI]   File "/workspaces/SAM3DObjects-1241/ComfyUI/custom_nodes/ComfyUI-SAM3DObjects/nodes/sam3d/model.py", line 1653 in forward
[20:13]   [ComfyUI]   File "/workspaces/SAM3DObjects-1241/ComfyUI/custom_nodes/ComfyUI-SAM3DObjects/nodes/sam3d/model.py", line 1745 in forward
[20:13]   [ComfyUI]   File "/workspaces/SAM3DObjects-1241/ComfyUI/.ce/.pixi/envs/sam3dobjects-nodes/lib/python3.12/site-packages/torch/nn/modules/module.py", line 1790 in _call_impl
[20:13]   [ComfyUI]   File "/workspaces/SAM3DObjects-1241/ComfyUI/.ce/.pixi/envs/sam3dobjects-nodes/lib/python3.12/site-packages/torch/nn/modules/module.py", line 1779 in _wrapped_call_impl
[20:13]   [ComfyUI]   File "/workspaces/SAM3DObjects-1241/ComfyUI/custom_nodes/ComfyUI-SAM3DObjects/nodes/sam3d/generators.py", line 666 in inner_forward
[20:13]   [ComfyUI]   File "/workspaces/SAM3DObjects-1241/ComfyUI/custom_nodes/ComfyUI-SAM3DObjects/nodes/sam3d/generators.py", line 698 in forward
[20:13]   [ComfyUI]   File "/workspaces/SAM3DObjects-1241/ComfyUI/.ce/.pixi/envs/sam3dobjects-nodes/lib/python3.12/site-packages/torch/nn/modules/module.py", line 1790 in _call_impl
[20:13]   [ComfyUI]   File "/workspaces/SAM3DObjects-1241/ComfyUI/.ce/.pixi/envs/sam3dobjects-nodes/lib/python3.12/site-packages/torch/nn/modules/module.py", line 1779 in _wrapped_call_impl
[20:13]   [ComfyUI]   File "/workspaces/SAM3DObjects-1241/ComfyUI/custom_nodes/ComfyUI-SAM3DObjects/nodes/sam3d/generators.py", line 426 in _generate_dynamics
[20:13]   [ComfyUI]   File "/workspaces/SAM3DObjects-1241/ComfyUI/custom_nodes/ComfyUI-SAM3DObjects/nodes/sam3d/generators.py", line 133 in step
[20:13]   [ComfyUI]   File "/workspaces/SAM3DObjects-1241/ComfyUI/custom_nodes/ComfyUI-SAM3DObjects/nodes/sam3d/generators.py", line 121 in solve_iter
[20:13]   [ComfyUI]   File "/workspaces/SAM3DObjects-1241/ComfyUI/custom_nodes/ComfyUI-SAM3DObjects/nodes/sam3d/generators.py", line 410 in generate_iter
[20:13]   [ComfyUI]   File "/workspaces/SAM3DObjects-1241/ComfyUI/custom_nodes/ComfyUI-SAM3DObjects/nodes/utils/stages.py", line 1213 in run_stage2
[20:13]   [ComfyUI]   File "/workspaces/SAM3DObjects-1241/ComfyUI/custom_nodes/ComfyUI-SAM3DObjects/nodes/scene_generate.py", line 279 in execute
[20:13]   [ComfyUI]   File "/workspaces/SAM3DObjects-1241/ComfyUI/.ce/.pixi/envs/sam3dobjects-nodes/lib/python3.12/site-packages/torch/utils/_contextlib.py", line 124 in decorate_context
[20:13]   [ComfyUI]   File "/workspaces/SAM3DObjects-1241/ComfyUI/comfy_api/latest/_io.py", line 1827 in EXECUTE_NORMALIZED
[20:13]   [ComfyUI]   File "/tmp/comfyui_pvenv_8g80169v/persistent_worker.py", line 1749 in main
[20:13]   [ComfyUI]   File "/tmp/comfyui_pvenv_8g80169v/persistent_worker.py", line 1794 in <module>
[20:13]   [ComfyUI] 
[20:13]   [ComfyUI] [worker:ComfyUI-SAM3DObjects] === END ===
[20:13]   [ComfyUI] 
[20:14]   [ComfyUI] [worker:ComfyUI-SAM3DObjects] [VRAM] +334MB (now 2662MB) reserved=3392MB peak=4117MB
[20:14]   Frame 64 saved (frame_063.jpg, t=182.6s)
[20:14]   [capture-periodic] freeze=2ms shot=214ms unfreeze=2ms saved=True
[20:14]   [ComfyUI] [SubprocessWorker] callback 'report_progress' from call_id=81
[20:15]   [ComfyUI] [worker:ComfyUI-SAM3DObjects] [VRAM] -221MB (now 2441MB) reserved=3424MB peak=4117MB
[20:16]   [ComfyUI] [worker:ComfyUI-SAM3DObjects] [VRAM] +220MB (now 2662MB) reserved=3488MB peak=4117MB
[20:16]   Frame 65 saved (frame_064.jpg, t=184.9s)
[20:16]   [capture-periodic] freeze=2ms shot=202ms unfreeze=2ms saved=True
[20:16]   [ComfyUI] [SubprocessWorker] callback 'report_progress' from call_id=81
[20:17]   [ComfyUI] [SubprocessWorker] callback 'report_progress' from call_id=81
[20:18]   [ComfyUI] [SubprocessWorker] callback 'report_progress' from call_id=81
[20:19]   Frame 66 saved (frame_065.jpg, t=187.3s)
[20:19]   [capture-periodic] freeze=1ms shot=216ms unfreeze=6ms saved=True
[20:19]   [capture-loop] iter=1600 t=188.1s state={'complete': False, 'error': None, 'executedCount': 1, 'wsState': 1} eval_ms=2
[20:19]   [ComfyUI] [SubprocessWorker] callback 'report_progress' from call_id=81
[20:19]   [ComfyUI] [worker:ComfyUI-SAM3DObjects] [VRAM] -225MB (now 2438MB) reserved=3488MB peak=4117MB
[20:20]   [ComfyUI] [SubprocessWorker] callback 'report_progress' from call_id=81
[20:21]   [ComfyUI] [worker:ComfyUI-SAM3DObjects] [VRAM] +212MB (now 2651MB) reserved=3392MB peak=4117MB
[20:21]   Frame 67 saved (frame_066.jpg, t=189.7s)
[20:21]   [capture-periodic] freeze=1ms shot=213ms unfreeze=2ms saved=True
[20:21]   [ComfyUI] [SubprocessWorker] callback 'report_progress' from call_id=81
[20:21]   [ComfyUI] [worker:ComfyUI-SAM3DObjects] [VRAM] Stage2: after inference: torch=2327MiB alloc, 3424MiB reserved | gpu=3804MiB/7703MiB used
[20:22]   [ComfyUI] [worker:ComfyUI-SAM3DObjects] [VRAM] -880MB (now 1772MB) reserved=3424MB peak=4117MB
[20:22]   [ComfyUI] [worker:ComfyUI-SAM3DObjects] [VRAM] Stage2: after model cleanup: torch=37MiB alloc, 256MiB reserved | gpu=636MiB/7703MiB used
[20:22]   [ComfyUI] 2026-05-07 13:01:46.027 | WARNING  | nodes.sam3d.transforms:__post_init__:1359 - No rgb pointmap normalizer provided, using scale + shift
[20:23]   [ComfyUI] [worker:ComfyUI-SAM3DObjects] [VRAM] -1755MB (now 17MB) reserved=256MB peak=4117MB
[20:23]   [ComfyUI] [SubprocessWorker] callback 'request_vram_budget' from call_id=81
[20:23]   [ComfyUI] [comfy-env] VRAM request: 2.50GB, free before eviction: 7.41GB
[20:23]   [ComfyUI] [comfy-env] VRAM after eviction: 7.41GB
[20:23]   [ComfyUI] [worker:ComfyUI-SAM3DObjects] [VRAM] Stage2: before embedding: torch=1253MiB alloc, 1376MiB reserved | gpu=1756MiB/7703MiB used
[20:23]   [ComfyUI] [worker:ComfyUI-SAM3DObjects] [VRAM] Stage2: after embedding: torch=1263MiB alloc, 1472MiB reserved | gpu=1852MiB/7703MiB used
[20:23]   Frame 68 saved (frame_067.jpg, t=192.1s)
[20:23]   [capture-periodic] freeze=2ms shot=191ms unfreeze=6ms saved=True
[20:24]   [ComfyUI] [worker:ComfyUI-SAM3DObjects] [VRAM] Stage2: after embedder unload: torch=36MiB alloc, 224MiB reserved | gpu=604MiB/7703MiB used
[20:24]   [ComfyUI] [SubprocessWorker] callback 'request_vram_budget' from call_id=81
[20:24]   [ComfyUI] [comfy-env] VRAM request: 2.40GB, free before eviction: 7.44GB
[20:24]   [ComfyUI] [comfy-env] VRAM after eviction: 7.44GB
[20:24]   [ComfyUI] [worker:ComfyUI-SAM3DObjects] [VRAM] +778MB (now 796MB) reserved=960MB peak=4117MB
[20:24]   [ComfyUI] [worker:ComfyUI-SAM3DObjects] [VRAM] Stage2: before inference: torch=2327MiB alloc, 2400MiB reserved | gpu=2780MiB/7703MiB used
[20:24]   [ComfyUI] [worker:ComfyUI-SAM3DObjects] [DTYPE_DBG] _generate_noise_tensor: _compute_dtype=torch.bfloat16 shape=(1, 13776, 8) device=cuda:0
[20:25]   [ComfyUI] [SubprocessWorker] callback 'report_progress' from call_id=81
[20:25]   [ComfyUI] [worker:ComfyUI-SAM3DObjects] [VRAM] +1636MB (now 2432MB) reserved=2848MB peak=4117MB
[20:25]   [capture-loop] iter=1650 t=193.9s state={'complete': False, 'error': None, 'executedCount': 1, 'wsState': 1} eval_ms=10
[20:25]   [ComfyUI] [SubprocessWorker] callback 'report_progress' from call_id=81
[20:26]   Frame 69 saved (frame_068.jpg, t=194.4s)
[20:26]   [capture-periodic] freeze=1ms shot=225ms unfreeze=2ms saved=True
[20:26]   [ComfyUI] [SubprocessWorker] callback 'report_progress' from call_id=81
[20:27]   [ComfyUI] [SubprocessWorker] callback 'report_progress' from call_id=81
[20:27]   [ComfyUI] [SubprocessWorker] callback 'report_progress' from call_id=81
[20:28]   Frame 70 saved (frame_069.jpg, t=196.7s)
[20:28]   [capture-periodic] freeze=2ms shot=221ms unfreeze=2ms saved=True
[20:28]   [ComfyUI] [SubprocessWorker] callback 'report_progress' from call_id=81
[20:29]   [ComfyUI] [SubprocessWorker] callback 'report_progress' from call_id=81
[20:29]   [ComfyUI] [SubprocessWorker] callback 'report_progress' from call_id=81
[20:29]   [ComfyUI] [SubprocessWorker] callback 'report_progress' from call_id=81
[20:30]   [ComfyUI] [SubprocessWorker] callback 'report_progress' from call_id=81
[20:30]   [ComfyUI] [SubprocessWorker] callback 'report_progress' from call_id=81
[20:30]   Frame 71 saved (frame_070.jpg, t=199.0s)
[20:30]   [capture-periodic] freeze=1ms shot=235ms unfreeze=2ms saved=True
[20:30]   [ComfyUI] [SubprocessWorker] callback 'report_progress' from call_id=81
[20:30]   [ComfyUI] [worker:ComfyUI-SAM3DObjects] [VRAM] Stage2: after inference: torch=2327MiB alloc, 2848MiB reserved | gpu=3228MiB/7703MiB used
[20:30]   [ComfyUI] [worker:ComfyUI-SAM3DObjects] [VRAM] -245MB (now 2188MB) reserved=2848MB peak=4117MB
[20:31]   [ComfyUI] [worker:ComfyUI-SAM3DObjects] [VRAM] Stage2: after model cleanup: torch=37MiB alloc, 256MiB reserved | gpu=636MiB/7703MiB used
[20:31]   [ComfyUI] 2026-05-07 13:01:54.798 | WARNING  | nodes.sam3d.transforms:__post_init__:1359 - No rgb pointmap normalizer provided, using scale + shift
[20:31]   [capture-loop] iter=1700 t=199.9s state={'complete': False, 'error': None, 'executedCount': 1, 'wsState': 1} eval_ms=2
[20:31]   [ComfyUI] [SubprocessWorker] callback 'request_vram_budget' from call_id=81
[20:31]   [ComfyUI] [comfy-env] VRAM request: 2.50GB, free before eviction: 7.41GB
[20:31]   [ComfyUI] [comfy-env] VRAM after eviction: 7.41GB
[20:31]   [ComfyUI] [worker:ComfyUI-SAM3DObjects] [VRAM] -1842MB (now 346MB) reserved=512MB peak=4117MB
[20:31]   [ComfyUI] [worker:ComfyUI-SAM3DObjects] [VRAM] Stage2: before embedding: torch=1253MiB alloc, 1376MiB reserved | gpu=1756MiB/7703MiB used
[20:32]   [ComfyUI] [worker:ComfyUI-SAM3DObjects] [VRAM] Stage2: after embedding: torch=1264MiB alloc, 1472MiB reserved | gpu=1852MiB/7703MiB used
[20:32]   [ComfyUI] [worker:ComfyUI-SAM3DObjects] [VRAM] Stage2: after embedder unload: torch=37MiB alloc, 224MiB reserved | gpu=604MiB/7703MiB used
[20:32]   [ComfyUI] [SubprocessWorker] callback 'request_vram_budget' from call_id=81
[20:32]   [ComfyUI] [comfy-env] VRAM request: 2.40GB, free before eviction: 7.44GB
[20:32]   [ComfyUI] [comfy-env] VRAM after eviction: 7.44GB
[20:32]   [ComfyUI] [worker:ComfyUI-SAM3DObjects] [VRAM] +770MB (now 1116MB) reserved=1280MB peak=4117MB
[20:33]   [ComfyUI] [worker:ComfyUI-SAM3DObjects] [VRAM] Stage2: before inference: torch=2327MiB alloc, 2400MiB reserved | gpu=2780MiB/7703MiB used
[20:33]   [ComfyUI] [worker:ComfyUI-SAM3DObjects] [DTYPE_DBG] _generate_noise_tensor: _compute_dtype=torch.bfloat16 shape=(1, 28463, 8) device=cuda:0
[20:33]   Frame 72 saved (frame_071.jpg, t=201.4s)
[20:33]   [capture-periodic] freeze=2ms shot=210ms unfreeze=11ms saved=True
[20:33]   [ComfyUI] [worker:ComfyUI-SAM3DObjects] [VRAM] +1504MB (now 2621MB) reserved=2976MB peak=4117MB
[20:34]   [ComfyUI] [SubprocessWorker] callback 'report_progress' from call_id=81
[20:34]   [ComfyUI] [worker:ComfyUI-SAM3DObjects] [VRAM] -258MB (now 2363MB) reserved=3264MB peak=4117MB
[20:35]   Frame 73 saved (frame_072.jpg, t=203.7s)
[20:35]   [capture-periodic] freeze=2ms shot=204ms unfreeze=7ms saved=True
[20:35]   [ComfyUI] [worker:ComfyUI-SAM3DObjects] [VRAM] +269MB (now 2632MB) reserved=3296MB peak=4117MB
[20:36]   [ComfyUI] [SubprocessWorker] callback 'report_progress' from call_id=81
[20:37]   [capture-loop] iter=1750 t=205.7s state={'complete': False, 'error': None, 'executedCount': 1, 'wsState': 1} eval_ms=2
[20:37]   Frame 74 saved (frame_073.jpg, t=206.1s)
[20:37]   [capture-periodic] freeze=2ms shot=226ms unfreeze=2ms saved=True
[20:38]   [ComfyUI] [SubprocessWorker] callback 'report_progress' from call_id=81
[20:40]   Frame 75 saved (frame_074.jpg, t=208.4s)
[20:40]   [capture-periodic] freeze=1ms shot=225ms unfreeze=1ms saved=True
[20:40]   [ComfyUI] [SubprocessWorker] callback 'report_progress' from call_id=81
[20:41]   [ComfyUI] [worker:ComfyUI-SAM3DObjects] [VRAM] -245MB (now 2388MB) reserved=3296MB peak=4117MB
[20:42]   [ComfyUI] [SubprocessWorker] callback 'report_progress' from call_id=81
[20:42]   Frame 76 saved (frame_075.jpg, t=210.7s)
[20:42]   [capture-periodic] freeze=7ms shot=242ms unfreeze=3ms saved=True
[20:42]   [ComfyUI] [worker:ComfyUI-SAM3DObjects] [VRAM] +328MB (now 2716MB) reserved=2912MB peak=4117MB
[20:43]   [capture-loop] iter=1800 t=211.7s state={'complete': False, 'error': None, 'executedCount': 1, 'wsState': 1} eval_ms=2
[20:43]   [ComfyUI] [worker:ComfyUI-SAM3DObjects] [VRAM] -275MB (now 2442MB) reserved=3232MB peak=4117MB
[20:43]   [ComfyUI] [SubprocessWorker] callback 'report_progress' from call_id=81
[20:44]   Frame 77 saved (frame_076.jpg, t=213.0s)
[20:44]   [capture-periodic] freeze=2ms shot=217ms unfreeze=2ms saved=True
[20:45]   [ComfyUI] [SubprocessWorker] callback 'report_progress' from call_id=81
[20:46]   [ComfyUI] [SubprocessWorker] callback 'report_progress' from call_id=81
[20:47]   [ComfyUI] [worker:ComfyUI-SAM3DObjects] [VRAM] +260MB (now 2703MB) reserved=3328MB peak=4117MB
[20:47]   Frame 78 saved (frame_077.jpg, t=215.4s)
[20:47]   [capture-periodic] freeze=2ms shot=197ms unfreeze=2ms saved=True
[20:47]   [ComfyUI] [SubprocessWorker] callback 'report_progress' from call_id=81
[20:48]   [ComfyUI] [SubprocessWorker] callback 'report_progress' from call_id=81
[20:48]   [ComfyUI] [worker:ComfyUI-SAM3DObjects] [VRAM] -375MB (now 2328MB) reserved=2400MB peak=4117MB
[20:48]   [capture-loop] iter=1850 t=217.4s state={'complete': False, 'error': None, 'executedCount': 1, 'wsState': 1} eval_ms=1
[20:49]   [ComfyUI] [SubprocessWorker] callback 'report_progress' from call_id=81
[20:49]   Frame 79 saved (frame_078.jpg, t=217.7s)
[20:49]   [capture-periodic] freeze=2ms shot=214ms unfreeze=10ms saved=True
[20:49]   [ComfyUI] [worker:ComfyUI-SAM3DObjects] [VRAM] +347MB (now 2676MB) reserved=3296MB peak=4117MB
[20:50]   [ComfyUI] [SubprocessWorker] callback 'report_progress' from call_id=81
[20:50]   [ComfyUI] [worker:ComfyUI-SAM3DObjects] [VRAM] Stage2: after inference: torch=2328MiB alloc, 3296MiB reserved | gpu=3676MiB/7703MiB used
[20:50]   [ComfyUI] [worker:ComfyUI-SAM3DObjects] [VRAM] -2017MB (now 659MB) reserved=3296MB peak=4117MB
[20:50]   [ComfyUI] [worker:ComfyUI-SAM3DObjects] [VRAM] Stage2: after model cleanup: torch=37MiB alloc, 256MiB reserved | gpu=636MiB/7703MiB used
[20:50]   [ComfyUI] 2026-05-07 13:02:14.149 | WARNING  | nodes.sam3d.transforms:__post_init__:1359 - No rgb pointmap normalizer provided, using scale + shift
[20:51]   [ComfyUI] [SubprocessWorker] callback 'request_vram_budget' from call_id=81
[20:51]   [ComfyUI] [comfy-env] VRAM request: 2.50GB, free before eviction: 7.41GB
[20:51]   [ComfyUI] [comfy-env] VRAM after eviction: 7.41GB
[20:51]   [ComfyUI] [worker:ComfyUI-SAM3DObjects] [VRAM] Stage2: before embedding: torch=1253MiB alloc, 1376MiB reserved | gpu=1756MiB/7703MiB used
[20:51]   [ComfyUI] [worker:ComfyUI-SAM3DObjects] [VRAM] +640MB (now 1299MB) reserved=1472MB peak=4117MB
[20:51]   [ComfyUI] [worker:ComfyUI-SAM3DObjects] [VRAM] Stage2: after embedding: torch=1264MiB alloc, 1472MiB reserved | gpu=1852MiB/7703MiB used
[20:51]   Frame 80 saved (frame_079.jpg, t=220.0s)
[20:51]   [capture-periodic] freeze=7ms shot=213ms unfreeze=8ms saved=True
[20:52]   [ComfyUI] [worker:ComfyUI-SAM3DObjects] [VRAM] Stage2: after embedder unload: torch=37MiB alloc, 256MiB reserved | gpu=636MiB/7703MiB used
[20:52]   [ComfyUI] [SubprocessWorker] callback 'request_vram_budget' from call_id=81
[20:52]   [ComfyUI] [comfy-env] VRAM request: 2.40GB, free before eviction: 7.41GB
[20:52]   [ComfyUI] [comfy-env] VRAM after eviction: 7.41GB
[20:52]   [ComfyUI] [worker:ComfyUI-SAM3DObjects] [VRAM] +955MB (now 2255MB) reserved=2336MB peak=4117MB
[20:52]   [ComfyUI] [worker:ComfyUI-SAM3DObjects] [VRAM] Stage2: before inference: torch=2327MiB alloc, 2400MiB reserved | gpu=2780MiB/7703MiB used
[20:52]   [ComfyUI] [worker:ComfyUI-SAM3DObjects] [DTYPE_DBG] _generate_noise_tensor: _compute_dtype=torch.bfloat16 shape=(1, 26090, 8) device=cuda:0
[20:53]   [ComfyUI] [worker:ComfyUI-SAM3DObjects] [VRAM] +305MB (now 2560MB) reserved=3168MB peak=4117MB
[20:53]   [ComfyUI] [SubprocessWorker] callback 'report_progress' from call_id=81
[20:54]   Frame 81 saved (frame_080.jpg, t=222.3s)
[20:54]   [capture-periodic] freeze=2ms shot=212ms unfreeze=6ms saved=True
[20:54]   [capture-loop] iter=1900 t=223.4s state={'complete': False, 'error': None, 'executedCount': 1, 'wsState': 1} eval_ms=2
[20:55]   [ComfyUI] [SubprocessWorker] callback 'report_progress' from call_id=81
[20:56]   Frame 82 saved (frame_081.jpg, t=224.6s)
[20:56]   [capture-periodic] freeze=2ms shot=189ms unfreeze=8ms saved=True
[20:56]   [ComfyUI] [SubprocessWorker] callback 'report_progress' from call_id=81
[20:57]   [ComfyUI] [SubprocessWorker] callback 'report_progress' from call_id=81
[20:58]   Frame 83 saved (frame_082.jpg, t=226.9s)
[20:58]   [capture-periodic] freeze=1ms shot=238ms unfreeze=3ms saved=True
[20:59]   [ComfyUI] [SubprocessWorker] callback 'report_progress' from call_id=81
[20:59]   [ComfyUI] [worker:ComfyUI-SAM3DObjects] [VRAM] -209MB (now 2352MB) reserved=3200MB peak=4117MB
[21:00]   [capture-loop] iter=1950 t=229.1s state={'complete': False, 'error': None, 'executedCount': 1, 'wsState': 1} eval_ms=2
[21:00]   [ComfyUI] [SubprocessWorker] callback 'report_progress' from call_id=81
[21:01]   Frame 84 saved (frame_083.jpg, t=229.3s)
[21:01]   [capture-periodic] freeze=8ms shot=242ms unfreeze=3ms saved=True
[21:01]   [ComfyUI] [worker:ComfyUI-SAM3DObjects] [VRAM] +259MB (now 2611MB) reserved=3200MB peak=4117MB
[21:02]   [ComfyUI] [SubprocessWorker] callback 'report_progress' from call_id=81
[21:02]   [ComfyUI] [worker:ComfyUI-SAM3DObjects] [VRAM] -204MB (now 2407MB) reserved=3200MB peak=4117MB
[21:02]   [ComfyUI] [SubprocessWorker] callback 'report_progress' from call_id=81
[21:03]   [ComfyUI] [SubprocessWorker] callback 'report_progress' from call_id=81
[21:03]   Frame 85 saved (frame_084.jpg, t=231.7s)
[21:03]   [capture-periodic] freeze=2ms shot=223ms unfreeze=2ms saved=True
[21:04]   [ComfyUI] [worker:ComfyUI-SAM3DObjects] [VRAM] +203MB (now 2611MB) reserved=3200MB peak=4117MB
[21:04]   [ComfyUI] [SubprocessWorker] callback 'report_progress' from call_id=81
[21:04]   [ComfyUI] [SubprocessWorker] callback 'report_progress' from call_id=81
[21:05]   [ComfyUI] [SubprocessWorker] callback 'report_progress' from call_id=81
[21:05]   [ComfyUI] [worker:ComfyUI-SAM3DObjects] [VRAM] Stage2: after inference: torch=2328MiB alloc, 3200MiB reserved | gpu=3580MiB/7703MiB used
[21:05]   [ComfyUI] [worker:ComfyUI-SAM3DObjects] [VRAM] -306MB (now 2305MB) reserved=3200MB peak=4117MB
[21:05]   Frame 86 saved (frame_085.jpg, t=234.0s)
[21:05]   [capture-periodic] freeze=3ms shot=247ms unfreeze=12ms saved=True
[21:05]   [ComfyUI] [worker:ComfyUI-SAM3DObjects] [VRAM] Stage2: after model cleanup: torch=38MiB alloc, 288MiB reserved | gpu=668MiB/7703MiB used
[21:05]   [ComfyUI] 2026-05-07 13:02:29.417 | WARNING  | nodes.sam3d.transforms:__post_init__:1359 - No rgb pointmap normalizer provided, using scale + shift
[21:06]   [ComfyUI] [SubprocessWorker] callback 'request_vram_budget' from call_id=81
[21:06]   [ComfyUI] [comfy-env] VRAM request: 2.50GB, free before eviction: 7.38GB
[21:06]   [ComfyUI] [comfy-env] VRAM after eviction: 7.38GB
[21:06]   [ComfyUI] [worker:ComfyUI-SAM3DObjects] [VRAM] -1767MB (now 539MB) reserved=704MB peak=4117MB
[21:06]   [ComfyUI] [worker:ComfyUI-SAM3DObjects] [VRAM] Stage2: before embedding: torch=1254MiB alloc, 1376MiB reserved | gpu=1756MiB/7703MiB used
[21:06]   [capture-loop] iter=2000 t=235.2s state={'complete': False, 'error': None, 'executedCount': 1, 'wsState': 1} eval_ms=2
[21:06]   [ComfyUI] [worker:ComfyUI-SAM3DObjects] [VRAM] Stage2: after embedding: torch=1265MiB alloc, 1472MiB reserved | gpu=1852MiB/7703MiB used
[21:07]   [ComfyUI] [worker:ComfyUI-SAM3DObjects] [VRAM] Stage2: after embedder unload: torch=37MiB alloc, 256MiB reserved | gpu=636MiB/7703MiB used
[21:07]   [ComfyUI] [SubprocessWorker] callback 'request_vram_budget' from call_id=81
[21:07]   [ComfyUI] [comfy-env] VRAM request: 2.40GB, free before eviction: 7.41GB
[21:07]   [ComfyUI] [comfy-env] VRAM after eviction: 7.41GB
[21:07]   [ComfyUI] [worker:ComfyUI-SAM3DObjects] [VRAM] +770MB (now 1309MB) reserved=1472MB peak=4117MB
[21:07]   [ComfyUI] [worker:ComfyUI-SAM3DObjects] [VRAM] Stage2: before inference: torch=2328MiB alloc, 2400MiB reserved | gpu=2780MiB/7703MiB used
[21:07]   [ComfyUI] [worker:ComfyUI-SAM3DObjects] [DTYPE_DBG] _generate_noise_tensor: _compute_dtype=torch.bfloat16 shape=(1, 7248, 8) device=cuda:0
[21:08]   [ComfyUI] [SubprocessWorker] callback 'report_progress' from call_id=81
[21:08]   Frame 87 saved (frame_086.jpg, t=236.4s)
[21:08]   [capture-periodic] freeze=6ms shot=236ms unfreeze=6ms saved=True
[21:08]   [ComfyUI] [worker:ComfyUI-SAM3DObjects] [VRAM] +1082MB (now 2392MB) reserved=2688MB peak=4117MB
[21:08]   [ComfyUI] [SubprocessWorker] callback 'report_progress' from call_id=81
[21:08]   [ComfyUI] [SubprocessWorker] callback 'report_progress' from call_id=81
[21:09]   [ComfyUI] [SubprocessWorker] callback 'report_progress' from call_id=81
[21:09]   [ComfyUI] [SubprocessWorker] callback 'report_progress' from call_id=81
[21:10]   [ComfyUI] [SubprocessWorker] callback 'report_progress' from call_id=81
[21:10]   Frame 88 saved (frame_087.jpg, t=238.8s)
[21:10]   [capture-periodic] freeze=2ms shot=207ms unfreeze=7ms saved=True
[21:10]   [ComfyUI] [SubprocessWorker] callback 'report_progress' from call_id=81
[21:10]   [ComfyUI] [SubprocessWorker] callback 'report_progress' from call_id=81
[21:11]   [ComfyUI] [SubprocessWorker] callback 'report_progress' from call_id=81
[21:11]   [ComfyUI] [SubprocessWorker] callback 'report_progress' from call_id=81
[21:11]   [ComfyUI] [SubprocessWorker] callback 'report_progress' from call_id=81
[21:11]   [ComfyUI] [SubprocessWorker] callback 'report_progress' from call_id=81
[21:11]   [ComfyUI] [worker:ComfyUI-SAM3DObjects] [VRAM] Stage2: after inference: torch=2328MiB alloc, 2656MiB reserved | gpu=3036MiB/7703MiB used
[21:11]   [ComfyUI] [worker:ComfyUI-SAM3DObjects] [VRAM] -500MB (now 1892MB) reserved=2656MB peak=4117MB
[21:12]   [ComfyUI] [worker:ComfyUI-SAM3DObjects] [VRAM] Stage2: after model cleanup: torch=38MiB alloc, 288MiB reserved | gpu=668MiB/7703MiB used
[21:12]   [ComfyUI] 2026-05-07 13:02:35.900 | WARNING  | nodes.sam3d.transforms:__post_init__:1359 - No rgb pointmap normalizer provided, using scale + shift
[21:12]   [capture-loop] iter=2050 t=241.0s state={'complete': False, 'error': None, 'executedCount': 1, 'wsState': 1} eval_ms=2
[21:12]   Frame 89 saved (frame_088.jpg, t=241.0s)
[21:12]   [capture-periodic] freeze=1ms shot=222ms unfreeze=3ms saved=True
[21:12]   [ComfyUI] [SubprocessWorker] callback 'request_vram_budget' from call_id=81
[21:12]   [ComfyUI] [comfy-env] VRAM request: 2.50GB, free before eviction: 7.38GB
[21:12]   [ComfyUI] [comfy-env] VRAM after eviction: 7.38GB
[21:12]   [ComfyUI] [worker:ComfyUI-SAM3DObjects] [VRAM] -1086MB (now 807MB) reserved=960MB peak=4117MB
[21:13]   [ComfyUI] [worker:ComfyUI-SAM3DObjects] [VRAM] Stage2: before embedding: torch=1254MiB alloc, 1376MiB reserved | gpu=1756MiB/7703MiB used
[21:13]   [ComfyUI] [worker:ComfyUI-SAM3DObjects] [VRAM] Stage2: after embedding: torch=1265MiB alloc, 1472MiB reserved | gpu=1852MiB/7703MiB used
[21:13]   [ComfyUI] [worker:ComfyUI-SAM3DObjects] [VRAM] Stage2: after embedder unload: torch=38MiB alloc, 256MiB reserved | gpu=636MiB/7703MiB used
[21:13]   [ComfyUI] [SubprocessWorker] callback 'request_vram_budget' from call_id=81
[21:13]   [ComfyUI] [comfy-env] VRAM request: 2.40GB, free before eviction: 7.41GB
[21:13]   [ComfyUI] [comfy-env] VRAM after eviction: 7.41GB
[21:13]   [ComfyUI] [worker:ComfyUI-SAM3DObjects]
[21:13]   [ComfyUI] === WATCHDOG TICK 4 ===
[21:13]   [ComfyUI] [worker:ComfyUI-SAM3DObjects] Thread 0x0000711139600640 (most recent call first):
[21:13]   [ComfyUI]   File "/workspaces/SAM3DObjects-1241/ComfyUI/.ce/.pixi/envs/sam3dobjects-nodes/lib/python3.12/socket.py", line 295 in accept
[21:13]   [ComfyUI]   File "/workspaces/SAM3DObjects-1241/ComfyUI/.ce/.pixi/envs/sam3dobjects-nodes/lib/python3.12/multiprocessing/connection.py", line 626 in accept
[21:13]   [ComfyUI]   File "/workspaces/SAM3DObjects-1241/ComfyUI/.ce/.pixi/envs/sam3dobjects-nodes/lib/python3.12/multiprocessing/connection.py", line 480 in accept
[21:13]   [ComfyUI]   File "/workspaces/SAM3DObjects-1241/ComfyUI/.ce/.pixi/envs/sam3dobjects-nodes/lib/python3.12/multiprocessing/resource_sharer.py", line 138 in _serve
[21:13]   [ComfyUI]   File "/workspaces/SAM3DObjects-1241/ComfyUI/.ce/.pixi/envs/sam3dobjects-nodes/lib/python3.12/threading.py", line 1012 in run
[21:13]   [ComfyUI]   File "/workspaces/SAM3DObjects-1241/ComfyUI/.ce/.pixi/envs/sam3dobjects-nodes/lib/python3.12/threading.py", line 1075 in _bootstrap_inner
[21:13]   [ComfyUI]   File "/workspaces/SAM3DObjects-1241/ComfyUI/.ce/.pixi/envs/sam3dobjects-nodes/lib/python3.12/threading.py", line 1032 in _bootstrap
[21:13]   [ComfyUI] 
[21:13]   [ComfyUI] Thread 0x00007114fcb1f640 (most recent call first):
[21:13]   [ComfyUI]   File "/tmp/comfyui_pvenv_8g80169v/persistent_worker.py", line 106 in _vram_poller
[21:13]   [ComfyUI]   File "/workspaces/SAM3DObjects-1241/ComfyUI/.ce/.pixi/envs/sam3dobjects-nodes/lib/python3.12/threading.py", line 1012 in run
[21:13]   [ComfyUI]   File "/workspaces/SAM3DObjects-1241/ComfyUI/.ce/.pixi/envs/sam3dobjects-nodes/lib/python3.12/threading.py", line 1075 in _bootstrap_inner
[21:13]   [ComfyUI]   File "/workspaces/SAM3DObjects-1241/ComfyUI/.ce/.pixi/envs/sam3dobjects-nodes/lib/python3.12/threading.py", line 1032 in _bootstrap
[21:13]   [ComfyUI] 
[21:13]   [ComfyUI] Current thread 0x00007114fd324640 (most recent call first):
[21:13]   [ComfyUI]   File "/tmp/comfyui_pvenv_8g80169v/persistent_worker.py", line 52 in _watchdog
[21:13]   [ComfyUI]   File "/workspaces/SAM3DObjects-1241/ComfyUI/.ce/.pixi/envs/sam3dobjects-nodes/lib/python3.12/threading.py", line 1012 in run
[21:13]   [ComfyUI]   File "/workspaces/SAM3DObjects-1241/ComfyUI/.ce/.pixi/envs/sam3dobjects-nodes/lib/python3.12/threading.py", line 1075 in _bootstrap_inner
[21:13]   [ComfyUI]   File "/workspaces/SAM3DObjects-1241/ComfyUI/.ce/.pixi/envs/sam3dobjects-nodes/lib/python3.12/threading.py", line 1032 in _bootstrap
[21:13]   [ComfyUI] 
[21:13]   [ComfyUI] Thread 0x00007114fd91f740 (most recent call first):
[21:13]   [ComfyUI]   File "/workspaces/SAM3DObjects-1241/ComfyUI/.ce/.pixi/envs/sam3dobjects-nodes/lib/python3.12/site-packages/torch/nn/modules/module.py", line 1370 in convert
[21:13]   [ComfyUI]   File "/workspaces/SAM3DObjects-1241/ComfyUI/.ce/.pixi/envs/sam3dobjects-nodes/lib/python3.12/site-packages/torch/nn/modules/module.py", line 965 in _apply
[21:13]   [ComfyUI]   File "/workspaces/SAM3DObjects-1241/ComfyUI/.ce/.pixi/envs/sam3dobjects-nodes/lib/python3.12/site-packages/torch/nn/modules/module.py", line 1384 in to
[21:13]   [ComfyUI]   File "/tmp/comfyui_pvenv_8g80169v/persistent_worker.py", line 1328 in _hooked_to
[21:13]   [ComfyUI]   File "/workspaces/SAM3DObjects-1241/ComfyUI/comfy/model_patcher.py", line 885 in load
[21:13]   [ComfyUI]   File "/workspaces/SAM3DObjects-1241/ComfyUI/comfy/model_patcher.py", line 1079 in partially_load
[21:13]   [ComfyUI]   File "/workspaces/SAM3DObjects-1241/ComfyUI/comfy/model_management.py", line 607 in model_use_more_vram
[21:13]   [ComfyUI]   File "/workspaces/SAM3DObjects-1241/ComfyUI/comfy/model_management.py", line 579 in model_load
[21:13]   [ComfyUI]   File "/workspaces/SAM3DObjects-1241/ComfyUI/comfy/model_management.py", line 817 in load_models_gpu
[21:13]   [ComfyUI]   File "/tmp/comfyui_pvenv_8g80169v/persistent_worker.py", line 1526 in _shimmed_load_models_gpu
[21:13]   [ComfyUI]   File "/workspaces/SAM3DObjects-1241/ComfyUI/custom_nodes/ComfyUI-SAM3DObjects/nodes/utils/stages.py", line 469 in _load_generator
[21:13]   [ComfyUI]   File "/workspaces/SAM3DObjects-1241/ComfyUI/custom_nodes/ComfyUI-SAM3DObjects/nodes/utils/stages.py", line 1179 in run_stage2
[21:13]   [ComfyUI]   File "/workspaces/SAM3DObjects-1241/ComfyUI/custom_nodes/ComfyUI-SAM3DObjects/nodes/scene_generate.py", line 279 in execute
[21:13]   [ComfyUI]   File "/workspaces/SAM3DObjects-1241/ComfyUI/.ce/.pixi/envs/sam3dobjects-nodes/lib/python3.12/site-packages/torch/utils/_contextlib.py", line 124 in decorate_context
[21:13]   [ComfyUI]   File "/workspaces/SAM3DObjects-1241/ComfyUI/comfy_api/latest/_io.py", line 1827 in EXECUTE_NORMALIZED
[21:13]   [ComfyUI]   File "/tmp/comfyui_pvenv_8g80169v/persistent_worker.py", line 1749 in main
[21:13]   [ComfyUI]   File "/tmp/comfyui_pvenv_8g80169v/persistent_worker.py", line 1794 in <module>
[21:13]   [ComfyUI] 
[21:13]   [ComfyUI] [worker:ComfyUI-SAM3DObjects] === END ===
[21:13]   [ComfyUI] 
[21:13]   [ComfyUI] [worker:ComfyUI-SAM3DObjects] [VRAM] +630MB (now 1438MB) reserved=1600MB peak=4117MB
[21:14]   [ComfyUI] [worker:ComfyUI-SAM3DObjects] [VRAM] Stage2: before inference: torch=2328MiB alloc, 2400MiB reserved | gpu=2780MiB/7703MiB used
[21:14]   [ComfyUI] [worker:ComfyUI-SAM3DObjects] [DTYPE_DBG] _generate_noise_tensor: _compute_dtype=torch.bfloat16 shape=(1, 18058, 8) device=cuda:0
[21:14]   [ComfyUI] [worker:ComfyUI-SAM3DObjects] [VRAM] +1066MB (now 2504MB) reserved=2976MB peak=4117MB
[21:15]   Frame 90 saved (frame_089.jpg, t=243.3s)
[21:15]   [capture-periodic] freeze=2ms shot=216ms unfreeze=6ms saved=True
[21:15]   [ComfyUI] [SubprocessWorker] callback 'report_progress' from call_id=81
[21:16]   [ComfyUI] [SubprocessWorker] callback 'report_progress' from call_id=81
[21:17]   [ComfyUI] [SubprocessWorker] callback 'report_progress' from call_id=81
[21:17]   Frame 91 saved (frame_090.jpg, t=245.7s)
[21:17]   [capture-periodic] freeze=14ms shot=208ms unfreeze=4ms saved=True
[21:18]   [ComfyUI] [SubprocessWorker] callback 'report_progress' from call_id=81
[21:18]   [capture-loop] iter=2100 t=247.0s state={'complete': False, 'error': None, 'executedCount': 1, 'wsState': 1} eval_ms=2
[21:19]   [ComfyUI] [SubprocessWorker] callback 'report_progress' from call_id=81
[21:19]   Frame 92 saved (frame_091.jpg, t=248.0s)
[21:19]   [capture-periodic] freeze=2ms shot=200ms unfreeze=4ms saved=True
[21:20]   [ComfyUI] [SubprocessWorker] callback 'report_progress' from call_id=81
[21:21]   [ComfyUI] [SubprocessWorker] callback 'report_progress' from call_id=81
[21:21]   [ComfyUI] [SubprocessWorker] callback 'report_progress' from call_id=81
[21:22]   [ComfyUI] [SubprocessWorker] callback 'report_progress' from call_id=81
[21:22]   Frame 93 saved (frame_092.jpg, t=250.4s)
[21:22]   [capture-periodic] freeze=10ms shot=186ms unfreeze=5ms saved=True
[21:22]   [ComfyUI] [SubprocessWorker] callback 'report_progress' from call_id=81
[21:23]   [ComfyUI] [SubprocessWorker] callback 'report_progress' from call_id=81
[21:23]   [ComfyUI] [SubprocessWorker] callback 'report_progress' from call_id=81
[21:23]   [ComfyUI] [worker:ComfyUI-SAM3DObjects] [VRAM] Stage2: after inference: torch=2329MiB alloc, 2944MiB reserved | gpu=3324MiB/7703MiB used
[21:23]   [ComfyUI] [worker:ComfyUI-SAM3DObjects] [VRAM] -820MB (now 1685MB) reserved=2944MB peak=4117MB
[21:23]   [ComfyUI] [worker:ComfyUI-SAM3DObjects] [VRAM] Stage2: after model cleanup: torch=38MiB alloc, 288MiB reserved | gpu=668MiB/7703MiB used
[21:23]   [ComfyUI] [worker:ComfyUI-SAM3DObjects] [VRAM] SceneGenerate: PHASE 3 start: torch=14MiB alloc, 288MiB reserved | gpu=668MiB/7703MiB used
[21:23]   [ComfyUI] [SubprocessWorker] callback 'report_progress' from call_id=81
[21:23]   [ComfyUI] [worker:ComfyUI-SAM3DObjects] [VRAM] _load_decoder(slat_decoder_mesh): before instantiate: torch=14MiB alloc, 288MiB reserved | gpu=668MiB/7703MiB used
[21:24]   [ComfyUI] [worker:ComfyUI-SAM3DObjects] [VRAM] _load_decoder(slat_decoder_mesh): after load_state_dict: torch=14MiB alloc, 512MiB reserved | gpu=892MiB/7703MiB used
[21:24]   [ComfyUI] [SubprocessWorker] callback 'request_vram_budget' from call_id=81
[21:24]   [ComfyUI] [comfy-env] VRAM request: 0.18GB, free before eviction: 7.14GB
[21:24]   [ComfyUI] [comfy-env] VRAM after eviction: 7.14GB
[21:24]   [ComfyUI] [worker:ComfyUI-SAM3DObjects] [VRAM] Decode(mesh): after load_models_gpu: torch=187MiB alloc, 320MiB reserved | gpu=700MiB/7703MiB used
[21:24]   [ComfyUI] [SubprocessWorker] callback 'report_progress' from call_id=81
[21:24]   Frame 94 saved (frame_093.jpg, t=252.6s)
[21:24]   [capture-periodic] freeze=2ms shot=217ms unfreeze=2ms saved=True
[21:24]   [capture-loop] iter=2150 t=253.0s state={'complete': False, 'error': None, 'executedCount': 1, 'wsState': 1} eval_ms=2
[21:26]   [ComfyUI] [worker:ComfyUI-SAM3DObjects] [VRAM] -728MB (now 957MB) reserved=1120MB peak=4117MB
[21:26]   Frame 95 saved (frame_094.jpg, t=255.0s)
[21:26]   [capture-periodic] freeze=2ms shot=216ms unfreeze=3ms saved=True
[21:29]   [ComfyUI] [worker:ComfyUI-SAM3DObjects] [VRAM] +1130MB (now 2087MB) reserved=2208MB peak=4117MB
[21:30]   [capture-loop] iter=2200 t=258.6s state={'complete': False, 'error': None, 'executedCount': 1, 'wsState': 1} eval_ms=2
[21:30]   [ComfyUI] [worker:ComfyUI-SAM3DObjects] [VRAM] +311MB (now 2399MB) reserved=4672MB peak=4117MB
[21:30]   [ComfyUI] [worker:ComfyUI-SAM3DObjects] WARNING: [VRAM:mesh] start: 1057 MiB | cubefeats torch.Size([1698496, 101])
[21:31]   [ComfyUI] [worker:ComfyUI-SAM3DObjects] WARNING: [VRAM:mesh] after sparse_cube2verts: 1154 MiB | v_pos torch.Size([1954154, 3])
[21:31]   [ComfyUI] [worker:ComfyUI-SAM3DObjects] WARNING: [VRAM:mesh] after get_sparse_attrs + del: 441 MiB | verts 1954154 cubes 1698496
[21:31]   [ComfyUI] [worker:ComfyUI-SAM3DObjects] WARNING: [VRAM:mesh] after dilation: 502 MiB | verts 2379394 cubes 2137402
[21:31]   [ComfyUI] [worker:ComfyUI-SAM3DObjects] WARNING: [VRAM:mesh] after searchsorted: 606 MiB | reg_c torch.Size([2137402, 8])
[21:31]   [ComfyUI] [worker:ComfyUI-SAM3DObjects] WARNING: [VRAM:fc] start: 606 MiB | verts torch.Size([2379395, 3]) cubes torch.Size([2137402, 8]) sdf torch.Size([2379395])
[21:31]   [ComfyUI] [worker:ComfyUI-SAM3DObjects] WARNING: [VRAM:fc] after _identify_surf_cubes: 624 MiB | surf_cubes 492452/2137402
[21:31]   [ComfyUI] [worker:ComfyUI-SAM3DObjects] WARNING: [VRAM:fc] after _get_case_id: 720 MiB
[21:31]   [ComfyUI] [worker:ComfyUI-SAM3DObjects] WARNING: [VRAM:fc] after _identify_surf_edges: 797 MiB | surf_edges torch.Size([492818, 2])
[21:31]   [ComfyUI] [worker:ComfyUI-SAM3DObjects] WARNING: [VRAM:fc] after _compute_vd: 868 MiB | vd torch.Size([492830, 3])
[21:31]   [ComfyUI] [worker:ComfyUI-SAM3DObjects] WARNING: [VRAM:fc] after _triangulate: 891 MiB | verts torch.Size([492830, 3]) faces torch.Size([985636, 3])
[21:31]   [ComfyUI] [worker:ComfyUI-SAM3DObjects] WARNING: [VRAM:mesh] after FlexiCubes: 641 MiB | verts torch.Size([492830, 3]) faces torch.Size([985636, 3])
[21:31]   [ComfyUI] [SubprocessWorker] callback 'report_progress' from call_id=81
[21:31]   [ComfyUI] [worker:ComfyUI-SAM3DObjects] [VRAM] Decode(mesh): after cleanup: torch=88MiB alloc, 384MiB reserved | gpu=766MiB/7703MiB used
[21:31]   [ComfyUI] [SubprocessWorker] callback 'report_progress' from call_id=81
[21:31]   [ComfyUI] [SubprocessWorker] callback 'report_progress' from call_id=81
[21:31]   [ComfyUI] [SubprocessWorker] callback 'request_vram_budget' from call_id=81
[21:31]   [ComfyUI] [comfy-env] VRAM request: 0.18GB, free before eviction: 7.27GB
[21:31]   [ComfyUI] [comfy-env] VRAM after eviction: 7.27GB
[21:31]   [ComfyUI] [worker:ComfyUI-SAM3DObjects] [VRAM] Decode(mesh): after load_models_gpu: torch=188MiB alloc, 320MiB reserved | gpu=702MiB/7703MiB used
[21:31]   [ComfyUI] [worker:ComfyUI-SAM3DObjects] [VRAM] -1538MB (now 861MB) reserved=5920MB peak=4117MB
[21:32]   [ComfyUI] [worker:ComfyUI-SAM3DObjects] WARNING: [VRAM:mesh] start: 1300 MiB | cubefeats torch.Size([2172672, 101])
[21:32]   [ComfyUI] [worker:ComfyUI-SAM3DObjects] WARNING: [VRAM:mesh] after sparse_cube2verts: 1430 MiB | v_pos torch.Size([2613092, 3])
[21:32]   [ComfyUI] [worker:ComfyUI-SAM3DObjects] WARNING: [VRAM:mesh] after get_sparse_attrs + del: 518 MiB | verts 2613092 cubes 2172672
[21:32]   [ComfyUI] [worker:ComfyUI-SAM3DObjects] WARNING: [VRAM:mesh] after dilation: 628 MiB | verts 3367850 cubes 2959170
[21:32]   [ComfyUI] [worker:ComfyUI-SAM3DObjects] WARNING: [VRAM:mesh] after searchsorted: 770 MiB | reg_c torch.Size([2959170, 8])
[21:32]   [ComfyUI] [worker:ComfyUI-SAM3DObjects] WARNING: [VRAM:fc] start: 770 MiB | verts torch.Size([3367851, 3]) cubes torch.Size([2959170, 8]) sdf torch.Size([3367851])
[21:32]   [ComfyUI] [worker:ComfyUI-SAM3DObjects] WARNING: [VRAM:fc] after _identify_surf_cubes: 795 MiB | surf_cubes 770696/2959170
[21:32]   [ComfyUI] [worker:ComfyUI-SAM3DObjects] WARNING: [VRAM:fc] after _get_case_id: 937 MiB
[21:32]   [ComfyUI] [worker:ComfyUI-SAM3DObjects] WARNING: [VRAM:fc] after _identify_surf_edges: 1058 MiB | surf_edges torch.Size([772078, 2])
[21:32]   [ComfyUI] [worker:ComfyUI-SAM3DObjects] WARNING: [VRAM:fc] after _compute_vd: 1169 MiB | vd torch.Size([771797, 3])
[21:32]   [ComfyUI] [worker:ComfyUI-SAM3DObjects] WARNING: [VRAM:fc] after _triangulate: 1205 MiB | verts torch.Size([771797, 3]) faces torch.Size([1543056, 3])
[21:32]   [ComfyUI] [worker:ComfyUI-SAM3DObjects] WARNING: [VRAM:mesh] after FlexiCubes: 826 MiB | verts torch.Size([771797, 3]) faces torch.Size([1543056, 3])
[21:32]   [ComfyUI] [SubprocessWorker] callback 'report_progress' from call_id=81
[21:32]   [ComfyUI] [worker:ComfyUI-SAM3DObjects] [VRAM] Decode(mesh): after cleanup: torch=131MiB alloc, 416MiB reserved | gpu=798MiB/7703MiB used
[21:32]   [ComfyUI] [SubprocessWorker] callback 'report_progress' from call_id=81
[21:32]   [ComfyUI] [SubprocessWorker] callback 'report_progress' from call_id=81
[21:32]   [ComfyUI] [SubprocessWorker] callback 'request_vram_budget' from call_id=81
[21:32]   [ComfyUI] [comfy-env] VRAM request: 0.18GB, free before eviction: 7.24GB
[21:32]   [ComfyUI] [comfy-env] VRAM after eviction: 7.24GB
[21:32]   [ComfyUI] [worker:ComfyUI-SAM3DObjects] [VRAM] Decode(mesh): after load_models_gpu: torch=189MiB alloc, 288MiB reserved | gpu=670MiB/7703MiB used
[21:32]   [ComfyUI] [worker:ComfyUI-SAM3DObjects] [VRAM] -617MB (now 244MB) reserved=1088MB peak=4117MB
[21:33]   [ComfyUI] [worker:ComfyUI-SAM3DObjects] WARNING: [VRAM:mesh] start: 641 MiB | cubefeats torch.Size([881664, 101])
[21:33]   [ComfyUI] [worker:ComfyUI-SAM3DObjects] WARNING: [VRAM:mesh] after sparse_cube2verts: 692 MiB | v_pos torch.Size([1025122, 3])
[21:33]   [ComfyUI] [worker:ComfyUI-SAM3DObjects] WARNING: [VRAM:mesh] after get_sparse_attrs + del: 322 MiB | verts 1025122 cubes 881664
[21:33]   [ComfyUI] [worker:ComfyUI-SAM3DObjects] WARNING: [VRAM:mesh] after dilation: 359 MiB | verts 1285617 cubes 1147470
[21:33]   [ComfyUI] [worker:ComfyUI-SAM3DObjects] WARNING: [VRAM:mesh] after searchsorted: 414 MiB | reg_c torch.Size([1147470, 8])
[21:33]   [ComfyUI] [worker:ComfyUI-SAM3DObjects] WARNING: [VRAM:fc] start: 414 MiB | verts torch.Size([1285618, 3]) cubes torch.Size([1147470, 8]) sdf torch.Size([1285618])
[21:33]   [ComfyUI] [worker:ComfyUI-SAM3DObjects] WARNING: [VRAM:fc] after _identify_surf_cubes: 424 MiB | surf_cubes 278442/1147470
[21:33]   [ComfyUI] [worker:ComfyUI-SAM3DObjects] WARNING: [VRAM:fc] after _get_case_id: 477 MiB
[21:33]   [ComfyUI] [worker:ComfyUI-SAM3DObjects] WARNING: [VRAM:fc] after _identify_surf_edges: 521 MiB | surf_edges torch.Size([278514, 2])
[21:33]   [ComfyUI] [worker:ComfyUI-SAM3DObjects] WARNING: [VRAM:fc] after _compute_vd: 561 MiB | vd torch.Size([278486, 3])
[21:33]   [ComfyUI] [worker:ComfyUI-SAM3DObjects] WARNING: [VRAM:fc] after _triangulate: 574 MiB | verts torch.Size([278486, 3]) faces torch.Size([557016, 3])
[21:33]   [ComfyUI] [worker:ComfyUI-SAM3DObjects] WARNING: [VRAM:mesh] after FlexiCubes: 435 MiB | verts torch.Size([278486, 3]) faces torch.Size([557016, 3])
[21:33]   [ComfyUI] [SubprocessWorker] callback 'report_progress' from call_id=81
[21:33]   [ComfyUI] [worker:ComfyUI-SAM3DObjects] [VRAM] Decode(mesh): after cleanup: torch=58MiB alloc, 384MiB reserved | gpu=766MiB/7703MiB used
[21:33]   [ComfyUI] [SubprocessWorker] callback 'report_progress' from call_id=81
[21:33]   [ComfyUI] [SubprocessWorker] callback 'report_progress' from call_id=81
[21:33]   [ComfyUI] [SubprocessWorker] callback 'request_vram_budget' from call_id=81
[21:33]   [ComfyUI] [comfy-env] VRAM request: 0.18GB, free before eviction: 7.27GB
[21:33]   [ComfyUI] [comfy-env] VRAM after eviction: 7.27GB
[21:33]   [ComfyUI] [worker:ComfyUI-SAM3DObjects] [VRAM] Decode(mesh): after load_models_gpu: torch=190MiB alloc, 288MiB reserved | gpu=670MiB/7703MiB used
[21:33]   Frame 96 saved (frame_095.jpg, t=262.0s)
[21:33]   [capture-periodic] freeze=2ms shot=198ms unfreeze=2ms saved=True
[21:33]   [ComfyUI] [worker:ComfyUI-SAM3DObjects] WARNING: [VRAM:mesh] start: 1122 MiB | cubefeats torch.Size([1821632, 101])
[21:33]   [ComfyUI] [worker:ComfyUI-SAM3DObjects] [VRAM] +1823MB (now 2067MB) reserved=2368MB peak=4117MB
[21:33]   [ComfyUI] [worker:ComfyUI-SAM3DObjects] WARNING: [VRAM:mesh] after sparse_cube2verts: 1234 MiB | v_pos torch.Size([2251167, 3])
[21:33]   [ComfyUI] [worker:ComfyUI-SAM3DObjects] WARNING: [VRAM:mesh] after get_sparse_attrs + del: 470 MiB | verts 2251167 cubes 1821632
[21:34]   [ComfyUI] [worker:ComfyUI-SAM3DObjects] WARNING: [VRAM:mesh] after dilation: 576 MiB | verts 3005984 cubes 2578798
[21:34]   [ComfyUI] [worker:ComfyUI-SAM3DObjects] WARNING: [VRAM:mesh] after searchsorted: 699 MiB | reg_c torch.Size([2578798, 8])
[21:34]   [ComfyUI] [worker:ComfyUI-SAM3DObjects] WARNING: [VRAM:fc] start: 699 MiB | verts torch.Size([3005985, 3]) cubes torch.Size([2578798, 8]) sdf torch.Size([3005985])
[21:34]   [ComfyUI] [worker:ComfyUI-SAM3DObjects] WARNING: [VRAM:fc] after _identify_surf_cubes: 721 MiB | surf_cubes 822857/2578798
[21:34]   [ComfyUI] [worker:ComfyUI-SAM3DObjects] WARNING: [VRAM:fc] after _get_case_id: 859 MiB
[21:34]   [ComfyUI] [worker:ComfyUI-SAM3DObjects] WARNING: [VRAM:fc] after _identify_surf_edges: 988 MiB | surf_edges torch.Size([823034, 2])
[21:34]   [ComfyUI] [worker:ComfyUI-SAM3DObjects] WARNING: [VRAM:fc] after _compute_vd: 1107 MiB | vd torch.Size([823007, 3])
[21:34]   [ComfyUI] [worker:ComfyUI-SAM3DObjects] WARNING: [VRAM:fc] after _triangulate: 1145 MiB | verts torch.Size([823007, 3]) faces torch.Size([1645862, 3])
[21:34]   [ComfyUI] [worker:ComfyUI-SAM3DObjects] WARNING: [VRAM:mesh] after FlexiCubes: 759 MiB | verts torch.Size([823007, 3]) faces torch.Size([1645862, 3])
[21:34]   [ComfyUI] [SubprocessWorker] callback 'report_progress' from call_id=81
[21:34]   [ComfyUI] [worker:ComfyUI-SAM3DObjects] [VRAM] Decode(mesh): after cleanup: torch=140MiB alloc, 416MiB reserved | gpu=798MiB/7703MiB used
[21:34]   [ComfyUI] [SubprocessWorker] callback 'report_progress' from call_id=81
[21:34]   [ComfyUI] [SubprocessWorker] callback 'report_progress' from call_id=81
[21:34]   [ComfyUI] [SubprocessWorker] callback 'request_vram_budget' from call_id=81
[21:34]   [ComfyUI] [comfy-env] VRAM request: 0.18GB, free before eviction: 7.24GB
[21:34]   [ComfyUI] [comfy-env] VRAM after eviction: 7.24GB
[21:34]   [ComfyUI] [worker:ComfyUI-SAM3DObjects] [VRAM] Decode(mesh): after load_models_gpu: torch=191MiB alloc, 288MiB reserved | gpu=670MiB/7703MiB used
[21:34]   [ComfyUI] [worker:ComfyUI-SAM3DObjects] [VRAM] -1360MB (now 707MB) reserved=4640MB peak=4117MB
[21:35]   [ComfyUI] [worker:ComfyUI-SAM3DObjects] WARNING: [VRAM:mesh] start: 1045 MiB | cubefeats torch.Size([1669760, 101])
[21:35]   [ComfyUI] [worker:ComfyUI-SAM3DObjects] WARNING: [VRAM:mesh] after sparse_cube2verts: 1141 MiB | v_pos torch.Size([1935833, 3])
[21:35]   [ComfyUI] [worker:ComfyUI-SAM3DObjects] WARNING: [VRAM:mesh] after get_sparse_attrs + del: 441 MiB | verts 1935833 cubes 1669760
[21:35]   [ComfyUI] [worker:ComfyUI-SAM3DObjects] WARNING: [VRAM:mesh] after dilation: 505 MiB | verts 2386216 cubes 2128211
[21:35]   [ComfyUI] [worker:ComfyUI-SAM3DObjects] WARNING: [VRAM:mesh] after searchsorted: 608 MiB | reg_c torch.Size([2128211, 8])
[21:35]   [ComfyUI] [worker:ComfyUI-SAM3DObjects] WARNING: [VRAM:fc] start: 608 MiB | verts torch.Size([2386217, 3]) cubes torch.Size([2128211, 8]) sdf torch.Size([2386217])
[21:35]   [ComfyUI] [worker:ComfyUI-SAM3DObjects] WARNING: [VRAM:fc] after _identify_surf_cubes: 626 MiB | surf_cubes 506067/2128211
[21:35]   [ComfyUI] [worker:ComfyUI-SAM3DObjects] WARNING: [VRAM:fc] after _get_case_id: 723 MiB
[21:35]   [ComfyUI] [worker:ComfyUI-SAM3DObjects] WARNING: [VRAM:fc] after _identify_surf_edges: 802 MiB | surf_edges torch.Size([506234, 2])
[21:35]   [ComfyUI] [worker:ComfyUI-SAM3DObjects] WARNING: [VRAM:fc] after _compute_vd: 876 MiB | vd torch.Size([506299, 3])
[21:35]   [ComfyUI] [worker:ComfyUI-SAM3DObjects] WARNING: [VRAM:fc] after _triangulate: 899 MiB | verts torch.Size([506299, 3]) faces torch.Size([1012430, 3])
[21:35]   [ComfyUI] [worker:ComfyUI-SAM3DObjects] WARNING: [VRAM:mesh] after FlexiCubes: 644 MiB | verts torch.Size([506299, 3]) faces torch.Size([1012430, 3])
[21:35]   [ComfyUI] [SubprocessWorker] callback 'report_progress' from call_id=81
[21:35]   [ComfyUI] [worker:ComfyUI-SAM3DObjects] [VRAM] Decode(mesh): after cleanup: torch=93MiB alloc, 448MiB reserved | gpu=830MiB/7703MiB used
[21:35]   [ComfyUI] [SubprocessWorker] callback 'report_progress' from call_id=81
[21:35]   [ComfyUI] [SubprocessWorker] callback 'report_progress' from call_id=81
[21:35]   [ComfyUI] [SubprocessWorker] callback 'request_vram_budget' from call_id=81
[21:35]   [ComfyUI] [comfy-env] VRAM request: 0.18GB, free before eviction: 7.21GB
[21:35]   [ComfyUI] [comfy-env] VRAM after eviction: 7.21GB
[21:35]   [ComfyUI] [worker:ComfyUI-SAM3DObjects] [VRAM] Decode(mesh): after load_models_gpu: torch=191MiB alloc, 288MiB reserved | gpu=670MiB/7703MiB used
[21:35]   [ComfyUI] [worker:ComfyUI-SAM3DObjects] WARNING: [VRAM:mesh] start: 429 MiB | cubefeats torch.Size([463872, 101])
[21:35]   [ComfyUI] [worker:ComfyUI-SAM3DObjects] WARNING: [VRAM:mesh] after sparse_cube2verts: 456 MiB | v_pos torch.Size([538689, 3])
[21:35]   [ComfyUI] [worker:ComfyUI-SAM3DObjects] WARNING: [VRAM:mesh] after get_sparse_attrs + del: 261 MiB | verts 538689 cubes 463872
[21:35]   [ComfyUI] [worker:ComfyUI-SAM3DObjects] WARNING: [VRAM:mesh] after dilation: 281 MiB | verts 675729 cubes 602864
[21:35]   [ComfyUI] [worker:ComfyUI-SAM3DObjects] WARNING: [VRAM:mesh] after searchsorted: 310 MiB | reg_c torch.Size([602864, 8])
[21:35]   [ComfyUI] [worker:ComfyUI-SAM3DObjects] WARNING: [VRAM:fc] start: 310 MiB | verts torch.Size([675730, 3]) cubes torch.Size([602864, 8]) sdf torch.Size([675730])
[21:35]   [ComfyUI] [worker:ComfyUI-SAM3DObjects] WARNING: [VRAM:fc] after _identify_surf_cubes: 315 MiB | surf_cubes 145805/602864
[21:35]   [ComfyUI] [worker:ComfyUI-SAM3DObjects] WARNING: [VRAM:fc] after _get_case_id: 343 MiB
[21:35]   [ComfyUI] [worker:ComfyUI-SAM3DObjects] WARNING: [VRAM:fc] after _identify_surf_edges: 366 MiB | surf_edges torch.Size([145820, 2])
[21:35]   [ComfyUI] [worker:ComfyUI-SAM3DObjects] WARNING: [VRAM:fc] after _compute_vd: 387 MiB | vd torch.Size([145818, 3])
[21:35]   [ComfyUI] [worker:ComfyUI-SAM3DObjects] WARNING: [VRAM:fc] after _triangulate: 393 MiB | verts torch.Size([145818, 3]) faces torch.Size([291616, 3])
[21:35]   [ComfyUI] [worker:ComfyUI-SAM3DObjects] WARNING: [VRAM:mesh] after FlexiCubes: 320 MiB | verts torch.Size([145818, 3]) faces torch.Size([291616, 3])
[21:35]   [ComfyUI] [SubprocessWorker] callback 'report_progress' from call_id=81
[21:35]   [ComfyUI] [worker:ComfyUI-SAM3DObjects] [VRAM] Decode(mesh): after cleanup: torch=40MiB alloc, 320MiB reserved | gpu=702MiB/7703MiB used
[21:35]   [ComfyUI] [SubprocessWorker] callback 'report_progress' from call_id=81
[21:35]   [ComfyUI] [SubprocessWorker] callback 'report_progress' from call_id=81
[21:35]   [ComfyUI] [SubprocessWorker] callback 'request_vram_budget' from call_id=81
[21:35]   [ComfyUI] [comfy-env] VRAM request: 0.18GB, free before eviction: 7.34GB
[21:35]   [ComfyUI] [comfy-env] VRAM after eviction: 7.34GB
[21:35]   [ComfyUI] [worker:ComfyUI-SAM3DObjects] [VRAM] Decode(mesh): after load_models_gpu: torch=192MiB alloc, 288MiB reserved | gpu=670MiB/7703MiB used
[21:35]   [ComfyUI] [worker:ComfyUI-SAM3DObjects] [VRAM] -331MB (now 377MB) reserved=768MB peak=4117MB
[21:36]   Frame 97 saved (frame_096.jpg, t=264.4s)
[21:36]   [capture-periodic] freeze=19ms shot=161ms unfreeze=2ms saved=True
[21:36]   [capture-loop] iter=2250 t=264.7s state={'complete': False, 'error': None, 'executedCount': 1, 'wsState': 1} eval_ms=2
[21:36]   [ComfyUI] [worker:ComfyUI-SAM3DObjects] WARNING: [VRAM:mesh] start: 783 MiB | cubefeats torch.Size([1155712, 101])
[21:36]   [ComfyUI] [worker:ComfyUI-SAM3DObjects] WARNING: [VRAM:mesh] after sparse_cube2verts: 851 MiB | v_pos torch.Size([1368153, 3])
[21:36]   [ComfyUI] [worker:ComfyUI-SAM3DObjects] WARNING: [VRAM:mesh] after get_sparse_attrs + del: 366 MiB | verts 1368153 cubes 1155712
[21:36]   [ComfyUI] [worker:ComfyUI-SAM3DObjects] WARNING: [VRAM:mesh] after dilation: 420 MiB | verts 1738177 cubes 1539604
[21:36]   [ComfyUI] [worker:ComfyUI-SAM3DObjects] WARNING: [VRAM:mesh] after searchsorted: 494 MiB | reg_c torch.Size([1539604, 8])
[21:36]   [ComfyUI] [worker:ComfyUI-SAM3DObjects] WARNING: [VRAM:fc] start: 494 MiB | verts torch.Size([1738178, 3]) cubes torch.Size([1539604, 8]) sdf torch.Size([1738178])
[21:36]   [ComfyUI] [worker:ComfyUI-SAM3DObjects] WARNING: [VRAM:fc] after _identify_surf_cubes: 507 MiB | surf_cubes 360249/1539604
[21:36]   [ComfyUI] [worker:ComfyUI-SAM3DObjects] WARNING: [VRAM:fc] after _get_case_id: 577 MiB
[21:36]   [ComfyUI] [worker:ComfyUI-SAM3DObjects] WARNING: [VRAM:fc] after _identify_surf_edges: 633 MiB | surf_edges torch.Size([360398, 2])
[21:36]   [ComfyUI] [worker:ComfyUI-SAM3DObjects] WARNING: [VRAM:fc] after _compute_vd: 686 MiB | vd torch.Size([360369, 3])
[21:36]   [ComfyUI] [worker:ComfyUI-SAM3DObjects] WARNING: [VRAM:fc] after _triangulate: 702 MiB | verts torch.Size([360369, 3]) faces torch.Size([720678, 3])
[21:36]   [ComfyUI] [worker:ComfyUI-SAM3DObjects] WARNING: [VRAM:mesh] after FlexiCubes: 520 MiB | verts torch.Size([360369, 3]) faces torch.Size([720678, 3])
[21:36]   [ComfyUI] [SubprocessWorker] callback 'report_progress' from call_id=81
[21:36]   [ComfyUI] [worker:ComfyUI-SAM3DObjects] [VRAM] Decode(mesh): after cleanup: torch=72MiB alloc, 352MiB reserved | gpu=734MiB/7703MiB used
[21:36]   [ComfyUI] [SubprocessWorker] callback 'report_progress' from call_id=81
[21:36]   [ComfyUI] [worker:ComfyUI-SAM3DObjects] [VRAM] SceneGenerate: done: torch=10MiB alloc, 352MiB reserved | gpu=734MiB/7703MiB used
[21:36]   [ComfyUI] [SubprocessWorker] got response: ok
[21:36]   [ComfyUI] [comfy-env] Created 6 model patchers: ['EmbedderFuser_2', 'ShortCut_3', 'SparseStructureDecoderTdfyWrapper_4', 'EmbedderFuser_5', 'FlowMatching_6', 'SLatMeshDecoderTdfyWrapper_7']
[21:36]   [ComfyUI] [comfy-env] SAM3DSceneGenerate done (238.60s): result: NodeOutput
[21:36]   [ComfyUI] [VRAM] After SAM3DSceneGenerate: 734 / 7703 MB
[21:36]   [ComfyUI] [VRAM] Loaded: SubprocessModel (0 MB), SubprocessModel (0 MB), SubprocessModel (0 MB), SubprocessModel (0 MB), SubprocessModel (0 MB), SubprocessModel (0 MB), SubprocessModel (0 MB)
[21:36]   [ComfyUI] [comfy-env] Running SAM3D_ScenePoseOptimize: output_folder: '/workspaces/SAM3DObjects-1241/ComfyUI/output/sam3d_scene_1', optimization_mode: 'pose_only'
[21:36]   [ComfyUI] [VRAM] Before SAM3D_ScenePoseOptimize: 734 / 7703 MB
[21:36]   [ComfyUI] [VRAM] Loaded: SubprocessModel (0 MB), SubprocessModel (0 MB), SubprocessModel (0 MB), SubprocessModel (0 MB), SubprocessModel (0 MB), SubprocessModel (0 MB), SubprocessModel (0 MB)
[21:36]   [ComfyUI] [SubprocessWorker] call_method: nodes.scene_pose_optimize.SAM3D_ScenePoseOptimize.EXECUTE_NORMALIZED
[21:36]   [ComfyUI] [SubprocessWorker] acquired lock, ensuring started...
[21:36]   [ComfyUI] [ComfyUI-SAM3DObjects] Health check: ping (timeout=5.0s)...
[21:36]   [ComfyUI] [ComfyUI-SAM3DObjects] Health check: ok
[21:36]   [ComfyUI] [SubprocessWorker] worker started/confirmed
[21:36]   [ComfyUI] [SubprocessWorker] serializing kwargs to shm...
[21:36]   [ComfyUI] [SubprocessWorker] created 0 shm blocks
[21:36]   [ComfyUI] [SubprocessWorker] sending request via socket...
[21:36]   [ComfyUI] [SubprocessWorker] call_id=82 sending call_method
[21:36]   [ComfyUI] [worker:ComfyUI-SAM3DObjects] [VRAM] -369MB (now 9MB) reserved=352MB peak=4117MB
[21:37]   [ComfyUI] [SubprocessWorker] got response: ok
[21:37]   [ComfyUI] [comfy-env] SAM3D_ScenePoseOptimize done (0.91s): result: NodeOutput
[21:37]   [ComfyUI] [VRAM] After SAM3D_ScenePoseOptimize: 734 / 7703 MB
[21:37]   [ComfyUI] [VRAM] Loaded: SubprocessModel (0 MB), SubprocessModel (0 MB), SubprocessModel (0 MB), SubprocessModel (0 MB), SubprocessModel (0 MB), SubprocessModel (0 MB), SubprocessModel (0 MB)
[21:37]   [ComfyUI] [comfy-env] Running SAM3D_ProjectionOverlay: pose_opt_folder: '/workspaces/SAM3DObjects-1241/ComfyUI/output/sam3d_scene..., render_mode: '3d_mesh_textured', point_size: 2, alpha: 0.6
[21:37]   [ComfyUI] [VRAM] Before SAM3D_ProjectionOverlay: 734 / 7703 MB
[21:37]   [ComfyUI] [VRAM] Loaded: SubprocessModel (0 MB), SubprocessModel (0 MB), SubprocessModel (0 MB), SubprocessModel (0 MB), SubprocessModel (0 MB), SubprocessModel (0 MB), SubprocessModel (0 MB)
[21:37]   [ComfyUI] [SubprocessWorker] call_method: nodes.projection_overlay.SAM3D_ProjectionOverlay.EXECUTE_NORMALIZED
[21:37]   [ComfyUI] [SubprocessWorker] acquired lock, ensuring started...
[21:37]   [ComfyUI] [ComfyUI-SAM3DObjects] Health check: ping (timeout=5.0s)...
[21:37]   [ComfyUI] [ComfyUI-SAM3DObjects] Health check: ok
[21:37]   [ComfyUI] [SubprocessWorker] worker started/confirmed
[21:37]   [ComfyUI] [SubprocessWorker] serializing kwargs to shm...
[21:37]   [ComfyUI] [SubprocessWorker] created 0 shm blocks
[21:37]   [ComfyUI] [SubprocessWorker] sending request via socket...
[21:37]   [ComfyUI] [SubprocessWorker] call_id=83 sending call_method
[21:38]   Frame 98 saved (frame_097.jpg, t=266.7s)
[21:38]   [capture-periodic] freeze=2ms shot=238ms unfreeze=8ms saved=True
[21:40]   Frame 99 saved (frame_098.jpg, t=269.1s)
[21:40]   [capture-periodic] freeze=2ms shot=217ms unfreeze=6ms saved=True
[21:41]   [capture-loop] iter=2300 t=270.5s state={'complete': False, 'error': None, 'executedCount': 1, 'wsState': 1} eval_ms=2
[21:47]   [capture-loop] iter=2350 t=276.4s state={'complete': False, 'error': None, 'executedCount': 1, 'wsState': 1} eval_ms=2
[21:48]   [ComfyUI] [SubprocessWorker] got response: error
[21:48]   [ComfyUI] !!! Exception during processing !!! Invalid device ID (0)
[21:48]   [ComfyUI] 
[21:48]   [ComfyUI] Worker traceback:
[21:48]   [ComfyUI] Traceback (most recent call last):
[21:48]   [ComfyUI]   File "/tmp/comfyui_pvenv_8g80169v/persistent_worker.py", line 1749, in main
[21:48]   [ComfyUI]     result = method(**inputs)
[21:48]   [ComfyUI]              ^^^^^^^^^^^^^^^^
[21:48]   [ComfyUI]   File "/workspaces/SAM3DObjects-1241/ComfyUI/comfy_api/latest/_io.py", line 1827, in EXECUTE_NORMALIZED
[21:48]   [ComfyUI]     to_return = cls.execute(*args, **kwargs)
[21:48]   [ComfyUI]                 ^^^^^^^^^^^^^^^^^^^^^^^^^^^^
[21:48]   [ComfyUI]   File "/workspaces/SAM3DObjects-1241/ComfyUI/.ce/.pixi/envs/sam3dobjects-nodes/lib/python3.12/site-packages/torch/utils/_contextlib.py", line 124, in decorate_context
[21:48]   [ComfyUI]     return func(*args, **kwargs)
[21:48]   [ComfyUI]            ^^^^^^^^^^^^^^^^^^^^^
[21:48]   [ComfyUI]   File "/workspaces/SAM3DObjects-1241/ComfyUI/custom_nodes/ComfyUI-SAM3DObjects/nodes/projection_overlay.py", line 185, in execute
[21:48]   [ComfyUI]     overlay = cls._render_3d_mesh_textured(loaded_meshes, img_array, K, alpha, H, W)
[21:48]   [ComfyUI]               ^^^^^^^^^^^^^^^^^^^^^^^^^^^^^^^^^^^^^^^^^^^^^^^^^^^^^^^^^^^^^^^^^^^^^^
[21:48]   [ComfyUI]   File "/workspaces/SAM3DObjects-1241/ComfyUI/custom_nodes/ComfyUI-SAM3DObjects/nodes/projection_overlay.py", line 363, in _render_3d_mesh_textured
[21:48]   [ComfyUI]     renderer = pyrender.OffscreenRenderer(W, H)
[21:48]   [ComfyUI]                ^^^^^^^^^^^^^^^^^^^^^^^^^^^^^^^^
[21:48]   [ComfyUI]   File "/workspaces/SAM3DObjects-1241/ComfyUI/.ce/.pixi/envs/sam3dobjects-nodes/lib/python3.12/site-packages/pyrender/offscreen.py", line 31, in __init__
[21:48]   [ComfyUI]     self._create()
[21:48]   [ComfyUI]   File "/workspaces/SAM3DObjects-1241/ComfyUI/.ce/.pixi/envs/sam3dobjects-nodes/lib/python3.12/site-packages/pyrender/offscreen.py", line 137, in _create
[21:48]   [ComfyUI]     egl_device = egl.get_device_by_index(device_id)
[21:48]   [ComfyUI]                  ^^^^^^^^^^^^^^^^^^^^^^^^^^^^^^^^^^
[21:48]   [ComfyUI]   File "/workspaces/SAM3DObjects-1241/ComfyUI/.ce/.pixi/envs/sam3dobjects-nodes/lib/python3.12/site-packages/pyrender/platforms/egl.py", line 83, in get_device_by_index
[21:48]   [ComfyUI]     raise ValueError('Invalid device ID ({})'.format(device_id, len(devices)))
[21:48]   [ComfyUI] ValueError: Invalid device ID (0)
[21:48]   [ComfyUI] 
[21:48]   [ComfyUI] Traceback (most recent call last):
[21:48]   [ComfyUI]   File "/workspaces/SAM3DObjects-1241/ComfyUI/execution.py", line 535, in execute
[21:48]   [ComfyUI]     output_data, output_ui, has_subgraph, has_pending_tasks = await get_output_data(prompt_id, unique_id, obj, input_data_all, execution_block_cb=execution_block_cb, pre_execute_cb=pre_execute_cb, v3_data=v3_data)
[21:48]   [ComfyUI]   File "/workspaces/SAM3DObjects-1241/ComfyUI/execution.py", line 335, in get_output_data
[21:48]   [ComfyUI]     return_values = await _async_map_node_over_list(prompt_id, unique_id, obj, input_data_all, obj.FUNCTION, allow_interrupt=True, execution_block_cb=execution_block_cb, pre_execute_cb=pre_execute_cb, v3_data=v3_data)
[21:48]   [ComfyUI]   File "/workspaces/SAM3DObjects-1241/ComfyUI/execution.py", line 309, in _async_map_node_over_list
[21:48]   [ComfyUI]     await process_inputs(input_dict, i)
[21:48]   [ComfyUI]   File "/workspaces/SAM3DObjects-1241/ComfyUI/execution.py", line 297, in process_inputs
[21:48]   [ComfyUI]     result = f(**inputs)
[21:48]   [ComfyUI]   File "/workspaces/SAM3DObjects-1241/.venv/lib/python3.10/site-packages/comfy_env/isolation/metadata.py", line 524, in proxy
[21:48]   [ComfyUI]     result = worker.call_method(
[21:48]   [ComfyUI]   File "/workspaces/SAM3DObjects-1241/.venv/lib/python3.10/site-packages/comfy_env/isolation/workers/subprocess.py", line 673, in call_method
[21:48]   [ComfyUI]     raise WorkerError(
[21:48]   [ComfyUI] comfy_env.isolation.workers.base.WorkerError: Invalid device ID (0)
[21:48]   [ComfyUI] 
[21:48]   [ComfyUI] Worker traceback:
[21:48]   [ComfyUI] Traceback (most recent call last):
[21:48]   [ComfyUI]   File "/tmp/comfyui_pvenv_8g80169v/persistent_worker.py", line 1749, in main
[21:48]   [ComfyUI]     result = method(**inputs)
[21:48]   [ComfyUI]              ^^^^^^^^^^^^^^^^
[21:48]   [ComfyUI]   File "/workspaces/SAM3DObjects-1241/ComfyUI/comfy_api/latest/_io.py", line 1827, in EXECUTE_NORMALIZED
[21:48]   [ComfyUI]     to_return = cls.execute(*args, **kwargs)
[21:48]   [ComfyUI]                 ^^^^^^^^^^^^^^^^^^^^^^^^^^^^
[21:48]   [ComfyUI]   File "/workspaces/SAM3DObjects-1241/ComfyUI/.ce/.pixi/envs/sam3dobjects-nodes/lib/python3.12/site-packages/torch/utils/_contextlib.py", line 124, in decorate_context
[21:48]   [ComfyUI]     return func(*args, **kwargs)
[21:48]   [ComfyUI]            ^^^^^^^^^^^^^^^^^^^^^
[21:48]   [ComfyUI]   File "/workspaces/SAM3DObjects-1241/ComfyUI/custom_nodes/ComfyUI-SAM3DObjects/nodes/projection_overlay.py", line 185, in execute
[21:48]   [ComfyUI]     overlay = cls._render_3d_mesh_textured(loaded_meshes, img_array, K, alpha, H, W)
[21:48]   [ComfyUI]               ^^^^^^^^^^^^^^^^^^^^^^^^^^^^^^^^^^^^^^^^^^^^^^^^^^^^^^^^^^^^^^^^^^^^^^
[21:48]   [ComfyUI]   File "/workspaces/SAM3DObjects-1241/ComfyUI/custom_nodes/ComfyUI-SAM3DObjects/nodes/projection_overlay.py", line 363, in _render_3d_mesh_textured
[21:48]   [ComfyUI]     renderer = pyrender.OffscreenRenderer(W, H)
[21:48]   [ComfyUI]                ^^^^^^^^^^^^^^^^^^^^^^^^^^^^^^^^
[21:48]   [ComfyUI]   File "/workspaces/SAM3DObjects-1241/ComfyUI/.ce/.pixi/envs/sam3dobjects-nodes/lib/python3.12/site-packages/pyrender/offscreen.py", line 31, in __init__
[21:48]   [ComfyUI]     self._create()
[21:48]   [ComfyUI]   File "/workspaces/SAM3DObjects-1241/ComfyUI/.ce/.pixi/envs/sam3dobjects-nodes/lib/python3.12/site-packages/pyrender/offscreen.py", line 137, in _create
[21:48]   [ComfyUI]     egl_device = egl.get_device_by_index(device_id)
[21:48]   [ComfyUI]                  ^^^^^^^^^^^^^^^^^^^^^^^^^^^^^^^^^^
[21:48]   [ComfyUI]   File "/workspaces/SAM3DObjects-1241/ComfyUI/.ce/.pixi/envs/sam3dobjects-nodes/lib/python3.12/site-packages/pyrender/platforms/egl.py", line 83, in get_device_by_index
[21:48]   [ComfyUI]     raise ValueError('Invalid device ID ({})'.format(device_id, len(devices)))
[21:48]   [ComfyUI] ValueError: Invalid device ID (0)
[21:48]   [ComfyUI] 
[21:48]   [ComfyUI] 
[21:48]   [ComfyUI] Prompt executed in 277.01 seconds
[21:49]   Execution complete (t=277.6s)
[21:49]   Execution error: {'prompt_id': 'bf6edb1d-0f38-41ab-8995-6dfb993e1950', 'node_id': '100', 'node_type': 'SAM3D_ProjectionOverlay', 'executed': ['78', '75', '74', '80', '99', '59', '82', '77'], 'exception_message': 'Invalid device ID (0)\n\nWorker traceback:\nTraceback (most recent call last):\n  File "/tmp/comfyui_pvenv_8g80169v/persistent_worker.py", line 1749, in main\n    result = method(**inputs)\n             ^^^^^^^^^^^^^^^^\n  File "/workspaces/SAM3DObjects-1241/ComfyUI/comfy_api/latest/_io.py", line 1827, in EXECUTE_NORMALIZED\n    to_return = cls.execute(*args, **kwargs)\n                ^^^^^^^^^^^^^^^^^^^^^^^^^^^^\n  File "/workspaces/SAM3DObjects-1241/ComfyUI/.ce/.pixi/envs/sam3dobjects-nodes/lib/python3.12/site-packages/torch/utils/_contextlib.py", line 124, in decorate_context\n    return func(*args, **kwargs)\n           ^^^^^^^^^^^^^^^^^^^^^\n  File "/workspaces/SAM3DObjects-1241/ComfyUI/custom_nodes/ComfyUI-SAM3DObjects/nodes/projection_overlay.py", line 185, in execute\n    overlay = cls._render_3d_mesh_textured(loaded_meshes, img_array, K, alpha, H, W)\n              ^^^^^^^^^^^^^^^^^^^^^^^^^^^^^^^^^^^^^^^^^^^^^^^^^^^^^^^^^^^^^^^^^^^^^^\n  File "/workspaces/SAM3DObjects-1241/ComfyUI/custom_nodes/ComfyUI-SAM3DObjects/nodes/projection_overlay.py", line 363, in _render_3d_mesh_textured\n    renderer = pyrender.OffscreenRenderer(W, H)\n               ^^^^^^^^^^^^^^^^^^^^^^^^^^^^^^^^\n  File "/workspaces/SAM3DObjects-1241/ComfyUI/.ce/.pixi/envs/sam3dobjects-nodes/lib/python3.12/site-packages/pyrender/offscreen.py", line 31, in __init__\n    self._create()\n  File "/workspaces/SAM3DObjects-1241/ComfyUI/.ce/.pixi/envs/sam3dobjects-nodes/lib/python3.12/site-packages/pyrender/offscreen.py", line 137, in _create\n    egl_device = egl.get_device_by_index(device_id)\n                 ^^^^^^^^^^^^^^^^^^^^^^^^^^^^^^^^^^\n  File "/workspaces/SAM3DObjects-1241/ComfyUI/.ce/.pixi/envs/sam3dobjects-nodes/lib/python3.12/site-packages/pyrender/platforms/egl.py", line 83, in get_device_by_index\n    raise ValueError(\'Invalid device ID ({})\'.format(device_id, len(devices)))\nValueError: Invalid device ID (0)\n\n', 'exception_type': 'comfy_env.isolation.workers.base.WorkerError', 'traceback': ['  File "/workspaces/SAM3DObjects-1241/ComfyUI/execution.py", line 535, in execute\n    output_data, output_ui, has_subgraph, has_pending_tasks = await get_output_data(prompt_id, unique_id, obj, input_data_all, execution_block_cb=execution_block_cb, pre_execute_cb=pre_execute_cb, v3_data=v3_data)\n', '  File "/workspaces/SAM3DObjects-1241/ComfyUI/execution.py", line 335, in get_output_data\n    return_values = await _async_map_node_over_list(prompt_id, unique_id, obj, input_data_all, obj.FUNCTION, allow_interrupt=True, execution_block_cb=execution_block_cb, pre_execute_cb=pre_execute_cb, v3_data=v3_data)\n', '  File "/workspaces/SAM3DObjects-1241/ComfyUI/execution.py", line 309, in _async_map_node_over_list\n    await process_inputs(input_dict, i)\n', '  File "/workspaces/SAM3DObjects-1241/ComfyUI/execution.py", line 297, in process_inputs\n    result = f(**inputs)\n', '  File "/workspaces/SAM3DObjects-1241/.venv/lib/python3.10/site-packages/comfy_env/isolation/metadata.py", line 524, in proxy\n    result = worker.call_method(\n', '  File "/workspaces/SAM3DObjects-1241/.venv/lib/python3.10/site-packages/comfy_env/isolation/workers/subprocess.py", line 673, in call_method\n    raise WorkerError(\n'], 'current_inputs': {'pose_opt_folder': ['/workspaces/SAM3DObjects-1241/ComfyUI/output/sam3d_scene_1_pose_optimized'], 'render_mode': ['3d_mesh_textured'], 'point_size': [2], 'alpha': [0.6]}, 'current_outputs': ['78', '108', '75', '74', '80', '87', '99', '106', '100', '59', '82', '85', '77'], 'timestamp': 1778158992252}
[21:49]   [ComfyUI] [comfy-env] [VRAM] Before offload 'ShortCut_3' (3677 MB) -> cpu: 734 / 7703 MB
[21:49]   [ComfyUI] [ComfyUI-SAM3DObjects] Health check: ping (timeout=5.0s)...
[21:49]   [ComfyUI] [ComfyUI-SAM3DObjects] Health check: ok
[21:49]   [ComfyUI] [SubprocessWorker] call_id=84 sending model_to_device
[21:49]   [ComfyUI] [comfy-env] [VRAM] After offload 'ShortCut_3' (3677 MB): 734 / 7703 MB
[21:49]   [ComfyUI] [comfy-env] [VRAM] Before offload 'FlowMatching_6' (2290 MB) -> cpu: 734 / 7703 MB
[21:49]   [ComfyUI] [ComfyUI-SAM3DObjects] Health check: ping (timeout=5.0s)...
[21:49]   [ComfyUI] [ComfyUI-SAM3DObjects] Health check: ok
[21:49]   [ComfyUI] [SubprocessWorker] call_id=85 sending model_to_device
[21:49]   [ComfyUI] [comfy-env] [VRAM] After offload 'FlowMatching_6' (2290 MB): 734 / 7703 MB
[21:49]   [ComfyUI] [comfy-env] [VRAM] Before offload 'EmbedderFuser_2' (1259 MB) -> cpu: 734 / 7703 MB
[21:49]   [ComfyUI] [ComfyUI-SAM3DObjects] Health check: ping (timeout=5.0s)...
[21:49]   [ComfyUI] [ComfyUI-SAM3DObjects] Health check: ok
[21:49]   [ComfyUI] [SubprocessWorker] call_id=86 sending model_to_device
[21:49]   [ComfyUI] [comfy-env] [VRAM] After offload 'EmbedderFuser_2' (1259 MB): 734 / 7703 MB
[21:49]   [ComfyUI] [comfy-env] [VRAM] Before offload 'EmbedderFuser_5' (1227 MB) -> cpu: 734 / 7703 MB
[21:49]   [ComfyUI] [ComfyUI-SAM3DObjects] Health check: ping (timeout=5.0s)...
[21:49]   [ComfyUI] [ComfyUI-SAM3DObjects] Health check: ok
[21:49]   [ComfyUI] [SubprocessWorker] call_id=87 sending model_to_device
[21:49]   [ComfyUI] [comfy-env] [VRAM] After offload 'EmbedderFuser_5' (1227 MB): 734 / 7703 MB
[21:49]   [ComfyUI] [comfy-env] [VRAM] Before offload 'MoGeModelV1_1' (599 MB) -> cpu: 734 / 7703 MB
[21:49]   [ComfyUI] [ComfyUI-SAM3DObjects] Health check: ping (timeout=5.0s)...
[21:49]   [ComfyUI] [ComfyUI-SAM3DObjects] Health check: ok
[21:49]   [ComfyUI] [SubprocessWorker] call_id=88 sending model_to_device
[21:49]   [ComfyUI] [comfy-env] [VRAM] After offload 'MoGeModelV1_1' (599 MB): 734 / 7703 MB
[21:49]   [ComfyUI] [comfy-env] [VRAM] Before offload 'SLatMeshDecoderTdfyWrapper_7' (173 MB) -> cpu: 734 / 7703 MB
[21:49]   [ComfyUI] [ComfyUI-SAM3DObjects] Health check: ping (timeout=5.0s)...
[21:49]   [ComfyUI] [ComfyUI-SAM3DObjects] Health check: ok
[21:49]   [ComfyUI] [SubprocessWorker] call_id=89 sending model_to_device
[21:49]   [ComfyUI] [comfy-env] [VRAM] After offload 'SLatMeshDecoderTdfyWrapper_7' (173 MB): 734 / 7703 MB
[21:49]   [ComfyUI] [comfy-env] [VRAM] Before offload 'SparseStructureDecoderTdfyWrapper_4' (140 MB) -> cpu: 734 / 7703 MB
[21:49]   [ComfyUI] [ComfyUI-SAM3DObjects] Health check: ping (timeout=5.0s)...
[21:49]   [ComfyUI] [ComfyUI-SAM3DObjects] Health check: ok
[21:49]   [ComfyUI] [SubprocessWorker] call_id=90 sending model_to_device
[21:49]   [ComfyUI] [comfy-env] [VRAM] After offload 'SparseStructureDecoderTdfyWrapper_4' (140 MB): 734 / 7703 MB
[21:49] Results saved to /logs/SAM3DObjects-1241/dev/linux-gpu/results.json
[21:49] Model report: 34 files, 13.9 GB -> /logs/SAM3DObjects-1241/dev/linux-gpu/models.json
[21:49] Saved: /logs/SAM3DObjects-1241/dev/linux-gpu/index.html
[21:49] 
linux: FAILED
[21:49] Error: Workflow execution failed (1 error(s))
[21:49] Details: scene_generation.json: Workflow execution failed: {'prompt_id': 'bf6edb1d-0f38-41ab-8995-6dfb993e1950', 'node_id': '100', 'node_type': 'SAM3D_ProjectionOverlay', 'executed': ['78', '75', '74', '80', '99', '59', '82', '77'], 'exception_message': 'Invalid device ID (0)\n\nWorker traceback:\nTraceback (most recent call last):\n  File "/tmp/comfyui_pvenv_8g80169v/persistent_worker.py", line 1749, in main\n    result = method(**inputs)\n             ^^^^^^^^^^^^^^^^\n  File "/workspaces/SAM3DObjects-1241/ComfyUI/comfy_api/latest/_io.py", line 1827, in EXECUTE_NORMALIZED\n    to_return = cls.execute(*args, **kwargs)\n                ^^^^^^^^^^^^^^^^^^^^^^^^^^^^\n  File "/workspaces/SAM3DObjects-1241/ComfyUI/.ce/.pixi/envs/sam3dobjects-nodes/lib/python3.12/site-packages/torch/utils/_contextlib.py", line 124, in decorate_context\n    return func(*args, **kwargs)\n           ^^^^^^^^^^^^^^^^^^^^^\n  File "/workspaces/SAM3DObjects-1241/ComfyUI/custom_nodes/ComfyUI-SAM3DObjects/nodes/projection_overlay.py", line 185, in execute\n    overlay = cls._render_3d_mesh_textured(loaded_meshes, img_array, K, alpha, H, W)\n              ^^^^^^^^^^^^^^^^^^^^^^^^^^^^^^^^^^^^^^^^^^^^^^^^^^^^^^^^^^^^^^^^^^^^^^\n  File "/workspaces/SAM3DObjects-1241/ComfyUI/custom_nodes/ComfyUI-SAM3DObjects/nodes/projection_overlay.py", line 363, in _render_3d_mesh_textured\n    renderer = pyrender.OffscreenRenderer(W, H)\n               ^^^^^^^^^^^^^^^^^^^^^^^^^^^^^^^^\n  File "/workspaces/SAM3DObjects-1241/ComfyUI/.ce/.pixi/envs/sam3dobjects-nodes/lib/python3.12/site-packages/pyrender/offscreen.py", line 31, in __init__\n    self._create()\n  File "/workspaces/SAM3DObjects-1241/ComfyUI/.ce/.pixi/envs/sam3dobjects-nodes/lib/python3.12/site-packages/pyrender/offscreen.py", line 137, in _create\n    egl_device = egl.get_device_by_index(device_id)\n                 ^^^^^^^^^^^^^^^^^^^^^^^^^^^^^^^^^^\n  File "/workspaces/SAM3DObjects-1241/ComfyUI/.ce/.pixi/envs/sam3dobjects-nodes/lib/python3.12/site-packages/pyrender/platforms/egl.py", line 83, in get_device_by_index\n    raise ValueError(\'Invalid device ID ({})\'.format(device_id, len(devices)))\nValueError: Invalid device ID (0)\n\n', 'exception_type': 'comfy_env.isolation.workers.base.WorkerError', 'traceback': ['  File "/workspaces/SAM3DObjects-1241/ComfyUI/execution.py", line 535, in execute\n    output_data, output_ui, has_subgraph, has_pending_tasks = await get_output_data(prompt_id, unique_id, obj, input_data_all, execution_block_cb=execution_block_cb, pre_execute_cb=pre_execute_cb, v3_data=v3_data)\n', '  File "/workspaces/SAM3DObjects-1241/ComfyUI/execution.py", line 335, in get_output_data\n    return_values = await _async_map_node_over_list(prompt_id, unique_id, obj, input_data_all, obj.FUNCTION, allow_interrupt=True, execution_block_cb=execution_block_cb, pre_execute_cb=pre_execute_cb, v3_data=v3_data)\n', '  File "/workspaces/SAM3DObjects-1241/ComfyUI/execution.py", line 309, in _async_map_node_over_list\n    await process_inputs(input_dict, i)\n', '  File "/workspaces/SAM3DObjects-1241/ComfyUI/execution.py", line 297, in process_inputs\n    result = f(**inputs)\n', '  File "/workspaces/SAM3DObjects-1241/.venv/lib/python3.10/site-packages/comfy_env/isolation/metadata.py", line 524, in proxy\n    result = worker.call_method(\n', '  File "/workspaces/SAM3DObjects-1241/.venv/lib/python3.10/site-packages/comfy_env/isolation/workers/subprocess.py", line 673, in call_method\n    raise WorkerError(\n'], 'current_inputs': {'pose_opt_folder': ['/workspaces/SAM3DObjects-1241/ComfyUI/output/sam3d_scene_1_pose_optimized'], 'render_mode': ['3d_mesh_textured'], 'point_size': [2], 'alpha': [0.6]}, 'current_outputs': ['78', '108', '75', '74', '80', '87', '99', '106', '100', '59', '82', '85', '77'], 'timestamp': 1778158992252}

Details:
Workflow: /node/ComfyUI-SAM3DObjects/workflows/scene_generation.json
Node error: SAM3D_ProjectionOverlay
[21:49] Stopping ComfyUI server...
