Capturing execution frames: debug_large_image_results.json
  Frame 1 saved (frame_000.jpg, t=0.0s)
  Validating workflow...
  [ComfyUI] === /validate endpoint called ===
  [ComfyUI] Received JSON with keys: ['prompt']
  Queuing workflow for execution...
  [ComfyUI] Prompt has 10 nodes
  [ComfyUI]   Node 59: SAM3D_DepthEstimate
  [ComfyUI]     Inputs: {"depth_model": ["74", 0], "image": ["77", 0]}
  [ComfyUI]   Node 74: LoadSAM3DModel
  [ComfyUI]     Inputs: {"attn_backend": "flash_attn", "compile": false, "precision": "auto"}
  [ComfyUI]   Node 75: MultibandLoad
  [ComfyUI]     Inputs: {"image": "scene_multiband.npz", "normalize": true}
  [ComfyUI]   Node 77: MultibandToImage
  [ComfyUI]     Inputs: {"channels": "0,1,2", "multiband": ["75", 0]}
  [ComfyUI]   Node 78: MultibandToMasks
  [ComfyUI]     Inputs: {"channels": "3", "auto_detect_masks": false, "multiband": ["75", 0]}
  [ComfyUI]   Node 88: PreviewImage
  [ComfyUI]     Inputs: {"images": ["77", 0]}
  [ComfyUI]   Node 92: SAM3DGenerateSLAT
  [ComfyUI]     Inputs: {"seed": 42, "stage1_steps": 12, "stage1_cfg": 7.5, "stage1_cfg_pm": 0, "stage2_steps": 12, "stage2_cfg": 5, "use_distillation": false, "generator": ["74", 1], "image": ["77", 0], "mask": ["78", 0], "
  [ComfyUI]   Node 93: SAM3DMeshDecode
  [ComfyUI]     Inputs: {"with_postprocess": false, "simplify": 0.95, "up_axis": "Y-up (standard)", "world_coordinates": false, "use_sparse_flexicubes": true, "slat_decoder_mesh": ["74", 3], "slat": ["92", 0]}
  [ComfyUI]   Node 94: Preview3D
  [ComfyUI]     Inputs: {"model_file": ["93", 0], "image": ""}
  [ComfyUI]   Node 95: MaskPreview
  [ComfyUI]     Inputs: {"mask": ["78", 0]}
  [ComfyUI] Generated prompt_id: a815e81b-10da-4d5a-b4a4-b2ecc409a016
  [ComfyUI] Calling execution.validate_prompt()...
  [ComfyUI] Validation result: valid=True
  [ComfyUI] === Validation PASSED ===
  [ComfyUI] got prompt
  [ComfyUI] LoadMultibandImage: Loaded /workspaces/SAM3DObjects-2147/ComfyUI/input/scene_multiband.npz
  [ComfyUI]   Shape: (1, 10, 2240, 3360)
  [ComfyUI]   Channels: 10
  [ComfyUI]   Names: img_01_r,img_01_g,img_01_b,mask_01,mask_02,mask_03,mask_04,mask_05,mask_06,mask_07
  Frame 2 saved (frame_001.jpg, t=2.6s)
  [capture-periodic] freeze=4ms shot=232ms unfreeze=4ms saved=True
  Node executed (1 total), capturing...
  [ComfyUI] [comfy-env] SubprocessWorker: /tmp/comfytest-home/.ce/.pixi/envs/sam3dobjects-nodes/bin/python
  [ComfyUI] [comfy-env] Running LoadSAM3DModel: attn_backend: 'flash_attn', compile: False, precision: 'auto'
  [ComfyUI] [comfy-env] env_vars: {'COMFYUI_BASE': '/workspaces/SAM3DObjects-2147/ComfyUI'}
  [ComfyUI] [VRAM] Before LoadSAM3DModel: 303 / 24124 MB
  [ComfyUI] [ComfyUI-SAM3DObjects] python: /tmp/comfytest-home/.ce/.pixi/envs/sam3dobjects-nodes/bin/python
  [ComfyUI] [SubprocessWorker] call_method: nodes.load_model.LoadSAM3DModel.EXECUTE_NORMALIZED
  [ComfyUI] [ComfyUI-SAM3DObjects] sys_path sent to worker: ['/workspaces/SAM3DObjects-2147/ComfyUI', '/workspaces/SAM3DObjects-2147/ComfyUI/custom_nodes/ComfyUI-SAM3DObjects', '/tmp/comfytest-home/.ce/.pixi/envs/sam3dobjects-nodes/lib/python3.12/site-packages', '/workspaces/SAM3DObjects-2147/ComfyUI/custom_nodes/ComfyUI-SAM3DObjects']
  [ComfyUI] [SubprocessWorker] acquired lock, ensuring started...
  [ComfyUI] [SubprocessWorker] is_pixi=True, python=/tmp/comfytest-home/.ce/.pixi/envs/sam3dobjects-nodes/bin/python
  [ComfyUI] [SubprocessWorker] launching cmd=['/tmp/comfytest-home/.pixi/bin/pixi', 'run', '--as-is', '--manifest-path', '/tmp/comfytest-home/.ce/pixi.toml', '-e', 'sam3dobjects-nodes', 'python', '/tmp/comfyui_pvenv_71ykybs_/persistent_worker.py', 'abstract://comfy_worker_07a3a0c03c82']...
  [ComfyUI] [SubprocessWorker] socket_addr=abstract://comfy_worker_07a3a0c03c82 (abstract, no filesystem path)
  Frame 3 saved (frame_002.jpg, t=3.9s)
  [capture-node] freeze=63ms shot=291ms unfreeze=4ms saved=True
  Node executed (2 total), capturing...
  Frame 4 saved (frame_003.jpg, t=4.6s)
  [capture-node] freeze=4ms shot=244ms unfreeze=11ms saved=True
  [ComfyUI] [worker:ComfyUI-SAM3DObjects] ERROR: Failed to import comfy_kitchen, Error: No module named 'comfy_kitchen', fp8 and fp4 support will not be available.
  [ComfyUI] [SubprocessWorker] worker started/confirmed
  [ComfyUI] [SubprocessWorker] serializing kwargs to shm...
  [ComfyUI] [SubprocessWorker] created 0 shm blocks
  [ComfyUI] [SubprocessWorker] sending request via socket...
  [ComfyUI] [SubprocessWorker] call_id=1 sending call_method
  [ComfyUI] /tmp/comfytest-home/.ce/.pixi/envs/sam3dobjects-nodes/lib/python3.12/site-packages/huggingface_hub/utils/_validators.py:205: UserWarning: The `local_dir_use_symlinks` argument is deprecated and ignored in `hf_hub_download`. Downloading to a local directory does not use symlinks anymore.
  [ComfyUI]   warnings.warn(
  [capture-loop] iter=50 t=7.6s state={'complete': False, 'error': None, 'executedCount': 2, 'wsState': 1} eval_ms=3 ram=6.0/31.2GB (19%) swap=2.1/32.0GB (7%) cpu=5% browser_rss=1.00GB
  [ComfyUI] Warning: You are sending unauthenticated requests to the HF Hub. Please set a HF_TOKEN to enable higher rate limits and faster downloads.
  [ComfyUI] [worker:ComfyUI-SAM3DObjects] WARNING: Warning: You are sending unauthenticated requests to the HF Hub. Please set a HF_TOKEN to enable higher rate limits and faster downloads.
  [ComfyUI] 
  [ComfyUI] slat_generator.yaml: 0.00B [00:00, ?B/s]
  [ComfyUI] slat_generator.yaml: 1.99kB [00:00, 3.06MB/s]
  [ComfyUI] 
  [ComfyUI] slat_decoder_gs.yaml:   0%|          | 0.00/576 [00:00<?, ?B/s][SubprocessWorker] callback 'report_progress' from call_id=1
  [ComfyUI] 
  [ComfyUI] slat_decoder_gs.yaml: 100%|██████████| 576/576 [00:00<00:00, 594kB/s]
  [ComfyUI] 
  [ComfyUI] slat_decoder_mesh.yaml:   0%|          | 0.00/300 [00:00<?, ?B/s][SubprocessWorker] callback 'report_progress' from call_id=1
  [ComfyUI] 
  [ComfyUI] slat_decoder_mesh.yaml: 100%|██████████| 300/300 [00:00<00:00, 451kB/s]
  [ComfyUI] 
  [ComfyUI] ss_decoder.yaml:   0%|          | 0.00/244 [00:00<?, ?B/s][SubprocessWorker] callback 'report_progress' from call_id=1
  [ComfyUI] 
  [ComfyUI] ss_decoder.yaml: 100%|██████████| 244/244 [00:00<00:00, 232kB/s]
  [ComfyUI] 
  [ComfyUI] pipeline.yaml: 0.00B [00:00, ?B/s]
  [ComfyUI] pipeline.yaml: 3.55kB [00:00, 4.41MB/s]
  [ComfyUI] 
  Frame 5 saved (frame_004.jpg, t=9.2s)
  [capture-periodic] freeze=4ms shot=239ms unfreeze=12ms saved=True
  [ComfyUI] slat_decoder_mesh.safetensors:   0%|          | 0.00/364M [00:00<?, ?B/s]
  [ComfyUI] slat_decoder_mesh.safetensors:   5%|▌         | 18.9M/364M [00:01<00:27, 12.3MB/s][SubprocessWorker] callback 'report_progress' from call_id=1
  [ComfyUI] 
  [ComfyUI] slat_decoder_mesh.safetensors:   8%|▊         | 30.7M/364M [00:01<00:17, 18.9MB/s][SubprocessWorker] callback 'report_progress' from call_id=1
  [ComfyUI] 
  [ComfyUI] slat_decoder_mesh.safetensors:  32%|███▏      | 116M/364M [00:02<00:04, 61.2MB/s] [SubprocessWorker] callback 'report_progress' from call_id=1
  [ComfyUI] 
  [ComfyUI] slat_decoder_mesh.safetensors:  44%|████▍     | 161M/364M [00:03<00:02, 69.6MB/s][SubprocessWorker] callback 'report_progress' from call_id=1
  [ComfyUI] 
  [ComfyUI] slat_decoder_mesh.safetensors:  55%|█████▌    | 201M/364M [00:03<00:01, 85.7MB/s][SubprocessWorker] callback 'report_progress' from call_id=1
  Frame 6 saved (frame_005.jpg, t=11.7s)
  [capture-periodic] freeze=3ms shot=263ms unfreeze=12ms saved=True
  [ComfyUI] 
  [ComfyUI] slat_decoder_mesh.safetensors:  73%|███████▎  | 265M/364M [00:03<00:00, 99.7MB/s][SubprocessWorker] callback 'report_progress' from call_id=1
  [ComfyUI] 
  [ComfyUI] slat_decoder_mesh.safetensors:  78%|███████▊  | 284M/364M [00:04<00:01, 79.8MB/s][SubprocessWorker] callback 'report_progress' from call_id=1
  [ComfyUI] 
  [ComfyUI] slat_decoder_mesh.safetensors: 100%|██████████| 364M/364M [00:04<00:00, 125MB/s] [SubprocessWorker] callback 'report_progress' from call_id=1
  [capture-loop] iter=100 t=13.8s state={'complete': False, 'error': None, 'executedCount': 2, 'wsState': 1} eval_ms=4 ram=6.0/31.2GB (19%) swap=2.1/32.0GB (7%) cpu=5% browser_rss=1.00GB
  Frame 7 saved (frame_006.jpg, t=13.8s)
  [capture-periodic] freeze=4ms shot=249ms unfreeze=3ms saved=True
  [ComfyUI] 
  [ComfyUI] slat_decoder_mesh.safetensors: 100%|██████████| 364M/364M [00:06<00:00, 53.2MB/s]
  [ComfyUI] 
  [ComfyUI] ss_decoder.safetensors:   0%|          | 0.00/148M [00:00<?, ?B/s]
  [ComfyUI] ss_decoder.safetensors:   0%|          | 532k/148M [00:01<05:51, 418kB/s][SubprocessWorker] callback 'report_progress' from call_id=1
  Frame 8 saved (frame_007.jpg, t=16.6s)
  [capture-periodic] freeze=4ms shot=248ms unfreeze=6ms saved=True
  [ComfyUI] 
  [ComfyUI] ss_decoder.safetensors:  10%|▉         | 14.8M/148M [00:01<00:10, 12.8MB/s][SubprocessWorker] callback 'report_progress' from call_id=1
  [ComfyUI] 
  [ComfyUI] ss_decoder.safetensors:  39%|███▊      | 57.1M/148M [00:01<00:01, 50.1MB/s][SubprocessWorker] callback 'report_progress' from call_id=1
  [ComfyUI] 
  [ComfyUI] ss_decoder.safetensors: 100%|██████████| 148M/148M [00:02<00:00, 103MB/s]  [SubprocessWorker] callback 'report_progress' from call_id=1
  [ComfyUI] 
  [ComfyUI] ss_decoder.safetensors: 100%|██████████| 148M/148M [00:02<00:00, 59.7MB/s]
  [ComfyUI] 
  Frame 9 saved (frame_008.jpg, t=18.9s)
  [capture-periodic] freeze=4ms shot=243ms unfreeze=5ms saved=True
  [ComfyUI] slat_generator.safetensors:   0%|          | 0.00/4.91G [00:00<?, ?B/s]
  [ComfyUI] slat_generator.safetensors:   1%|          | 25.2M/4.91G [00:01<05:44, 14.2MB/s][SubprocessWorker] callback 'report_progress' from call_id=1
  [ComfyUI] 
  [ComfyUI] slat_generator.safetensors:   2%|▏         | 78.1M/4.91G [00:02<01:41, 47.3MB/s][SubprocessWorker] callback 'report_progress' from call_id=1
  [capture-loop] iter=150 t=20.6s state={'complete': False, 'error': None, 'executedCount': 2, 'wsState': 1} eval_ms=4 ram=6.0/31.2GB (19%) swap=2.1/32.0GB (7%) cpu=4% browser_rss=1.01GB
  [ComfyUI] 
  Frame 10 saved (frame_009.jpg, t=21.4s)
  [capture-periodic] freeze=4ms shot=277ms unfreeze=5ms saved=True
  [ComfyUI] slat_generator.safetensors:   2%|▏         | 118M/4.91G [00:03<02:03, 38.9MB/s] [SubprocessWorker] callback 'report_progress' from call_id=1
  [ComfyUI] 
  [ComfyUI] slat_generator.safetensors:   3%|▎         | 168M/4.91G [00:04<01:49, 43.3MB/s][SubprocessWorker] callback 'report_progress' from call_id=1
  [ComfyUI] 
  [ComfyUI] slat_generator.safetensors:   6%|▌         | 279M/4.91G [00:04<00:56, 81.7MB/s][SubprocessWorker] callback 'report_progress' from call_id=1
  [ComfyUI] 
  [ComfyUI] slat_generator.safetensors:   7%|▋         | 319M/4.91G [00:05<00:56, 81.4MB/s][SubprocessWorker] callback 'report_progress' from call_id=1
  [ComfyUI] 
  [ComfyUI] slat_generator.safetensors:   9%|▊         | 420M/4.91G [00:06<00:45, 99.1MB/s][SubprocessWorker] callback 'report_progress' from call_id=1
  Frame 11 saved (frame_010.jpg, t=25.0s)
  [capture-periodic] freeze=2ms shot=208ms unfreeze=3ms saved=True
  [ComfyUI] 
  [ComfyUI] slat_generator.safetensors:  12%|█▏        | 571M/4.91G [00:08<00:57, 75.4MB/s][SubprocessWorker] callback 'report_progress' from call_id=1
  Frame 12 saved (frame_011.jpg, t=27.3s)
  [capture-periodic] freeze=4ms shot=247ms unfreeze=3ms saved=True
  [ComfyUI] 
  [ComfyUI] slat_generator.safetensors:  16%|█▌        | 773M/4.91G [00:09<00:40, 102MB/s] [SubprocessWorker] callback 'report_progress' from call_id=1
  [capture-loop] iter=200 t=28.5s state={'complete': False, 'error': None, 'executedCount': 2, 'wsState': 1} eval_ms=4 ram=6.3/31.2GB (20%) swap=2.1/32.0GB (7%) cpu=7% browser_rss=0.93GB
  [ComfyUI] 
  [ComfyUI] slat_generator.safetensors:  17%|█▋        | 823M/4.91G [00:11<00:58, 70.2MB/s][SubprocessWorker] callback 'report_progress' from call_id=1
  Frame 13 saved (frame_012.jpg, t=29.7s)
  [capture-periodic] freeze=3ms shot=262ms unfreeze=21ms saved=True
  [ComfyUI] 
  [ComfyUI] slat_generator.safetensors:  20%|█▉        | 975M/4.91G [00:12<00:36, 107MB/s] [SubprocessWorker] callback 'report_progress' from call_id=1
  [ComfyUI] 
  [ComfyUI] slat_generator.safetensors:  21%|██        | 1.02G/4.91G [00:12<00:36, 106MB/s][SubprocessWorker] callback 'report_progress' from call_id=1
  Frame 14 saved (frame_013.jpg, t=32.1s)
  [capture-periodic] freeze=3ms shot=251ms unfreeze=5ms saved=True
  [capture-loop] iter=250 t=34.8s state={'complete': False, 'error': None, 'executedCount': 2, 'wsState': 1} eval_ms=4 ram=6.6/31.2GB (21%) swap=2.1/32.0GB (7%) cpu=6% browser_rss=0.92GB
  [ComfyUI] 
  [ComfyUI] slat_generator.safetensors:  24%|██▎       | 1.16G/4.91G [00:17<01:08, 54.3MB/s][SubprocessWorker] callback 'report_progress' from call_id=1
  [ComfyUI] 
  [ComfyUI] slat_generator.safetensors:  28%|██▊       | 1.39G/4.91G [00:17<00:36, 97.8MB/s][SubprocessWorker] callback 'report_progress' from call_id=1
  [ComfyUI] 
  [ComfyUI] slat_generator.safetensors:  29%|██▉       | 1.44G/4.91G [00:18<00:42, 82.5MB/s][SubprocessWorker] callback 'report_progress' from call_id=1
  Frame 15 saved (frame_014.jpg, t=36.8s)
  [capture-periodic] freeze=3ms shot=256ms unfreeze=3ms saved=True
  [capture-loop] iter=300 t=40.8s state={'complete': False, 'error': None, 'executedCount': 2, 'wsState': 1} eval_ms=4 ram=7.1/31.2GB (23%) swap=2.1/32.0GB (7%) cpu=7% browser_rss=0.92GB
  [ComfyUI] 
  [ComfyUI] slat_generator.safetensors:  32%|███▏      | 1.57G/4.91G [00:24<01:16, 43.6MB/s][SubprocessWorker] callback 'report_progress' from call_id=1
  [ComfyUI] 
  [ComfyUI] slat_generator.safetensors:  40%|███▉      | 1.94G/4.91G [00:24<00:30, 96.8MB/s][SubprocessWorker] callback 'report_progress' from call_id=1
  Frame 16 saved (frame_015.jpg, t=43.7s)
  [capture-periodic] freeze=3ms shot=255ms unfreeze=5ms saved=True
  [ComfyUI] 
  [ComfyUI] slat_generator.safetensors:  42%|████▏     | 2.04G/4.91G [00:27<00:37, 77.2MB/s][SubprocessWorker] callback 'report_progress' from call_id=1
  Frame 17 saved (frame_016.jpg, t=46.1s)
  [capture-periodic] freeze=3ms shot=249ms unfreeze=4ms saved=True
  [capture-loop] iter=350 t=47.1s state={'complete': False, 'error': None, 'executedCount': 2, 'wsState': 1} eval_ms=3 ram=7.7/31.2GB (25%) swap=2.1/32.0GB (7%) cpu=7% browser_rss=0.93GB
  Frame 18 saved (frame_017.jpg, t=48.5s)
  [capture-periodic] freeze=3ms shot=230ms unfreeze=4ms saved=True
  [ComfyUI] 
  [capture-loop] iter=400 t=53.0s state={'complete': False, 'error': None, 'executedCount': 2, 'wsState': 1} eval_ms=4 ram=8.2/31.2GB (26%) swap=2.1/32.0GB (7%) cpu=6% browser_rss=0.92GB
  [ComfyUI] slat_generator.safetensors:  44%|████▎     | 2.14G/4.91G [00:34<01:06, 41.6MB/s][SubprocessWorker] callback 'report_progress' from call_id=1
  Frame 19 saved (frame_018.jpg, t=53.0s)
  [ComfyUI] 
  [capture-periodic] freeze=4ms shot=239ms unfreeze=13ms saved=True
  [ComfyUI] slat_generator.safetensors:  49%|████▊     | 2.38G/4.91G [00:35<00:43, 58.2MB/s][SubprocessWorker] callback 'report_progress' from call_id=1
  [ComfyUI] 
  [ComfyUI] slat_generator.safetensors:  54%|█████▍    | 2.64G/4.91G [00:36<00:24, 91.8MB/s][SubprocessWorker] callback 'report_progress' from call_id=1
  [ComfyUI] 
  [ComfyUI] slat_generator.safetensors:  60%|██████    | 2.97G/4.91G [00:36<00:13, 149MB/s] [SubprocessWorker] callback 'report_progress' from call_id=1
  [ComfyUI] 
  [ComfyUI] slat_generator.safetensors:  62%|██████▏   | 3.06G/4.91G [00:36<00:12, 153MB/s][SubprocessWorker] callback 'report_progress' from call_id=1
  Frame 20 saved (frame_019.jpg, t=56.3s)
  [capture-periodic] freeze=3ms shot=353ms unfreeze=6ms saved=True
  [ComfyUI] 
  [ComfyUI] slat_generator.safetensors:  65%|██████▍   | 3.19G/4.91G [00:39<00:15, 112MB/s][SubprocessWorker] callback 'report_progress' from call_id=1
  [ComfyUI] 
  Frame 21 saved (frame_020.jpg, t=61.2s)
  [ComfyUI] slat_generator.safetensors:  68%|██████▊   | 3.32G/4.91G [00:39<00:12, 130MB/s][SubprocessWorker] callback 'report_progress' from call_id=1
  [capture-periodic] freeze=40ms shot=268ms unfreeze=4ms saved=True
  [ComfyUI] 
  [ComfyUI] slat_generator.safetensors:  73%|███████▎  | 3.58G/4.91G [00:40<00:07, 174MB/s][SubprocessWorker] callback 'report_progress' from call_id=1
  [ComfyUI] 
  [ComfyUI] slat_generator.safetensors:  76%|███████▌  | 3.71G/4.91G [00:40<00:05, 204MB/s][SubprocessWorker] callback 'report_progress' from call_id=1
  [ComfyUI] 
  [capture-loop] iter=450 t=65.2s state={'complete': False, 'error': None, 'executedCount': 2, 'wsState': 1} eval_ms=3 ram=7.1/31.2GB (23%) swap=2.1/32.0GB (7%) cpu=5% browser_rss=0.92GB
  [ComfyUI] slat_generator.safetensors:  78%|███████▊  | 3.84G/4.91G [00:40<00:04, 239MB/s][SubprocessWorker] callback 'report_progress' from call_id=1
  [ComfyUI] 
  [ComfyUI] slat_generator.safetensors:  84%|████████▎ | 4.10G/4.91G [00:41<00:02, 353MB/s][SubprocessWorker] callback 'report_progress' from call_id=1
  [ComfyUI] 
  Frame 22 saved (frame_021.jpg, t=65.2s)
  [ComfyUI] slat_generator.safetensors:  91%|█████████▏| 4.48G/4.91G [00:41<00:00, 545MB/s][SubprocessWorker] callback 'report_progress' from call_id=1
  [capture-periodic] freeze=4ms shot=421ms unfreeze=4ms saved=True
  [ComfyUI] 
  [ComfyUI] slat_generator.safetensors:  94%|█████████▎| 4.60G/4.91G [00:42<00:01, 299MB/s][SubprocessWorker] callback 'report_progress' from call_id=1
  [ComfyUI] 
  [ComfyUI] slat_generator.safetensors:  96%|█████████▌| 4.72G/4.91G [00:42<00:00, 329MB/s][SubprocessWorker] callback 'report_progress' from call_id=1
  [ComfyUI] 
  [ComfyUI] slat_generator.safetensors: 100%|██████████| 4.91G/4.91G [00:43<00:00, 340MB/s][SubprocessWorker] callback 'report_progress' from call_id=1
  [ComfyUI] [worker:ComfyUI-SAM3DObjects]
  [ComfyUI] === WATCHDOG TICK 1 ===
  [ComfyUI] [worker:ComfyUI-SAM3DObjects] Thread 0x0000732df68b8640 (most recent call first):
  [ComfyUI]   File "/tmp/comfytest-home/.ce/.pixi/envs/sam3dobjects-nodes/lib/python3.12/threading.py", line 359 in wait
  [capture-loop] iter=500 t=74.9s state={'complete': False, 'error': None, 'executedCount': 2, 'wsState': 1} eval_ms=3 ram=7.1/31.2GB (23%) swap=2.1/32.0GB (7%) cpu=2% browser_rss=0.91GB
  [ComfyUI]   File "/tmp/comfytest-home/.ce/.pixi/envs/sam3dobjects-nodes/lib/python3.12/threading.py", line 655 in wait
  [ComfyUI]   File "/tmp/comfytest-home/.ce/.pixi/envs/sam3dobjects-nodes/lib/python3.12/site-packages/tqdm/_monitor.py", line 60 in run
  [ComfyUI]   File "/tmp/comfytest-home/.ce/.pixi/envs/sam3dobjects-nodes/lib/python3.12/threading.py", line 1075 in _bootstrap_inner
  [ComfyUI]   File "/tmp/comfytest-home/.ce/.pixi/envs/sam3dobjects-nodes/lib/python3.12/threading.py", line 1032 in _bootstrap
  [ComfyUI] 
  [ComfyUI] Thread 0x0000732df70b9640 (most recent call first):
  [ComfyUI]   File "/tmp/comfytest-home/.ce/.pixi/envs/sam3dobjects-nodes/lib/python3.12/threading.py", line 359 in wait
  [ComfyUI]   File "/tmp/comfytest-home/.ce/.pixi/envs/sam3dobjects-nodes/lib/python3.12/threading.py", line 655 in wait
  [ComfyUI]   File "/tmp/comfytest-home/.ce/.pixi/envs/sam3dobjects-nodes/lib/python3.12/site-packages/tqdm/_monitor.py", line 60 in run
  [ComfyUI]   File "/tmp/comfytest-home/.ce/.pixi/envs/sam3dobjects-nodes/lib/python3.12/threading.py", line 1075 in _bootstrap_inner
  [ComfyUI]   File "/tmp/comfytest-home/.ce/.pixi/envs/sam3dobjects-nodes/lib/python3.12/threading.py", line 1032 in _bootstrap
  [ComfyUI] 
  [ComfyUI] Thread 0x0000732eb2ac3640 (most recent call first):
  [ComfyUI]   File "/tmp/comfytest-home/.ce/.pixi/envs/sam3dobjects-nodes/lib/python3.12/threading.py", line 359 in wait
  [ComfyUI]   File "/tmp/comfytest-home/.ce/.pixi/envs/sam3dobjects-nodes/lib/python3.12/threading.py", line 655 in wait
  [ComfyUI]   File "/tmp/comfytest-home/.ce/.pixi/envs/sam3dobjects-nodes/lib/python3.12/site-packages/tqdm/_monitor.py", line 60 in run
  [ComfyUI]   File "/tmp/comfytest-home/.ce/.pixi/envs/sam3dobjects-nodes/lib/python3.12/threading.py", line 1075 in _bootstrap_inner
  [ComfyUI]   File "/tmp/comfytest-home/.ce/.pixi/envs/sam3dobjects-nodes/lib/python3.12/threading.py", line 1032 in _bootstrap
  [ComfyUI] 
  [ComfyUI] Thread 0x0000732eb3fff640 (most recent call first):
  [ComfyUI]   File "/tmp/comfytest-home/.ce/.pixi/envs/sam3dobjects-nodes/lib/python3.12/threading.py", line 359 in wait
  [ComfyUI]   File "/tmp/comfytest-home/.ce/.pixi/envs/sam3dobjects-nodes/lib/python3.12/threading.py", line 655 in wait
  [ComfyUI]   File "/tmp/comfytest-home/.ce/.pixi/envs/sam3dobjects-nodes/lib/python3.12/site-packages/tqdm/_monitor.py", line 60 in run
  [ComfyUI]   File "/tmp/comfytest-home/.ce/.pixi/envs/sam3dobjects-nodes/lib/python3.12/threading.py", line 1075 in _bootstrap_inner
  [ComfyUI]   File "/tmp/comfytest-home/.ce/.pixi/envs/sam3dobjects-nodes/lib/python3.12/threading.py", line 1032 in _bootstrap
  [ComfyUI] 
  [ComfyUI] Thread 0x0000732ec0aab640 (most recent call first):
  [ComfyUI]   File "/tmp/comfytest-home/.ce/.pixi/envs/sam3dobjects-nodes/lib/python3.12/threading.py", line 359 in wait
  [ComfyUI]   File "/tmp/comfytest-home/.ce/.pixi/envs/sam3dobjects-nodes/lib/python3.12/threading.py", line 655 in wait
  [ComfyUI]   File "/tmp/comfytest-home/.ce/.pixi/envs/sam3dobjects-nodes/lib/python3.12/site-packages/tqdm/_monitor.py", line 60 in run
  [ComfyUI]   File "/tmp/comfytest-home/.ce/.pixi/envs/sam3dobjects-nodes/lib/python3.12/threading.py", line 1075 in _bootstrap_inner
  [ComfyUI]   File "/tmp/comfytest-home/.ce/.pixi/envs/sam3dobjects-nodes/lib/python3.12/threading.py", line 1032 in _bootstrap
  [ComfyUI] 
  [ComfyUI] Thread 0x0000732ec12ac640 (most recent call first):
  [ComfyUI]   File "/tmp/comfytest-home/.ce/.pixi/envs/sam3dobjects-nodes/lib/python3.12/threading.py", line 359 in wait
  [capture-loop] iter=550 t=82.1s state={'complete': False, 'error': None, 'executedCount': 2, 'wsState': 1} eval_ms=3 ram=7.0/31.2GB (22%) swap=2.1/32.0GB (7%) cpu=2% browser_rss=0.91GB
  [ComfyUI]   File "/tmp/comfytest-home/.ce/.pixi/envs/sam3dobjects-nodes/lib/python3.12/threading.py", line 655 in wait
  [ComfyUI]   File "/tmp/comfytest-home/.ce/.pixi/envs/sam3dobjects-nodes/lib/python3.12/site-packages/tqdm/_monitor.py", line 60 in run
  [ComfyUI]   File "/tmp/comfytest-home/.ce/.pixi/envs/sam3dobjects-nodes/lib/python3.12/threading.py", line 1075 in _bootstrap_inner
  [ComfyUI]   File "/tmp/comfytest-home/.ce/.pixi/envs/sam3dobjects-nodes/lib/python3.12/threading.py", line 1032 in _bootstrap
  [ComfyUI] 
  [ComfyUI] Thread 0x0000732ec1aad640 (most recent call first):
  [ComfyUI]   File "/tmp/comfytest-home/.ce/.pixi/envs/sam3dobjects-nodes/lib/python3.12/threading.py", line 359 in wait
  [ComfyUI]   File "/tmp/comfytest-home/.ce/.pixi/envs/sam3dobjects-nodes/lib/python3.12/threading.py", line 655 in wait
  [ComfyUI]   File "/tmp/comfytest-home/.ce/.pixi/envs/sam3dobjects-nodes/lib/python3.12/site-packages/tqdm/_monitor.py", line 60 in run
  [ComfyUI]   File "/tmp/comfytest-home/.ce/.pixi/envs/sam3dobjects-nodes/lib/python3.12/threading.py", line 1075 in _bootstrap_inner
  [ComfyUI]   File "/tmp/comfytest-home/.ce/.pixi/envs/sam3dobjects-nodes/lib/python3.12/threading.py", line 1032 in _bootstrap
  [ComfyUI] 
  [ComfyUI] Thread 0x0000732ec22b8640 (most recent call first):
  [ComfyUI]   File "/tmp/comfytest-home/.ce/.pixi/envs/sam3dobjects-nodes/lib/python3.12/threading.py", line 359 in wait
  [ComfyUI]   File "/tmp/comfytest-home/.ce/.pixi/envs/sam3dobjects-nodes/lib/python3.12/threading.py", line 655 in wait
  [ComfyUI]   File "/tmp/comfytest-home/.ce/.pixi/envs/sam3dobjects-nodes/lib/python3.12/site-packages/tqdm/_monitor.py", line 60 in run
  [ComfyUI]   File "/tmp/comfytest-home/.ce/.pixi/envs/sam3dobjects-nodes/lib/python3.12/threading.py", line 1075 in _bootstrap_inner
  [ComfyUI]   File "/tmp/comfytest-home/.ce/.pixi/envs/sam3dobjects-nodes/lib/python3.12/threading.py", line 1032 in _bootstrap
  [ComfyUI] 
  [ComfyUI] Thread 0x0000733079d87640 (most recent call first):
  [ComfyUI]   File "/tmp/comfyui_pvenv_71ykybs_/persistent_worker.py", line 106 in _vram_poller
  [ComfyUI]   File "/tmp/comfytest-home/.ce/.pixi/envs/sam3dobjects-nodes/lib/python3.12/threading.py", line 1012 in run
  [ComfyUI]   File "/tmp/comfytest-home/.ce/.pixi/envs/sam3dobjects-nodes/lib/python3.12/threading.py", line 1075 in _bootstrap_inner
  [ComfyUI]   File "/tmp/comfytest-home/.ce/.pixi/envs/sam3dobjects-nodes/lib/python3.12/threading.py", line 1032 in _bootstrap
  [ComfyUI] 
  [ComfyUI] Current thread 0x000073307a58c640 (most recent call first):
  [ComfyUI]   File "/tmp/comfyui_pvenv_71ykybs_/persistent_worker.py", line 52 in _watchdog
  [ComfyUI]   File "/tmp/comfytest-home/.ce/.pixi/envs/sam3dobjects-nodes/lib/python3.12/threading.py", line 1012 in run
  [ComfyUI]   File "/tmp/comfytest-home/.ce/.pixi/envs/sam3dobjects-nodes/lib/python3.12/threading.py", line 1075 in _bootstrap_inner
  [ComfyUI]   File "/tmp/comfytest-home/.ce/.pixi/envs/sam3dobjects-nodes/lib/python3.12/threading.py", line 1032 in _bootstrap
  [ComfyUI] 
  [ComfyUI] Thread 0x000073307ab87740 (most recent call first):
  [ComfyUI]   File "/tmp/comfytest-home/.ce/.pixi/envs/sam3dobjects-nodes/lib/python3.12/site-packages/huggingface_hub/file_download.py", line 558 in xet_get
  [ComfyUI]   File "/tmp/comfytest-home/.ce/.pixi/envs/sam3dobjects-nodes/lib/python3.12/site-packages/huggingface_hub/file_download.py", line 1842 in _download_to_tmp_and_move
  [ComfyUI]   File "/tmp/comfytest-home/.ce/.pixi/envs/sam3dobjects-nodes/lib/python3.12/site-packages/huggingface_hub/file_download.py", line 1427 in _hf_hub_download_to_local_dir
  [ComfyUI]   File "/tmp/comfytest-home/.ce/.pixi/envs/sam3dobjects-nodes/lib/python3.12/site-packages/huggingface_hub/file_download.py", line 976 in hf_hub_download
  [ComfyUI]   File "/tmp/comfytest-home/.ce/.pixi/envs/sam3dobjects-nodes/lib/python3.12/site-packages/huggingface_hub/utils/_validators.py", line 88 in _inner_fn
  [ComfyUI]   File "/workspaces/SAM3DObjects-2147/ComfyUI/custom_nodes/ComfyUI-SAM3DObjects/nodes/load_model.py", line 222 in _download_files
  [ComfyUI]   File "/workspaces/SAM3DObjects-2147/ComfyUI/custom_nodes/ComfyUI-SAM3DObjects/nodes/load_model.py", line 185 in _get_or_download_checkpoint
  [ComfyUI]   File "/workspaces/SAM3DObjects-2147/ComfyUI/custom_nodes/ComfyUI-SAM3DObjects/nodes/load_model.py", line 146 in execute
  [ComfyUI]   File "/tmp/comfytest-home/.ce/.pixi/envs/sam3dobjects-nodes/lib/python3.12/site-packages/torch/utils/_contextlib.py", line 124 in decorate_context
  [ComfyUI]   File "/workspaces/SAM3DObjects-2147/ComfyUI/comfy_api/latest/_io.py", line 1833 in EXECUTE_NORMALIZED
  [ComfyUI]   File "/tmp/comfyui_pvenv_71ykybs_/persistent_worker.py", line 1762 in main
  [ComfyUI]   File "/tmp/comfyui_pvenv_71ykybs_/persistent_worker.py", line 1807 in <module>
  [ComfyUI] 
  [ComfyUI] [worker:ComfyUI-SAM3DObjects] === END ===
  [ComfyUI] 
  [ComfyUI] 
  [ComfyUI] slat_generator.safetensors: 100%|██████████| 4.91G/4.91G [00:57<00:00, 340MB/s]
  [ComfyUI] slat_generator.safetensors: 100%|██████████| 4.91G/4.91G [01:09<00:00, 70.5MB/s]
  [ComfyUI] 
  [capture-loop] iter=600 t=88.9s state={'complete': False, 'error': None, 'executedCount': 2, 'wsState': 1} eval_ms=3 ram=7.0/31.2GB (22%) swap=2.1/32.0GB (7%) cpu=2% browser_rss=0.91GB
  [ComfyUI] slat_decoder_gs_4.safetensors:   0%|          | 0.00/170M [00:00<?, ?B/s]
  [ComfyUI] slat_decoder_gs_4.safetensors:   6%|▌         | 9.67M/170M [00:01<00:21, 7.60MB/s][SubprocessWorker] callback 'report_progress' from call_id=1
  [ComfyUI] 
  [ComfyUI] slat_decoder_gs_4.safetensors:   8%|▊         | 14.4M/170M [00:02<00:22, 7.01MB/s][SubprocessWorker] callback 'report_progress' from call_id=1
  [ComfyUI] 
  [ComfyUI] slat_decoder_gs_4.safetensors:  14%|█▍        | 23.9M/170M [00:02<00:11, 12.5MB/s][SubprocessWorker] callback 'report_progress' from call_id=1
  [ComfyUI] 
  [ComfyUI] slat_decoder_gs_4.safetensors:  18%|█▊        | 29.8M/170M [00:02<00:09, 14.8MB/s][SubprocessWorker] callback 'report_progress' from call_id=1
  Frame 23 saved (frame_022.jpg, t=90.4s)
  [capture-periodic] freeze=3ms shot=246ms unfreeze=5ms saved=True
  [ComfyUI] 
  [ComfyUI] slat_decoder_gs_4.safetensors:  31%|███       | 52.2M/170M [00:02<00:03, 31.6MB/s][SubprocessWorker] callback 'report_progress' from call_id=1
  [ComfyUI] 
  [ComfyUI] slat_decoder_gs_4.safetensors:  81%|████████  | 137M/170M [00:03<00:00, 107MB/s]  [SubprocessWorker] callback 'report_progress' from call_id=1
  [ComfyUI] 
  [ComfyUI] slat_decoder_gs_4.safetensors: 100%|██████████| 170M/170M [00:03<00:00, 116MB/s][SubprocessWorker] callback 'report_progress' from call_id=1
  [ComfyUI] 
  [ComfyUI] slat_decoder_gs_4.safetensors: 100%|██████████| 170M/170M [00:03<00:00, 52.4MB/s]
  [ComfyUI] 
  [ComfyUI] ss_generator.yaml: 0.00B [00:00, ?B/s]
  [ComfyUI] ss_generator.yaml: 5.08kB [00:00, 8.42MB/s]
  [ComfyUI] 
  Frame 24 saved (frame_023.jpg, t=92.7s)
  [capture-periodic] freeze=4ms shot=254ms unfreeze=10ms saved=True
  [ComfyUI] slat_decoder_gs.safetensors:   0%|          | 0.00/171M [00:00<?, ?B/s]
  [ComfyUI] slat_decoder_gs.safetensors:  39%|███▉      | 67.1M/171M [00:02<00:03, 29.5MB/s][SubprocessWorker] callback 'report_progress' from call_id=1
  [ComfyUI] 
  [ComfyUI] slat_decoder_gs.safetensors:  67%|██████▋   | 115M/171M [00:02<00:01, 51.4MB/s] [SubprocessWorker] callback 'report_progress' from call_id=1
  [capture-loop] iter=650 t=95.0s state={'complete': False, 'error': None, 'executedCount': 2, 'wsState': 1} eval_ms=7 ram=7.0/31.2GB (22%) swap=2.1/32.0GB (7%) cpu=4% browser_rss=0.91GB
  [ComfyUI] 
  [ComfyUI] slat_decoder_gs.safetensors: 100%|██████████| 171M/171M [00:03<00:00, 60.3MB/s][SubprocessWorker] callback 'report_progress' from call_id=1
  [ComfyUI] 
  [ComfyUI] slat_decoder_gs.safetensors: 100%|██████████| 171M/171M [00:04<00:00, 40.4MB/s]
  [ComfyUI] 
  [ComfyUI] slat_decoder_gs_4.yaml:   0%|          | 0.00/575 [00:00<?, ?B/s][SubprocessWorker] callback 'report_progress' from call_id=1
  [ComfyUI] 
  [ComfyUI] slat_decoder_gs_4.yaml: 100%|██████████| 575/575 [00:00<00:00, 498kB/s]
  [ComfyUI] 
  [ComfyUI] ss_generator.safetensors:   0%|          | 0.00/6.69G [00:00<?, ?B/s]
  [ComfyUI] ss_generator.safetensors:   0%|          | 326k/6.69G [00:01<5:49:08, 319kB/s][SubprocessWorker] callback 'report_progress' from call_id=1
  Frame 25 saved (frame_024.jpg, t=97.5s)
  [capture-periodic] freeze=4ms shot=249ms unfreeze=12ms saved=True
  [ComfyUI] 
  [ComfyUI] ss_generator.safetensors:   1%|          | 41.9M/6.69G [00:01<03:53, 28.5MB/s][SubprocessWorker] callback 'report_progress' from call_id=1
  [ComfyUI] 
  [ComfyUI] ss_generator.safetensors:   1%|          | 50.9M/6.69G [00:02<05:07, 21.6MB/s]
  [ComfyUI] ss_generator.safetensors:   3%|▎         | 202M/6.69G [00:02<00:54, 119MB/s]  [SubprocessWorker] callback 'report_progress' from call_id=1
  Frame 26 saved (frame_025.jpg, t=99.9s)
  [capture-periodic] freeze=4ms shot=241ms unfreeze=11ms saved=True
  [ComfyUI] 
  [ComfyUI] ss_generator.safetensors:   5%|▍         | 320M/6.69G [00:04<01:13, 86.6MB/s][SubprocessWorker] callback 'report_progress' from call_id=1
  [ComfyUI] 
  [ComfyUI] ss_generator.safetensors:   6%|▌         | 408M/6.69G [00:05<00:59, 105MB/s] [SubprocessWorker] callback 'report_progress' from call_id=1
  [capture-loop] iter=700 t=101.5s state={'complete': False, 'error': None, 'executedCount': 2, 'wsState': 1} eval_ms=4 ram=7.1/31.2GB (23%) swap=2.1/32.0GB (7%) cpu=6% browser_rss=0.92GB
  [ComfyUI] 
  [ComfyUI] ss_generator.safetensors:   7%|▋         | 495M/6.69G [00:05<00:51, 120MB/s][SubprocessWorker] callback 'report_progress' from call_id=1
  [ComfyUI] 
  [ComfyUI] ss_generator.safetensors:   8%|▊         | 521M/6.69G [00:05<00:52, 118MB/s]
  [ComfyUI] ss_generator.safetensors:   9%|▊         | 571M/6.69G [00:06<00:53, 113MB/s][SubprocessWorker] callback 'report_progress' from call_id=1
  Frame 27 saved (frame_026.jpg, t=102.3s)
  [capture-periodic] freeze=4ms shot=292ms unfreeze=4ms saved=True
  [ComfyUI] 
  [ComfyUI] ss_generator.safetensors:   9%|▉         | 622M/6.69G [00:06<00:55, 110MB/s][SubprocessWorker] callback 'report_progress' from call_id=1
  [ComfyUI] 
  [ComfyUI] ss_generator.safetensors:  10%|▉         | 660M/6.69G [00:07<01:09, 87.1MB/s][SubprocessWorker] callback 'report_progress' from call_id=1
  [ComfyUI] 
  [ComfyUI] ss_generator.safetensors:  12%|█▏        | 773M/6.69G [00:08<00:53, 110MB/s] [SubprocessWorker] callback 'report_progress' from call_id=1
  [ComfyUI] 
  Frame 28 saved (frame_027.jpg, t=104.7s)
  [capture-periodic] freeze=4ms shot=298ms unfreeze=6ms saved=True
  [ComfyUI] ss_generator.safetensors:  12%|█▏        | 790M/6.69G [00:08<01:05, 90.4MB/s]
  [ComfyUI] ss_generator.safetensors:  13%|█▎        | 874M/6.69G [00:09<00:45, 128MB/s] [SubprocessWorker] callback 'report_progress' from call_id=1
  [ComfyUI] 
  [ComfyUI] ss_generator.safetensors:  14%|█▍        | 926M/6.69G [00:10<01:09, 83.2MB/s][SubprocessWorker] callback 'report_progress' from call_id=1
  [ComfyUI] 
  [ComfyUI] ss_generator.safetensors:  16%|█▌        | 1.06G/6.69G [00:11<00:50, 112MB/s][SubprocessWorker] callback 'report_progress' from call_id=1
  [ComfyUI] 
  [ComfyUI] ss_generator.safetensors:  17%|█▋        | 1.13G/6.69G [00:11<00:42, 132MB/s][SubprocessWorker] callback 'report_progress' from call_id=1
  Frame 29 saved (frame_028.jpg, t=107.1s)
  [capture-periodic] freeze=3ms shot=260ms unfreeze=3ms saved=True
  [capture-loop] iter=750 t=108.0s state={'complete': False, 'error': None, 'executedCount': 2, 'wsState': 1} eval_ms=4 ram=7.1/31.2GB (23%) swap=2.1/32.0GB (7%) cpu=8% browser_rss=0.92GB
  [ComfyUI] 
  [ComfyUI] ss_generator.safetensors:  18%|█▊        | 1.18G/6.69G [00:12<01:02, 88.2MB/s][SubprocessWorker] callback 'report_progress' from call_id=1
  [ComfyUI] 
  [ComfyUI] ss_generator.safetensors:  18%|█▊        | 1.22G/6.69G [00:13<01:09, 78.7MB/s][SubprocessWorker] callback 'report_progress' from call_id=1
  Frame 30 saved (frame_029.jpg, t=109.5s)
  [capture-periodic] freeze=3ms shot=238ms unfreeze=8ms saved=True
  [capture-loop] iter=800 t=113.9s state={'complete': False, 'error': None, 'executedCount': 2, 'wsState': 1} eval_ms=3 ram=7.5/31.2GB (24%) swap=2.1/32.0GB (7%) cpu=6% browser_rss=0.92GB
  [ComfyUI] 
  [ComfyUI] ss_generator.safetensors:  25%|██▍       | 1.65G/6.69G [00:20<01:20, 62.2MB/s][SubprocessWorker] callback 'report_progress' from call_id=1
  [ComfyUI] 
  [ComfyUI] ss_generator.safetensors:  30%|██▉       | 1.98G/6.69G [00:21<00:43, 108MB/s] [SubprocessWorker] callback 'report_progress' from call_id=1
  Frame 31 saved (frame_030.jpg, t=118.7s)
  [capture-periodic] freeze=3ms shot=257ms unfreeze=4ms saved=True
  [ComfyUI] 
  [ComfyUI] ss_generator.safetensors:  34%|███▍      | 2.26G/6.69G [00:23<00:40, 110MB/s][SubprocessWorker] callback 'report_progress' from call_id=1
  [ComfyUI] 
  [ComfyUI] ss_generator.safetensors:  36%|███▋      | 2.44G/6.69G [00:23<00:31, 137MB/s][SubprocessWorker] callback 'report_progress' from call_id=1
  [capture-loop] iter=850 t=120.2s state={'complete': False, 'error': None, 'executedCount': 2, 'wsState': 1} eval_ms=18 ram=7.9/31.2GB (25%) swap=2.1/32.0GB (7%) cpu=8% browser_rss=0.92GB
  Frame 32 saved (frame_031.jpg, t=121.2s)
  [capture-periodic] freeze=3ms shot=267ms unfreeze=4ms saved=True
  Frame 33 saved (frame_032.jpg, t=123.5s)
  [capture-periodic] freeze=4ms shot=255ms unfreeze=5ms saved=True
  [ComfyUI] [worker:ComfyUI-SAM3DObjects]
  [ComfyUI] === WATCHDOG TICK 2 ===
  [ComfyUI] [worker:ComfyUI-SAM3DObjects] Thread 0x0000732deeffd640 (most recent call first):
  [ComfyUI]   File "/tmp/comfytest-home/.ce/.pixi/envs/sam3dobjects-nodes/lib/python3.12/threading.py", line 359 in wait
  [ComfyUI]   File "/tmp/comfytest-home/.ce/.pixi/envs/sam3dobjects-nodes/lib/python3.12/threading.py", line 655 in wait
  [ComfyUI]   File "/tmp/comfytest-home/.ce/.pixi/envs/sam3dobjects-nodes/lib/python3.12/site-packages/tqdm/_monitor.py", line 60 in run
  [ComfyUI]   File "/tmp/comfytest-home/.ce/.pixi/envs/sam3dobjects-nodes/lib/python3.12/threading.py", line 1075 in _bootstrap_inner
  [ComfyUI]   File "/tmp/comfytest-home/.ce/.pixi/envs/sam3dobjects-nodes/lib/python3.12/threading.py", line 1032 in _bootstrap
  [ComfyUI] 
  [ComfyUI] Thread 0x0000732def7fe640 (most recent call first):
  [ComfyUI]   File "/tmp/comfytest-home/.ce/.pixi/envs/sam3dobjects-nodes/lib/python3.12/threading.py", line 359 in wait
  [ComfyUI]   File "/tmp/comfytest-home/.ce/.pixi/envs/sam3dobjects-nodes/lib/python3.12/threading.py", line 655 in wait
  [ComfyUI]   File "/tmp/comfytest-home/.ce/.pixi/envs/sam3dobjects-nodes/lib/python3.12/site-packages/tqdm/_monitor.py", line 60 in run
  [ComfyUI]   File "/tmp/comfytest-home/.ce/.pixi/envs/sam3dobjects-nodes/lib/python3.12/threading.py", line 1075 in _bootstrap_inner
  [ComfyUI]   File "/tmp/comfytest-home/.ce/.pixi/envs/sam3dobjects-nodes/lib/python3.12/threading.py", line 1032 in _bootstrap
  [ComfyUI] 
  [ComfyUI] Thread 0x0000732deffff640 (most recent call first):
  [ComfyUI]   File "/tmp/comfytest-home/.ce/.pixi/envs/sam3dobjects-nodes/lib/python3.12/threading.py", line 359 in wait
  [ComfyUI]   File "/tmp/comfytest-home/.ce/.pixi/envs/sam3dobjects-nodes/lib/python3.12/threading.py", line 655 in wait
  [ComfyUI]   File "/tmp/comfytest-home/.ce/.pixi/envs/sam3dobjects-nodes/lib/python3.12/site-packages/tqdm/_monitor.py", line 60 in run
  [ComfyUI]   File "/tmp/comfytest-home/.ce/.pixi/envs/sam3dobjects-nodes/lib/python3.12/threading.py", line 1075 in _bootstrap_inner
  [ComfyUI]   File "/tmp/comfytest-home/.ce/.pixi/envs/sam3dobjects-nodes/lib/python3.12/threading.py", line 1032 in _bootstrap
  [ComfyUI] 
  [ComfyUI] Thread 0x0000732df5914640 (most recent call first):
  [ComfyUI]   File "/tmp/comfytest-home/.ce/.pixi/envs/sam3dobjects-nodes/lib/python3.12/threading.py", line 359 in wait
  [ComfyUI]   File "/tmp/comfytest-home/.ce/.pixi/envs/sam3dobjects-nodes/lib/python3.12/threading.py", line 655 in wait
  [ComfyUI]   File "/tmp/comfytest-home/.ce/.pixi/envs/sam3dobjects-nodes/lib/python3.12/site-packages/tqdm/_monitor.py", line 60 in run
  [ComfyUI]   File "/tmp/comfytest-home/.ce/.pixi/envs/sam3dobjects-nodes/lib/python3.12/threading.py", line 1075 in _bootstrap_inner
  [ComfyUI]   File "/tmp/comfytest-home/.ce/.pixi/envs/sam3dobjects-nodes/lib/python3.12/threading.py", line 1032 in _bootstrap
  [ComfyUI] 
  [ComfyUI] Thread 0x0000732e28a8a640 (most recent call first):
  [ComfyUI]   File "/tmp/comfytest-home/.ce/.pixi/envs/sam3dobjects-nodes/lib/python3.12/threading.py", line 359 in wait
  [ComfyUI]   File "/tmp/comfytest-home/.ce/.pixi/envs/sam3dobjects-nodes/lib/python3.12/threading.py", line 655 in wait
  [ComfyUI]   File "/tmp/comfytest-home/.ce/.pixi/envs/sam3dobjects-nodes/lib/python3.12/site-packages/tqdm/_monitor.py", line 60 in run
  [ComfyUI]   File "/tmp/comfytest-home/.ce/.pixi/envs/sam3dobjects-nodes/lib/python3.12/threading.py", line 1075 in _bootstrap_inner
  [ComfyUI]   File "/tmp/comfytest-home/.ce/.pixi/envs/sam3dobjects-nodes/lib/python3.12/threading.py", line 1032 in _bootstrap
  [ComfyUI] 
  [ComfyUI] Thread 0x0000732df68b8640 (most recent call first):
  [ComfyUI]   File "/tmp/comfytest-home/.ce/.pixi/envs/sam3dobjects-nodes/lib/python3.12/threading.py", line 359 in wait
  [ComfyUI]   File "/tmp/comfytest-home/.ce/.pixi/envs/sam3dobjects-nodes/lib/python3.12/threading.py", line 655 in wait
  [ComfyUI]   File "/tmp/comfytest-home/.ce/.pixi/envs/sam3dobjects-nodes/lib/python3.12/site-packages/tqdm/_monitor.py", line 60 in run
  [ComfyUI]   File "/tmp/comfytest-home/.ce/.pixi/envs/sam3dobjects-nodes/lib/python3.12/threading.py", line 1075 in _bootstrap_inner
  [ComfyUI]   File "/tmp/comfytest-home/.ce/.pixi/envs/sam3dobjects-nodes/lib/python3.12/threading.py", line 1032 in _bootstrap
  [ComfyUI] 
  [ComfyUI] Thread 0x0000732df70b9640 (most recent call first):
  [ComfyUI]   File "/tmp/comfytest-home/.ce/.pixi/envs/sam3dobjects-nodes/lib/python3.12/threading.py", line 359 in wait
  [ComfyUI]   File "/tmp/comfytest-home/.ce/.pixi/envs/sam3dobjects-nodes/lib/python3.12/threading.py", line 655 in wait
  [ComfyUI]   File "/tmp/comfytest-home/.ce/.pixi/envs/sam3dobjects-nodes/lib/python3.12/site-packages/tqdm/_monitor.py", line 60 in run
  [ComfyUI]   File "/tmp/comfytest-home/.ce/.pixi/envs/sam3dobjects-nodes/lib/python3.12/threading.py", line 1075 in _bootstrap_inner
  [ComfyUI]   File "/tmp/comfytest-home/.ce/.pixi/envs/sam3dobjects-nodes/lib/python3.12/threading.py", line 1032 in _bootstrap
  [ComfyUI] 
  [ComfyUI] Thread 0x0000732eb2ac3640 (most recent call first):
  [ComfyUI]   File "/tmp/comfytest-home/.ce/.pixi/envs/sam3dobjects-nodes/lib/python3.12/threading.py", line 359 in wait
  [ComfyUI]   File "/tmp/comfytest-home/.ce/.pixi/envs/sam3dobjects-nodes/lib/python3.12/threading.py", line 655 in wait
  [ComfyUI]   File "/tmp/comfytest-home/.ce/.pixi/envs/sam3dobjects-nodes/lib/python3.12/site-packages/tqdm/_monitor.py", line 60 in run
  [ComfyUI]   File "/tmp/comfytest-home/.ce/.pixi/envs/sam3dobjects-nodes/lib/python3.12/threading.py", line 1075 in _bootstrap_inner
  [ComfyUI]   File "/tmp/comfytest-home/.ce/.pixi/envs/sam3dobjects-nodes/lib/python3.12/threading.py", line 1032 in _bootstrap
  [ComfyUI] 
  [ComfyUI] Thread 0x0000732eb3fff640 (most recent call first):
  [ComfyUI]   File "/tmp/comfytest-home/.ce/.pixi/envs/sam3dobjects-nodes/lib/python3.12/threading.py", line 359 in wait
  [ComfyUI]   File "/tmp/comfytest-home/.ce/.pixi/envs/sam3dobjects-nodes/lib/python3.12/threading.py", line 655 in wait
  [ComfyUI]   File "/tmp/comfytest-home/.ce/.pixi/envs/sam3dobjects-nodes/lib/python3.12/site-packages/tqdm/_monitor.py", line 60 in run
  [ComfyUI]   File "/tmp/comfytest-home/.ce/.pixi/envs/sam3dobjects-nodes/lib/python3.12/threading.py", line 1075 in _bootstrap_inner
  [ComfyUI]   File "/tmp/comfytest-home/.ce/.pixi/envs/sam3dobjects-nodes/lib/python3.12/threading.py", line 1032 in _bootstrap
  [ComfyUI] 
  [ComfyUI] Thread 0x0000732ec0aab640 (most recent call first):
  [ComfyUI]   File "/tmp/comfytest-home/.ce/.pixi/envs/sam3dobjects-nodes/lib/python3.12/threading.py", line 359 in wait
  [ComfyUI]   File "/tmp/comfytest-home/.ce/.pixi/envs/sam3dobjects-nodes/lib/python3.12/threading.py", line 655 in wait
  [ComfyUI]   File "/tmp/comfytest-home/.ce/.pixi/envs/sam3dobjects-nodes/lib/python3.12/site-packages/tqdm/_monitor.py", line 60 in run
  [ComfyUI]   File "/tmp/comfytest-home/.ce/.pixi/envs/sam3dobjects-nodes/lib/python3.12/threading.py", line 1075 in _bootstrap_inner
  [ComfyUI]   File "/tmp/comfytest-home/.ce/.pixi/envs/sam3dobjects-nodes/lib/python3.12/threading.py", line 1032 in _bootstrap
  [ComfyUI] 
  [ComfyUI] Thread 0x0000732ec12ac640 (most recent call first):
  [ComfyUI]   File "/tmp/comfytest-home/.ce/.pixi/envs/sam3dobjects-nodes/lib/python3.12/threading.py", line 359 in wait
  [ComfyUI]   File "/tmp/comfytest-home/.ce/.pixi/envs/sam3dobjects-nodes/lib/python3.12/threading.py", line 655 in wait
  [ComfyUI]   File "/tmp/comfytest-home/.ce/.pixi/envs/sam3dobjects-nodes/lib/python3.12/site-packages/tqdm/_monitor.py", line 60 in run
  [ComfyUI]   File "/tmp/comfytest-home/.ce/.pixi/envs/sam3dobjects-nodes/lib/python3.12/threading.py", line 1075 in _bootstrap_inner
  [ComfyUI]   File "/tmp/comfytest-home/.ce/.pixi/envs/sam3dobjects-nodes/lib/python3.12/threading.py", line 1032 in _bootstrap
  [ComfyUI] 
  [ComfyUI] Thread 0x0000732ec1aad640 (most recent call first):
  [ComfyUI]   File "/tmp/comfytest-home/.ce/.pixi/envs/sam3dobjects-nodes/lib/python3.12/threading.py", line 359 in wait
  [ComfyUI]   File "/tmp/comfytest-home/.ce/.pixi/envs/sam3dobjects-nodes/lib/python3.12/threading.py", line 655 in wait
  [ComfyUI]   File "/tmp/comfytest-home/.ce/.pixi/envs/sam3dobjects-nodes/lib/python3.12/site-packages/tqdm/_monitor.py", line 60 in run
  [ComfyUI]   File "/tmp/comfytest-home/.ce/.pixi/envs/sam3dobjects-nodes/lib/python3.12/threading.py", line 1075 in _bootstrap_inner
  [ComfyUI]   File "/tmp/comfytest-home/.ce/.pixi/envs/sam3dobjects-nodes/lib/python3.12/threading.py", line 1032 in _bootstrap
  [ComfyUI] 
  [ComfyUI] Thread 0x0000732ec22b8640 (most recent call first):
  [ComfyUI]   File "/tmp/comfytest-home/.ce/.pixi/envs/sam3dobjects-nodes/lib/python3.12/threading.py", line 359 in wait
  [ComfyUI]   File "/tmp/comfytest-home/.ce/.pixi/envs/sam3dobjects-nodes/lib/python3.12/threading.py", line 655 in wait
  [ComfyUI]   File "/tmp/comfytest-home/.ce/.pixi/envs/sam3dobjects-nodes/lib/python3.12/site-packages/tqdm/_monitor.py", line 60 in run
  [ComfyUI]   File "/tmp/comfytest-home/.ce/.pixi/envs/sam3dobjects-nodes/lib/python3.12/threading.py", line 1075 in _bootstrap_inner
  [ComfyUI]   File "/tmp/comfytest-home/.ce/.pixi/envs/sam3dobjects-nodes/lib/python3.12/threading.py", line 1032 in _bootstrap
  [ComfyUI] 
  [ComfyUI] Thread 0x0000733079d87640 (most recent call first):
  [ComfyUI]   File "/tmp/comfyui_pvenv_71ykybs_/persistent_worker.py", line 106 in _vram_poller
  [ComfyUI]   File "/tmp/comfytest-home/.ce/.pixi/envs/sam3dobjects-nodes/lib/python3.12/threading.py", line 1012 in run
  [ComfyUI]   File "/tmp/comfytest-home/.ce/.pixi/envs/sam3dobjects-nodes/lib/python3.12/threading.py", line 1075 in _bootstrap_inner
  [ComfyUI]   File "/tmp/comfytest-home/.ce/.pixi/envs/sam3dobjects-nodes/lib/python3.12/threading.py", line 1032 in _bootstrap
  [ComfyUI] 
  [ComfyUI] Current thread 0x000073307a58c640 (most recent call first):
  [ComfyUI]   File "/tmp/comfyui_pvenv_71ykybs_/persistent_worker.py", line 52 in _watchdog
  [ComfyUI]   File "/tmp/comfytest-home/.ce/.pixi/envs/sam3dobjects-nodes/lib/python3.12/threading.py", line 1012 in run
  [ComfyUI]   File "/tmp/comfytest-home/.ce/.pixi/envs/sam3dobjects-nodes/lib/python3.12/threading.py", line 1075 in _bootstrap_inner
  [ComfyUI]   File "/tmp/comfytest-home/.ce/.pixi/envs/sam3dobjects-nodes/lib/python3.12/threading.py", line 1032 in _bootstrap
  [ComfyUI] 
  [ComfyUI] Thread 0x000073307ab87740 (most recent call first):
  [ComfyUI]   File "/tmp/comfytest-home/.ce/.pixi/envs/sam3dobjects-nodes/lib/python3.12/site-packages/huggingface_hub/file_download.py", line 558 in xet_get
  [ComfyUI]   File "/tmp/comfytest-home/.ce/.pixi/envs/sam3dobjects-nodes/lib/python3.12/site-packages/huggingface_hub/file_download.py", line 1842 in _download_to_tmp_and_move
  [ComfyUI]   File "/tmp/comfytest-home/.ce/.pixi/envs/sam3dobjects-nodes/lib/python3.12/site-packages/huggingface_hub/file_download.py", line 1427 in _hf_hub_download_to_local_dir
  [ComfyUI]   File "/tmp/comfytest-home/.ce/.pixi/envs/sam3dobjects-nodes/lib/python3.12/site-packages/huggingface_hub/file_download.py", line 976 in hf_hub_download
  [ComfyUI]   File "/tmp/comfytest-home/.ce/.pixi/envs/sam3dobjects-nodes/lib/python3.12/site-packages/huggingface_hub/utils/_validators.py", line 88 in _inner_fn
  [ComfyUI]   File "/workspaces/SAM3DObjects-2147/ComfyUI/custom_nodes/ComfyUI-SAM3DObjects/nodes/load_model.py", line 222 in _download_files
  [ComfyUI]   File "/workspaces/SAM3DObjects-2147/ComfyUI/custom_nodes/ComfyUI-SAM3DObjects/nodes/load_model.py", line 185 in _get_or_download_checkpoint
  [ComfyUI]   File "/workspaces/SAM3DObjects-2147/ComfyUI/custom_nodes/ComfyUI-SAM3DObjects/nodes/load_model.py", line 146 in execute
  [ComfyUI]   File "/tmp/comfytest-home/.ce/.pixi/envs/sam3dobjects-nodes/lib/python3.12/site-packages/torch/utils/_contextlib.py", line 124 in decorate_context
  [ComfyUI]   File "/workspaces/SAM3DObjects-2147/ComfyUI/comfy_api/latest/_io.py", line 1833 in EXECUTE_NORMALIZED
  [ComfyUI]   File "/tmp/comfyui_pvenv_71ykybs_/persistent_worker.py", line 1762 in main
  [ComfyUI]   File "/tmp/comfyui_pvenv_71ykybs_/persistent_worker.py", line 1807 in <module>
  [ComfyUI] 
  [ComfyUI] [worker:ComfyUI-SAM3DObjects] === END ===
  [ComfyUI] 
  [capture-loop] iter=900 t=126.5s state={'complete': False, 'error': None, 'executedCount': 2, 'wsState': 1} eval_ms=3 ram=8.2/31.2GB (26%) swap=2.1/32.0GB (7%) cpu=9% browser_rss=0.92GB
  [ComfyUI] 
  [ComfyUI] ss_generator.safetensors:  36%|███▋      | 2.44G/6.69G [00:35<00:31, 137MB/s]
  [ComfyUI] ss_generator.safetensors:  40%|███▉      | 2.67G/6.69G [00:35<01:23, 48.1MB/s][SubprocessWorker] callback 'report_progress' from call_id=1
  [ComfyUI] 
  [ComfyUI] ss_generator.safetensors:  42%|████▏     | 2.83G/6.69G [00:35<01:02, 61.8MB/s][SubprocessWorker] callback 'report_progress' from call_id=1
  [capture-loop] iter=950 t=132.4s state={'complete': False, 'error': None, 'executedCount': 2, 'wsState': 1} eval_ms=4 ram=8.7/31.2GB (28%) swap=2.1/32.0GB (7%) cpu=10% browser_rss=0.92GB
  [ComfyUI] 
  [ComfyUI] ss_generator.safetensors:  46%|████▌     | 3.05G/6.69G [00:36<00:46, 79.2MB/s][SubprocessWorker] callback 'report_progress' from call_id=1
  [ComfyUI] 
  [ComfyUI] ss_generator.safetensors:  51%|█████     | 3.42G/6.69G [00:37<00:24, 135MB/s] [SubprocessWorker] callback 'report_progress' from call_id=1
  Frame 34 saved (frame_033.jpg, t=132.9s)
  [capture-periodic] freeze=4ms shot=267ms unfreeze=5ms saved=True
  [ComfyUI] 
  [ComfyUI] ss_generator.safetensors:  53%|█████▎    | 3.53G/6.69G [00:37<00:20, 151MB/s][SubprocessWorker] callback 'report_progress' from call_id=1
  Frame 35 saved (frame_034.jpg, t=135.2s)
  [capture-periodic] freeze=3ms shot=258ms unfreeze=10ms saved=True
  [ComfyUI] 
  [ComfyUI] ss_generator.safetensors:  58%|█████▊    | 3.85G/6.69G [00:41<00:25, 112MB/s][SubprocessWorker] callback 'report_progress' from call_id=1
  Frame 36 saved (frame_035.jpg, t=137.6s)
  [capture-periodic] freeze=10ms shot=253ms unfreeze=3ms saved=True
  [capture-loop] iter=1000 t=138.8s state={'complete': False, 'error': None, 'executedCount': 2, 'wsState': 1} eval_ms=4 ram=8.7/31.2GB (28%) swap=2.1/32.0GB (7%) cpu=9% browser_rss=0.92GB
  [ComfyUI] 
  [ComfyUI] ss_generator.safetensors:  58%|█████▊    | 3.90G/6.69G [00:43<00:31, 87.5MB/s][SubprocessWorker] callback 'report_progress' from call_id=1
  Frame 37 saved (frame_036.jpg, t=140.0s)
  [capture-periodic] freeze=3ms shot=245ms unfreeze=4ms saved=True
  [capture-loop] iter=1050 t=145.0s state={'complete': False, 'error': None, 'executedCount': 2, 'wsState': 1} eval_ms=3 ram=9.1/31.2GB (29%) swap=2.1/32.0GB (7%) cpu=10% browser_rss=0.92GB
  [ComfyUI] 
  [ComfyUI] ss_generator.safetensors:  60%|█████▉    | 4.01G/6.69G [00:49<00:52, 50.7MB/s][SubprocessWorker] callback 'report_progress' from call_id=1
  [ComfyUI] 
  [ComfyUI] ss_generator.safetensors:  60%|██████    | 4.04G/6.69G [00:49<00:49, 53.4MB/s][SubprocessWorker] callback 'report_progress' from call_id=1
  Frame 38 saved (frame_037.jpg, t=146.9s)
  [capture-periodic] freeze=3ms shot=239ms unfreeze=3ms saved=True
  [ComfyUI] 
  [ComfyUI] ss_generator.safetensors:  66%|██████▌   | 4.40G/6.69G [00:51<00:26, 84.8MB/s][SubprocessWorker] callback 'report_progress' from call_id=1
  [ComfyUI] 
  [ComfyUI] ss_generator.safetensors:  71%|███████   | 4.75G/6.69G [00:51<00:13, 142MB/s] [SubprocessWorker] callback 'report_progress' from call_id=1
  [ComfyUI] 
  [ComfyUI] ss_generator.safetensors:  76%|███████▋  | 5.10G/6.69G [00:52<00:07, 219MB/s][SubprocessWorker] callback 'report_progress' from call_id=1
  [ComfyUI] 
  [ComfyUI] ss_generator.safetensors:  81%|████████▏ | 5.44G/6.69G [00:52<00:04, 308MB/s][SubprocessWorker] callback 'report_progress' from call_id=1
  [ComfyUI] 
  [ComfyUI] ss_generator.safetensors:  87%|████████▋ | 5.83G/6.69G [00:52<00:01, 432MB/s][SubprocessWorker] callback 'report_progress' from call_id=1
  [ComfyUI] 
  [ComfyUI] ss_generator.safetensors:  91%|█████████ | 6.06G/6.69G [00:52<00:01, 494MB/s][SubprocessWorker] callback 'report_progress' from call_id=1
  [ComfyUI] 
  [ComfyUI] ss_generator.safetensors:  96%|█████████▌| 6.40G/6.69G [00:53<00:00, 626MB/s][SubprocessWorker] callback 'report_progress' from call_id=1
  [ComfyUI] 
  [ComfyUI] ss_generator.safetensors: 100%|██████████| 6.69G/6.69G [00:53<00:00, 723MB/s][SubprocessWorker] callback 'report_progress' from call_id=1
  Frame 39 saved (frame_038.jpg, t=149.3s)
  [capture-periodic] freeze=18ms shot=265ms unfreeze=30ms saved=True
  [capture-loop] iter=1100 t=151.5s state={'complete': False, 'error': None, 'executedCount': 2, 'wsState': 1} eval_ms=4 ram=8.3/31.2GB (26%) swap=2.1/32.0GB (6%) cpu=10% browser_rss=0.92GB
  Frame 40 saved (frame_039.jpg, t=152.1s)
  [capture-periodic] freeze=3ms shot=247ms unfreeze=13ms saved=True
  [ComfyUI] 
  [ComfyUI] ss_generator.safetensors: 100%|██████████| 6.69G/6.69G [00:59<00:00, 113MB/s]
  [ComfyUI] 
  [ComfyUI] dinov2_vitl14_reg.safetensors:   0%|          | 0.00/1.22G [00:00<?, ?B/s]
  [ComfyUI] dinov2_vitl14_reg.safetensors:   1%|          | 8.33M/1.22G [00:01<03:04, 6.55MB/s][SubprocessWorker] callback 'report_progress' from call_id=1
  Frame 41 saved (frame_040.jpg, t=157.1s)
  [capture-periodic] freeze=3ms shot=239ms unfreeze=16ms saved=True
  [ComfyUI] 
  [ComfyUI] dinov2_vitl14_reg.safetensors:   6%|▌         | 67.3M/1.22G [00:02<00:33, 34.3MB/s][SubprocessWorker] callback 'report_progress' from call_id=1
  [ComfyUI] 
  [ComfyUI] dinov2_vitl14_reg.safetensors:   6%|▋         | 78.0M/1.22G [00:02<00:37, 30.7MB/s][SubprocessWorker] callback 'report_progress' from call_id=1
  [capture-loop] iter=1150 t=158.3s state={'complete': False, 'error': None, 'executedCount': 2, 'wsState': 1} eval_ms=4 ram=8.1/31.2GB (26%) swap=2.1/32.0GB (6%) cpu=6% browser_rss=0.92GB
  [ComfyUI] 
  [ComfyUI] dinov2_vitl14_reg.safetensors:  14%|█▍        | 168M/1.22G [00:03<00:16, 63.8MB/s] [SubprocessWorker] callback 'report_progress' from call_id=1
  [ComfyUI] 
  [ComfyUI] dinov2_vitl14_reg.safetensors:  18%|█▊        | 219M/1.22G [00:04<00:13, 73.6MB/s][SubprocessWorker] callback 'report_progress' from call_id=1
  Frame 42 saved (frame_041.jpg, t=159.5s)
  [capture-periodic] freeze=3ms shot=249ms unfreeze=3ms saved=True
  [ComfyUI] 
  [ComfyUI] dinov2_vitl14_reg.safetensors:  26%|██▌       | 319M/1.22G [00:05<00:10, 85.1MB/s][SubprocessWorker] callback 'report_progress' from call_id=1
  [ComfyUI] 
  [ComfyUI] dinov2_vitl14_reg.safetensors:  30%|███       | 370M/1.22G [00:05<00:08, 100MB/s] [SubprocessWorker] callback 'report_progress' from call_id=1
  [ComfyUI] 
  [ComfyUI] dinov2_vitl14_reg.safetensors:  34%|███▍      | 420M/1.22G [00:06<00:09, 88.4MB/s][SubprocessWorker] callback 'report_progress' from call_id=1
  Frame 43 saved (frame_042.jpg, t=161.9s)
  [capture-periodic] freeze=3ms shot=237ms unfreeze=4ms saved=True
  [ComfyUI] 
  [ComfyUI] dinov2_vitl14_reg.safetensors:  47%|████▋     | 571M/1.22G [00:07<00:06, 103MB/s] [SubprocessWorker] callback 'report_progress' from call_id=1
  Frame 44 saved (frame_043.jpg, t=164.2s)
  [capture-periodic] freeze=3ms shot=263ms unfreeze=7ms saved=True
  [capture-loop] iter=1200 t=164.7s state={'complete': False, 'error': None, 'executedCount': 2, 'wsState': 1} eval_ms=3 ram=8.1/31.2GB (26%) swap=2.1/32.0GB (6%) cpu=7% browser_rss=0.92GB
  [ComfyUI] 
  [ComfyUI] dinov2_vitl14_reg.safetensors:  56%|█████▌    | 682M/1.22G [00:09<00:07, 73.9MB/s][SubprocessWorker] callback 'report_progress' from call_id=1
  [ComfyUI] 
  [ComfyUI] dinov2_vitl14_reg.safetensors:  63%|██████▎   | 773M/1.22G [00:10<00:04, 89.9MB/s][SubprocessWorker] callback 'report_progress' from call_id=1
  [ComfyUI] 
  [ComfyUI] dinov2_vitl14_reg.safetensors:  80%|████████  | 974M/1.22G [00:10<00:01, 133MB/s] [SubprocessWorker] callback 'report_progress' from call_id=1
  [ComfyUI] 
  [ComfyUI] dinov2_vitl14_reg.safetensors:  97%|█████████▋| 1.18G/1.22G [00:11<00:00, 202MB/s][SubprocessWorker] callback 'report_progress' from call_id=1
  [ComfyUI] 
  [ComfyUI] dinov2_vitl14_reg.safetensors: 100%|██████████| 1.22G/1.22G [00:11<00:00, 197MB/s][SubprocessWorker] callback 'report_progress' from call_id=1
  [ComfyUI] 
  [ComfyUI] dinov2_vitl14_reg.safetensors: 100%|██████████| 1.22G/1.22G [00:11<00:00, 106MB/s]
  [ComfyUI] 
  Frame 45 saved (frame_044.jpg, t=166.7s)
  [capture-periodic] freeze=3ms shot=246ms unfreeze=6ms saved=True
  [ComfyUI] moge_vitl.safetensors:   0%|          | 0.00/1.26G [00:00<?, ?B/s]
  [ComfyUI] moge_vitl.safetensors:   0%|          | 70.2k/1.26G [00:02<10:03:31, 34.7kB/s][SubprocessWorker] callback 'report_progress' from call_id=1
  Frame 46 saved (frame_045.jpg, t=169.0s)
  [capture-periodic] freeze=4ms shot=245ms unfreeze=5ms saved=True
  [ComfyUI] 
  [ComfyUI] moge_vitl.safetensors:   2%|▏         | 22.2M/1.26G [00:02<01:46, 11.6MB/s]   [SubprocessWorker] callback 'report_progress' from call_id=1
  [ComfyUI] 
  [ComfyUI] moge_vitl.safetensors:   3%|▎         | 36.0M/1.26G [00:02<01:06, 18.4MB/s][SubprocessWorker] callback 'report_progress' from call_id=1
  [ComfyUI] 
  [ComfyUI] moge_vitl.safetensors:   4%|▍         | 49.5M/1.26G [00:03<00:48, 24.9MB/s][SubprocessWorker] callback 'report_progress' from call_id=1
  [ComfyUI] 
  [ComfyUI] moge_vitl.safetensors:   5%|▍         | 61.8M/1.26G [00:03<00:39, 30.0MB/s][SubprocessWorker] callback 'report_progress' from call_id=1
  [ComfyUI] 
  [ComfyUI] moge_vitl.safetensors:   6%|▌         | 73.9M/1.26G [00:03<00:34, 34.2MB/s][SubprocessWorker] callback 'report_progress' from call_id=1
  [capture-loop] iter=1250 t=170.8s state={'complete': False, 'error': None, 'executedCount': 2, 'wsState': 1} eval_ms=4 ram=8.1/31.2GB (26%) swap=2.1/32.0GB (6%) cpu=6% browser_rss=0.93GB
  [ComfyUI] 
  [ComfyUI] moge_vitl.safetensors:   9%|▊         | 108M/1.26G [00:04<00:24, 47.4MB/s] [SubprocessWorker] callback 'report_progress' from call_id=1
  [ComfyUI] 
  [ComfyUI] moge_vitl.safetensors:  10%|▉         | 121M/1.26G [00:04<00:23, 48.5MB/s][SubprocessWorker] callback 'report_progress' from call_id=1
  [ComfyUI] 
  [ComfyUI] moge_vitl.safetensors:  12%|█▏        | 157M/1.26G [00:04<00:15, 71.5MB/s][SubprocessWorker] callback 'report_progress' from call_id=1
  Frame 47 saved (frame_046.jpg, t=171.5s)
  [capture-periodic] freeze=16ms shot=234ms unfreeze=12ms saved=True
  [ComfyUI] 
  [ComfyUI] moge_vitl.safetensors:  16%|█▌        | 198M/1.26G [00:05<00:14, 75.5MB/s][SubprocessWorker] callback 'report_progress' from call_id=1
  [ComfyUI] 
  [ComfyUI] moge_vitl.safetensors:  17%|█▋        | 215M/1.26G [00:05<00:14, 73.9MB/s][SubprocessWorker] callback 'report_progress' from call_id=1
  [ComfyUI] [SubprocessWorker] callback 'report_progress' from call_id=1
  [ComfyUI] 
  [ComfyUI] moge_vitl.safetensors:  21%|██        | 262M/1.26G [00:06<00:14, 68.5MB/s][SubprocessWorker] callback 'report_progress' from call_id=1
  [ComfyUI] 
  [ComfyUI] moge_vitl.safetensors:  21%|██▏       | 269M/1.26G [00:06<00:19, 51.5MB/s][SubprocessWorker] callback 'report_progress' from call_id=1
  Frame 48 saved (frame_047.jpg, t=173.9s)
  [capture-periodic] freeze=4ms shot=242ms unfreeze=12ms saved=True
  [ComfyUI] 
  [ComfyUI] moge_vitl.safetensors:  33%|███▎      | 409M/1.26G [00:08<00:12, 68.7MB/s][SubprocessWorker] callback 'report_progress' from call_id=1
  [ComfyUI] 
  [ComfyUI] moge_vitl.safetensors:  33%|███▎      | 420M/1.26G [00:08<00:12, 66.0MB/s][SubprocessWorker] callback 'report_progress' from call_id=1
  [ComfyUI] 
  [ComfyUI] moge_vitl.safetensors:  35%|███▍      | 437M/1.26G [00:09<00:15, 52.2MB/s][SubprocessWorker] callback 'report_progress' from call_id=1
  Frame 49 saved (frame_048.jpg, t=176.3s)
  [capture-periodic] freeze=28ms shot=254ms unfreeze=16ms saved=True
  [ComfyUI] 
  [ComfyUI] moge_vitl.safetensors:  36%|███▌      | 451M/1.26G [00:09<00:17, 46.3MB/s][SubprocessWorker] callback 'report_progress' from call_id=1
  [ComfyUI] 
  [ComfyUI] moge_vitl.safetensors:  37%|███▋      | 460M/1.26G [00:10<00:17, 45.3MB/s][SubprocessWorker] callback 'report_progress' from call_id=1
  [capture-loop] iter=1300 t=177.3s state={'complete': False, 'error': None, 'executedCount': 2, 'wsState': 1} eval_ms=4 ram=7.9/31.2GB (26%) swap=2.1/32.0GB (6%) cpu=8% browser_rss=0.93GB
  [ComfyUI] 
  [ComfyUI] moge_vitl.safetensors:  43%|████▎     | 538M/1.26G [00:11<00:13, 53.9MB/s][SubprocessWorker] callback 'report_progress' from call_id=1
  Frame 50 saved (frame_049.jpg, t=178.7s)
  [capture-periodic] freeze=3ms shot=247ms unfreeze=3ms saved=True
  [ComfyUI] 
  [ComfyUI] moge_vitl.safetensors:  46%|████▋     | 582M/1.26G [00:13<00:20, 32.4MB/s][SubprocessWorker] callback 'report_progress' from call_id=1
  [ComfyUI] 
  [ComfyUI] moge_vitl.safetensors:  72%|███████▏  | 903M/1.26G [00:14<00:02, 130MB/s] [SubprocessWorker] callback 'report_progress' from call_id=1
  [ComfyUI] [SubprocessWorker] callback 'report_progress' from call_id=1
  Frame 51 saved (frame_050.jpg, t=181.1s)
  [capture-periodic] freeze=3ms shot=252ms unfreeze=14ms saved=True
  [ComfyUI] 
  [ComfyUI] moge_vitl.safetensors:  76%|███████▌  | 951M/1.26G [00:15<00:02, 105MB/s][SubprocessWorker] callback 'report_progress' from call_id=1
  [capture-loop] iter=1350 t=183.4s state={'complete': False, 'error': None, 'executedCount': 2, 'wsState': 1} eval_ms=4 ram=7.9/31.2GB (26%) swap=2.1/32.0GB (6%) cpu=7% browser_rss=0.93GB
  Frame 52 saved (frame_051.jpg, t=183.5s)
  [capture-periodic] freeze=3ms shot=290ms unfreeze=4ms saved=True
  [ComfyUI] [worker:ComfyUI-SAM3DObjects]
  [ComfyUI] === WATCHDOG TICK 3 ===
  [ComfyUI] [worker:ComfyUI-SAM3DObjects] Thread 0x0000732e29972640 (most recent call first):
  [ComfyUI]   File "/tmp/comfytest-home/.ce/.pixi/envs/sam3dobjects-nodes/lib/python3.12/threading.py", line 359 in wait
  [ComfyUI]   File "/tmp/comfytest-home/.ce/.pixi/envs/sam3dobjects-nodes/lib/python3.12/threading.py", line 655 in wait
  [ComfyUI]   File "/tmp/comfytest-home/.ce/.pixi/envs/sam3dobjects-nodes/lib/python3.12/site-packages/tqdm/_monitor.py", line 60 in run
  [ComfyUI]   File "/tmp/comfytest-home/.ce/.pixi/envs/sam3dobjects-nodes/lib/python3.12/threading.py", line 1075 in _bootstrap_inner
  [ComfyUI]   File "/tmp/comfytest-home/.ce/.pixi/envs/sam3dobjects-nodes/lib/python3.12/threading.py", line 1032 in _bootstrap
  [ComfyUI] 
  [ComfyUI] Thread 0x0000732e2a173640 (most recent call first):
  [ComfyUI]   File "/tmp/comfytest-home/.ce/.pixi/envs/sam3dobjects-nodes/lib/python3.12/threading.py", line 359 in wait
  [ComfyUI]   File "/tmp/comfytest-home/.ce/.pixi/envs/sam3dobjects-nodes/lib/python3.12/threading.py", line 655 in wait
  [ComfyUI]   File "/tmp/comfytest-home/.ce/.pixi/envs/sam3dobjects-nodes/lib/python3.12/site-packages/tqdm/_monitor.py", line 60 in run
  [ComfyUI]   File "/tmp/comfytest-home/.ce/.pixi/envs/sam3dobjects-nodes/lib/python3.12/threading.py", line 1075 in _bootstrap_inner
  [ComfyUI]   File "/tmp/comfytest-home/.ce/.pixi/envs/sam3dobjects-nodes/lib/python3.12/threading.py", line 1032 in _bootstrap
  [ComfyUI] 
  [ComfyUI] Thread 0x0000732deeffd640 (most recent call first):
  [ComfyUI]   File "/tmp/comfytest-home/.ce/.pixi/envs/sam3dobjects-nodes/lib/python3.12/threading.py", line 359 in wait
  [ComfyUI]   File "/tmp/comfytest-home/.ce/.pixi/envs/sam3dobjects-nodes/lib/python3.12/threading.py", line 655 in wait
  [ComfyUI]   File "/tmp/comfytest-home/.ce/.pixi/envs/sam3dobjects-nodes/lib/python3.12/site-packages/tqdm/_monitor.py", line 60 in run
  [ComfyUI]   File "/tmp/comfytest-home/.ce/.pixi/envs/sam3dobjects-nodes/lib/python3.12/threading.py", line 1075 in _bootstrap_inner
  [ComfyUI]   File "/tmp/comfytest-home/.ce/.pixi/envs/sam3dobjects-nodes/lib/python3.12/threading.py", line 1032 in _bootstrap
  [ComfyUI] 
  [ComfyUI] Thread 0x0000732def7fe640 (most recent call first):
  [ComfyUI]   File "/tmp/comfytest-home/.ce/.pixi/envs/sam3dobjects-nodes/lib/python3.12/threading.py", line 359 in wait
  [ComfyUI]   File "/tmp/comfytest-home/.ce/.pixi/envs/sam3dobjects-nodes/lib/python3.12/threading.py", line 655 in wait
  [ComfyUI]   File "/tmp/comfytest-home/.ce/.pixi/envs/sam3dobjects-nodes/lib/python3.12/site-packages/tqdm/_monitor.py", line 60 in run
  [ComfyUI]   File "/tmp/comfytest-home/.ce/.pixi/envs/sam3dobjects-nodes/lib/python3.12/threading.py", line 1075 in _bootstrap_inner
  [ComfyUI]   File "/tmp/comfytest-home/.ce/.pixi/envs/sam3dobjects-nodes/lib/python3.12/threading.py", line 1032 in _bootstrap
  [ComfyUI] 
  [ComfyUI] Thread 0x0000732deffff640 (most recent call first):
  [ComfyUI]   File "/tmp/comfytest-home/.ce/.pixi/envs/sam3dobjects-nodes/lib/python3.12/threading.py", line 359 in wait
  [ComfyUI]   File "/tmp/comfytest-home/.ce/.pixi/envs/sam3dobjects-nodes/lib/python3.12/threading.py", line 655 in wait
  [ComfyUI]   File "/tmp/comfytest-home/.ce/.pixi/envs/sam3dobjects-nodes/lib/python3.12/site-packages/tqdm/_monitor.py", line 60 in run
  [ComfyUI]   File "/tmp/comfytest-home/.ce/.pixi/envs/sam3dobjects-nodes/lib/python3.12/threading.py", line 1075 in _bootstrap_inner
  [ComfyUI]   File "/tmp/comfytest-home/.ce/.pixi/envs/sam3dobjects-nodes/lib/python3.12/threading.py", line 1032 in _bootstrap
  [ComfyUI] 
  [ComfyUI] Thread 0x0000732df5914640 (most recent call first):
  [ComfyUI]   File "/tmp/comfytest-home/.ce/.pixi/envs/sam3dobjects-nodes/lib/python3.12/threading.py", line 359 in wait
  [ComfyUI]   File "/tmp/comfytest-home/.ce/.pixi/envs/sam3dobjects-nodes/lib/python3.12/threading.py", line 655 in wait
  [ComfyUI]   File "/tmp/comfytest-home/.ce/.pixi/envs/sam3dobjects-nodes/lib/python3.12/site-packages/tqdm/_monitor.py", line 60 in run
  [ComfyUI]   File "/tmp/comfytest-home/.ce/.pixi/envs/sam3dobjects-nodes/lib/python3.12/threading.py", line 1075 in _bootstrap_inner
  [ComfyUI]   File "/tmp/comfytest-home/.ce/.pixi/envs/sam3dobjects-nodes/lib/python3.12/threading.py", line 1032 in _bootstrap
  [ComfyUI] 
  [ComfyUI] Thread 0x0000732e28a8a640 (most recent call first):
  [ComfyUI]   File "/tmp/comfytest-home/.ce/.pixi/envs/sam3dobjects-nodes/lib/python3.12/threading.py", line 359 in wait
  [ComfyUI]   File "/tmp/comfytest-home/.ce/.pixi/envs/sam3dobjects-nodes/lib/python3.12/threading.py", line 655 in wait
  [ComfyUI]   File "/tmp/comfytest-home/.ce/.pixi/envs/sam3dobjects-nodes/lib/python3.12/site-packages/tqdm/_monitor.py", line 60 in run
  [ComfyUI]   File "/tmp/comfytest-home/.ce/.pixi/envs/sam3dobjects-nodes/lib/python3.12/threading.py", line 1075 in _bootstrap_inner
  [ComfyUI]   File "/tmp/comfytest-home/.ce/.pixi/envs/sam3dobjects-nodes/lib/python3.12/threading.py", line 1032 in _bootstrap
  [ComfyUI] 
  [ComfyUI] Thread 0x0000732df68b8640 (most recent call first):
  [ComfyUI]   File "/tmp/comfytest-home/.ce/.pixi/envs/sam3dobjects-nodes/lib/python3.12/threading.py", line 359 in wait
  [ComfyUI]   File "/tmp/comfytest-home/.ce/.pixi/envs/sam3dobjects-nodes/lib/python3.12/threading.py", line 655 in wait
  [ComfyUI]   File "/tmp/comfytest-home/.ce/.pixi/envs/sam3dobjects-nodes/lib/python3.12/site-packages/tqdm/_monitor.py", line 60 in run
  [ComfyUI]   File "/tmp/comfytest-home/.ce/.pixi/envs/sam3dobjects-nodes/lib/python3.12/threading.py", line 1075 in _bootstrap_inner
  [ComfyUI]   File "/tmp/comfytest-home/.ce/.pixi/envs/sam3dobjects-nodes/lib/python3.12/threading.py", line 1032 in _bootstrap
  [ComfyUI] 
  [ComfyUI] Thread 0x0000732df70b9640 (most recent call first):
  [ComfyUI]   File "/tmp/comfytest-home/.ce/.pixi/envs/sam3dobjects-nodes/lib/python3.12/threading.py", line 359 in wait
  [ComfyUI]   File "/tmp/comfytest-home/.ce/.pixi/envs/sam3dobjects-nodes/lib/python3.12/threading.py", line 655 in wait
  [ComfyUI]   File "/tmp/comfytest-home/.ce/.pixi/envs/sam3dobjects-nodes/lib/python3.12/site-packages/tqdm/_monitor.py", line 60 in run
  [ComfyUI]   File "/tmp/comfytest-home/.ce/.pixi/envs/sam3dobjects-nodes/lib/python3.12/threading.py", line 1075 in _bootstrap_inner
  [ComfyUI]   File "/tmp/comfytest-home/.ce/.pixi/envs/sam3dobjects-nodes/lib/python3.12/threading.py", line 1032 in _bootstrap
  [ComfyUI] 
  [ComfyUI] Thread 0x0000732eb2ac3640 (most recent call first):
  [ComfyUI]   File "/tmp/comfytest-home/.ce/.pixi/envs/sam3dobjects-nodes/lib/python3.12/threading.py", line 359 in wait
  [ComfyUI]   File "/tmp/comfytest-home/.ce/.pixi/envs/sam3dobjects-nodes/lib/python3.12/threading.py", line 655 in wait
  [ComfyUI]   File "/tmp/comfytest-home/.ce/.pixi/envs/sam3dobjects-nodes/lib/python3.12/site-packages/tqdm/_monitor.py", line 60 in run
  [ComfyUI]   File "/tmp/comfytest-home/.ce/.pixi/envs/sam3dobjects-nodes/lib/python3.12/threading.py", line 1075 in _bootstrap_inner
  [ComfyUI]   File "/tmp/comfytest-home/.ce/.pixi/envs/sam3dobjects-nodes/lib/python3.12/threading.py", line 1032 in _bootstrap
  [ComfyUI] 
  [ComfyUI] Thread 0x0000732eb3fff640 (most recent call first):
  [ComfyUI]   File "/tmp/comfytest-home/.ce/.pixi/envs/sam3dobjects-nodes/lib/python3.12/threading.py", line 359 in wait
  [ComfyUI]   File "/tmp/comfytest-home/.ce/.pixi/envs/sam3dobjects-nodes/lib/python3.12/threading.py", line 655 in wait
  [ComfyUI]   File "/tmp/comfytest-home/.ce/.pixi/envs/sam3dobjects-nodes/lib/python3.12/site-packages/tqdm/_monitor.py", line 60 in run
  [ComfyUI]   File "/tmp/comfytest-home/.ce/.pixi/envs/sam3dobjects-nodes/lib/python3.12/threading.py", line 1075 in _bootstrap_inner
  [ComfyUI]   File "/tmp/comfytest-home/.ce/.pixi/envs/sam3dobjects-nodes/lib/python3.12/threading.py", line 1032 in _bootstrap
  [ComfyUI] 
  [ComfyUI] Thread 0x0000732ec0aab640 (most recent call first):
  [ComfyUI]   File "/tmp/comfytest-home/.ce/.pixi/envs/sam3dobjects-nodes/lib/python3.12/threading.py", line 359 in wait
  [ComfyUI]   File "/tmp/comfytest-home/.ce/.pixi/envs/sam3dobjects-nodes/lib/python3.12/threading.py", line 655 in wait
  [ComfyUI]   File "/tmp/comfytest-home/.ce/.pixi/envs/sam3dobjects-nodes/lib/python3.12/site-packages/tqdm/_monitor.py", line 60 in run
  [ComfyUI]   File "/tmp/comfytest-home/.ce/.pixi/envs/sam3dobjects-nodes/lib/python3.12/threading.py", line 1075 in _bootstrap_inner
  [ComfyUI]   File "/tmp/comfytest-home/.ce/.pixi/envs/sam3dobjects-nodes/lib/python3.12/threading.py", line 1032 in _bootstrap
  [ComfyUI] 
  [ComfyUI] Thread 0x0000732ec12ac640 (most recent call first):
  [ComfyUI]   File "/tmp/comfytest-home/.ce/.pixi/envs/sam3dobjects-nodes/lib/python3.12/threading.py", line 359 in wait
  [ComfyUI]   File "/tmp/comfytest-home/.ce/.pixi/envs/sam3dobjects-nodes/lib/python3.12/threading.py", line 655 in wait
  [ComfyUI]   File "/tmp/comfytest-home/.ce/.pixi/envs/sam3dobjects-nodes/lib/python3.12/site-packages/tqdm/_monitor.py", line 60 in run
  [ComfyUI]   File "/tmp/comfytest-home/.ce/.pixi/envs/sam3dobjects-nodes/lib/python3.12/threading.py", line 1075 in _bootstrap_inner
  [ComfyUI]   File "/tmp/comfytest-home/.ce/.pixi/envs/sam3dobjects-nodes/lib/python3.12/threading.py", line 1032 in _bootstrap
  [ComfyUI] 
  [ComfyUI] Thread 0x0000732ec1aad640 (most recent call first):
  [ComfyUI]   File "/tmp/comfytest-home/.ce/.pixi/envs/sam3dobjects-nodes/lib/python3.12/threading.py", line 359 in wait
  [ComfyUI]   File "/tmp/comfytest-home/.ce/.pixi/envs/sam3dobjects-nodes/lib/python3.12/threading.py", line 655 in wait
  [ComfyUI]   File "/tmp/comfytest-home/.ce/.pixi/envs/sam3dobjects-nodes/lib/python3.12/site-packages/tqdm/_monitor.py", line 60 in run
  [ComfyUI]   File "/tmp/comfytest-home/.ce/.pixi/envs/sam3dobjects-nodes/lib/python3.12/threading.py", line 1075 in _bootstrap_inner
  [ComfyUI]   File "/tmp/comfytest-home/.ce/.pixi/envs/sam3dobjects-nodes/lib/python3.12/threading.py", line 1032 in _bootstrap
  [ComfyUI] 
  [ComfyUI] Thread 0x0000732ec22b8640 (most recent call first):
  [ComfyUI]   File "/tmp/comfytest-home/.ce/.pixi/envs/sam3dobjects-nodes/lib/python3.12/threading.py", line 359 in wait
  [ComfyUI]   File "/tmp/comfytest-home/.ce/.pixi/envs/sam3dobjects-nodes/lib/python3.12/threading.py", line 655 in wait
  [ComfyUI]   File "/tmp/comfytest-home/.ce/.pixi/envs/sam3dobjects-nodes/lib/python3.12/site-packages/tqdm/_monitor.py", line 60 in run
  [ComfyUI]   File "/tmp/comfytest-home/.ce/.pixi/envs/sam3dobjects-nodes/lib/python3.12/threading.py", line 1075 in _bootstrap_inner
  [ComfyUI]   File "/tmp/comfytest-home/.ce/.pixi/envs/sam3dobjects-nodes/lib/python3.12/threading.py", line 1032 in _bootstrap
  [ComfyUI] 
  [ComfyUI] Thread 0x0000733079d87640 (most recent call first):
  [ComfyUI]   File "/tmp/comfyui_pvenv_71ykybs_/persistent_worker.py", line 106 in _vram_poller
  [ComfyUI]   File "/tmp/comfytest-home/.ce/.pixi/envs/sam3dobjects-nodes/lib/python3.12/threading.py", line 1012 in run
  [ComfyUI]   File "/tmp/comfytest-home/.ce/.pixi/envs/sam3dobjects-nodes/lib/python3.12/threading.py", line 1075 in _bootstrap_inner
  [ComfyUI]   File "/tmp/comfytest-home/.ce/.pixi/envs/sam3dobjects-nodes/lib/python3.12/threading.py", line 1032 in _bootstrap
  [ComfyUI] 
  [ComfyUI] Current thread 0x000073307a58c640 (most recent call first):
  [ComfyUI]   File "/tmp/comfyui_pvenv_71ykybs_/persistent_worker.py", line 52 in _watchdog
  [ComfyUI]   File "/tmp/comfytest-home/.ce/.pixi/envs/sam3dobjects-nodes/lib/python3.12/threading.py", line 1012 in run
  [ComfyUI]   File "/tmp/comfytest-home/.ce/.pixi/envs/sam3dobjects-nodes/lib/python3.12/threading.py", line 1075 in _bootstrap_inner
  [ComfyUI]   File "/tmp/comfytest-home/.ce/.pixi/envs/sam3dobjects-nodes/lib/python3.12/threading.py", line 1032 in _bootstrap
  [ComfyUI] 
  [ComfyUI] Thread 0x000073307ab87740 (most recent call first):
  [ComfyUI]   File "/tmp/comfytest-home/.ce/.pixi/envs/sam3dobjects-nodes/lib/python3.12/site-packages/huggingface_hub/file_download.py", line 558 in xet_get
  [ComfyUI]   File "/tmp/comfytest-home/.ce/.pixi/envs/sam3dobjects-nodes/lib/python3.12/site-packages/huggingface_hub/file_download.py", line 1842 in _download_to_tmp_and_move
  [ComfyUI]   File "/tmp/comfytest-home/.ce/.pixi/envs/sam3dobjects-nodes/lib/python3.12/site-packages/huggingface_hub/file_download.py", line 1427 in _hf_hub_download_to_local_dir
  [ComfyUI]   File "/tmp/comfytest-home/.ce/.pixi/envs/sam3dobjects-nodes/lib/python3.12/site-packages/huggingface_hub/file_download.py", line 976 in hf_hub_download
  [ComfyUI]   File "/tmp/comfytest-home/.ce/.pixi/envs/sam3dobjects-nodes/lib/python3.12/site-packages/huggingface_hub/utils/_validators.py", line 88 in _inner_fn
  [ComfyUI]   File "/workspaces/SAM3DObjects-2147/ComfyUI/custom_nodes/ComfyUI-SAM3DObjects/nodes/load_model.py", line 268 in _ensure_moge_safetensors
  [ComfyUI]   File "/workspaces/SAM3DObjects-2147/ComfyUI/custom_nodes/ComfyUI-SAM3DObjects/nodes/load_model.py", line 154 in execute
  [ComfyUI]   File "/tmp/comfytest-home/.ce/.pixi/envs/sam3dobjects-nodes/lib/python3.12/site-packages/torch/utils/_contextlib.py", line 124 in decorate_context
  [ComfyUI]   File "/workspaces/SAM3DObjects-2147/ComfyUI/comfy_api/latest/_io.py", line 1833 in EXECUTE_NORMALIZED
  [ComfyUI]   File "/tmp/comfyui_pvenv_71ykybs_/persistent_worker.py", line 1762 in main
  [ComfyUI]   File "/tmp/comfyui_pvenv_71ykybs_/persistent_worker.py", line 1807 in <module>
  [ComfyUI] 
  [ComfyUI] [worker:ComfyUI-SAM3DObjects] === END ===
  [ComfyUI] 
  [ComfyUI] 
  [ComfyUI] moge_vitl.safetensors: 100%|█████████▉| 1.25G/1.26G [00:18<00:00, 97.5MB/s][SubprocessWorker] callback 'report_progress' from call_id=1
  [ComfyUI] [SubprocessWorker] callback 'report_progress' from call_id=1
  [ComfyUI] 
  [ComfyUI] moge_vitl.safetensors: 100%|██████████| 1.26G/1.26G [00:18<00:00, 67.1MB/s]
  [ComfyUI] 
  [ComfyUI] moge_vitl_config.json:   0%|          | 0.00/343 [00:00<?, ?B/s][SubprocessWorker] callback 'report_progress' from call_id=1
  [ComfyUI] 
  [ComfyUI] moge_vitl_config.json: 100%|██████████| 343/343 [00:00<00:00, 455kB/s]
  [ComfyUI] [SubprocessWorker] got response: ok
  [ComfyUI] [comfy-env] LoadSAM3DModel done (181.75s): result: NodeOutput
  [ComfyUI] [VRAM] After LoadSAM3DModel: 564 / 24124 MB
  [ComfyUI] [comfy-env] Running SAM3D_DepthEstimate: depth_model: dict, image: torch.float32 [1,2240,3360,3] cpu
  [ComfyUI] [VRAM] Before SAM3D_DepthEstimate: 564 / 24124 MB
  [ComfyUI] [SubprocessWorker] call_method: nodes.depth_estimate.SAM3D_DepthEstimate.EXECUTE_NORMALIZED
  [ComfyUI] [SubprocessWorker] acquired lock, ensuring started...
  [ComfyUI] [ComfyUI-SAM3DObjects] Health check: ping (timeout=5.0s)...
  [ComfyUI] [ComfyUI-SAM3DObjects] Health check: ok
  [ComfyUI] [SubprocessWorker] worker started/confirmed
  [ComfyUI] [comfy-env] PRE-SERIALIZE 'image' shape: torch.Size([1, 2240, 3360, 3])
  [ComfyUI] [SubprocessWorker] serializing kwargs to shm...
  [ComfyUI] [SubprocessWorker] created 0 shm blocks
  [ComfyUI] [SubprocessWorker] sending request via socket...
  [ComfyUI] [SubprocessWorker] call_id=2 sending call_method
  [ComfyUI] [worker:ComfyUI-SAM3DObjects] [comfy-env] _from_shm got dict with keys: ['__type__', 'strategy', 'parent_pid', 'fd', 'storage_size']
  [ComfyUI] [worker:ComfyUI-SAM3DObjects] [comfy-env] DESERIALIZE TensorRef: tensor_size=[1, 2240, 3360, 3]
  [ComfyUI] [worker:ComfyUI-SAM3DObjects] [comfy-env] DESERIALIZED tensor shape: torch.Size([1, 2240, 3360, 3])
  Frame 53 saved (frame_052.jpg, t=185.9s)
  [capture-periodic] freeze=2ms shot=238ms unfreeze=15ms saved=True
  [ComfyUI] [worker:ComfyUI-SAM3DObjects] WARNING: No comfy kitchen, using old apply_rope functions.
  Frame 54 saved (frame_053.jpg, t=188.3s)
  [capture-periodic] freeze=3ms shot=254ms unfreeze=14ms saved=True
  [capture-loop] iter=1400 t=189.8s state={'complete': False, 'error': None, 'executedCount': 2, 'wsState': 1} eval_ms=4 ram=8.2/31.2GB (26%) swap=2.1/32.0GB (6%) cpu=8% browser_rss=0.93GB
  [ComfyUI] [worker:ComfyUI-SAM3DObjects] [VRAM] DepthEstimate: start: torch=0MiB alloc, 0MiB reserved | gpu=564MiB/24124MiB used
  [ComfyUI] [worker:ComfyUI-SAM3DObjects] [VRAM] DepthEstimate: before MoGe from_pretrained: torch=0MiB alloc, 0MiB reserved | gpu=564MiB/24124MiB used
  [ComfyUI] /workspaces/SAM3DObjects-2147/ComfyUI/custom_nodes/ComfyUI-SAM3DObjects/nodes/sam3d/moge.py:1012: UserWarning: Deprecated arguments ignored: {'output_mask': True, 'split_head': True}
  [ComfyUI]   warnings.warn(f"Deprecated arguments ignored: {deprecated_kwargs}")
  [ComfyUI] [worker:ComfyUI-SAM3DObjects] [VRAM] DepthEstimate: after MoGe from_pretrained: torch=0MiB alloc, 0MiB reserved | gpu=564MiB/24124MiB used
  [ComfyUI] [worker:ComfyUI-SAM3DObjects] [VRAM] DepthEstimate: before load_models_gpu: torch=0MiB alloc, 0MiB reserved | gpu=564MiB/24124MiB used
  [ComfyUI] [SubprocessWorker] callback 'request_vram_budget' from call_id=2
  [ComfyUI] [comfy-env] VRAM request: 0.63GB, free before eviction: 24.70GB
  [ComfyUI] [comfy-env] VRAM after eviction: 24.70GB
  [ComfyUI] [worker:ComfyUI-SAM3DObjects] [VRAM] +596MB (now 596MB) reserved=608MB peak=596MB
  [ComfyUI] [worker:ComfyUI-SAM3DObjects] [VRAM] DepthEstimate: after load_models_gpu: torch=599MiB alloc, 608MiB reserved | gpu=1192MiB/24124MiB used
  [capture-loop] iter=1450 t=195.9s state={'complete': False, 'error': None, 'executedCount': 2, 'wsState': 1} eval_ms=4 ram=8.8/31.2GB (28%) swap=2.1/32.0GB (6%) cpu=7% browser_rss=0.93GB
  [capture-loop] iter=1500 t=201.7s state={'complete': False, 'error': None, 'executedCount': 2, 'wsState': 1} eval_ms=4 ram=9.0/31.2GB (29%) swap=2.1/32.0GB (6%) cpu=6% browser_rss=0.93GB
  [ComfyUI] [SubprocessWorker] callback 'report_progress' from call_id=2
  [ComfyUI] [worker:ComfyUI-SAM3DObjects] [VRAM] DepthEstimate: before MoGe inference: torch=599MiB alloc, 608MiB reserved | gpu=1192MiB/24124MiB used
  Frame 55 saved (frame_054.jpg, t=206.5s)
  [capture-periodic] freeze=3ms shot=236ms unfreeze=3ms saved=True
  [capture-loop] iter=1550 t=207.8s state={'complete': False, 'error': None, 'executedCount': 2, 'wsState': 1} eval_ms=4 ram=9.1/31.2GB (29%) swap=2.1/32.0GB (6%) cpu=7% browser_rss=0.93GB
  [ComfyUI] [worker:ComfyUI-SAM3DObjects] [VRAM] DepthEstimate: after MoGe inference: torch=759MiB alloc, 1120MiB reserved | gpu=1766MiB/24124MiB used
  Frame 56 saved (frame_055.jpg, t=208.9s)
  [capture-periodic] freeze=3ms shot=247ms unfreeze=3ms saved=True
  [ComfyUI] [worker:ComfyUI-SAM3DObjects] [VRAM] -224MB (now 373MB) reserved=864MB peak=773MB
  [ComfyUI] [worker:ComfyUI-SAM3DObjects] [VRAM] DepthEstimate: after cleanup: torch=159MiB alloc, 256MiB reserved | gpu=902MiB/24124MiB used
  [ComfyUI] [SubprocessWorker] callback 'report_progress' from call_id=2
  [ComfyUI] [SubprocessWorker] callback 'report_progress' from call_id=2
  Frame 57 saved (frame_056.jpg, t=211.3s)
  [capture-periodic] freeze=3ms shot=244ms unfreeze=4ms saved=True
  Frame 58 saved (frame_057.jpg, t=213.6s)
  [capture-periodic] freeze=3ms shot=248ms unfreeze=3ms saved=True
  [capture-loop] iter=1600 t=214.2s state={'complete': False, 'error': None, 'executedCount': 2, 'wsState': 1} eval_ms=3 ram=10.2/31.2GB (33%) swap=2.1/32.0GB (6%) cpu=7% browser_rss=0.93GB
  [capture-loop] iter=1650 t=220.0s state={'complete': False, 'error': None, 'executedCount': 2, 'wsState': 1} eval_ms=3 ram=10.3/31.2GB (33%) swap=2.1/32.0GB (6%) cpu=6% browser_rss=0.93GB
  [capture-loop] iter=1700 t=226.0s state={'complete': False, 'error': None, 'executedCount': 2, 'wsState': 1} eval_ms=3 ram=10.3/31.2GB (33%) swap=2.1/32.0GB (6%) cpu=6% browser_rss=0.93GB
  [ComfyUI] [SubprocessWorker] callback 'report_progress' from call_id=2
  [ComfyUI] [worker:ComfyUI-SAM3DObjects] [VRAM] DepthEstimate: done: torch=245MiB alloc, 640MiB reserved | gpu=1286MiB/24124MiB used
  [ComfyUI] [worker:ComfyUI-SAM3DObjects] [VRAM] -365MB (now 9MB) reserved=640MB peak=773MB
  [ComfyUI] [SubprocessWorker] got response: ok
  [ComfyUI] [comfy-env] Created 1 model patchers: ['MoGeModelV1_1']
  [ComfyUI] [comfy-env] SAM3D_DepthEstimate done (44.95s): result: NodeOutput
  [ComfyUI] [VRAM] After SAM3D_DepthEstimate: 1286 / 24124 MB
  [ComfyUI] [VRAM] Loaded: SubprocessModel (0 MB)
  [ComfyUI] [comfy-env] Running SAM3DGenerateSLAT: seed: 42, stage1_steps: 12, stage1_cfg: 7.5, stage1_cfg_pm: 0.0, stage2_steps: 12, stage2_cfg: 5.0, use_distillation: False, generator: dict, image: torch.float32 [1,2240,3360,3] cpu, mask: torch.float32 [1,2240,3360] cpu, pointmap: torch.float32 [2240,3360,3] cpu
  [ComfyUI] [VRAM] Before SAM3DGenerateSLAT: 1286 / 24124 MB
  [ComfyUI] [VRAM] Loaded: SubprocessModel (0 MB)
  [ComfyUI] [SubprocessWorker] call_method: nodes.generate_slat.SAM3DGenerateSLAT.EXECUTE_NORMALIZED
  [ComfyUI] [SubprocessWorker] acquired lock, ensuring started...
  [ComfyUI] [ComfyUI-SAM3DObjects] Health check: ping (timeout=5.0s)...
  [ComfyUI] [ComfyUI-SAM3DObjects] Health check: ok
  [ComfyUI] [SubprocessWorker] worker started/confirmed
  [ComfyUI] [comfy-env] PRE-SERIALIZE 'image' shape: torch.Size([1, 2240, 3360, 3])
  [ComfyUI] [comfy-env] PRE-SERIALIZE 'mask' shape: torch.Size([1, 2240, 3360])
  [ComfyUI] [comfy-env] PRE-SERIALIZE 'pointmap' shape: torch.Size([2240, 3360, 3])
  [ComfyUI] [SubprocessWorker] serializing kwargs to shm...
  [ComfyUI] [SubprocessWorker] created 0 shm blocks
  [ComfyUI] [SubprocessWorker] sending request via socket...
  [ComfyUI] [SubprocessWorker] call_id=3 sending call_method
  [ComfyUI] [worker:ComfyUI-SAM3DObjects] [comfy-env] _from_shm got dict with keys: ['__type__', 'strategy', 'parent_pid', 'fd', 'storage_size']
  [ComfyUI] [worker:ComfyUI-SAM3DObjects] [comfy-env] DESERIALIZE TensorRef: tensor_size=[1, 2240, 3360, 3]
  [ComfyUI] [worker:ComfyUI-SAM3DObjects] [comfy-env] DESERIALIZED tensor shape: torch.Size([1, 2240, 3360, 3])
  [ComfyUI] [worker:ComfyUI-SAM3DObjects] [comfy-env] _from_shm got dict with keys: ['__type__', 'strategy', 'parent_pid', 'fd', 'storage_size']
  [ComfyUI] [worker:ComfyUI-SAM3DObjects] [comfy-env] DESERIALIZE TensorRef: tensor_size=[1, 2240, 3360]
  [ComfyUI] [worker:ComfyUI-SAM3DObjects] [comfy-env] DESERIALIZED tensor shape: torch.Size([1, 2240, 3360])
  [ComfyUI] [worker:ComfyUI-SAM3DObjects] [comfy-env] _from_shm got dict with keys: ['__type__', 'strategy', 'parent_pid', 'fd', 'storage_size']
  [ComfyUI] [worker:ComfyUI-SAM3DObjects] [comfy-env] DESERIALIZE TensorRef: tensor_size=[2240, 3360, 3]
  [ComfyUI] [worker:ComfyUI-SAM3DObjects] [comfy-env] DESERIALIZED tensor shape: torch.Size([2240, 3360, 3])
  [ComfyUI] [worker:ComfyUI-SAM3DObjects] [VRAM] GenerateSLAT: start: torch=9MiB alloc, 640MiB reserved | gpu=1286MiB/24124MiB used
  [ComfyUI] 2026-05-18 21:57:34.766 | WARNING  | nodes.sam3d.transforms:__post_init__:1359 - No rgb pointmap normalizer provided, using scale + shift
  [capture-loop] iter=1750 t=231.8s state={'complete': False, 'error': None, 'executedCount': 2, 'wsState': 1} eval_ms=3 ram=10.4/31.2GB (33%) swap=2.1/32.0GB (6%) cpu=7% browser_rss=0.93GB
  Frame 59 saved (frame_058.jpg, t=231.8s)
  [capture-periodic] freeze=2ms shot=236ms unfreeze=10ms saved=True
  [ComfyUI] [worker:ComfyUI-SAM3DObjects] [VRAM] +258MB (now 267MB) reserved=704MB peak=773MB
  [ComfyUI] [worker:ComfyUI-SAM3DObjects] [VRAM] _load_condition_embedder(ss): before build: torch=109MiB alloc, 768MiB reserved | gpu=1450MiB/24124MiB used
  Frame 60 saved (frame_059.jpg, t=234.1s)
  [capture-periodic] freeze=3ms shot=226ms unfreeze=3ms saved=True
  [capture-loop] iter=1800 t=238.0s state={'complete': False, 'error': None, 'executedCount': 2, 'wsState': 1} eval_ms=4 ram=12.2/31.2GB (39%) swap=2.1/32.0GB (7%) cpu=6% browser_rss=0.93GB
  [ComfyUI] [worker:ComfyUI-SAM3DObjects] [VRAM] _load_condition_embedder(ss): after load_state_dict: torch=109MiB alloc, 768MiB reserved | gpu=1450MiB/24124MiB used
  [ComfyUI] [SubprocessWorker] callback 'request_vram_budget' from call_id=3
  [ComfyUI] [comfy-env] VRAM request: 2.54GB, free before eviction: 24.28GB
  [ComfyUI] [comfy-env] VRAM after eviction: 24.28GB
  [ComfyUI] [worker:ComfyUI-SAM3DObjects] [VRAM] +274MB (now 541MB) reserved=608MB peak=773MB
  [ComfyUI] [worker:ComfyUI-SAM3DObjects] [VRAM] Stage1: before embedding: torch=1368MiB alloc, 1376MiB reserved | gpu=2058MiB/24124MiB used
  [ComfyUI] [worker:ComfyUI-SAM3DObjects] [VRAM] Stage1: after embedding: torch=1398MiB alloc, 2464MiB reserved | gpu=3148MiB/24124MiB used
  [ComfyUI] [worker:ComfyUI-SAM3DObjects] [VRAM] -348MB (now 194MB) reserved=2464MB peak=1425MB
  [ComfyUI] [worker:ComfyUI-SAM3DObjects] [VRAM] Stage1: after embedder unload: torch=138MiB alloc, 352MiB reserved | gpu=1036MiB/24124MiB used
  [ComfyUI] [worker:ComfyUI-SAM3DObjects] [VRAM] _load_generator(ss): before build: torch=138MiB alloc, 352MiB reserved | gpu=1036MiB/24124MiB used
  [ComfyUI] [worker:ComfyUI-SAM3DObjects] [VRAM] _load_generator(ss): after load_state_dict: torch=138MiB alloc, 352MiB reserved | gpu=1036MiB/24124MiB used
  [ComfyUI] [SubprocessWorker] callback 'request_vram_budget' from call_id=3
  [ComfyUI] [comfy-env] VRAM request: 3.86GB, free before eviction: 24.21GB
  [ComfyUI] [comfy-env] VRAM after eviction: 24.21GB
  [ComfyUI] [worker:ComfyUI-SAM3DObjects] [VRAM] +1258MB (now 1452MB) reserved=1504MB peak=1452MB
  [ComfyUI] [worker:ComfyUI-SAM3DObjects] [VRAM] +1609MB (now 3061MB) reserved=3104MB peak=3061MB
  [capture-loop] iter=1850 t=244.1s state={'complete': False, 'error': None, 'executedCount': 2, 'wsState': 1} eval_ms=3 ram=12.5/31.2GB (40%) swap=2.1/32.0GB (7%) cpu=7% browser_rss=0.93GB
  [ComfyUI] [worker:ComfyUI-SAM3DObjects] [VRAM] _load_decoder(ss): before instantiate: torch=3816MiB alloc, 3840MiB reserved | gpu=4524MiB/24124MiB used
  [ComfyUI] [worker:ComfyUI-SAM3DObjects] [VRAM] _load_decoder(ss): after load_state_dict: torch=3816MiB alloc, 3840MiB reserved | gpu=4524MiB/24124MiB used
  [ComfyUI] [SubprocessWorker] callback 'request_vram_budget' from call_id=3
  [ComfyUI] [comfy-env] VRAM request: 0.15GB, free before eviction: 20.55GB
  [ComfyUI] [comfy-env] VRAM after eviction: 20.55GB
  [ComfyUI] [worker:ComfyUI-SAM3DObjects] [VRAM] Stage1: before inference: torch=3957MiB alloc, 3968MiB reserved | gpu=4652MiB/24124MiB used
  [ComfyUI] [worker:ComfyUI-SAM3DObjects] [DTYPE_DBG] _generate_noise_tensor: _compute_dtype=torch.bfloat16 shape=(1, 1, 6) device=cuda:0
  [ComfyUI] [worker:ComfyUI-SAM3DObjects] [DTYPE_DBG] _generate_noise_tensor: _compute_dtype=torch.bfloat16 shape=(1, 1, 3) device=cuda:0
  [ComfyUI] [worker:ComfyUI-SAM3DObjects] [DTYPE_DBG] _generate_noise_tensor: _compute_dtype=torch.bfloat16 shape=(1, 4096, 8) device=cuda:0
  [ComfyUI] [worker:ComfyUI-SAM3DObjects] [DTYPE_DBG] _generate_noise_tensor: _compute_dtype=torch.bfloat16 shape=(1, 1, 3) device=cuda:0
  [ComfyUI] [worker:ComfyUI-SAM3DObjects] [DTYPE_DBG] _generate_noise_tensor: _compute_dtype=torch.bfloat16 shape=(1, 1, 1) device=cuda:0
  [ComfyUI] [worker:ComfyUI-SAM3DObjects] [VRAM] +1071MB (now 4132MB) reserved=4160MB peak=4132MB
  [ComfyUI] [worker:ComfyUI-SAM3DObjects]
  [ComfyUI] === WATCHDOG TICK 4 ===
  [ComfyUI] [worker:ComfyUI-SAM3DObjects] Thread 0x0000732d94cff640 (most recent call first):
  [ComfyUI]   File "/tmp/comfytest-home/.ce/.pixi/envs/sam3dobjects-nodes/lib/python3.12/socket.py", line 295 in accept
  [ComfyUI]   File "/tmp/comfytest-home/.ce/.pixi/envs/sam3dobjects-nodes/lib/python3.12/multiprocessing/connection.py", line 626 in accept
  [ComfyUI]   File "/tmp/comfytest-home/.ce/.pixi/envs/sam3dobjects-nodes/lib/python3.12/multiprocessing/connection.py", line 480 in accept
  [ComfyUI]   File "/tmp/comfytest-home/.ce/.pixi/envs/sam3dobjects-nodes/lib/python3.12/multiprocessing/resource_sharer.py", line 138 in _serve
  [ComfyUI]   File "/tmp/comfytest-home/.ce/.pixi/envs/sam3dobjects-nodes/lib/python3.12/threading.py", line 1012 in run
  [ComfyUI]   File "/tmp/comfytest-home/.ce/.pixi/envs/sam3dobjects-nodes/lib/python3.12/threading.py", line 1075 in _bootstrap_inner
  [ComfyUI]   File "/tmp/comfytest-home/.ce/.pixi/envs/sam3dobjects-nodes/lib/python3.12/threading.py", line 1032 in _bootstrap
  [ComfyUI] 
  [ComfyUI] Thread 0x0000732df5113640 (most recent call first):
  [ComfyUI]   File "/tmp/comfytest-home/.ce/.pixi/envs/sam3dobjects-nodes/lib/python3.12/threading.py", line 359 in wait
  [ComfyUI]   File "/tmp/comfytest-home/.ce/.pixi/envs/sam3dobjects-nodes/lib/python3.12/threading.py", line 655 in wait
  [ComfyUI]   File "/tmp/comfytest-home/.ce/.pixi/envs/sam3dobjects-nodes/lib/python3.12/site-packages/tqdm/_monitor.py", line 60 in run
  [ComfyUI]   File "/tmp/comfytest-home/.ce/.pixi/envs/sam3dobjects-nodes/lib/python3.12/threading.py", line 1075 in _bootstrap_inner
  [ComfyUI]   File "/tmp/comfytest-home/.ce/.pixi/envs/sam3dobjects-nodes/lib/python3.12/threading.py", line 1032 in _bootstrap
  [ComfyUI] 
  [ComfyUI] Thread 0x0000732e29972640 (most recent call first):
  [ComfyUI]   File "/tmp/comfytest-home/.ce/.pixi/envs/sam3dobjects-nodes/lib/python3.12/threading.py", line 359 in wait
  [ComfyUI]   File "/tmp/comfytest-home/.ce/.pixi/envs/sam3dobjects-nodes/lib/python3.12/threading.py", line 655 in wait
  [ComfyUI]   File "/tmp/comfytest-home/.ce/.pixi/envs/sam3dobjects-nodes/lib/python3.12/site-packages/tqdm/_monitor.py", line 60 in run
  [ComfyUI]   File "/tmp/comfytest-home/.ce/.pixi/envs/sam3dobjects-nodes/lib/python3.12/threading.py", line 1075 in _bootstrap_inner
  [ComfyUI]   File "/tmp/comfytest-home/.ce/.pixi/envs/sam3dobjects-nodes/lib/python3.12/threading.py", line 1032 in _bootstrap
  [ComfyUI] 
  [ComfyUI] Thread 0x0000732e2a173640 (most recent call first):
  [ComfyUI]   File "/tmp/comfytest-home/.ce/.pixi/envs/sam3dobjects-nodes/lib/python3.12/threading.py", line 359 in wait
  [ComfyUI]   File "/tmp/comfytest-home/.ce/.pixi/envs/sam3dobjects-nodes/lib/python3.12/threading.py", line 655 in wait
  [ComfyUI]   File "/tmp/comfytest-home/.ce/.pixi/envs/sam3dobjects-nodes/lib/python3.12/site-packages/tqdm/_monitor.py", line 60 in run
  [ComfyUI]   File "/tmp/comfytest-home/.ce/.pixi/envs/sam3dobjects-nodes/lib/python3.12/threading.py", line 1075 in _bootstrap_inner
  [ComfyUI]   File "/tmp/comfytest-home/.ce/.pixi/envs/sam3dobjects-nodes/lib/python3.12/threading.py", line 1032 in _bootstrap
  [ComfyUI] 
  [ComfyUI] Thread 0x0000732deeffd640 (most recent call first):
  [ComfyUI]   File "/tmp/comfytest-home/.ce/.pixi/envs/sam3dobjects-nodes/lib/python3.12/threading.py", line 359 in wait
  [ComfyUI]   File "/tmp/comfytest-home/.ce/.pixi/envs/sam3dobjects-nodes/lib/python3.12/threading.py", line 655 in wait
  [ComfyUI]   File "/tmp/comfytest-home/.ce/.pixi/envs/sam3dobjects-nodes/lib/python3.12/site-packages/tqdm/_monitor.py", line 60 in run
  [ComfyUI]   File "/tmp/comfytest-home/.ce/.pixi/envs/sam3dobjects-nodes/lib/python3.12/threading.py", line 1075 in _bootstrap_inner
  [ComfyUI]   File "/tmp/comfytest-home/.ce/.pixi/envs/sam3dobjects-nodes/lib/python3.12/threading.py", line 1032 in _bootstrap
  [ComfyUI] 
  [ComfyUI] Thread 0x0000732def7fe640 (most recent call first):
  [ComfyUI]   File "/tmp/comfytest-home/.ce/.pixi/envs/sam3dobjects-nodes/lib/python3.12/threading.py", line 359 in wait
  [ComfyUI]   File "/tmp/comfytest-home/.ce/.pixi/envs/sam3dobjects-nodes/lib/python3.12/threading.py", line 655 in wait
  [ComfyUI]   File "/tmp/comfytest-home/.ce/.pixi/envs/sam3dobjects-nodes/lib/python3.12/site-packages/tqdm/_monitor.py", line 60 in run
  [ComfyUI]   File "/tmp/comfytest-home/.ce/.pixi/envs/sam3dobjects-nodes/lib/python3.12/threading.py", line 1075 in _bootstrap_inner
  [ComfyUI]   File "/tmp/comfytest-home/.ce/.pixi/envs/sam3dobjects-nodes/lib/python3.12/threading.py", line 1032 in _bootstrap
  [ComfyUI] 
  [ComfyUI] Thread 0x0000732deffff640 (most recent call first):
  [ComfyUI]   File "/tmp/comfytest-home/.ce/.pixi/envs/sam3dobjects-nodes/lib/python3.12/threading.py", line 359 in wait
  [ComfyUI]   File "/tmp/comfytest-home/.ce/.pixi/envs/sam3dobjects-nodes/lib/python3.12/threading.py", line 655 in wait
  [ComfyUI]   File "/tmp/comfytest-home/.ce/.pixi/envs/sam3dobjects-nodes/lib/python3.12/site-packages/tqdm/_monitor.py", line 60 in run
  [ComfyUI]   File "/tmp/comfytest-home/.ce/.pixi/envs/sam3dobjects-nodes/lib/python3.12/threading.py", line 1075 in _bootstrap_inner
  [ComfyUI]   File "/tmp/comfytest-home/.ce/.pixi/envs/sam3dobjects-nodes/lib/python3.12/threading.py", line 1032 in _bootstrap
  [ComfyUI] 
  [ComfyUI] Thread 0x0000732df5914640 (most recent call first):
  [ComfyUI]   File "/tmp/comfytest-home/.ce/.pixi/envs/sam3dobjects-nodes/lib/python3.12/threading.py", line 359 in wait
  [ComfyUI]   File "/tmp/comfytest-home/.ce/.pixi/envs/sam3dobjects-nodes/lib/python3.12/threading.py", line 655 in wait
  [ComfyUI]   File "/tmp/comfytest-home/.ce/.pixi/envs/sam3dobjects-nodes/lib/python3.12/site-packages/tqdm/_monitor.py", line 60 in run
  [ComfyUI]   File "/tmp/comfytest-home/.ce/.pixi/envs/sam3dobjects-nodes/lib/python3.12/threading.py", line 1075 in _bootstrap_inner
  [ComfyUI]   File "/tmp/comfytest-home/.ce/.pixi/envs/sam3dobjects-nodes/lib/python3.12/threading.py", line 1032 in _bootstrap
  [ComfyUI] 
  [ComfyUI] Thread 0x0000732e28a8a640 (most recent call first):
  [ComfyUI]   File "/tmp/comfytest-home/.ce/.pixi/envs/sam3dobjects-nodes/lib/python3.12/threading.py", line 359 in wait
  [ComfyUI]   File "/tmp/comfytest-home/.ce/.pixi/envs/sam3dobjects-nodes/lib/python3.12/threading.py", line 655 in wait
  [ComfyUI]   File "/tmp/comfytest-home/.ce/.pixi/envs/sam3dobjects-nodes/lib/python3.12/site-packages/tqdm/_monitor.py", line 60 in run
  [ComfyUI]   File "/tmp/comfytest-home/.ce/.pixi/envs/sam3dobjects-nodes/lib/python3.12/threading.py", line 1075 in _bootstrap_inner
  [ComfyUI]   File "/tmp/comfytest-home/.ce/.pixi/envs/sam3dobjects-nodes/lib/python3.12/threading.py", line 1032 in _bootstrap
  [ComfyUI] 
  [ComfyUI] Thread 0x0000732df68b8640 (most recent call first):
  [ComfyUI]   File "/tmp/comfytest-home/.ce/.pixi/envs/sam3dobjects-nodes/lib/python3.12/threading.py", line 359 in wait
  [ComfyUI]   File "/tmp/comfytest-home/.ce/.pixi/envs/sam3dobjects-nodes/lib/python3.12/threading.py", line 655 in wait
  [ComfyUI]   File "/tmp/comfytest-home/.ce/.pixi/envs/sam3dobjects-nodes/lib/python3.12/site-packages/tqdm/_monitor.py", line 60 in run
  [ComfyUI]   File "/tmp/comfytest-home/.ce/.pixi/envs/sam3dobjects-nodes/lib/python3.12/threading.py", line 1075 in _bootstrap_inner
  [ComfyUI]   File "/tmp/comfytest-home/.ce/.pixi/envs/sam3dobjects-nodes/lib/python3.12/threading.py", line 1032 in _bootstrap
  [ComfyUI] 
  [ComfyUI] Thread 0x0000732df70b9640 (most recent call first):
  [ComfyUI]   File "/tmp/comfytest-home/.ce/.pixi/envs/sam3dobjects-nodes/lib/python3.12/threading.py", line 359 in wait
  [ComfyUI]   File "/tmp/comfytest-home/.ce/.pixi/envs/sam3dobjects-nodes/lib/python3.12/threading.py", line 655 in wait
  [ComfyUI]   File "/tmp/comfytest-home/.ce/.pixi/envs/sam3dobjects-nodes/lib/python3.12/site-packages/tqdm/_monitor.py", line 60 in run
  [ComfyUI]   File "/tmp/comfytest-home/.ce/.pixi/envs/sam3dobjects-nodes/lib/python3.12/threading.py", line 1075 in _bootstrap_inner
  [ComfyUI]   File "/tmp/comfytest-home/.ce/.pixi/envs/sam3dobjects-nodes/lib/python3.12/threading.py", line 1032 in _bootstrap
  [ComfyUI] 
  [ComfyUI] Thread 0x0000732eb2ac3640 (most recent call first):
  [ComfyUI]   File "/tmp/comfytest-home/.ce/.pixi/envs/sam3dobjects-nodes/lib/python3.12/threading.py", line 359 in wait
  [ComfyUI]   File "/tmp/comfytest-home/.ce/.pixi/envs/sam3dobjects-nodes/lib/python3.12/threading.py", line 655 in wait
  [ComfyUI]   File "/tmp/comfytest-home/.ce/.pixi/envs/sam3dobjects-nodes/lib/python3.12/site-packages/tqdm/_monitor.py", line 60 in run
  [ComfyUI]   File "/tmp/comfytest-home/.ce/.pixi/envs/sam3dobjects-nodes/lib/python3.12/threading.py", line 1075 in _bootstrap_inner
  [ComfyUI]   File "/tmp/comfytest-home/.ce/.pixi/envs/sam3dobjects-nodes/lib/python3.12/threading.py", line 1032 in _bootstrap
  [ComfyUI] 
  [ComfyUI] Thread 0x0000732eb3fff640 (most recent call first):
  [ComfyUI]   File "/tmp/comfytest-home/.ce/.pixi/envs/sam3dobjects-nodes/lib/python3.12/threading.py", line 359 in wait
  [ComfyUI]   File "/tmp/comfytest-home/.ce/.pixi/envs/sam3dobjects-nodes/lib/python3.12/threading.py", line 655 in wait
  [ComfyUI]   File "/tmp/comfytest-home/.ce/.pixi/envs/sam3dobjects-nodes/lib/python3.12/site-packages/tqdm/_monitor.py", line 60 in run
  [ComfyUI]   File "/tmp/comfytest-home/.ce/.pixi/envs/sam3dobjects-nodes/lib/python3.12/threading.py", line 1075 in _bootstrap_inner
  [ComfyUI]   File "/tmp/comfytest-home/.ce/.pixi/envs/sam3dobjects-nodes/lib/python3.12/threading.py", line 1032 in _bootstrap
  [ComfyUI] 
  [ComfyUI] Thread 0x0000732ec0aab640 (most recent call first):
  [ComfyUI]   File "/tmp/comfytest-home/.ce/.pixi/envs/sam3dobjects-nodes/lib/python3.12/threading.py", line 359 in wait
  [ComfyUI]   File "/tmp/comfytest-home/.ce/.pixi/envs/sam3dobjects-nodes/lib/python3.12/threading.py", line 655 in wait
  [ComfyUI]   File "/tmp/comfytest-home/.ce/.pixi/envs/sam3dobjects-nodes/lib/python3.12/site-packages/tqdm/_monitor.py", line 60 in run
  [ComfyUI]   File "/tmp/comfytest-home/.ce/.pixi/envs/sam3dobjects-nodes/lib/python3.12/threading.py", line 1075 in _bootstrap_inner
  [ComfyUI]   File "/tmp/comfytest-home/.ce/.pixi/envs/sam3dobjects-nodes/lib/python3.12/threading.py", line 1032 in _bootstrap
  [ComfyUI] 
  [ComfyUI] Thread 0x0000732ec12ac640 (most recent call first):
  [ComfyUI]   File "/tmp/comfytest-home/.ce/.pixi/envs/sam3dobjects-nodes/lib/python3.12/threading.py", line 359 in wait
  [ComfyUI]   File "/tmp/comfytest-home/.ce/.pixi/envs/sam3dobjects-nodes/lib/python3.12/threading.py", line 655 in wait
  [ComfyUI]   File "/tmp/comfytest-home/.ce/.pixi/envs/sam3dobjects-nodes/lib/python3.12/site-packages/tqdm/_monitor.py", line 60 in run
  [ComfyUI]   File "/tmp/comfytest-home/.ce/.pixi/envs/sam3dobjects-nodes/lib/python3.12/threading.py", line 1075 in _bootstrap_inner
  [ComfyUI]   File "/tmp/comfytest-home/.ce/.pixi/envs/sam3dobjects-nodes/lib/python3.12/threading.py", line 1032 in _bootstrap
  [ComfyUI] 
  [ComfyUI] Thread 0x0000732ec1aad640 (most recent call first):
  [ComfyUI]   File "/tmp/comfytest-home/.ce/.pixi/envs/sam3dobjects-nodes/lib/python3.12/threading.py", line 359 in wait
  [ComfyUI]   File "/tmp/comfytest-home/.ce/.pixi/envs/sam3dobjects-nodes/lib/python3.12/threading.py", line 655 in wait
  [ComfyUI]   File "/tmp/comfytest-home/.ce/.pixi/envs/sam3dobjects-nodes/lib/python3.12/site-packages/tqdm/_monitor.py", line 60 in run
  [ComfyUI]   File "/tmp/comfytest-home/.ce/.pixi/envs/sam3dobjects-nodes/lib/python3.12/threading.py", line 1075 in _bootstrap_inner
  [ComfyUI]   File "/tmp/comfytest-home/.ce/.pixi/envs/sam3dobjects-nodes/lib/python3.12/threading.py", line 1032 in _bootstrap
  [ComfyUI] 
  [ComfyUI] Thread 0x0000732ec22b8640 (most recent call first):
  [ComfyUI]   File "/tmp/comfytest-home/.ce/.pixi/envs/sam3dobjects-nodes/lib/python3.12/threading.py", line 359 in wait
  [ComfyUI]   File "/tmp/comfytest-home/.ce/.pixi/envs/sam3dobjects-nodes/lib/python3.12/threading.py", line 655 in wait
  [ComfyUI]   File "/tmp/comfytest-home/.ce/.pixi/envs/sam3dobjects-nodes/lib/python3.12/site-packages/tqdm/_monitor.py", line 60 in run
  [ComfyUI]   File "/tmp/comfytest-home/.ce/.pixi/envs/sam3dobjects-nodes/lib/python3.12/threading.py", line 1075 in _bootstrap_inner
  [ComfyUI]   File "/tmp/comfytest-home/.ce/.pixi/envs/sam3dobjects-nodes/lib/python3.12/threading.py", line 1032 in _bootstrap
  [ComfyUI] 
  [ComfyUI] Thread 0x0000733079d87640 (most recent call first):
  [ComfyUI]   File "/tmp/comfyui_pvenv_71ykybs_/persistent_worker.py", line 106 in _vram_poller
  [ComfyUI]   File "/tmp/comfytest-home/.ce/.pixi/envs/sam3dobjects-nodes/lib/python3.12/threading.py", line 1012 in run
  [ComfyUI]   File "/tmp/comfytest-home/.ce/.pixi/envs/sam3dobjects-nodes/lib/python3.12/threading.py", line 1075 in _bootstrap_inner
  [ComfyUI]   File "/tmp/comfytest-home/.ce/.pixi/envs/sam3dobjects-nodes/lib/python3.12/threading.py", line 1032 in _bootstrap
  [ComfyUI] 
  [ComfyUI] Current thread 0x000073307a58c640 (most recent call first):
  [ComfyUI]   File "/tmp/comfyui_pvenv_71ykybs_/persistent_worker.py", line 52 in _watchdog
  [ComfyUI]   File "/tmp/comfytest-home/.ce/.pixi/envs/sam3dobjects-nodes/lib/python3.12/threading.py", line 1012 in run
  [ComfyUI]   File "/tmp/comfytest-home/.ce/.pixi/envs/sam3dobjects-nodes/lib/python3.12/threading.py", line 1075 in _bootstrap_inner
  [ComfyUI]   File "/tmp/comfytest-home/.ce/.pixi/envs/sam3dobjects-nodes/lib/python3.12/threading.py", line 1032 in _bootstrap
  [ComfyUI] 
  [ComfyUI] Thread 0x000073307ab87740 (most recent call first):
  [ComfyUI]   File "/tmp/comfytest-home/.ce/.pixi/envs/sam3dobjects-nodes/lib/python3.12/site-packages/triton/backends/nvidia/compiler.py", line 378 in make_llir
  [ComfyUI]   File "/tmp/comfytest-home/.ce/.pixi/envs/sam3dobjects-nodes/lib/python3.12/site-packages/triton/backends/nvidia/compiler.py", line 544 in <lambda>
  [ComfyUI]   File "/tmp/comfytest-home/.ce/.pixi/envs/sam3dobjects-nodes/lib/python3.12/site-packages/triton/compiler/compiler.py", line 324 in compile
  [ComfyUI]   File "/tmp/comfytest-home/.ce/.pixi/envs/sam3dobjects-nodes/lib/python3.12/site-packages/triton/runtime/jit.py", line 849 in _do_compile
  [ComfyUI]   File "/tmp/comfytest-home/.ce/.pixi/envs/sam3dobjects-nodes/lib/python3.12/site-packages/triton/runtime/jit.py", line 720 in run
  [ComfyUI]   File "/tmp/comfytest-home/.ce/.pixi/envs/sam3dobjects-nodes/lib/python3.12/site-packages/triton/runtime/jit.py", line 370 in <lambda>
  [ComfyUI]   File "/tmp/comfytest-home/.ce/.pixi/envs/sam3dobjects-nodes/lib/python3.12/site-packages/sageattention/triton/attn_qk_int8_per_block.py", line 170 in forward
  [ComfyUI]   File "/tmp/comfytest-home/.ce/.pixi/envs/sam3dobjects-nodes/lib/python3.12/site-packages/sageattention/core.py", line 322 in sageattn_qk_int8_pv_fp16_triton
  [ComfyUI]   File "/tmp/comfytest-home/.ce/.pixi/envs/sam3dobjects-nodes/lib/python3.12/site-packages/sageattention/core.py", line 147 in sageattn
  [ComfyUI]   File "/workspaces/SAM3DObjects-2147/ComfyUI/comfy/ldm/modules/attention.py", line 569 in attention_sage
  [ComfyUI]   File "/workspaces/SAM3DObjects-2147/ComfyUI/comfy/ldm/modules/attention.py", line 139 in wrapper
  [ComfyUI]   File "/workspaces/SAM3DObjects-2147/ComfyUI/custom_nodes/ComfyUI-SAM3DObjects/nodes/sam3d/attention.py", line 79 in scaled_dot_product_attention
  [ComfyUI]   File "/workspaces/SAM3DObjects-2147/ComfyUI/custom_nodes/ComfyUI-SAM3DObjects/nodes/sam3d/model.py", line 442 in mm_scale_dot_product_attention
  [ComfyUI]   File "/workspaces/SAM3DObjects-2147/ComfyUI/custom_nodes/ComfyUI-SAM3DObjects/nodes/sam3d/model.py", line 468 in forward
  [ComfyUI]   File "/tmp/comfytest-home/.ce/.pixi/envs/sam3dobjects-nodes/lib/python3.12/site-packages/torch/nn/modules/module.py", line 1787 in _call_impl
  [ComfyUI]   File "/tmp/comfytest-home/.ce/.pixi/envs/sam3dobjects-nodes/lib/python3.12/site-packages/torch/nn/modules/module.py", line 1776 in _wrapped_call_impl
  [ComfyUI]   File "/workspaces/SAM3DObjects-2147/ComfyUI/custom_nodes/ComfyUI-SAM3DObjects/nodes/sam3d/model.py", line 934 in _forward
  [ComfyUI]   File "/workspaces/SAM3DObjects-2147/ComfyUI/custom_nodes/ComfyUI-SAM3DObjects/nodes/sam3d/model.py", line 950 in forward
  [ComfyUI]   File "/tmp/comfytest-home/.ce/.pixi/envs/sam3dobjects-nodes/lib/python3.12/site-packages/torch/nn/modules/module.py", line 1787 in _call_impl
  [ComfyUI]   File "/tmp/comfytest-home/.ce/.pixi/envs/sam3dobjects-nodes/lib/python3.12/site-packages/torch/nn/modules/module.py", line 1776 in _wrapped_call_impl
  [ComfyUI]   File "/workspaces/SAM3DObjects-2147/ComfyUI/custom_nodes/ComfyUI-SAM3DObjects/nodes/sam3d/model.py", line 1464 in _forward
  [ComfyUI]   File "/workspaces/SAM3DObjects-2147/ComfyUI/comfy/patcher_extension.py", line 112 in execute
  [ComfyUI]   File "/workspaces/SAM3DObjects-2147/ComfyUI/custom_nodes/ComfyUI-SAM3DObjects/nodes/sam3d/model.py", line 1427 in forward
  [ComfyUI]   File "/workspaces/SAM3DObjects-2147/ComfyUI/custom_nodes/ComfyUI-SAM3DObjects/nodes/sam3d/model.py", line 1504 in forward
  [ComfyUI]   File "/tmp/comfytest-home/.ce/.pixi/envs/sam3dobjects-nodes/lib/python3.12/site-packages/torch/nn/modules/module.py", line 1787 in _call_impl
  [ComfyUI]   File "/tmp/comfytest-home/.ce/.pixi/envs/sam3dobjects-nodes/lib/python3.12/site-packages/torch/nn/modules/module.py", line 1776 in _wrapped_call_impl
  [ComfyUI]   File "/workspaces/SAM3DObjects-2147/ComfyUI/custom_nodes/ComfyUI-SAM3DObjects/nodes/sam3d/generators.py", line 666 in inner_forward
  [ComfyUI]   File "/workspaces/SAM3DObjects-2147/ComfyUI/custom_nodes/ComfyUI-SAM3DObjects/nodes/sam3d/generators.py", line 814 in forward
  [ComfyUI]   File "/tmp/comfytest-home/.ce/.pixi/envs/sam3dobjects-nodes/lib/python3.12/site-packages/torch/nn/modules/module.py", line 1787 in _call_impl
  [ComfyUI]   File "/tmp/comfytest-home/.ce/.pixi/envs/sam3dobjects-nodes/lib/python3.12/site-packages/torch/nn/modules/module.py", line 1776 in _wrapped_call_impl
  [ComfyUI]   File "/workspaces/SAM3DObjects-2147/ComfyUI/custom_nodes/ComfyUI-SAM3DObjects/nodes/sam3d/generators.py", line 1253 in _generate_dynamics
  [ComfyUI]   File "/workspaces/SAM3DObjects-2147/ComfyUI/custom_nodes/ComfyUI-SAM3DObjects/nodes/sam3d/generators.py", line 133 in step
  [ComfyUI]   File "/workspaces/SAM3DObjects-2147/ComfyUI/custom_nodes/ComfyUI-SAM3DObjects/nodes/sam3d/generators.py", line 121 in solve_iter
  [ComfyUI]   File "/workspaces/SAM3DObjects-2147/ComfyUI/custom_nodes/ComfyUI-SAM3DObjects/nodes/sam3d/generators.py", line 1228 in generate_iter
  [ComfyUI]   File "/workspaces/SAM3DObjects-2147/ComfyUI/custom_nodes/ComfyUI-SAM3DObjects/nodes/utils/stages.py", line 965 in run_stage1
  [ComfyUI]   File "/workspaces/SAM3DObjects-2147/ComfyUI/custom_nodes/ComfyUI-SAM3DObjects/nodes/generate_slat.py", line 237 in execute
  [ComfyUI]   File "/tmp/comfytest-home/.ce/.pixi/envs/sam3dobjects-nodes/lib/python3.12/site-packages/torch/utils/_contextlib.py", line 124 in decorate_context
  [ComfyUI]   File "/workspaces/SAM3DObjects-2147/ComfyUI/comfy_api/latest/_io.py", line 1833 in EXECUTE_NORMALIZED
  [ComfyUI]   File "/tmp/comfyui_pvenv_71ykybs_/persistent_worker.py", line 1762 in main
  [ComfyUI]   File "/tmp/comfyui_pvenv_71ykybs_/persistent_worker.py", line 1807 in <module>
  [ComfyUI] 
  [ComfyUI] [worker:ComfyUI-SAM3DObjects] === END ===
  [ComfyUI] 
  [ComfyUI] [SubprocessWorker] callback 'report_progress' from call_id=3
  Frame 61 saved (frame_060.jpg, t=247.8s)
  [capture-periodic] freeze=3ms shot=241ms unfreeze=8ms saved=True
  [ComfyUI] [SubprocessWorker] callback 'report_progress' from call_id=3
  [ComfyUI] [SubprocessWorker] callback 'report_progress' from call_id=3
  [ComfyUI] [SubprocessWorker] callback 'report_progress' from call_id=3
  [capture-loop] iter=1900 t=250.0s state={'complete': False, 'error': None, 'executedCount': 2, 'wsState': 1} eval_ms=4 ram=12.5/31.2GB (40%) swap=2.1/32.0GB (7%) cpu=6% browser_rss=0.93GB
  [ComfyUI] [SubprocessWorker] callback 'report_progress' from call_id=3
  Frame 62 saved (frame_061.jpg, t=250.2s)
  [capture-periodic] freeze=3ms shot=256ms unfreeze=4ms saved=True
  [ComfyUI] [SubprocessWorker] callback 'report_progress' from call_id=3
  [ComfyUI] [SubprocessWorker] callback 'report_progress' from call_id=3
  [ComfyUI] [SubprocessWorker] callback 'report_progress' from call_id=3
  Frame 63 saved (frame_062.jpg, t=252.6s)
  [capture-periodic] freeze=3ms shot=241ms unfreeze=3ms saved=True
  [ComfyUI] [SubprocessWorker] callback 'report_progress' from call_id=3
  [ComfyUI] [SubprocessWorker] callback 'report_progress' from call_id=3
  [ComfyUI] [SubprocessWorker] callback 'report_progress' from call_id=3
  [ComfyUI] [SubprocessWorker] callback 'report_progress' from call_id=3
  [ComfyUI] [worker:ComfyUI-SAM3DObjects] [VRAM] Stage1: after inference: torch=3974MiB alloc, 4480MiB reserved | gpu=5164MiB/24124MiB used
  [ComfyUI] [worker:ComfyUI-SAM3DObjects] [VRAM] -625MB (now 3507MB) reserved=4480MB peak=4184MB
  Frame 64 saved (frame_063.jpg, t=255.0s)
  [capture-periodic] freeze=8ms shot=280ms unfreeze=3ms saved=True
  [ComfyUI] [worker:ComfyUI-SAM3DObjects] [VRAM] -1858MB (now 1649MB) reserved=4480MB peak=4184MB
  [capture-loop] iter=1950 t=256.4s state={'complete': False, 'error': None, 'executedCount': 2, 'wsState': 1} eval_ms=4 ram=14.2/31.2GB (46%) swap=2.1/32.0GB (7%) cpu=6% browser_rss=0.93GB
  [ComfyUI] [worker:ComfyUI-SAM3DObjects] [VRAM] Stage1: after model cleanup: torch=155MiB alloc, 480MiB reserved | gpu=1164MiB/24124MiB used
  [ComfyUI] [worker:ComfyUI-SAM3DObjects] [VRAM] -1462MB (now 187MB) reserved=608MB peak=4184MB
  [ComfyUI] 2026-05-18 21:58:00.940 | WARNING  | nodes.sam3d.transforms:__post_init__:1359 - No rgb pointmap normalizer provided, using scale + shift
  Frame 65 saved (frame_064.jpg, t=257.4s)
  [capture-periodic] freeze=3ms shot=241ms unfreeze=4ms saved=True
  [ComfyUI] [worker:ComfyUI-SAM3DObjects] [VRAM] _load_condition_embedder(slat): before build: torch=105MiB alloc, 480MiB reserved | gpu=1166MiB/24124MiB used
  [capture-loop] iter=2000 t=262.6s state={'complete': False, 'error': None, 'executedCount': 2, 'wsState': 1} eval_ms=3 ram=17.1/31.2GB (55%) swap=2.1/32.0GB (7%) cpu=6% browser_rss=0.93GB
  [ComfyUI] [worker:ComfyUI-SAM3DObjects] [VRAM] _load_condition_embedder(slat): after load_state_dict: torch=105MiB alloc, 480MiB reserved | gpu=1166MiB/24124MiB used
  [ComfyUI] [SubprocessWorker] callback 'request_vram_budget' from call_id=3
  [ComfyUI] [comfy-env] VRAM request: 2.50GB, free before eviction: 24.28GB
  [ComfyUI] [comfy-env] VRAM after eviction: 24.28GB
  [ComfyUI] [worker:ComfyUI-SAM3DObjects] [VRAM] +205MB (now 393MB) reserved=512MB peak=4184MB
  [ComfyUI] [worker:ComfyUI-SAM3DObjects] [VRAM] Stage2: before embedding: torch=1332MiB alloc, 1376MiB reserved | gpu=2062MiB/24124MiB used
  [ComfyUI] [worker:ComfyUI-SAM3DObjects] [VRAM] Stage2: after embedding: torch=1342MiB alloc, 1472MiB reserved | gpu=2158MiB/24124MiB used
  [ComfyUI] [worker:ComfyUI-SAM3DObjects] [VRAM] +418MB (now 811MB) reserved=1472MB peak=4184MB
  [ComfyUI] [worker:ComfyUI-SAM3DObjects] [VRAM] Stage2: after embedder unload: torch=115MiB alloc, 352MiB reserved | gpu=1038MiB/24124MiB used
  [ComfyUI] [worker:ComfyUI-SAM3DObjects] [VRAM] _load_generator(slat): before build: torch=115MiB alloc, 352MiB reserved | gpu=1038MiB/24124MiB used
  [ComfyUI] [worker:ComfyUI-SAM3DObjects] [VRAM] -697MB (now 115MB) reserved=352MB peak=4184MB
  [capture-loop] iter=2050 t=268.4s state={'complete': False, 'error': None, 'executedCount': 2, 'wsState': 1} eval_ms=4 ram=17.8/31.2GB (57%) swap=2.1/32.0GB (7%) cpu=6% browser_rss=0.93GB
  [ComfyUI] [worker:ComfyUI-SAM3DObjects] [VRAM] _load_generator(slat): after load_state_dict: torch=115MiB alloc, 352MiB reserved | gpu=1038MiB/24124MiB used
  [ComfyUI] [SubprocessWorker] callback 'request_vram_budget' from call_id=3
  [ComfyUI] [comfy-env] VRAM request: 2.40GB, free before eviction: 24.21GB
  [ComfyUI] [comfy-env] VRAM after eviction: 24.21GB
  [ComfyUI] [worker:ComfyUI-SAM3DObjects] [VRAM] +303MB (now 418MB) reserved=608MB peak=4184MB
  [ComfyUI] [worker:ComfyUI-SAM3DObjects] [VRAM] +1630MB (now 2049MB) reserved=2112MB peak=4184MB
  [ComfyUI] [worker:ComfyUI-SAM3DObjects] [VRAM] Stage2: before inference: torch=2406MiB alloc, 2464MiB reserved | gpu=3150MiB/24124MiB used
  [ComfyUI] [worker:ComfyUI-SAM3DObjects] [DTYPE_DBG] _generate_noise_tensor: _compute_dtype=torch.bfloat16 shape=(1, 26608, 8) device=cuda:0
  [ComfyUI] W0518 21:58:17.774000 1915 site-packages/torch/fx/_symbolic_trace.py:53] is_fx_tracing will return true for both fx.symbolic_trace and torch.export. Please use is_fx_tracing_symbolic_tracing() for specifically fx.symbolic_trace or torch.compiler.is_compiling() for specifically torch.export/compile.
  [capture-loop] iter=2100 t=274.5s state={'complete': False, 'error': None, 'executedCount': 2, 'wsState': 1} eval_ms=4 ram=17.5/31.2GB (56%) swap=2.5/32.0GB (8%) cpu=7% browser_rss=0.90GB
  [ComfyUI] [worker:ComfyUI-SAM3DObjects] [33m[comfy-attn] Varlen attention: sage2[0m
  [ComfyUI] [worker:ComfyUI-SAM3DObjects] [VRAM] +641MB (now 2691MB) reserved=2784MB peak=4184MB
  [ComfyUI] [worker:ComfyUI-SAM3DObjects] [VRAM] +226MB (now 2917MB) reserved=3232MB peak=4184MB
  [ComfyUI] [SubprocessWorker] callback 'report_progress' from call_id=3
  [ComfyUI] [worker:ComfyUI-SAM3DObjects] [VRAM] -288MB (now 2630MB) reserved=3296MB peak=4184MB
  Frame 66 saved (frame_065.jpg, t=280.2s)
  [capture-periodic] freeze=3ms shot=240ms unfreeze=3ms saved=True
  [capture-loop] iter=2150 t=280.6s state={'complete': False, 'error': None, 'executedCount': 2, 'wsState': 1} eval_ms=3 ram=17.6/31.2GB (56%) swap=2.5/32.0GB (8%) cpu=6% browser_rss=0.91GB
  [ComfyUI] [SubprocessWorker] callback 'report_progress' from call_id=3
  [ComfyUI] [SubprocessWorker] callback 'report_progress' from call_id=3
  [ComfyUI] [SubprocessWorker] callback 'report_progress' from call_id=3
  Frame 67 saved (frame_066.jpg, t=282.6s)
  [capture-periodic] freeze=3ms shot=239ms unfreeze=3ms saved=True
  [ComfyUI] [SubprocessWorker] callback 'report_progress' from call_id=3
  [ComfyUI] [SubprocessWorker] callback 'report_progress' from call_id=3
  Frame 68 saved (frame_067.jpg, t=284.9s)
  [capture-periodic] freeze=10ms shot=234ms unfreeze=3ms saved=True
  [ComfyUI] [SubprocessWorker] callback 'report_progress' from call_id=3
  [ComfyUI] [SubprocessWorker] callback 'report_progress' from call_id=3
  [capture-loop] iter=2200 t=286.6s state={'complete': False, 'error': None, 'executedCount': 2, 'wsState': 1} eval_ms=3 ram=17.5/31.2GB (56%) swap=2.6/32.0GB (8%) cpu=5% browser_rss=0.91GB
  [ComfyUI] [SubprocessWorker] callback 'report_progress' from call_id=3
  [ComfyUI] [SubprocessWorker] callback 'report_progress' from call_id=3
  Frame 69 saved (frame_068.jpg, t=287.3s)
  [capture-periodic] freeze=3ms shot=235ms unfreeze=11ms saved=True
  [ComfyUI] [SubprocessWorker] callback 'report_progress' from call_id=3
  [ComfyUI] [SubprocessWorker] callback 'report_progress' from call_id=3
  [ComfyUI] [worker:ComfyUI-SAM3DObjects] [VRAM] Stage2: after inference: torch=2407MiB alloc, 3296MiB reserved | gpu=3984MiB/24124MiB used
  [ComfyUI] [worker:ComfyUI-SAM3DObjects] [VRAM] -247MB (now 2384MB) reserved=3296MB peak=4184MB
  [ComfyUI] [worker:ComfyUI-SAM3DObjects] [VRAM] Stage2: after model cleanup: torch=116MiB alloc, 384MiB reserved | gpu=1072MiB/24124MiB used
  [ComfyUI] [worker:ComfyUI-SAM3DObjects] [VRAM] -2287MB (now 97MB) reserved=384MB peak=4184MB
  [ComfyUI] [worker:ComfyUI-SAM3DObjects] [VRAM] GenerateSLAT: done: torch=97MiB alloc, 384MiB reserved | gpu=1072MiB/24124MiB used
  [ComfyUI] [SubprocessWorker] got response: ok
  [ComfyUI] [comfy-env] Created 5 model patchers: ['EmbedderFuser_2', 'ShortCut_3', 'SparseStructureDecoderTdfyWrapper_4', 'EmbedderFuser_5', 'FlowMatching_6']
  [ComfyUI] [comfy-env] SAM3DGenerateSLAT done (58.86s): result: NodeOutput
  [ComfyUI] [VRAM] After SAM3DGenerateSLAT: 1072 / 24124 MB
  [ComfyUI] [VRAM] Loaded: SubprocessModel (0 MB), SubprocessModel (0 MB), SubprocessModel (0 MB), SubprocessModel (0 MB), SubprocessModel (0 MB), SubprocessModel (0 MB)
  [ComfyUI] [comfy-env] Running SAM3DMeshDecode: with_postprocess: False, simplify: 0.95, up_axis: 'Y-up (standard)', world_coordinates: False, use_sparse_flexicubes: True, slat_decoder_mesh: dict, slat: '/workspaces/SAM3DObjects-2147/ComfyUI/output/sam3d_run_1...
  [ComfyUI] [VRAM] Before SAM3DMeshDecode: 1072 / 24124 MB
  [ComfyUI] [VRAM] Loaded: SubprocessModel (0 MB), SubprocessModel (0 MB), SubprocessModel (0 MB), SubprocessModel (0 MB), SubprocessModel (0 MB), SubprocessModel (0 MB)
  [ComfyUI] [SubprocessWorker] call_method: nodes.mesh_decode.SAM3DMeshDecode.EXECUTE_NORMALIZED
  [ComfyUI] [SubprocessWorker] acquired lock, ensuring started...
  [ComfyUI] [ComfyUI-SAM3DObjects] Health check: ping (timeout=5.0s)...
  [ComfyUI] [ComfyUI-SAM3DObjects] Health check: ok
  [ComfyUI] [SubprocessWorker] worker started/confirmed
  [ComfyUI] [SubprocessWorker] serializing kwargs to shm...
  [ComfyUI] [SubprocessWorker] created 0 shm blocks
  [ComfyUI] [SubprocessWorker] sending request via socket...
  [ComfyUI] [SubprocessWorker] call_id=4 sending call_method
  [ComfyUI] [worker:ComfyUI-SAM3DObjects] [VRAM] MeshDecode: start: torch=9MiB alloc, 384MiB reserved | gpu=1072MiB/24124MiB used
  [ComfyUI] [SubprocessWorker] callback 'report_progress' from call_id=4
  [ComfyUI] [worker:ComfyUI-SAM3DObjects] [VRAM] _load_decoder(slat_decoder_mesh): before instantiate: torch=9MiB alloc, 384MiB reserved | gpu=1072MiB/24124MiB used
  [ComfyUI] [worker:ComfyUI-SAM3DObjects] [VRAM] _load_decoder(slat_decoder_mesh): after load_state_dict: torch=9MiB alloc, 416MiB reserved | gpu=1104MiB/24124MiB used
  Frame 70 saved (frame_069.jpg, t=289.7s)
  [capture-periodic] freeze=3ms shot=262ms unfreeze=10ms saved=True
  [ComfyUI] [SubprocessWorker] callback 'request_vram_budget' from call_id=4
  [ComfyUI] [comfy-env] VRAM request: 0.18GB, free before eviction: 24.14GB
  [ComfyUI] [comfy-env] VRAM after eviction: 24.14GB
  [ComfyUI] [worker:ComfyUI-SAM3DObjects] [VRAM] Decode(mesh): after load_models_gpu: torch=183MiB alloc, 288MiB reserved | gpu=976MiB/24124MiB used
  [ComfyUI] [SubprocessWorker] callback 'report_progress' from call_id=4
  [ComfyUI] [worker:ComfyUI-SAM3DObjects] [VRAM] +515MB (now 612MB) reserved=704MB peak=4184MB
  Frame 71 saved (frame_070.jpg, t=292.0s)
  [capture-periodic] freeze=3ms shot=239ms unfreeze=12ms saved=True
  [capture-loop] iter=2250 t=293.0s state={'complete': False, 'error': None, 'executedCount': 2, 'wsState': 1} eval_ms=3 ram=18.2/31.2GB (58%) swap=3.3/32.0GB (10%) cpu=7% browser_rss=0.79GB
  [ComfyUI] [worker:ComfyUI-SAM3DObjects] [VRAM] +342MB (now 954MB) reserved=1088MB peak=4184MB
  [ComfyUI] [worker:ComfyUI-SAM3DObjects] [VRAM] +1133MB (now 2088MB) reserved=2240MB peak=4184MB
  [ComfyUI] [worker:ComfyUI-SAM3DObjects] [VRAM] +311MB (now 2400MB) reserved=4768MB peak=4184MB
  [ComfyUI] [worker:ComfyUI-SAM3DObjects] WARNING: [VRAM:mesh] start: 1055 MiB | cubefeats torch.Size([1702912, 101])
  [ComfyUI] [worker:ComfyUI-SAM3DObjects] WARNING: [VRAM:mesh] after sparse_cube2verts: 1152 MiB | v_pos torch.Size([1960038, 3])
  [ComfyUI] [worker:ComfyUI-SAM3DObjects] WARNING: [VRAM:mesh] after get_sparse_attrs + del: 437 MiB | verts 1960038 cubes 1702912
  [ComfyUI] [worker:ComfyUI-SAM3DObjects] WARNING: [VRAM:mesh] after dilation: 499 MiB | verts 2387369 cubes 2144188
  [ComfyUI] [worker:ComfyUI-SAM3DObjects] WARNING: [VRAM:mesh] after searchsorted: 602 MiB | reg_c torch.Size([2144188, 8])
  [ComfyUI] [worker:ComfyUI-SAM3DObjects] WARNING: [VRAM:fc] start: 602 MiB | verts torch.Size([2387370, 3]) cubes torch.Size([2144188, 8]) sdf torch.Size([2387370])
  [ComfyUI] [worker:ComfyUI-SAM3DObjects] WARNING: [VRAM:fc] after _identify_surf_cubes: 621 MiB | surf_cubes 494068/2144188
  [ComfyUI] [worker:ComfyUI-SAM3DObjects] WARNING: [VRAM:fc] after _get_case_id: 717 MiB
  [ComfyUI] [worker:ComfyUI-SAM3DObjects] WARNING: [VRAM:fc] after _identify_surf_edges: 794 MiB | surf_edges torch.Size([494494, 2])
  [ComfyUI] [worker:ComfyUI-SAM3DObjects] WARNING: [VRAM:fc] after _compute_vd: 866 MiB | vd torch.Size([494454, 3])
  [ComfyUI] [worker:ComfyUI-SAM3DObjects] WARNING: [VRAM:fc] after _triangulate: 889 MiB | verts torch.Size([494454, 3]) faces torch.Size([988988, 3])
  [ComfyUI] [worker:ComfyUI-SAM3DObjects] WARNING: [VRAM:mesh] after FlexiCubes: 638 MiB | verts torch.Size([494454, 3]) faces torch.Size([988988, 3])
  [ComfyUI] [SubprocessWorker] callback 'report_progress' from call_id=4
  [ComfyUI] [worker:ComfyUI-SAM3DObjects] [VRAM] Decode(mesh): after cleanup: torch=83MiB alloc, 352MiB reserved | gpu=1042MiB/24124MiB used
  [ComfyUI] [SubprocessWorker] callback 'report_progress' from call_id=4
  [ComfyUI] [worker:ComfyUI-SAM3DObjects] [VRAM] MeshDecode: done: torch=9MiB alloc, 352MiB reserved | gpu=1042MiB/24124MiB used
  [ComfyUI] [SubprocessWorker] got response: ok
  [ComfyUI] [comfy-env] Created 1 model patchers: ['SLatMeshDecoderTdfyWrapper_7']
  [ComfyUI] [comfy-env] SAM3DMeshDecode done (8.40s): result: NodeOutput
  [ComfyUI] [VRAM] After SAM3DMeshDecode: 1042 / 24124 MB
  [ComfyUI] [VRAM] Loaded: SubprocessModel (0 MB), SubprocessModel (0 MB), SubprocessModel (0 MB), SubprocessModel (0 MB), SubprocessModel (0 MB), SubprocessModel (0 MB), SubprocessModel (0 MB)
  [ComfyUI] Prompt executed in 297.68 seconds
  [capture-loop] iter=2300 t=298.8s state={'complete': False, 'error': None, 'executedCount': 2, 'wsState': 1} eval_ms=3 ram=18.2/31.2GB (58%) swap=3.3/32.0GB (10%) cpu=4% browser_rss=0.79GB
  Frame 72 saved (frame_071.jpg, t=299.0s)
  [capture-periodic] freeze=3ms shot=236ms unfreeze=5ms saved=True
  Node executed (3 total), capturing...
  Frame 73 saved (frame_072.jpg, t=300.8s)
  [capture-node] freeze=33ms shot=1717ms unfreeze=0ms saved=True
  Execution complete (t=300.8s)
  [3d-wait] Phase 1: Waiting for 'Loading 3D Model' text to disappear...
  [3d-wait] Phase 1 exception after 60.0s: Page.wait_for_function: Timeout 60000ms exceeded.
  [3d-wait] Phase 2: iframes=0
  [3d-wait] Total 3D wait: 60.0s
  Captured 73 unique frames over 362.66s
  [debug] iframes: 0
  [timing] trigger_3d_previews: 0.0s
  Saved high-quality screenshot: debug_large_image_results_executed.png
  [timing] final_screenshot: 0.5s
    Captured 74 video frames