Capturing execution frames: scene_generation.json
  Frame 1 saved (frame_000.jpg, t=0.0s)
  Validating workflow...
  [ComfyUI] === /validate endpoint called ===
  Queuing workflow for execution...
  [ComfyUI] Received JSON with keys: ['prompt']
  [ComfyUI] Prompt has 13 nodes
  [ComfyUI]   Node 59: SAM3D_DepthEstimate
  [ComfyUI]     Inputs: {"depth_model": ["74", 0], "image": ["77", 0]}
  [ComfyUI]   Node 74: LoadSAM3DModel
  [ComfyUI]     Inputs: {"attn_backend": "flash_attn", "compile": true, "precision": "auto"}
  [ComfyUI]   Node 75: MultibandLoad
  [ComfyUI]     Inputs: {"image": "scene_multiband.npz", "normalize": true}
  [ComfyUI]   Node 77: MultibandToImage
  [ComfyUI]     Inputs: {"channels": "0,1,2", "multiband": ["75", 0]}
  [ComfyUI]   Node 78: MultibandToMasks
  [ComfyUI]     Inputs: {"channels": "", "auto_detect_masks": true, "multiband": ["75", 0]}
  [ComfyUI]   Node 80: SAM3DSceneGenerate
  [ComfyUI]     Inputs: {"seed": 42, "stage1_steps": 12, "stage1_cfg": 7.5, "stage1_cfg_pm": 0, "stage2_steps": 12, "stage2_cfg": 5, "with_postprocess": false, "simplify": 0.95, "add_textures": false, "texture_mode": "fast",
  [ComfyUI]   Node 82: SAM3D_ScenePoseOptimize
  [ComfyUI]     Inputs: {"output_folder": ["80", 0], "optimization_mode": "pose_only"}
  [ComfyUI]   Node 85: GeomPackPreviewMeshVTK
  [ComfyUI]     Inputs: {"mode": "texture", "preview_vtk": "{\"show_edges\":false,\"camera_state\":\"{\\\"position\\\":[1.1789228144992419,1.3637070517428993,-0.6859388036148804],\\\"focalPoint\\\":[-0.29605234414339066,0.01
  [ComfyUI]   Node 87: GeomPackCombineMeshesBatch
  [ComfyUI]     Inputs: {"report_panel": "false", "meshes": ["106", 0]}
  [ComfyUI]   Node 99: PreviewImage
  [ComfyUI]     Inputs: {"images": ["77", 0]}
  [ComfyUI]   Node 100: SAM3D_ProjectionOverlay
  [ComfyUI]     Inputs: {"pose_opt_folder": ["82", 0], "render_mode": "3d_mesh_textured", "point_size": 2, "alpha": 0.6}
  [ComfyUI]   Node 106: GeomPackLoadMeshBatch
  [ComfyUI]     Inputs: {"folder_path": ["82", 0], "start_index": 0, "max_meshes": -1}
  [ComfyUI]   Node 108: SaveImage
  [ComfyUI]     Inputs: {"filename_prefix": "overlay", "images": ["100", 0]}
  [ComfyUI] Generated prompt_id: bfd28d98-fb40-4f3f-abbc-fcf3f4bbc8d4
  [ComfyUI] Calling execution.validate_prompt()...
  [ComfyUI] Validation result: valid=True
  [ComfyUI] === Validation PASSED ===
  [ComfyUI] got prompt
  [ComfyUI] LoadMultibandImage: Loaded /workspaces/SAM3DObjects-1241/ComfyUI/input/scene_multiband.npz
  [ComfyUI]   Shape: (1, 10, 2240, 3360)
  [ComfyUI]   Channels: 10
  [ComfyUI]   Names: img_01_r,img_01_g,img_01_b,mask_01,mask_02,mask_03,mask_04,mask_05,mask_06,mask_07
  [ComfyUI] [comfy-env] Running LoadSAM3DModel: attn_backend: 'flash_attn', compile: True, precision: 'auto'
  [ComfyUI] [ComfyUI-SAM3DObjects] python: /workspaces/SAM3DObjects-1241/ComfyUI/.ce/.pixi/envs/sam3dobjects-nodes/bin/python
  [ComfyUI] [VRAM] Before LoadSAM3DModel: 706 / 7703 MB
  [ComfyUI] [ComfyUI-SAM3DObjects] sys_path sent to worker: ['/workspaces/SAM3DObjects-1241/ComfyUI', '/workspaces/SAM3DObjects-1241/ComfyUI/custom_nodes/ComfyUI-SAM3DObjects', '/workspaces/SAM3DObjects-1241/ComfyUI/.ce/.pixi/envs/sam3dobjects-nodes/lib/python3.12/site-packages', '/workspaces/SAM3DObjects-1241/ComfyUI/custom_nodes/ComfyUI-SAM3DObjects']
  [ComfyUI] [SubprocessWorker] call_method: nodes.load_model.LoadSAM3DModel.EXECUTE_NORMALIZED
  [ComfyUI] [SubprocessWorker] is_pixi=True, python=/workspaces/SAM3DObjects-1241/ComfyUI/.ce/.pixi/envs/sam3dobjects-nodes/bin/python
  [ComfyUI] [SubprocessWorker] acquired lock, ensuring started...
  [ComfyUI] [SubprocessWorker] launching cmd=['/root/.pixi/bin/pixi', 'run', '--as-is', '--manifest-path', '/workspaces/SAM3DObjects-1241/ComfyUI/.ce/pixi.toml', '-e', 'sam3dobjects-nodes', 'python', '/tmp/comfyui_pvenv_8g80169v/persistent_worker.py', 'abstract://comfy_worker_bbee7409da36']...
  [ComfyUI] [ComfyUI-SAM3DObjects] Health check: ping (timeout=5.0s)...
  [ComfyUI] [SubprocessWorker] socket_addr=abstract://comfy_worker_bbee7409da36 (abstract, no filesystem path)
  [ComfyUI] [ComfyUI-SAM3DObjects] Health check: failed
  [ComfyUI] [ComfyUI-SAM3DObjects] Socket unhealthy, restarting worker...
  [ComfyUI] [comfy-env] Invalidated 7 stale model patchers (will be cleaned up during next unload)
  Node executed (1 total), capturing...
  Frame 2 saved (frame_001.jpg, t=2.5s)
  [capture-node] freeze=90ms shot=195ms unfreeze=9ms saved=True
  [ComfyUI] [worker:ComfyUI-SAM3DObjects] WARNING: WARNING: You need pytorch with cu130 or higher to use optimized CUDA operations.
  [ComfyUI] [SubprocessWorker] worker started/confirmed
  [ComfyUI] [SubprocessWorker] serializing kwargs to shm...
  [ComfyUI] [SubprocessWorker] created 0 shm blocks
  [ComfyUI] [SubprocessWorker] sending request via socket...
  [ComfyUI] [SubprocessWorker] call_id=72 sending call_method
  [ComfyUI] [SubprocessWorker] got response: ok
  [ComfyUI] [comfy-env] [VRAM] Before offload 'SLatMeshDecoderTdfyWrapper_7' (173 MB) -> cpu: 270 / 7703 MB
  [ComfyUI] [ComfyUI-SAM3DObjects] Health check: ping (timeout=5.0s)...
  [ComfyUI] [ComfyUI-SAM3DObjects] Health check: ok
  [ComfyUI] [SubprocessWorker] call_id=73 sending model_to_device
  [ComfyUI] Model 'SLatMeshDecoderTdfyWrapper_7' gone from worker (restarted?), treating as offloaded
  [ComfyUI] [comfy-env] [VRAM] After offload 'SLatMeshDecoderTdfyWrapper_7' (173 MB): 270 / 7703 MB
  [ComfyUI] [comfy-env] [VRAM] Before offload 'FlowMatching_6' (2290 MB) -> cpu: 270 / 7703 MB
  [ComfyUI] [ComfyUI-SAM3DObjects] Health check: ping (timeout=5.0s)...
  [ComfyUI] [ComfyUI-SAM3DObjects] Health check: ok
  [ComfyUI] [SubprocessWorker] call_id=74 sending model_to_device
  [ComfyUI] Model 'FlowMatching_6' gone from worker (restarted?), treating as offloaded
  [ComfyUI] [comfy-env] [VRAM] After offload 'FlowMatching_6' (2290 MB): 270 / 7703 MB
  [ComfyUI] [comfy-env] [VRAM] Before offload 'EmbedderFuser_5' (1227 MB) -> cpu: 270 / 7703 MB
  [ComfyUI] [ComfyUI-SAM3DObjects] Health check: ping (timeout=5.0s)...
  [ComfyUI] [ComfyUI-SAM3DObjects] Health check: ok
  [ComfyUI] [SubprocessWorker] call_id=75 sending model_to_device
  [ComfyUI] Model 'EmbedderFuser_5' gone from worker (restarted?), treating as offloaded
  [ComfyUI] [comfy-env] [VRAM] After offload 'EmbedderFuser_5' (1227 MB): 270 / 7703 MB
  [ComfyUI] [comfy-env] [VRAM] Before offload 'SparseStructureDecoderTdfyWrapper_4' (140 MB) -> cpu: 270 / 7703 MB
  [ComfyUI] [ComfyUI-SAM3DObjects] Health check: ping (timeout=5.0s)...
  [ComfyUI] [ComfyUI-SAM3DObjects] Health check: ok
  [ComfyUI] [SubprocessWorker] call_id=76 sending model_to_device
  [ComfyUI] Model 'SparseStructureDecoderTdfyWrapper_4' gone from worker (restarted?), treating as offloaded
  [ComfyUI] [comfy-env] [VRAM] After offload 'SparseStructureDecoderTdfyWrapper_4' (140 MB): 270 / 7703 MB
  [ComfyUI] [comfy-env] [VRAM] Before offload 'ShortCut_3' (3677 MB) -> cpu: 270 / 7703 MB
  [ComfyUI] [ComfyUI-SAM3DObjects] Health check: ping (timeout=5.0s)...
  [ComfyUI] [ComfyUI-SAM3DObjects] Health check: ok
  [ComfyUI] [SubprocessWorker] call_id=77 sending model_to_device
  [ComfyUI] Model 'ShortCut_3' gone from worker (restarted?), treating as offloaded
  [ComfyUI] [comfy-env] [VRAM] After offload 'ShortCut_3' (3677 MB): 270 / 7703 MB
  [ComfyUI] [comfy-env] [VRAM] Before offload 'EmbedderFuser_2' (1259 MB) -> cpu: 270 / 7703 MB
  [ComfyUI] [ComfyUI-SAM3DObjects] Health check: ping (timeout=5.0s)...
  [ComfyUI] [ComfyUI-SAM3DObjects] Health check: ok
  [ComfyUI] [SubprocessWorker] call_id=78 sending model_to_device
  [ComfyUI] Model 'EmbedderFuser_2' gone from worker (restarted?), treating as offloaded
  [ComfyUI] [comfy-env] [VRAM] After offload 'EmbedderFuser_2' (1259 MB): 270 / 7703 MB
  [ComfyUI] [comfy-env] [VRAM] Before offload 'MoGeModelV1_1' (599 MB) -> cpu: 270 / 7703 MB
  [ComfyUI] [ComfyUI-SAM3DObjects] Health check: ping (timeout=5.0s)...
  [ComfyUI] [ComfyUI-SAM3DObjects] Health check: ok
  [ComfyUI] [SubprocessWorker] call_id=79 sending model_to_device
  [ComfyUI] Model 'MoGeModelV1_1' gone from worker (restarted?), treating as offloaded
  [ComfyUI] [comfy-env] [VRAM] After offload 'MoGeModelV1_1' (599 MB): 270 / 7703 MB
  [ComfyUI] [comfy-env] LoadSAM3DModel done (2.69s): result: NodeOutput
  [ComfyUI] [VRAM] After LoadSAM3DModel: 270 / 7703 MB
  [ComfyUI] [comfy-env] Running SAM3D_DepthEstimate: depth_model: dict, image: torch.float32 [1,2240,3360,3] cpu
  [ComfyUI] [VRAM] Before SAM3D_DepthEstimate: 270 / 7703 MB
  [ComfyUI] [SubprocessWorker] call_method: nodes.depth_estimate.SAM3D_DepthEstimate.EXECUTE_NORMALIZED
  [ComfyUI] [SubprocessWorker] acquired lock, ensuring started...
  [ComfyUI] [ComfyUI-SAM3DObjects] Health check: ping (timeout=5.0s)...
  [ComfyUI] [ComfyUI-SAM3DObjects] Health check: ok
  [ComfyUI] [SubprocessWorker] worker started/confirmed
  [ComfyUI] [comfy-env] PRE-SERIALIZE 'image' shape: torch.Size([1, 2240, 3360, 3])
  [ComfyUI] [SubprocessWorker] serializing kwargs to shm...
  [ComfyUI] [SubprocessWorker] created 0 shm blocks
  [ComfyUI] [SubprocessWorker] sending request via socket...
  Frame 3 saved (frame_002.jpg, t=4.9s)
  [ComfyUI] [SubprocessWorker] call_id=80 sending call_method
  [capture-periodic] freeze=2ms shot=267ms unfreeze=4ms saved=True
  [ComfyUI] [worker:ComfyUI-SAM3DObjects] [comfy-env] _from_shm got dict with keys: ['__type__', 'strategy', 'parent_pid', 'fd', 'storage_size']
  [ComfyUI] [worker:ComfyUI-SAM3DObjects] [comfy-env] DESERIALIZE TensorRef: tensor_size=[1, 2240, 3360, 3]
  [ComfyUI] [worker:ComfyUI-SAM3DObjects] [comfy-env] DESERIALIZED tensor shape: torch.Size([1, 2240, 3360, 3])
  [ComfyUI] [worker:ComfyUI-SAM3DObjects] [VRAM] DepthEstimate: start: torch=0MiB alloc, 0MiB reserved | gpu=270MiB/7703MiB used
  [ComfyUI] [worker:ComfyUI-SAM3DObjects] [VRAM] DepthEstimate: before MoGe from_pretrained: torch=0MiB alloc, 0MiB reserved | gpu=270MiB/7703MiB used
  [ComfyUI] /workspaces/SAM3DObjects-1241/ComfyUI/custom_nodes/ComfyUI-SAM3DObjects/nodes/sam3d/moge.py:1012: UserWarning: Deprecated arguments ignored: {'output_mask': True, 'split_head': True}
  [ComfyUI]   warnings.warn(f"Deprecated arguments ignored: {deprecated_kwargs}")
  [ComfyUI] [worker:ComfyUI-SAM3DObjects] [VRAM] DepthEstimate: after MoGe from_pretrained: torch=0MiB alloc, 0MiB reserved | gpu=270MiB/7703MiB used
  [capture-loop] iter=50 t=6.4s state={'complete': False, 'error': None, 'executedCount': 1, 'wsState': 1} eval_ms=2
  [ComfyUI] [worker:ComfyUI-SAM3DObjects] [VRAM] DepthEstimate: before load_models_gpu: torch=0MiB alloc, 0MiB reserved | gpu=270MiB/7703MiB used
  [ComfyUI] [SubprocessWorker] callback 'request_vram_budget' from call_id=80
  [ComfyUI] [comfy-env] VRAM request: 0.63GB, free before eviction: 7.79GB
  [ComfyUI] [comfy-env] VRAM after eviction: 7.79GB
  [ComfyUI] [worker:ComfyUI-SAM3DObjects] [VRAM] +200MB (now 200MB) reserved=224MB peak=200MB
  [ComfyUI] [worker:ComfyUI-SAM3DObjects] [VRAM] DepthEstimate: after load_models_gpu: torch=599MiB alloc, 608MiB reserved | gpu=948MiB/7703MiB used
  Frame 4 saved (frame_003.jpg, t=7.4s)
  [capture-periodic] freeze=1ms shot=292ms unfreeze=58ms saved=True
  [ComfyUI] [worker:ComfyUI-SAM3DObjects] [VRAM] +399MB (now 599MB) reserved=608MB peak=599MB
  [ComfyUI] [SubprocessWorker] callback 'report_progress' from call_id=80
  [ComfyUI] [worker:ComfyUI-SAM3DObjects] [VRAM] DepthEstimate: before MoGe inference: torch=599MiB alloc, 608MiB reserved | gpu=948MiB/7703MiB used
  [ComfyUI] [worker:ComfyUI-SAM3DObjects] [VRAM] +224MB (now 824MB) reserved=1152MB peak=824MB
  [ComfyUI] [worker:ComfyUI-SAM3DObjects] [VRAM] DepthEstimate: after MoGe inference: torch=759MiB alloc, 1152MiB reserved | gpu=1528MiB/7703MiB used
  [ComfyUI] [worker:ComfyUI-SAM3DObjects] [VRAM] DepthEstimate: after cleanup: torch=159MiB alloc, 256MiB reserved | gpu=632MiB/7703MiB used
  [ComfyUI] [SubprocessWorker] callback 'report_progress' from call_id=80
  Frame 5 saved (frame_004.jpg, t=9.8s)
  [capture-periodic] freeze=1ms shot=199ms unfreeze=6ms saved=True
  [ComfyUI] [SubprocessWorker] callback 'report_progress' from call_id=80
  [ComfyUI] [worker:ComfyUI-SAM3DObjects] [VRAM] -579MB (now 245MB) reserved=640MB peak=824MB
  Frame 6 saved (frame_005.jpg, t=12.2s)
  [capture-periodic] freeze=2ms shot=218ms unfreeze=2ms saved=True
  [capture-loop] iter=100 t=12.6s state={'complete': False, 'error': None, 'executedCount': 1, 'wsState': 1} eval_ms=2
  Frame 7 saved (frame_006.jpg, t=14.5s)
  [capture-periodic] freeze=2ms shot=223ms unfreeze=2ms saved=True
  [capture-loop] iter=150 t=18.3s state={'complete': False, 'error': None, 'executedCount': 1, 'wsState': 1} eval_ms=2
  [capture-loop] iter=200 t=24.0s state={'complete': False, 'error': None, 'executedCount': 1, 'wsState': 1} eval_ms=2
  [ComfyUI] [SubprocessWorker] callback 'report_progress' from call_id=80
  [ComfyUI] [worker:ComfyUI-SAM3DObjects] [VRAM] DepthEstimate: done: torch=245MiB alloc, 640MiB reserved | gpu=1016MiB/7703MiB used
  [ComfyUI] [worker:ComfyUI-SAM3DObjects] [VRAM] -237MB (now 9MB) reserved=640MB peak=824MB
  [ComfyUI] [SubprocessWorker] got response: ok
  [ComfyUI] [comfy-env] Created 1 model patchers: ['MoGeModelV1_1']
  [ComfyUI] MultibandToMasks: Auto-detected 7 mask channels: ['mask_01', 'mask_02', 'mask_03', 'mask_04', 'mask_05', 'mask_06', 'mask_07']
  [ComfyUI] [comfy-env] SAM3D_DepthEstimate done (21.44s): result: NodeOutput
  [ComfyUI] [VRAM] After SAM3D_DepthEstimate: 1016 / 7703 MB
  [ComfyUI] [VRAM] Loaded: SubprocessModel (0 MB)
  [ComfyUI] [comfy-env] Running SAM3DSceneGenerate: seed: 42, stage1_steps: 12, stage1_cfg: 7.5, stage1_cfg_pm: 0.0, stage2_steps: 12, stage2_cfg: 5.0, with_postprocess: False, simplify: 0.95, add_textures: False, texture_mode: 'fast', texture_size: 1024, stage1_batch_size: 1, generator: dict, slat_decoder_gs: dict, slat_decoder_mesh: dict, image: torch.float32 [1,2240,3360,3] cpu, masks: torch.float32 [7,2240,3360] cpu, intrinsics: float32 [3,3], pointmap: torch.float32 [2240,3360,3] cpu
  [ComfyUI] [VRAM] Before SAM3DSceneGenerate: 1016 / 7703 MB
  [ComfyUI] [VRAM] Loaded: SubprocessModel (0 MB)
  [ComfyUI] [SubprocessWorker] call_method: nodes.scene_generate.SAM3DSceneGenerate.EXECUTE_NORMALIZED
  [ComfyUI] [SubprocessWorker] acquired lock, ensuring started...
  [ComfyUI] [ComfyUI-SAM3DObjects] Health check: ping (timeout=5.0s)...
  [ComfyUI] [ComfyUI-SAM3DObjects] Health check: ok
  [ComfyUI] [SubprocessWorker] worker started/confirmed
  [ComfyUI] [comfy-env] PRE-SERIALIZE 'image' shape: torch.Size([1, 2240, 3360, 3])
  [ComfyUI] [comfy-env] PRE-SERIALIZE 'masks' shape: torch.Size([7, 2240, 3360])
  [ComfyUI] [comfy-env] PRE-SERIALIZE 'intrinsics' shape: (3, 3)
  [ComfyUI] [comfy-env] PRE-SERIALIZE 'pointmap' shape: torch.Size([2240, 3360, 3])
  [ComfyUI] [SubprocessWorker] serializing kwargs to shm...
  [ComfyUI] [SubprocessWorker] created 0 shm blocks
  [ComfyUI] [SubprocessWorker] sending request via socket...
  [ComfyUI] [SubprocessWorker] call_id=81 sending call_method
  [ComfyUI] [worker:ComfyUI-SAM3DObjects] [comfy-env] _from_shm got dict with keys: ['__type__', 'strategy', 'parent_pid', 'fd', 'storage_size']
  [ComfyUI] [worker:ComfyUI-SAM3DObjects] [comfy-env] DESERIALIZE TensorRef: tensor_size=[1, 2240, 3360, 3]
  [ComfyUI] [worker:ComfyUI-SAM3DObjects] [comfy-env] DESERIALIZED tensor shape: torch.Size([1, 2240, 3360, 3])
  [ComfyUI] [worker:ComfyUI-SAM3DObjects] [comfy-env] _from_shm got dict with keys: ['__type__', 'strategy', 'parent_pid', 'fd', 'storage_size']
  [ComfyUI] [worker:ComfyUI-SAM3DObjects] [comfy-env] DESERIALIZE TensorRef: tensor_size=[7, 2240, 3360]
  [ComfyUI] [worker:ComfyUI-SAM3DObjects] [comfy-env] DESERIALIZED tensor shape: torch.Size([7, 2240, 3360])
  [ComfyUI] [worker:ComfyUI-SAM3DObjects] [comfy-env] _from_shm got dict with keys: ['__type__', 'strategy', 'parent_pid', 'fd', 'storage_size']
  [ComfyUI] [worker:ComfyUI-SAM3DObjects] [comfy-env] DESERIALIZE TensorRef: tensor_size=[3, 3]
  [ComfyUI] [worker:ComfyUI-SAM3DObjects] [comfy-env] DESERIALIZED tensor shape: torch.Size([3, 3])
  [ComfyUI] [worker:ComfyUI-SAM3DObjects] [comfy-env] _from_shm got dict with keys: ['__type__', 'strategy', 'parent_pid', 'fd', 'storage_size']
  [ComfyUI] [worker:ComfyUI-SAM3DObjects] [comfy-env] DESERIALIZE TensorRef: tensor_size=[2240, 3360, 3]
  [ComfyUI] [worker:ComfyUI-SAM3DObjects] [comfy-env] DESERIALIZED tensor shape: torch.Size([2240, 3360, 3])
  [ComfyUI] [worker:ComfyUI-SAM3DObjects] [VRAM] SceneGenerate: start: torch=9MiB alloc, 640MiB reserved | gpu=1016MiB/7703MiB used
  [ComfyUI] [worker:ComfyUI-SAM3DObjects] [VRAM] SceneGenerate: PHASE 1 start: torch=9MiB alloc, 640MiB reserved | gpu=1016MiB/7703MiB used
  [ComfyUI] 2026-05-07 12:59:02.783 | WARNING  | nodes.sam3d.transforms:__post_init__:1359 - No rgb pointmap normalizer provided, using scale + shift
  Frame 8 saved (frame_007.jpg, t=28.3s)
  [capture-periodic] freeze=2ms shot=217ms unfreeze=12ms saved=True
  [ComfyUI] [worker:ComfyUI-SAM3DObjects] [VRAM] _load_condition_embedder(ss): before build: torch=23MiB alloc, 640MiB reserved | gpu=1016MiB/7703MiB used
  [capture-loop] iter=250 t=29.7s state={'complete': False, 'error': None, 'executedCount': 1, 'wsState': 1} eval_ms=2
  Frame 9 saved (frame_008.jpg, t=30.7s)
  [capture-periodic] freeze=1ms shot=214ms unfreeze=2ms saved=True
  [ComfyUI] [worker:ComfyUI-SAM3DObjects] [VRAM] _load_condition_embedder(ss): after load_state_dict: torch=23MiB alloc, 640MiB reserved | gpu=1016MiB/7703MiB used
  [ComfyUI] [SubprocessWorker] callback 'request_vram_budget' from call_id=81
  [ComfyUI] [comfy-env] VRAM request: 2.54GB, free before eviction: 7.62GB
  [ComfyUI] [comfy-env] VRAM after eviction: 7.62GB
  [ComfyUI] [worker:ComfyUI-SAM3DObjects] [VRAM] +414MB (now 423MB) reserved=480MB peak=824MB
  [ComfyUI] [worker:ComfyUI-SAM3DObjects] [VRAM] Stage1: before embedding: torch=1282MiB alloc, 1312MiB reserved | gpu=1688MiB/7703MiB used
  [ComfyUI] [worker:ComfyUI-SAM3DObjects] [VRAM] Stage1: after embedding: torch=1312MiB alloc, 2368MiB reserved | gpu=2746MiB/7703MiB used
  [ComfyUI] [worker:ComfyUI-SAM3DObjects] [VRAM] Stage1: after embedder unload: torch=52MiB alloc, 128MiB reserved | gpu=506MiB/7703MiB used
  [ComfyUI] [worker:ComfyUI-SAM3DObjects] [VRAM] _load_generator(ss): before build: torch=52MiB alloc, 128MiB reserved | gpu=506MiB/7703MiB used
  [ComfyUI] [worker:ComfyUI-SAM3DObjects] [VRAM] -371MB (now 52MB) reserved=128MB peak=1326MB
  [ComfyUI] [worker:ComfyUI-SAM3DObjects] [VRAM] _load_generator(ss): after load_state_dict: torch=52MiB alloc, 128MiB reserved | gpu=506MiB/7703MiB used
  [ComfyUI] [SubprocessWorker] callback 'request_vram_budget' from call_id=81
  [ComfyUI] [comfy-env] VRAM request: 3.86GB, free before eviction: 7.55GB
  [ComfyUI] [comfy-env] VRAM after eviction: 7.55GB
  [capture-loop] iter=300 t=35.7s state={'complete': False, 'error': None, 'executedCount': 1, 'wsState': 1} eval_ms=3
  [ComfyUI] [worker:ComfyUI-SAM3DObjects] [VRAM] _load_decoder(ss): before instantiate: torch=3730MiB alloc, 3744MiB reserved | gpu=4122MiB/7703MiB used
  [ComfyUI] [worker:ComfyUI-SAM3DObjects] [VRAM] _load_decoder(ss): after load_state_dict: torch=3730MiB alloc, 3744MiB reserved | gpu=4122MiB/7703MiB used
  [ComfyUI] [worker:ComfyUI-SAM3DObjects] [VRAM] +3677MB (now 3730MB) reserved=3744MB peak=3730MB
  [ComfyUI] [SubprocessWorker] callback 'request_vram_budget' from call_id=81
  [ComfyUI] [comfy-env] VRAM request: 0.15GB, free before eviction: 3.76GB
  [ComfyUI] [comfy-env] VRAM after eviction: 3.76GB
  [ComfyUI] [worker:ComfyUI-SAM3DObjects] [VRAM] Stage1: before inference: torch=3871MiB alloc, 3872MiB reserved | gpu=4250MiB/7703MiB used
  [ComfyUI] [worker:ComfyUI-SAM3DObjects] [DTYPE_DBG] _generate_noise_tensor: _compute_dtype=torch.bfloat16 shape=(1, 1, 6) device=cuda:0
  [ComfyUI] [worker:ComfyUI-SAM3DObjects] [DTYPE_DBG] _generate_noise_tensor: _compute_dtype=torch.bfloat16 shape=(1, 1, 3) device=cuda:0
  [ComfyUI] [worker:ComfyUI-SAM3DObjects] [DTYPE_DBG] _generate_noise_tensor: _compute_dtype=torch.bfloat16 shape=(1, 4096, 8) device=cuda:0
  [ComfyUI] [worker:ComfyUI-SAM3DObjects] [DTYPE_DBG] _generate_noise_tensor: _compute_dtype=torch.bfloat16 shape=(1, 1, 3) device=cuda:0
  [ComfyUI] [worker:ComfyUI-SAM3DObjects] [DTYPE_DBG] _generate_noise_tensor: _compute_dtype=torch.bfloat16 shape=(1, 1, 1) device=cuda:0
  [ComfyUI] [SubprocessWorker] callback 'report_progress' from call_id=81
  [ComfyUI] [worker:ComfyUI-SAM3DObjects] [VRAM] +251MB (now 3982MB) reserved=4192MB peak=4022MB
  Frame 10 saved (frame_009.jpg, t=37.6s)
  [capture-periodic] freeze=2ms shot=208ms unfreeze=7ms saved=True
  [ComfyUI] [SubprocessWorker] callback 'report_progress' from call_id=81
  [ComfyUI] [SubprocessWorker] callback 'report_progress' from call_id=81
  Frame 11 saved (frame_010.jpg, t=39.9s)
  [capture-periodic] freeze=1ms shot=227ms unfreeze=2ms saved=True
  [ComfyUI] [SubprocessWorker] callback 'report_progress' from call_id=81
  [ComfyUI] [SubprocessWorker] callback 'report_progress' from call_id=81
  [capture-loop] iter=350 t=41.4s state={'complete': False, 'error': None, 'executedCount': 1, 'wsState': 1} eval_ms=19
  [ComfyUI] [SubprocessWorker] callback 'report_progress' from call_id=81
  Frame 12 saved (frame_011.jpg, t=42.3s)
  [capture-periodic] freeze=38ms shot=217ms unfreeze=8ms saved=True
  [ComfyUI] [SubprocessWorker] callback 'report_progress' from call_id=81
  [ComfyUI] [SubprocessWorker] callback 'report_progress' from call_id=81
  Frame 13 saved (frame_012.jpg, t=44.7s)
  [capture-periodic] freeze=2ms shot=181ms unfreeze=7ms saved=True
  [ComfyUI] [SubprocessWorker] callback 'report_progress' from call_id=81
  [ComfyUI] [SubprocessWorker] callback 'report_progress' from call_id=81
  [ComfyUI] [SubprocessWorker] callback 'report_progress' from call_id=81
  [ComfyUI] [SubprocessWorker] callback 'report_progress' from call_id=81
  Frame 14 saved (frame_013.jpg, t=47.0s)
  [capture-periodic] freeze=2ms shot=206ms unfreeze=1ms saved=True
  [ComfyUI] [worker:ComfyUI-SAM3DObjects] [VRAM] Stage1: after inference: torch=3887MiB alloc, 4416MiB reserved | gpu=4794MiB/7703MiB used
  [capture-loop] iter=400 t=47.5s state={'complete': False, 'error': None, 'executedCount': 1, 'wsState': 1} eval_ms=2
  [ComfyUI] [worker:ComfyUI-SAM3DObjects] [VRAM] -337MB (now 3645MB) reserved=4416MB peak=4097MB
  [ComfyUI] [worker:ComfyUI-SAM3DObjects] [VRAM] -2535MB (now 1111MB) reserved=4416MB peak=4097MB
  [ComfyUI] [worker:ComfyUI-SAM3DObjects] [VRAM] Stage1: after model cleanup: torch=69MiB alloc, 192MiB reserved | gpu=570MiB/7703MiB used
  [ComfyUI] 2026-05-07 12:59:24.253 | WARNING  | nodes.sam3d.transforms:__post_init__:1359 - No rgb pointmap normalizer provided, using scale + shift
  [ComfyUI] [worker:ComfyUI-SAM3DObjects] [VRAM] -1101MB (now 10MB) reserved=64MB peak=4097MB
  Frame 15 saved (frame_014.jpg, t=49.3s)
  [capture-periodic] freeze=2ms shot=234ms unfreeze=3ms saved=True
  [ComfyUI] [SubprocessWorker] callback 'request_vram_budget' from call_id=81
  [ComfyUI] [comfy-env] VRAM request: 2.54GB, free before eviction: 7.61GB
  [ComfyUI] [comfy-env] VRAM after eviction: 7.61GB
  [ComfyUI] [worker:ComfyUI-SAM3DObjects] [VRAM] +718MB (now 729MB) reserved=768MB peak=4097MB
  [ComfyUI] [worker:ComfyUI-SAM3DObjects] [VRAM] Stage1: before embedding: torch=1283MiB alloc, 1344MiB reserved | gpu=1722MiB/7703MiB used
  [ComfyUI] [worker:ComfyUI-SAM3DObjects] [VRAM] Stage1: after embedding: torch=1313MiB alloc, 2400MiB reserved | gpu=2778MiB/7703MiB used
  [ComfyUI] [worker:ComfyUI-SAM3DObjects] [VRAM] -364MB (now 365MB) reserved=2400MB peak=4097MB
  [ComfyUI] [worker:ComfyUI-SAM3DObjects] [VRAM] Stage1: after embedder unload: torch=54MiB alloc, 128MiB reserved | gpu=506MiB/7703MiB used
  [ComfyUI] [SubprocessWorker] callback 'request_vram_budget' from call_id=81
  [ComfyUI] [comfy-env] VRAM request: 3.86GB, free before eviction: 7.55GB
  [ComfyUI] [comfy-env] VRAM after eviction: 7.55GB
  [ComfyUI] [SubprocessWorker] callback 'request_vram_budget' from call_id=81
  [ComfyUI] [comfy-env] VRAM request: 0.15GB, free before eviction: 3.72GB
  [ComfyUI] [comfy-env] VRAM after eviction: 3.72GB
  [ComfyUI] [worker:ComfyUI-SAM3DObjects] [VRAM] Stage1: before inference: torch=3872MiB alloc, 3904MiB reserved | gpu=4282MiB/7703MiB used
  [ComfyUI] [worker:ComfyUI-SAM3DObjects] [DTYPE_DBG] _generate_noise_tensor: _compute_dtype=torch.bfloat16 shape=(1, 1, 6) device=cuda:0
  [ComfyUI] [worker:ComfyUI-SAM3DObjects] [DTYPE_DBG] _generate_noise_tensor: _compute_dtype=torch.bfloat16 shape=(1, 1, 3) device=cuda:0
  [ComfyUI] [worker:ComfyUI-SAM3DObjects] [DTYPE_DBG] _generate_noise_tensor: _compute_dtype=torch.bfloat16 shape=(1, 4096, 8) device=cuda:0
  [ComfyUI] [worker:ComfyUI-SAM3DObjects] [DTYPE_DBG] _generate_noise_tensor: _compute_dtype=torch.bfloat16 shape=(1, 1, 3) device=cuda:0
  [ComfyUI] [worker:ComfyUI-SAM3DObjects] [DTYPE_DBG] _generate_noise_tensor: _compute_dtype=torch.bfloat16 shape=(1, 1, 1) device=cuda:0
  [capture-loop] iter=450 t=53.1s state={'complete': False, 'error': None, 'executedCount': 1, 'wsState': 1} eval_ms=2
  [ComfyUI] [worker:ComfyUI-SAM3DObjects] [VRAM] +3681MB (now 4047MB) reserved=4192MB peak=4097MB
  [ComfyUI] [SubprocessWorker] callback 'report_progress' from call_id=81
  Frame 16 saved (frame_015.jpg, t=54.0s)
  [capture-periodic] freeze=2ms shot=170ms unfreeze=7ms saved=True
  [ComfyUI] [SubprocessWorker] callback 'report_progress' from call_id=81
  [ComfyUI] [SubprocessWorker] callback 'report_progress' from call_id=81
  Frame 17 saved (frame_016.jpg, t=56.2s)
  [capture-periodic] freeze=2ms shot=203ms unfreeze=2ms saved=True
  [ComfyUI] [SubprocessWorker] callback 'report_progress' from call_id=81
  [ComfyUI] [SubprocessWorker] callback 'report_progress' from call_id=81
  [ComfyUI] [SubprocessWorker] callback 'report_progress' from call_id=81
  Frame 18 saved (frame_017.jpg, t=58.6s)
  [capture-periodic] freeze=2ms shot=200ms unfreeze=11ms saved=True
  [capture-loop] iter=500 t=59.0s state={'complete': False, 'error': None, 'executedCount': 1, 'wsState': 1} eval_ms=2
  [ComfyUI] [SubprocessWorker] callback 'report_progress' from call_id=81
  [ComfyUI] [SubprocessWorker] callback 'report_progress' from call_id=81
  Frame 19 saved (frame_018.jpg, t=60.9s)
  [capture-periodic] freeze=2ms shot=232ms unfreeze=2ms saved=True
  [ComfyUI] [SubprocessWorker] callback 'report_progress' from call_id=81
  [ComfyUI] [worker:ComfyUI-SAM3DObjects]
  [ComfyUI] === WATCHDOG TICK 1 ===
  [ComfyUI] [worker:ComfyUI-SAM3DObjects] Thread 0x0000711139600640 (most recent call first):
  [ComfyUI]   File "/workspaces/SAM3DObjects-1241/ComfyUI/.ce/.pixi/envs/sam3dobjects-nodes/lib/python3.12/socket.py", line 295 in accept
  [ComfyUI]   File "/workspaces/SAM3DObjects-1241/ComfyUI/.ce/.pixi/envs/sam3dobjects-nodes/lib/python3.12/multiprocessing/connection.py", line 626 in accept
  [ComfyUI]   File "/workspaces/SAM3DObjects-1241/ComfyUI/.ce/.pixi/envs/sam3dobjects-nodes/lib/python3.12/multiprocessing/connection.py", line 480 in accept
  [ComfyUI]   File "/workspaces/SAM3DObjects-1241/ComfyUI/.ce/.pixi/envs/sam3dobjects-nodes/lib/python3.12/multiprocessing/resource_sharer.py", line 138 in _serve
  [ComfyUI]   File "/workspaces/SAM3DObjects-1241/ComfyUI/.ce/.pixi/envs/sam3dobjects-nodes/lib/python3.12/threading.py", line 1012 in run
  [ComfyUI]   File "/workspaces/SAM3DObjects-1241/ComfyUI/.ce/.pixi/envs/sam3dobjects-nodes/lib/python3.12/threading.py", line 1075 in _bootstrap_inner
  [ComfyUI]   File "/workspaces/SAM3DObjects-1241/ComfyUI/.ce/.pixi/envs/sam3dobjects-nodes/lib/python3.12/threading.py", line 1032 in _bootstrap
  [ComfyUI] 
  [ComfyUI] Thread 0x00007114fcb1f640 (most recent call first):
  [ComfyUI]   File "/tmp/comfyui_pvenv_8g80169v/persistent_worker.py", line 106 in _vram_poller
  [ComfyUI]   File "/workspaces/SAM3DObjects-1241/ComfyUI/.ce/.pixi/envs/sam3dobjects-nodes/lib/python3.12/threading.py", line 1012 in run
  [ComfyUI]   File "/workspaces/SAM3DObjects-1241/ComfyUI/.ce/.pixi/envs/sam3dobjects-nodes/lib/python3.12/threading.py", line 1075 in _bootstrap_inner
  [ComfyUI]   File "/workspaces/SAM3DObjects-1241/ComfyUI/.ce/.pixi/envs/sam3dobjects-nodes/lib/python3.12/threading.py", line 1032 in _bootstrap
  [ComfyUI] 
  [ComfyUI] Current thread 0x00007114fd324640 (most recent call first):
  [ComfyUI]   File "/tmp/comfyui_pvenv_8g80169v/persistent_worker.py", line 52 in _watchdog
  [ComfyUI]   File "/workspaces/SAM3DObjects-1241/ComfyUI/.ce/.pixi/envs/sam3dobjects-nodes/lib/python3.12/threading.py", line 1012 in run
  [ComfyUI]   File "/workspaces/SAM3DObjects-1241/ComfyUI/.ce/.pixi/envs/sam3dobjects-nodes/lib/python3.12/threading.py", line 1075 in _bootstrap_inner
  [ComfyUI]   File "/workspaces/SAM3DObjects-1241/ComfyUI/.ce/.pixi/envs/sam3dobjects-nodes/lib/python3.12/threading.py", line 1032 in _bootstrap
  [ComfyUI] 
  [ComfyUI] Thread 0x00007114fd91f740 (most recent call first):
  [ComfyUI]   File "/workspaces/SAM3DObjects-1241/ComfyUI/custom_nodes/ComfyUI-SAM3DObjects/nodes/sam3d/model.py", line 454 in mm_scale_dot_product_attention
  [ComfyUI]   File "/workspaces/SAM3DObjects-1241/ComfyUI/custom_nodes/ComfyUI-SAM3DObjects/nodes/sam3d/model.py", line 468 in forward
  [ComfyUI]   File "/workspaces/SAM3DObjects-1241/ComfyUI/.ce/.pixi/envs/sam3dobjects-nodes/lib/python3.12/site-packages/torch/nn/modules/module.py", line 1790 in _call_impl
  [ComfyUI]   File "/workspaces/SAM3DObjects-1241/ComfyUI/.ce/.pixi/envs/sam3dobjects-nodes/lib/python3.12/site-packages/torch/nn/modules/module.py", line 1779 in _wrapped_call_impl
  [ComfyUI]   File "/workspaces/SAM3DObjects-1241/ComfyUI/custom_nodes/ComfyUI-SAM3DObjects/nodes/sam3d/model.py", line 934 in _forward
  [ComfyUI]   File "/workspaces/SAM3DObjects-1241/ComfyUI/custom_nodes/ComfyUI-SAM3DObjects/nodes/sam3d/model.py", line 950 in forward
  [ComfyUI]   File "/workspaces/SAM3DObjects-1241/ComfyUI/.ce/.pixi/envs/sam3dobjects-nodes/lib/python3.12/site-packages/torch/nn/modules/module.py", line 1790 in _call_impl
  [ComfyUI]   File "/workspaces/SAM3DObjects-1241/ComfyUI/.ce/.pixi/envs/sam3dobjects-nodes/lib/python3.12/site-packages/torch/nn/modules/module.py", line 1779 in _wrapped_call_impl
  [ComfyUI]   File "/workspaces/SAM3DObjects-1241/ComfyUI/custom_nodes/ComfyUI-SAM3DObjects/nodes/sam3d/model.py", line 1464 in _forward
  [ComfyUI]   File "/workspaces/SAM3DObjects-1241/ComfyUI/comfy/patcher_extension.py", line 112 in execute
  [ComfyUI]   File "/workspaces/SAM3DObjects-1241/ComfyUI/custom_nodes/ComfyUI-SAM3DObjects/nodes/sam3d/model.py", line 1427 in forward
  [ComfyUI]   File "/workspaces/SAM3DObjects-1241/ComfyUI/custom_nodes/ComfyUI-SAM3DObjects/nodes/sam3d/model.py", line 1504 in forward
  [ComfyUI]   File "/workspaces/SAM3DObjects-1241/ComfyUI/.ce/.pixi/envs/sam3dobjects-nodes/lib/python3.12/site-packages/torch/nn/modules/module.py", line 1790 in _call_impl
  [ComfyUI]   File "/workspaces/SAM3DObjects-1241/ComfyUI/.ce/.pixi/envs/sam3dobjects-nodes/lib/python3.12/site-packages/torch/nn/modules/module.py", line 1779 in _wrapped_call_impl
  [ComfyUI]   File "/workspaces/SAM3DObjects-1241/ComfyUI/custom_nodes/ComfyUI-SAM3DObjects/nodes/sam3d/generators.py", line 674 in inner_forward
  [ComfyUI]   File "/workspaces/SAM3DObjects-1241/ComfyUI/custom_nodes/ComfyUI-SAM3DObjects/nodes/sam3d/generators.py", line 814 in forward
  [ComfyUI]   File "/workspaces/SAM3DObjects-1241/ComfyUI/.ce/.pixi/envs/sam3dobjects-nodes/lib/python3.12/site-packages/torch/nn/modules/module.py", line 1790 in _call_impl
  [ComfyUI]   File "/workspaces/SAM3DObjects-1241/ComfyUI/.ce/.pixi/envs/sam3dobjects-nodes/lib/python3.12/site-packages/torch/nn/modules/module.py", line 1779 in _wrapped_call_impl
  [ComfyUI]   File "/workspaces/SAM3DObjects-1241/ComfyUI/custom_nodes/ComfyUI-SAM3DObjects/nodes/sam3d/generators.py", line 1253 in _generate_dynamics
  [ComfyUI]   File "/workspaces/SAM3DObjects-1241/ComfyUI/custom_nodes/ComfyUI-SAM3DObjects/nodes/sam3d/generators.py", line 133 in step
  [ComfyUI]   File "/workspaces/SAM3DObjects-1241/ComfyUI/custom_nodes/ComfyUI-SAM3DObjects/nodes/sam3d/generators.py", line 121 in solve_iter
  [ComfyUI]   File "/workspaces/SAM3DObjects-1241/ComfyUI/custom_nodes/ComfyUI-SAM3DObjects/nodes/sam3d/generators.py", line 1228 in generate_iter
  [ComfyUI]   File "/workspaces/SAM3DObjects-1241/ComfyUI/custom_nodes/ComfyUI-SAM3DObjects/nodes/utils/stages.py", line 965 in run_stage1
  [ComfyUI]   File "/workspaces/SAM3DObjects-1241/ComfyUI/custom_nodes/ComfyUI-SAM3DObjects/nodes/scene_generate.py", line 251 in execute
  [ComfyUI]   File "/workspaces/SAM3DObjects-1241/ComfyUI/.ce/.pixi/envs/sam3dobjects-nodes/lib/python3.12/site-packages/torch/utils/_contextlib.py", line 124 in decorate_context
  [ComfyUI]   File "/workspaces/SAM3DObjects-1241/ComfyUI/comfy_api/latest/_io.py", line 1827 in EXECUTE_NORMALIZED
  [ComfyUI]   File "/tmp/comfyui_pvenv_8g80169v/persistent_worker.py", line 1749 in main
  [ComfyUI]   File "/tmp/comfyui_pvenv_8g80169v/persistent_worker.py", line 1794 in <module>
  [ComfyUI] 
  [ComfyUI] [worker:ComfyUI-SAM3DObjects] === END ===
  [ComfyUI] 
  [ComfyUI] [SubprocessWorker] callback 'report_progress' from call_id=81
  [ComfyUI] [SubprocessWorker] callback 'report_progress' from call_id=81
  Frame 20 saved (frame_019.jpg, t=63.3s)
  [capture-periodic] freeze=2ms shot=217ms unfreeze=2ms saved=True
  [ComfyUI] [SubprocessWorker] callback 'report_progress' from call_id=81
  [ComfyUI] [worker:ComfyUI-SAM3DObjects] [VRAM] Stage1: after inference: torch=3889MiB alloc, 4416MiB reserved | gpu=4794MiB/7703MiB used
  [ComfyUI] [worker:ComfyUI-SAM3DObjects] [VRAM] -537MB (now 3511MB) reserved=4416MB peak=4117MB
  [capture-loop] iter=550 t=64.8s state={'complete': False, 'error': None, 'executedCount': 1, 'wsState': 1} eval_ms=3
  [ComfyUI] [worker:ComfyUI-SAM3DObjects] [VRAM] -2891MB (now 620MB) reserved=4416MB peak=4117MB
  [ComfyUI] [worker:ComfyUI-SAM3DObjects] [VRAM] Stage1: after model cleanup: torch=71MiB alloc, 160MiB reserved | gpu=538MiB/7703MiB used
  [ComfyUI] 2026-05-07 12:59:40.218 | WARNING  | nodes.sam3d.transforms:__post_init__:1359 - No rgb pointmap normalizer provided, using scale + shift
  Frame 21 saved (frame_020.jpg, t=65.7s)
  [capture-periodic] freeze=2ms shot=209ms unfreeze=12ms saved=True
  [ComfyUI] [worker:ComfyUI-SAM3DObjects] [VRAM] -609MB (now 12MB) reserved=64MB peak=4117MB
  [ComfyUI] [SubprocessWorker] callback 'request_vram_budget' from call_id=81
  [ComfyUI] [comfy-env] VRAM request: 2.54GB, free before eviction: 7.61GB
  [ComfyUI] [comfy-env] VRAM after eviction: 7.61GB
  [ComfyUI] [worker:ComfyUI-SAM3DObjects] [VRAM] +462MB (now 474MB) reserved=512MB peak=4117MB
  [ComfyUI] [worker:ComfyUI-SAM3DObjects] [VRAM] Stage1: before embedding: torch=1285MiB alloc, 1312MiB reserved | gpu=1690MiB/7703MiB used
  [ComfyUI] [worker:ComfyUI-SAM3DObjects] [VRAM] Stage1: after embedding: torch=1315MiB alloc, 2400MiB reserved | gpu=2778MiB/7703MiB used
  [ComfyUI] [worker:ComfyUI-SAM3DObjects] [VRAM] Stage1: after embedder unload: torch=55MiB alloc, 128MiB reserved | gpu=506MiB/7703MiB used
  [ComfyUI] [SubprocessWorker] callback 'request_vram_budget' from call_id=81
  [ComfyUI] [comfy-env] VRAM request: 3.86GB, free before eviction: 7.55GB
  [ComfyUI] [comfy-env] VRAM after eviction: 7.55GB
  Frame 22 saved (frame_021.jpg, t=68.0s)
  [capture-periodic] freeze=2ms shot=226ms unfreeze=2ms saved=True
  [ComfyUI] [worker:ComfyUI-SAM3DObjects] [VRAM] +493MB (now 968MB) reserved=1056MB peak=4117MB
  [ComfyUI] [SubprocessWorker] callback 'request_vram_budget' from call_id=81
  [ComfyUI] [comfy-env] VRAM request: 0.15GB, free before eviction: 3.72GB
  [ComfyUI] [comfy-env] VRAM after eviction: 3.72GB
  [ComfyUI] [worker:ComfyUI-SAM3DObjects] [VRAM] Stage1: before inference: torch=3874MiB alloc, 3904MiB reserved | gpu=4282MiB/7703MiB used
  [ComfyUI] [worker:ComfyUI-SAM3DObjects] [DTYPE_DBG] _generate_noise_tensor: _compute_dtype=torch.bfloat16 shape=(1, 1, 6) device=cuda:0
  [ComfyUI] [worker:ComfyUI-SAM3DObjects] [DTYPE_DBG] _generate_noise_tensor: _compute_dtype=torch.bfloat16 shape=(1, 1, 3) device=cuda:0
  [ComfyUI] [worker:ComfyUI-SAM3DObjects] [DTYPE_DBG] _generate_noise_tensor: _compute_dtype=torch.bfloat16 shape=(1, 4096, 8) device=cuda:0
  [ComfyUI] [worker:ComfyUI-SAM3DObjects] [DTYPE_DBG] _generate_noise_tensor: _compute_dtype=torch.bfloat16 shape=(1, 1, 3) device=cuda:0
  [ComfyUI] [worker:ComfyUI-SAM3DObjects] [DTYPE_DBG] _generate_noise_tensor: _compute_dtype=torch.bfloat16 shape=(1, 1, 1) device=cuda:0
  [ComfyUI] [worker:ComfyUI-SAM3DObjects] [VRAM] +2951MB (now 3919MB) reserved=4192MB peak=4117MB
  [ComfyUI] [SubprocessWorker] callback 'report_progress' from call_id=81
  Frame 23 saved (frame_022.jpg, t=70.3s)
  [capture-periodic] freeze=1ms shot=223ms unfreeze=2ms saved=True
  [ComfyUI] [SubprocessWorker] callback 'report_progress' from call_id=81
  [capture-loop] iter=600 t=70.8s state={'complete': False, 'error': None, 'executedCount': 1, 'wsState': 1} eval_ms=2
  [ComfyUI] [SubprocessWorker] callback 'report_progress' from call_id=81
  [ComfyUI] [SubprocessWorker] callback 'report_progress' from call_id=81
  Frame 24 saved (frame_023.jpg, t=72.7s)
  [capture-periodic] freeze=1ms shot=220ms unfreeze=4ms saved=True
  [ComfyUI] [SubprocessWorker] callback 'report_progress' from call_id=81
  [ComfyUI] [SubprocessWorker] callback 'report_progress' from call_id=81
  Frame 25 saved (frame_024.jpg, t=75.1s)
  [capture-periodic] freeze=2ms shot=218ms unfreeze=7ms saved=True
  [ComfyUI] [SubprocessWorker] callback 'report_progress' from call_id=81
  [capture-loop] iter=650 t=76.6s state={'complete': False, 'error': None, 'executedCount': 1, 'wsState': 1} eval_ms=2
  [ComfyUI] [SubprocessWorker] callback 'report_progress' from call_id=81
  [ComfyUI] [SubprocessWorker] callback 'report_progress' from call_id=81
  Frame 26 saved (frame_025.jpg, t=77.4s)
  [capture-periodic] freeze=1ms shot=218ms unfreeze=12ms saved=True
  [ComfyUI] [SubprocessWorker] callback 'report_progress' from call_id=81
  [ComfyUI] [SubprocessWorker] callback 'report_progress' from call_id=81
  [ComfyUI] [SubprocessWorker] callback 'report_progress' from call_id=81
  [ComfyUI] [worker:ComfyUI-SAM3DObjects] [VRAM] Stage1: after inference: torch=3890MiB alloc, 4480MiB reserved | gpu=4858MiB/7703MiB used
  [ComfyUI] [worker:ComfyUI-SAM3DObjects] [VRAM] -244MB (now 3676MB) reserved=4480MB peak=4117MB
  Frame 27 saved (frame_026.jpg, t=79.8s)
  [capture-periodic] freeze=1ms shot=206ms unfreeze=12ms saved=True
  [ComfyUI] [worker:ComfyUI-SAM3DObjects] [VRAM] Stage1: after model cleanup: torch=72MiB alloc, 160MiB reserved | gpu=538MiB/7703MiB used
  [ComfyUI] 2026-05-07 12:59:55.541 | WARNING  | nodes.sam3d.transforms:__post_init__:1359 - No rgb pointmap normalizer provided, using scale + shift
  [ComfyUI] [worker:ComfyUI-SAM3DObjects] [VRAM] -3664MB (now 12MB) reserved=64MB peak=4117MB
  Frame 28 saved (frame_027.jpg, t=82.1s)
  [capture-periodic] freeze=2ms shot=182ms unfreeze=8ms saved=True
  [ComfyUI] [SubprocessWorker] callback 'request_vram_budget' from call_id=81
  [ComfyUI] [comfy-env] VRAM request: 2.54GB, free before eviction: 7.61GB
  [ComfyUI] [comfy-env] VRAM after eviction: 7.61GB
  [capture-loop] iter=700 t=82.5s state={'complete': False, 'error': None, 'executedCount': 1, 'wsState': 1} eval_ms=2
  [ComfyUI] [worker:ComfyUI-SAM3DObjects] [VRAM] +686MB (now 699MB) reserved=736MB peak=4117MB
  [ComfyUI] [worker:ComfyUI-SAM3DObjects] [VRAM] Stage1: before embedding: torch=1286MiB alloc, 1312MiB reserved | gpu=1690MiB/7703MiB used
  [ComfyUI] [worker:ComfyUI-SAM3DObjects] [VRAM] Stage1: after embedding: torch=1315MiB alloc, 2400MiB reserved | gpu=2778MiB/7703MiB used
  [ComfyUI] [worker:ComfyUI-SAM3DObjects] [VRAM] Stage1: after embedder unload: torch=56MiB alloc, 128MiB reserved | gpu=506MiB/7703MiB used
  [ComfyUI] [SubprocessWorker] callback 'request_vram_budget' from call_id=81
  [ComfyUI] [comfy-env] VRAM request: 3.86GB, free before eviction: 7.55GB
  [ComfyUI] [comfy-env] VRAM after eviction: 7.55GB
  [ComfyUI] [worker:ComfyUI-SAM3DObjects] [VRAM] +638MB (now 1337MB) reserved=1408MB peak=4117MB
  [ComfyUI] [SubprocessWorker] callback 'request_vram_budget' from call_id=81
  [ComfyUI] [comfy-env] VRAM request: 0.15GB, free before eviction: 3.72GB
  [ComfyUI] [comfy-env] VRAM after eviction: 3.72GB
  [ComfyUI] [worker:ComfyUI-SAM3DObjects] [VRAM] Stage1: before inference: torch=3875MiB alloc, 3904MiB reserved | gpu=4282MiB/7703MiB used
  [ComfyUI] [worker:ComfyUI-SAM3DObjects] [DTYPE_DBG] _generate_noise_tensor: _compute_dtype=torch.bfloat16 shape=(1, 1, 6) device=cuda:0
  [ComfyUI] [worker:ComfyUI-SAM3DObjects] [DTYPE_DBG] _generate_noise_tensor: _compute_dtype=torch.bfloat16 shape=(1, 1, 3) device=cuda:0
  [ComfyUI] [worker:ComfyUI-SAM3DObjects] [DTYPE_DBG] _generate_noise_tensor: _compute_dtype=torch.bfloat16 shape=(1, 4096, 8) device=cuda:0
  [ComfyUI] [worker:ComfyUI-SAM3DObjects] [DTYPE_DBG] _generate_noise_tensor: _compute_dtype=torch.bfloat16 shape=(1, 1, 3) device=cuda:0
  [ComfyUI] [worker:ComfyUI-SAM3DObjects] [DTYPE_DBG] _generate_noise_tensor: _compute_dtype=torch.bfloat16 shape=(1, 1, 1) device=cuda:0
  [ComfyUI] [worker:ComfyUI-SAM3DObjects] [VRAM] +2614MB (now 3952MB) reserved=4192MB peak=4117MB
  [ComfyUI] [SubprocessWorker] callback 'report_progress' from call_id=81
  [ComfyUI] [SubprocessWorker] callback 'report_progress' from call_id=81
  Frame 29 saved (frame_028.jpg, t=86.7s)
  [capture-periodic] freeze=2ms shot=206ms unfreeze=8ms saved=True
  [ComfyUI] [SubprocessWorker] callback 'report_progress' from call_id=81
  [ComfyUI] [SubprocessWorker] callback 'report_progress' from call_id=81
  [capture-loop] iter=750 t=88.2s state={'complete': False, 'error': None, 'executedCount': 1, 'wsState': 1} eval_ms=2
  [ComfyUI] [SubprocessWorker] callback 'report_progress' from call_id=81
  Frame 30 saved (frame_029.jpg, t=89.0s)
  [capture-periodic] freeze=2ms shot=239ms unfreeze=2ms saved=True
  [ComfyUI] [SubprocessWorker] callback 'report_progress' from call_id=81
  [ComfyUI] [SubprocessWorker] callback 'report_progress' from call_id=81
  Frame 31 saved (frame_030.jpg, t=91.4s)
  [capture-periodic] freeze=1ms shot=222ms unfreeze=2ms saved=True
  [ComfyUI] [SubprocessWorker] callback 'report_progress' from call_id=81
  [ComfyUI] [SubprocessWorker] callback 'report_progress' from call_id=81
  [ComfyUI] [SubprocessWorker] callback 'report_progress' from call_id=81
  Frame 32 saved (frame_031.jpg, t=93.7s)
  [capture-periodic] freeze=2ms shot=198ms unfreeze=4ms saved=True
  [capture-loop] iter=800 t=94.2s state={'complete': False, 'error': None, 'executedCount': 1, 'wsState': 1} eval_ms=2
  [ComfyUI] [SubprocessWorker] callback 'report_progress' from call_id=81
  [ComfyUI] [SubprocessWorker] callback 'report_progress' from call_id=81
  [ComfyUI] [worker:ComfyUI-SAM3DObjects] [VRAM] Stage1: after inference: torch=3892MiB alloc, 4416MiB reserved | gpu=4794MiB/7703MiB used
  [ComfyUI] [worker:ComfyUI-SAM3DObjects] [VRAM] -412MB (now 3541MB) reserved=4416MB peak=4117MB
  [ComfyUI] [worker:ComfyUI-SAM3DObjects] [VRAM] Stage1: after model cleanup: torch=73MiB alloc, 160MiB reserved | gpu=538MiB/7703MiB used
  [ComfyUI] 2026-05-07 13:00:10.795 | WARNING  | nodes.sam3d.transforms:__post_init__:1359 - No rgb pointmap normalizer provided, using scale + shift
  [ComfyUI] [worker:ComfyUI-SAM3DObjects] [VRAM] -3528MB (now 14MB) reserved=96MB peak=4117MB
  Frame 33 saved (frame_032.jpg, t=96.0s)
  [capture-periodic] freeze=2ms shot=223ms unfreeze=8ms saved=True
  [ComfyUI] [SubprocessWorker] callback 'request_vram_budget' from call_id=81
  [ComfyUI] [comfy-env] VRAM request: 2.54GB, free before eviction: 7.58GB
  [ComfyUI] [comfy-env] VRAM after eviction: 7.58GB
  [ComfyUI] [worker:ComfyUI-SAM3DObjects] [VRAM] +686MB (now 701MB) reserved=768MB peak=4117MB
  [ComfyUI] [worker:ComfyUI-SAM3DObjects] [VRAM] Stage1: before embedding: torch=1288MiB alloc, 1344MiB reserved | gpu=1722MiB/7703MiB used
  [ComfyUI] [worker:ComfyUI-SAM3DObjects] [VRAM] Stage1: after embedding: torch=1317MiB alloc, 2432MiB reserved | gpu=2810MiB/7703MiB used
  Frame 34 saved (frame_033.jpg, t=98.4s)
  [capture-periodic] freeze=1ms shot=215ms unfreeze=16ms saved=True
  [ComfyUI] [worker:ComfyUI-SAM3DObjects] [VRAM] Stage1: after embedder unload: torch=58MiB alloc, 160MiB reserved | gpu=538MiB/7703MiB used
  [ComfyUI] [SubprocessWorker] callback 'request_vram_budget' from call_id=81
  [ComfyUI] [comfy-env] VRAM request: 3.86GB, free before eviction: 7.51GB
  [ComfyUI] [comfy-env] VRAM after eviction: 7.51GB
  [ComfyUI] [worker:ComfyUI-SAM3DObjects] [VRAM] +622MB (now 1323MB) reserved=1408MB peak=4117MB
  [ComfyUI] [SubprocessWorker] callback 'request_vram_budget' from call_id=81
  [ComfyUI] [comfy-env] VRAM request: 0.15GB, free before eviction: 3.72GB
  [ComfyUI] [comfy-env] VRAM after eviction: 3.72GB
  [ComfyUI] [worker:ComfyUI-SAM3DObjects] [VRAM] Stage1: before inference: torch=3876MiB alloc, 3904MiB reserved | gpu=4282MiB/7703MiB used
  [ComfyUI] [worker:ComfyUI-SAM3DObjects] [DTYPE_DBG] _generate_noise_tensor: _compute_dtype=torch.bfloat16 shape=(1, 1, 6) device=cuda:0
  [ComfyUI] [worker:ComfyUI-SAM3DObjects] [DTYPE_DBG] _generate_noise_tensor: _compute_dtype=torch.bfloat16 shape=(1, 1, 3) device=cuda:0
  [ComfyUI] [worker:ComfyUI-SAM3DObjects] [DTYPE_DBG] _generate_noise_tensor: _compute_dtype=torch.bfloat16 shape=(1, 4096, 8) device=cuda:0
  [ComfyUI] [worker:ComfyUI-SAM3DObjects] [DTYPE_DBG] _generate_noise_tensor: _compute_dtype=torch.bfloat16 shape=(1, 1, 3) device=cuda:0
  [ComfyUI] [worker:ComfyUI-SAM3DObjects] [DTYPE_DBG] _generate_noise_tensor: _compute_dtype=torch.bfloat16 shape=(1, 1, 1) device=cuda:0
  [capture-loop] iter=850 t=99.9s state={'complete': False, 'error': None, 'executedCount': 1, 'wsState': 1} eval_ms=2
  [ComfyUI] [worker:ComfyUI-SAM3DObjects] [VRAM] +2646MB (now 3970MB) reserved=4256MB peak=4117MB
  [ComfyUI] [SubprocessWorker] callback 'report_progress' from call_id=81
  Frame 35 saved (frame_034.jpg, t=100.7s)
  [capture-periodic] freeze=2ms shot=232ms unfreeze=3ms saved=True
  [ComfyUI] [SubprocessWorker] callback 'report_progress' from call_id=81
  [ComfyUI] [SubprocessWorker] callback 'report_progress' from call_id=81
  [ComfyUI] [SubprocessWorker] callback 'report_progress' from call_id=81
  Frame 36 saved (frame_035.jpg, t=103.1s)
  [capture-periodic] freeze=2ms shot=221ms unfreeze=6ms saved=True
  [ComfyUI] [SubprocessWorker] callback 'report_progress' from call_id=81
  [ComfyUI] [SubprocessWorker] callback 'report_progress' from call_id=81
  Frame 37 saved (frame_036.jpg, t=105.4s)
  [capture-periodic] freeze=1ms shot=215ms unfreeze=2ms saved=True
  [capture-loop] iter=900 t=106.0s state={'complete': False, 'error': None, 'executedCount': 1, 'wsState': 1} eval_ms=2
  [ComfyUI] [SubprocessWorker] callback 'report_progress' from call_id=81
  [ComfyUI] [SubprocessWorker] callback 'report_progress' from call_id=81
  Frame 38 saved (frame_037.jpg, t=107.8s)
  [capture-periodic] freeze=1ms shot=208ms unfreeze=2ms saved=True
  [ComfyUI] [SubprocessWorker] callback 'report_progress' from call_id=81
  [ComfyUI] [SubprocessWorker] callback 'report_progress' from call_id=81
  [ComfyUI] [SubprocessWorker] callback 'report_progress' from call_id=81
  [ComfyUI] [SubprocessWorker] callback 'report_progress' from call_id=81
  [ComfyUI] [worker:ComfyUI-SAM3DObjects] [VRAM] Stage1: after inference: torch=3893MiB alloc, 4512MiB reserved | gpu=4890MiB/7703MiB used
  Frame 39 saved (frame_038.jpg, t=110.1s)
  [capture-periodic] freeze=2ms shot=228ms unfreeze=6ms saved=True
  [ComfyUI] [worker:ComfyUI-SAM3DObjects] [VRAM] -284MB (now 3687MB) reserved=4512MB peak=4117MB
  [ComfyUI] [worker:ComfyUI-SAM3DObjects] [VRAM] Stage1: after model cleanup: torch=74MiB alloc, 224MiB reserved | gpu=602MiB/7703MiB used
  [ComfyUI] 2026-05-07 13:00:26.162 | WARNING  | nodes.sam3d.transforms:__post_init__:1359 - No rgb pointmap normalizer provided, using scale + shift
  [ComfyUI] [worker:ComfyUI-SAM3DObjects] [VRAM] -3672MB (now 15MB) reserved=128MB peak=4117MB
  [capture-loop] iter=950 t=111.8s state={'complete': False, 'error': None, 'executedCount': 1, 'wsState': 1} eval_ms=2
  Frame 40 saved (frame_039.jpg, t=112.5s)
  [capture-periodic] freeze=2ms shot=237ms unfreeze=5ms saved=True
  [ComfyUI] [SubprocessWorker] callback 'request_vram_budget' from call_id=81
  [ComfyUI] [comfy-env] VRAM request: 2.54GB, free before eviction: 7.55GB
  [ComfyUI] [comfy-env] VRAM after eviction: 7.55GB
  [ComfyUI] [worker:ComfyUI-SAM3DObjects] [VRAM] +558MB (now 574MB) reserved=672MB peak=4117MB
  [ComfyUI] [worker:ComfyUI-SAM3DObjects] [VRAM] Stage1: before embedding: torch=1289MiB alloc, 1376MiB reserved | gpu=1754MiB/7703MiB used
  [ComfyUI] [worker:ComfyUI-SAM3DObjects] [VRAM] Stage1: after embedding: torch=1318MiB alloc, 2464MiB reserved | gpu=2842MiB/7703MiB used
  [ComfyUI] [worker:ComfyUI-SAM3DObjects] [VRAM] Stage1: after embedder unload: torch=59MiB alloc, 192MiB reserved | gpu=570MiB/7703MiB used
  [ComfyUI] [SubprocessWorker] callback 'request_vram_budget' from call_id=81
  [ComfyUI] [comfy-env] VRAM request: 3.86GB, free before eviction: 7.48GB
  [ComfyUI] [comfy-env] VRAM after eviction: 7.48GB
  [ComfyUI] [worker:ComfyUI-SAM3DObjects] [VRAM] +606MB (now 1180MB) reserved=1312MB peak=4117MB
  [ComfyUI] [SubprocessWorker] callback 'request_vram_budget' from call_id=81
  [ComfyUI] [comfy-env] VRAM request: 0.15GB, free before eviction: 3.69GB
  [ComfyUI] [comfy-env] VRAM after eviction: 3.69GB
  [ComfyUI] [worker:ComfyUI-SAM3DObjects] [VRAM] Stage1: before inference: torch=3877MiB alloc, 3936MiB reserved | gpu=4314MiB/7703MiB used
  [ComfyUI] [worker:ComfyUI-SAM3DObjects] [DTYPE_DBG] _generate_noise_tensor: _compute_dtype=torch.bfloat16 shape=(1, 1, 6) device=cuda:0
  [ComfyUI] [worker:ComfyUI-SAM3DObjects] [DTYPE_DBG] _generate_noise_tensor: _compute_dtype=torch.bfloat16 shape=(1, 1, 3) device=cuda:0
  [ComfyUI] [worker:ComfyUI-SAM3DObjects] [DTYPE_DBG] _generate_noise_tensor: _compute_dtype=torch.bfloat16 shape=(1, 4096, 8) device=cuda:0
  [ComfyUI] [worker:ComfyUI-SAM3DObjects] [DTYPE_DBG] _generate_noise_tensor: _compute_dtype=torch.bfloat16 shape=(1, 1, 3) device=cuda:0
  [ComfyUI] [worker:ComfyUI-SAM3DObjects] [DTYPE_DBG] _generate_noise_tensor: _compute_dtype=torch.bfloat16 shape=(1, 1, 1) device=cuda:0
  [ComfyUI] [worker:ComfyUI-SAM3DObjects] [VRAM] +2791MB (now 3971MB) reserved=4256MB peak=4117MB
  [ComfyUI] [SubprocessWorker] callback 'report_progress' from call_id=81
  [ComfyUI] [SubprocessWorker] callback 'report_progress' from call_id=81
  Frame 41 saved (frame_040.jpg, t=117.2s)
  [capture-periodic] freeze=1ms shot=173ms unfreeze=6ms saved=True
  [ComfyUI] [SubprocessWorker] callback 'report_progress' from call_id=81
  [capture-loop] iter=1000 t=117.7s state={'complete': False, 'error': None, 'executedCount': 1, 'wsState': 1} eval_ms=4
  [ComfyUI] [SubprocessWorker] callback 'report_progress' from call_id=81
  [ComfyUI] [SubprocessWorker] callback 'report_progress' from call_id=81
  Frame 42 saved (frame_041.jpg, t=119.5s)
  [capture-periodic] freeze=1ms shot=205ms unfreeze=12ms saved=True
  [ComfyUI] [SubprocessWorker] callback 'report_progress' from call_id=81
  [ComfyUI] [SubprocessWorker] callback 'report_progress' from call_id=81
  Frame 43 saved (frame_042.jpg, t=121.8s)
  [capture-periodic] freeze=2ms shot=185ms unfreeze=6ms saved=True
  [ComfyUI] [worker:ComfyUI-SAM3DObjects]
  [ComfyUI] === WATCHDOG TICK 2 ===
  [ComfyUI] [worker:ComfyUI-SAM3DObjects] Thread 0x0000711139600640 (most recent call first):
  [ComfyUI]   File "/workspaces/SAM3DObjects-1241/ComfyUI/.ce/.pixi/envs/sam3dobjects-nodes/lib/python3.12/socket.py", line 295 in accept
  [ComfyUI]   File "/workspaces/SAM3DObjects-1241/ComfyUI/.ce/.pixi/envs/sam3dobjects-nodes/lib/python3.12/multiprocessing/connection.py", line 626 in accept
  [ComfyUI]   File "/workspaces/SAM3DObjects-1241/ComfyUI/.ce/.pixi/envs/sam3dobjects-nodes/lib/python3.12/multiprocessing/connection.py", line 480 in accept
  [ComfyUI]   File "/workspaces/SAM3DObjects-1241/ComfyUI/.ce/.pixi/envs/sam3dobjects-nodes/lib/python3.12/multiprocessing/resource_sharer.py", line 138 in _serve
  [ComfyUI]   File "/workspaces/SAM3DObjects-1241/ComfyUI/.ce/.pixi/envs/sam3dobjects-nodes/lib/python3.12/threading.py", line 1012 in run
  [ComfyUI]   File "/workspaces/SAM3DObjects-1241/ComfyUI/.ce/.pixi/envs/sam3dobjects-nodes/lib/python3.12/threading.py", line 1075 in _bootstrap_inner
  [ComfyUI]   File "/workspaces/SAM3DObjects-1241/ComfyUI/.ce/.pixi/envs/sam3dobjects-nodes/lib/python3.12/threading.py", line 1032 in _bootstrap
  [ComfyUI] 
  [ComfyUI] Thread 0x00007114fcb1f640 (most recent call first):
  [ComfyUI]   File "/tmp/comfyui_pvenv_8g80169v/persistent_worker.py", line 106 in _vram_poller
  [ComfyUI]   File "/workspaces/SAM3DObjects-1241/ComfyUI/.ce/.pixi/envs/sam3dobjects-nodes/lib/python3.12/threading.py", line 1012 in run
  [ComfyUI]   File "/workspaces/SAM3DObjects-1241/ComfyUI/.ce/.pixi/envs/sam3dobjects-nodes/lib/python3.12/threading.py", line 1075 in _bootstrap_inner
  [ComfyUI]   File "/workspaces/SAM3DObjects-1241/ComfyUI/.ce/.pixi/envs/sam3dobjects-nodes/lib/python3.12/threading.py", line 1032 in _bootstrap
  [ComfyUI] 
  [ComfyUI] Current thread 0x00007114fd324640 (most recent call first):
  [ComfyUI]   File "/tmp/comfyui_pvenv_8g80169v/persistent_worker.py", line 52 in _watchdog
  [ComfyUI]   File "/workspaces/SAM3DObjects-1241/ComfyUI/.ce/.pixi/envs/sam3dobjects-nodes/lib/python3.12/threading.py", line 1012 in run
  [ComfyUI]   File "/workspaces/SAM3DObjects-1241/ComfyUI/.ce/.pixi/envs/sam3dobjects-nodes/lib/python3.12/threading.py", line 1075 in _bootstrap_inner
  [ComfyUI]   File "/workspaces/SAM3DObjects-1241/ComfyUI/.ce/.pixi/envs/sam3dobjects-nodes/lib/python3.12/threading.py", line 1032 in _bootstrap
  [ComfyUI] 
  [ComfyUI] Thread 0x00007114fd91f740 (most recent call first):
  [ComfyUI]   File "/workspaces/SAM3DObjects-1241/ComfyUI/custom_nodes/ComfyUI-SAM3DObjects/nodes/sam3d/model.py", line 452 in mm_scale_dot_product_attention
  [ComfyUI]   File "/workspaces/SAM3DObjects-1241/ComfyUI/custom_nodes/ComfyUI-SAM3DObjects/nodes/sam3d/model.py", line 468 in forward
  [ComfyUI]   File "/workspaces/SAM3DObjects-1241/ComfyUI/.ce/.pixi/envs/sam3dobjects-nodes/lib/python3.12/site-packages/torch/nn/modules/module.py", line 1790 in _call_impl
  [ComfyUI]   File "/workspaces/SAM3DObjects-1241/ComfyUI/.ce/.pixi/envs/sam3dobjects-nodes/lib/python3.12/site-packages/torch/nn/modules/module.py", line 1779 in _wrapped_call_impl
  [ComfyUI]   File "/workspaces/SAM3DObjects-1241/ComfyUI/custom_nodes/ComfyUI-SAM3DObjects/nodes/sam3d/model.py", line 934 in _forward
  [ComfyUI]   File "/workspaces/SAM3DObjects-1241/ComfyUI/custom_nodes/ComfyUI-SAM3DObjects/nodes/sam3d/model.py", line 950 in forward
  [ComfyUI]   File "/workspaces/SAM3DObjects-1241/ComfyUI/.ce/.pixi/envs/sam3dobjects-nodes/lib/python3.12/site-packages/torch/nn/modules/module.py", line 1790 in _call_impl
  [ComfyUI]   File "/workspaces/SAM3DObjects-1241/ComfyUI/.ce/.pixi/envs/sam3dobjects-nodes/lib/python3.12/site-packages/torch/nn/modules/module.py", line 1779 in _wrapped_call_impl
  [ComfyUI]   File "/workspaces/SAM3DObjects-1241/ComfyUI/custom_nodes/ComfyUI-SAM3DObjects/nodes/sam3d/model.py", line 1464 in _forward
  [ComfyUI]   File "/workspaces/SAM3DObjects-1241/ComfyUI/comfy/patcher_extension.py", line 112 in execute
  [ComfyUI]   File "/workspaces/SAM3DObjects-1241/ComfyUI/custom_nodes/ComfyUI-SAM3DObjects/nodes/sam3d/model.py", line 1427 in forward
  [ComfyUI]   File "/workspaces/SAM3DObjects-1241/ComfyUI/custom_nodes/ComfyUI-SAM3DObjects/nodes/sam3d/model.py", line 1504 in forward
  [ComfyUI]   File "/workspaces/SAM3DObjects-1241/ComfyUI/.ce/.pixi/envs/sam3dobjects-nodes/lib/python3.12/site-packages/torch/nn/modules/module.py", line 1790 in _call_impl
  [ComfyUI]   File "/workspaces/SAM3DObjects-1241/ComfyUI/.ce/.pixi/envs/sam3dobjects-nodes/lib/python3.12/site-packages/torch/nn/modules/module.py", line 1779 in _wrapped_call_impl
  [ComfyUI]   File "/workspaces/SAM3DObjects-1241/ComfyUI/custom_nodes/ComfyUI-SAM3DObjects/nodes/sam3d/generators.py", line 674 in inner_forward
  [ComfyUI]   File "/workspaces/SAM3DObjects-1241/ComfyUI/custom_nodes/ComfyUI-SAM3DObjects/nodes/sam3d/generators.py", line 814 in forward
  [ComfyUI]   File "/workspaces/SAM3DObjects-1241/ComfyUI/.ce/.pixi/envs/sam3dobjects-nodes/lib/python3.12/site-packages/torch/nn/modules/module.py", line 1790 in _call_impl
  [ComfyUI]   File "/workspaces/SAM3DObjects-1241/ComfyUI/.ce/.pixi/envs/sam3dobjects-nodes/lib/python3.12/site-packages/torch/nn/modules/module.py", line 1779 in _wrapped_call_impl
  [ComfyUI]   File "/workspaces/SAM3DObjects-1241/ComfyUI/custom_nodes/ComfyUI-SAM3DObjects/nodes/sam3d/generators.py", line 1253 in _generate_dynamics
  [ComfyUI]   File "/workspaces/SAM3DObjects-1241/ComfyUI/custom_nodes/ComfyUI-SAM3DObjects/nodes/sam3d/generators.py", line 133 in step
  [ComfyUI]   File "/workspaces/SAM3DObjects-1241/ComfyUI/custom_nodes/ComfyUI-SAM3DObjects/nodes/sam3d/generators.py", line 121 in solve_iter
  [ComfyUI]   File "/workspaces/SAM3DObjects-1241/ComfyUI/custom_nodes/ComfyUI-SAM3DObjects/nodes/sam3d/generators.py", line 1228 in generate_iter
  [ComfyUI]   File "/workspaces/SAM3DObjects-1241/ComfyUI/custom_nodes/ComfyUI-SAM3DObjects/nodes/utils/stages.py", line 965 in run_stage1
  [ComfyUI]   File "/workspaces/SAM3DObjects-1241/ComfyUI/custom_nodes/ComfyUI-SAM3DObjects/nodes/scene_generate.py", line 251 in execute
  [ComfyUI]   File "/workspaces/SAM3DObjects-1241/ComfyUI/.ce/.pixi/envs/sam3dobjects-nodes/lib/python3.12/site-packages/torch/utils/_contextlib.py", line 124 in decorate_context
  [ComfyUI]   File "/workspaces/SAM3DObjects-1241/ComfyUI/comfy_api/latest/_io.py", line 1827 in EXECUTE_NORMALIZED
  [ComfyUI]   File "/tmp/comfyui_pvenv_8g80169v/persistent_worker.py", line 1749 in main
  [ComfyUI]   File "/tmp/comfyui_pvenv_8g80169v/persistent_worker.py", line 1794 in <module>
  [ComfyUI] 
  [ComfyUI] [worker:ComfyUI-SAM3DObjects] === END ===
  [ComfyUI] 
  [ComfyUI] [SubprocessWorker] callback 'report_progress' from call_id=81
  [capture-loop] iter=1050 t=123.4s state={'complete': False, 'error': None, 'executedCount': 1, 'wsState': 1} eval_ms=1
  [ComfyUI] [SubprocessWorker] callback 'report_progress' from call_id=81
  Frame 44 saved (frame_043.jpg, t=124.1s)
  [capture-periodic] freeze=2ms shot=221ms unfreeze=2ms saved=True
  [ComfyUI] [SubprocessWorker] callback 'report_progress' from call_id=81
  [ComfyUI] [SubprocessWorker] callback 'report_progress' from call_id=81
  [ComfyUI] [SubprocessWorker] callback 'report_progress' from call_id=81
  [ComfyUI] [worker:ComfyUI-SAM3DObjects] [VRAM] Stage1: after inference: torch=3893MiB alloc, 4448MiB reserved | gpu=4826MiB/7703MiB used
  [ComfyUI] [worker:ComfyUI-SAM3DObjects] [VRAM] -605MB (now 3367MB) reserved=4448MB peak=4117MB
  [ComfyUI] [worker:ComfyUI-SAM3DObjects] [VRAM] Stage1: after model cleanup: torch=75MiB alloc, 224MiB reserved | gpu=602MiB/7703MiB used
  [ComfyUI] 2026-05-07 13:00:41.505 | WARNING  | nodes.sam3d.transforms:__post_init__:1359 - No rgb pointmap normalizer provided, using scale + shift
  Frame 45 saved (frame_044.jpg, t=126.5s)
  [capture-periodic] freeze=2ms shot=235ms unfreeze=6ms saved=True
  [ComfyUI] [worker:ComfyUI-SAM3DObjects] [VRAM] -3352MB (now 16MB) reserved=160MB peak=4117MB
  [ComfyUI] [SubprocessWorker] callback 'request_vram_budget' from call_id=81
  [ComfyUI] [comfy-env] VRAM request: 2.54GB, free before eviction: 7.51GB
  [ComfyUI] [comfy-env] VRAM after eviction: 7.51GB
  [ComfyUI] [worker:ComfyUI-SAM3DObjects] [VRAM] +414MB (now 430MB) reserved=576MB peak=4117MB
  [ComfyUI] [worker:ComfyUI-SAM3DObjects] [VRAM] Stage1: before embedding: torch=1289MiB alloc, 1408MiB reserved | gpu=1786MiB/7703MiB used
  [ComfyUI] [worker:ComfyUI-SAM3DObjects] [VRAM] Stage1: after embedding: torch=1319MiB alloc, 2496MiB reserved | gpu=2874MiB/7703MiB used
  Frame 46 saved (frame_045.jpg, t=128.9s)
  [capture-periodic] freeze=2ms shot=224ms unfreeze=5ms saved=True
  [ComfyUI] [worker:ComfyUI-SAM3DObjects] [VRAM] Stage1: after embedder unload: torch=59MiB alloc, 224MiB reserved | gpu=602MiB/7703MiB used
  [ComfyUI] [SubprocessWorker] callback 'request_vram_budget' from call_id=81
  [ComfyUI] [comfy-env] VRAM request: 3.86GB, free before eviction: 7.45GB
  [ComfyUI] [comfy-env] VRAM after eviction: 7.45GB
  [capture-loop] iter=1100 t=129.5s state={'complete': False, 'error': None, 'executedCount': 1, 'wsState': 1} eval_ms=3
  [ComfyUI] [worker:ComfyUI-SAM3DObjects] [VRAM] +589MB (now 1020MB) reserved=1152MB peak=4117MB
  [ComfyUI] [SubprocessWorker] callback 'request_vram_budget' from call_id=81
  [ComfyUI] [comfy-env] VRAM request: 0.15GB, free before eviction: 3.69GB
  [ComfyUI] [comfy-env] VRAM after eviction: 3.69GB
  [ComfyUI] [worker:ComfyUI-SAM3DObjects] [VRAM] Stage1: before inference: torch=3878MiB alloc, 3936MiB reserved | gpu=4314MiB/7703MiB used
  [ComfyUI] [worker:ComfyUI-SAM3DObjects] [DTYPE_DBG] _generate_noise_tensor: _compute_dtype=torch.bfloat16 shape=(1, 1, 6) device=cuda:0
  [ComfyUI] [worker:ComfyUI-SAM3DObjects] [DTYPE_DBG] _generate_noise_tensor: _compute_dtype=torch.bfloat16 shape=(1, 1, 3) device=cuda:0
  [ComfyUI] [worker:ComfyUI-SAM3DObjects] [DTYPE_DBG] _generate_noise_tensor: _compute_dtype=torch.bfloat16 shape=(1, 4096, 8) device=cuda:0
  [ComfyUI] [worker:ComfyUI-SAM3DObjects] [DTYPE_DBG] _generate_noise_tensor: _compute_dtype=torch.bfloat16 shape=(1, 1, 3) device=cuda:0
  [ComfyUI] [worker:ComfyUI-SAM3DObjects] [DTYPE_DBG] _generate_noise_tensor: _compute_dtype=torch.bfloat16 shape=(1, 1, 1) device=cuda:0
  [ComfyUI] [worker:ComfyUI-SAM3DObjects] [VRAM] +2903MB (now 3923MB) reserved=4224MB peak=4117MB
  [ComfyUI] [SubprocessWorker] callback 'report_progress' from call_id=81
  Frame 47 saved (frame_046.jpg, t=131.2s)
  [capture-periodic] freeze=11ms shot=159ms unfreeze=8ms saved=True
  [ComfyUI] [SubprocessWorker] callback 'report_progress' from call_id=81
  [ComfyUI] [SubprocessWorker] callback 'report_progress' from call_id=81
  Frame 48 saved (frame_047.jpg, t=133.5s)
  [capture-periodic] freeze=2ms shot=210ms unfreeze=2ms saved=True
  [ComfyUI] [SubprocessWorker] callback 'report_progress' from call_id=81
  [ComfyUI] [SubprocessWorker] callback 'report_progress' from call_id=81
  [capture-loop] iter=1150 t=135.2s state={'complete': False, 'error': None, 'executedCount': 1, 'wsState': 1} eval_ms=2
  [ComfyUI] [SubprocessWorker] callback 'report_progress' from call_id=81
  Frame 49 saved (frame_048.jpg, t=135.9s)
  [capture-periodic] freeze=2ms shot=220ms unfreeze=7ms saved=True
  [ComfyUI] [SubprocessWorker] callback 'report_progress' from call_id=81
  [ComfyUI] [SubprocessWorker] callback 'report_progress' from call_id=81
  Frame 50 saved (frame_049.jpg, t=138.2s)
  [capture-periodic] freeze=1ms shot=229ms unfreeze=2ms saved=True
  [ComfyUI] [SubprocessWorker] callback 'report_progress' from call_id=81
  [ComfyUI] [SubprocessWorker] callback 'report_progress' from call_id=81
  [ComfyUI] [SubprocessWorker] callback 'report_progress' from call_id=81
  Frame 51 saved (frame_050.jpg, t=140.6s)
  [capture-periodic] freeze=2ms shot=205ms unfreeze=11ms saved=True
  [ComfyUI] [SubprocessWorker] callback 'report_progress' from call_id=81
  [ComfyUI] [worker:ComfyUI-SAM3DObjects] [VRAM] Stage1: after inference: torch=3894MiB alloc, 4448MiB reserved | gpu=4826MiB/7703MiB used
  [ComfyUI] [worker:ComfyUI-SAM3DObjects] [VRAM] -204MB (now 3720MB) reserved=4448MB peak=4117MB
  [capture-loop] iter=1200 t=141.3s state={'complete': False, 'error': None, 'executedCount': 1, 'wsState': 1} eval_ms=3
  [ComfyUI] [worker:ComfyUI-SAM3DObjects] [VRAM] Stage1: after model cleanup: torch=76MiB alloc, 256MiB reserved | gpu=634MiB/7703MiB used
  [ComfyUI] [worker:ComfyUI-SAM3DObjects] [VRAM] SceneGenerate: PHASE 2 start: torch=17MiB alloc, 192MiB reserved | gpu=570MiB/7703MiB used
  [ComfyUI] 2026-05-07 13:00:56.834 | WARNING  | nodes.sam3d.transforms:__post_init__:1359 - No rgb pointmap normalizer provided, using scale + shift
  [ComfyUI] [worker:ComfyUI-SAM3DObjects] [VRAM] -3704MB (now 17MB) reserved=192MB peak=4117MB
  [ComfyUI] [worker:ComfyUI-SAM3DObjects] [VRAM] _load_condition_embedder(slat): before build: torch=25MiB alloc, 192MiB reserved | gpu=570MiB/7703MiB used
  Frame 52 saved (frame_051.jpg, t=143.0s)
  [capture-periodic] freeze=2ms shot=221ms unfreeze=2ms saved=True
  Frame 53 saved (frame_052.jpg, t=145.3s)
  [capture-periodic] freeze=2ms shot=214ms unfreeze=2ms saved=True
  [ComfyUI] [worker:ComfyUI-SAM3DObjects] [VRAM] _load_condition_embedder(slat): after load_state_dict: torch=25MiB alloc, 192MiB reserved | gpu=570MiB/7703MiB used
  [ComfyUI] [SubprocessWorker] callback 'request_vram_budget' from call_id=81
  [ComfyUI] [comfy-env] VRAM request: 2.50GB, free before eviction: 7.48GB
  [ComfyUI] [comfy-env] VRAM after eviction: 7.48GB
  [ComfyUI] [worker:ComfyUI-SAM3DObjects] [VRAM] +408MB (now 425MB) reserved=576MB peak=4117MB
  [ComfyUI] [worker:ComfyUI-SAM3DObjects] [VRAM] Stage2: before embedding: torch=1252MiB alloc, 1376MiB reserved | gpu=1754MiB/7703MiB used
  [capture-loop] iter=1250 t=147.0s state={'complete': False, 'error': None, 'executedCount': 1, 'wsState': 1} eval_ms=2
  [ComfyUI] [worker:ComfyUI-SAM3DObjects] [VRAM] Stage2: after embedding: torch=1263MiB alloc, 1472MiB reserved | gpu=1850MiB/7703MiB used
  [ComfyUI] [worker:ComfyUI-SAM3DObjects] [VRAM] Stage2: after embedder unload: torch=35MiB alloc, 224MiB reserved | gpu=602MiB/7703MiB used
  [ComfyUI] [worker:ComfyUI-SAM3DObjects] [VRAM] _load_generator(slat): before build: torch=35MiB alloc, 224MiB reserved | gpu=602MiB/7703MiB used
  [ComfyUI] [worker:ComfyUI-SAM3DObjects] [VRAM] -390MB (now 35MB) reserved=224MB peak=4117MB
  [ComfyUI] [worker:ComfyUI-SAM3DObjects] [VRAM] _load_generator(slat): after load_state_dict: torch=35MiB alloc, 224MiB reserved | gpu=602MiB/7703MiB used
  [ComfyUI] [SubprocessWorker] callback 'request_vram_budget' from call_id=81
  [ComfyUI] [comfy-env] VRAM request: 2.40GB, free before eviction: 7.45GB
  [ComfyUI] [comfy-env] VRAM after eviction: 7.45GB
  [ComfyUI] [worker:ComfyUI-SAM3DObjects] [VRAM] +399MB (now 435MB) reserved=608MB peak=4117MB
  [ComfyUI] [worker:ComfyUI-SAM3DObjects] [VRAM] Stage2: before inference: torch=2326MiB alloc, 2400MiB reserved | gpu=2778MiB/7703MiB used
  [ComfyUI] [worker:ComfyUI-SAM3DObjects] [DTYPE_DBG] _generate_noise_tensor: _compute_dtype=torch.bfloat16 shape=(1, 26539, 8) device=cuda:0
  [ComfyUI] W0507 13:01:06.986000 3089 .ce/.pixi/envs/sam3dobjects-nodes/lib/python3.12/site-packages/torch/fx/_symbolic_trace.py:53] is_fx_tracing will return true for both fx.symbolic_trace and torch.export. Please use is_fx_tracing_symbolic_tracing() for specifically fx.symbolic_trace or torch.compiler.is_compiling() for specifically torch.export/compile.
  [ComfyUI] [worker:ComfyUI-SAM3DObjects] [33m[comfy-attn] Varlen attention: sage2[0m
  [ComfyUI] [worker:ComfyUI-SAM3DObjects] [VRAM] +2175MB (now 2610MB) reserved=2688MB peak=4117MB
  [capture-loop] iter=1300 t=152.8s state={'complete': False, 'error': None, 'executedCount': 1, 'wsState': 1} eval_ms=2
  [ComfyUI] [worker:ComfyUI-SAM3DObjects] [VRAM] +225MB (now 2836MB) reserved=3168MB peak=4117MB
  [ComfyUI] [SubprocessWorker] callback 'report_progress' from call_id=81
  [ComfyUI] [worker:ComfyUI-SAM3DObjects] [VRAM] -287MB (now 2549MB) reserved=3232MB peak=4117MB
  Frame 54 saved (frame_053.jpg, t=156.8s)
  [capture-periodic] freeze=2ms shot=223ms unfreeze=2ms saved=True
  [ComfyUI] [SubprocessWorker] callback 'report_progress' from call_id=81
  [capture-loop] iter=1350 t=158.5s state={'complete': False, 'error': None, 'executedCount': 1, 'wsState': 1} eval_ms=2
  [ComfyUI] [SubprocessWorker] callback 'report_progress' from call_id=81
  Frame 55 saved (frame_054.jpg, t=159.1s)
  [capture-periodic] freeze=2ms shot=196ms unfreeze=2ms saved=True
  [ComfyUI] [SubprocessWorker] callback 'report_progress' from call_id=81
  [ComfyUI] [worker:ComfyUI-SAM3DObjects] [VRAM] +295MB (now 2844MB) reserved=3232MB peak=4117MB
  [ComfyUI] [SubprocessWorker] callback 'report_progress' from call_id=81
  Frame 56 saved (frame_055.jpg, t=161.4s)
  [capture-periodic] freeze=2ms shot=211ms unfreeze=14ms saved=True
  [ComfyUI] [worker:ComfyUI-SAM3DObjects] [VRAM] -285MB (now 2560MB) reserved=3168MB peak=4117MB
  [ComfyUI] [SubprocessWorker] callback 'report_progress' from call_id=81
  Frame 57 saved (frame_056.jpg, t=163.8s)
  [capture-periodic] freeze=2ms shot=190ms unfreeze=7ms saved=True
  [ComfyUI] [SubprocessWorker] callback 'report_progress' from call_id=81
  [capture-loop] iter=1400 t=164.5s state={'complete': False, 'error': None, 'executedCount': 1, 'wsState': 1} eval_ms=5
  [ComfyUI] [SubprocessWorker] callback 'report_progress' from call_id=81
  [ComfyUI] [worker:ComfyUI-SAM3DObjects] [VRAM] -234MB (now 2327MB) reserved=3264MB peak=4117MB
  [ComfyUI] [SubprocessWorker] callback 'report_progress' from call_id=81
  [ComfyUI] [worker:ComfyUI-SAM3DObjects] [VRAM] +221MB (now 2549MB) reserved=3264MB peak=4117MB
  [ComfyUI] [SubprocessWorker] callback 'report_progress' from call_id=81
  Frame 58 saved (frame_057.jpg, t=166.1s)
  [capture-periodic] freeze=48ms shot=346ms unfreeze=2ms saved=True
  [ComfyUI] [SubprocessWorker] callback 'report_progress' from call_id=81
  [ComfyUI] [worker:ComfyUI-SAM3DObjects] [VRAM] +284MB (now 2833MB) reserved=3200MB peak=4117MB
  [ComfyUI] [SubprocessWorker] callback 'report_progress' from call_id=81
  [ComfyUI] [worker:ComfyUI-SAM3DObjects] [VRAM] Stage2: after inference: torch=2327MiB alloc, 3200MiB reserved | gpu=3580MiB/7703MiB used
  [ComfyUI] [worker:ComfyUI-SAM3DObjects] [VRAM] -2320MB (now 514MB) reserved=3200MB peak=4117MB
  Frame 59 saved (frame_058.jpg, t=168.6s)
  [capture-periodic] freeze=1ms shot=206ms unfreeze=7ms saved=True
  [ComfyUI] [worker:ComfyUI-SAM3DObjects] [VRAM] Stage2: after model cleanup: torch=36MiB alloc, 288MiB reserved | gpu=668MiB/7703MiB used
  [ComfyUI] 2026-05-07 13:01:24.304 | WARNING  | nodes.sam3d.transforms:__post_init__:1359 - No rgb pointmap normalizer provided, using scale + shift
  [ComfyUI] [worker:ComfyUI-SAM3DObjects] [VRAM] -497MB (now 17MB) reserved=288MB peak=4117MB
  [ComfyUI] [SubprocessWorker] callback 'request_vram_budget' from call_id=81
  [ComfyUI] [comfy-env] VRAM request: 2.50GB, free before eviction: 7.38GB
  [ComfyUI] [comfy-env] VRAM after eviction: 7.38GB
  [capture-loop] iter=1450 t=170.4s state={'complete': False, 'error': None, 'executedCount': 1, 'wsState': 1} eval_ms=2
  [ComfyUI] [worker:ComfyUI-SAM3DObjects] [VRAM] Stage2: before embedding: torch=1252MiB alloc, 1376MiB reserved | gpu=1756MiB/7703MiB used
  [ComfyUI] [worker:ComfyUI-SAM3DObjects] [VRAM] Stage2: after embedding: torch=1263MiB alloc, 1472MiB reserved | gpu=1852MiB/7703MiB used
  [ComfyUI] [worker:ComfyUI-SAM3DObjects] [VRAM] +1246MB (now 1263MB) reserved=1472MB peak=4117MB
  [ComfyUI] [worker:ComfyUI-SAM3DObjects] [VRAM] Stage2: after embedder unload: torch=36MiB alloc, 224MiB reserved | gpu=604MiB/7703MiB used
  [ComfyUI] [SubprocessWorker] callback 'request_vram_budget' from call_id=81
  [ComfyUI] [comfy-env] VRAM request: 2.40GB, free before eviction: 7.44GB
  [ComfyUI] [comfy-env] VRAM after eviction: 7.44GB
  Frame 60 saved (frame_059.jpg, t=171.0s)
  [capture-periodic] freeze=1ms shot=170ms unfreeze=7ms saved=True
  [ComfyUI] [worker:ComfyUI-SAM3DObjects] [VRAM] Stage2: before inference: torch=2326MiB alloc, 2400MiB reserved | gpu=2780MiB/7703MiB used
  [ComfyUI] [worker:ComfyUI-SAM3DObjects] [DTYPE_DBG] _generate_noise_tensor: _compute_dtype=torch.bfloat16 shape=(1, 33948, 8) device=cuda:0
  [ComfyUI] [worker:ComfyUI-SAM3DObjects] [VRAM] +1387MB (now 2650MB) reserved=2976MB peak=4117MB
  [ComfyUI] [SubprocessWorker] callback 'report_progress' from call_id=81
  [ComfyUI] [worker:ComfyUI-SAM3DObjects] [VRAM] +352MB (now 3003MB) reserved=3488MB peak=4117MB
  [ComfyUI] [SubprocessWorker] callback 'report_progress' from call_id=81
  Frame 61 saved (frame_060.jpg, t=175.6s)
  [capture-periodic] freeze=2ms shot=207ms unfreeze=7ms saved=True
  [capture-loop] iter=1500 t=176.4s state={'complete': False, 'error': None, 'executedCount': 1, 'wsState': 1} eval_ms=2
  [ComfyUI] [worker:ComfyUI-SAM3DObjects] [VRAM] -566MB (now 2438MB) reserved=3488MB peak=4117MB
  [ComfyUI] [SubprocessWorker] callback 'report_progress' from call_id=81
  [ComfyUI] [worker:ComfyUI-SAM3DObjects] [VRAM] +212MB (now 2651MB) reserved=3488MB peak=4117MB
  Frame 62 saved (frame_061.jpg, t=177.9s)
  [capture-periodic] freeze=1ms shot=207ms unfreeze=6ms saved=True
  [ComfyUI] [SubprocessWorker] callback 'report_progress' from call_id=81
  Frame 63 saved (frame_062.jpg, t=180.3s)
  [capture-periodic] freeze=1ms shot=216ms unfreeze=2ms saved=True
  [ComfyUI] [SubprocessWorker] callback 'report_progress' from call_id=81
  [ComfyUI] [worker:ComfyUI-SAM3DObjects] [VRAM] -324MB (now 2327MB) reserved=3520MB peak=4117MB
  [capture-loop] iter=1550 t=182.1s state={'complete': False, 'error': None, 'executedCount': 1, 'wsState': 1} eval_ms=2
  [ComfyUI] [worker:ComfyUI-SAM3DObjects]
  [ComfyUI] === WATCHDOG TICK 3 ===
  [ComfyUI] [worker:ComfyUI-SAM3DObjects] Thread 0x0000711139600640 (most recent call first):
  [ComfyUI]   File "/workspaces/SAM3DObjects-1241/ComfyUI/.ce/.pixi/envs/sam3dobjects-nodes/lib/python3.12/socket.py", line 295 in accept
  [ComfyUI]   File "/workspaces/SAM3DObjects-1241/ComfyUI/.ce/.pixi/envs/sam3dobjects-nodes/lib/python3.12/multiprocessing/connection.py", line 626 in accept
  [ComfyUI]   File "/workspaces/SAM3DObjects-1241/ComfyUI/.ce/.pixi/envs/sam3dobjects-nodes/lib/python3.12/multiprocessing/connection.py", line 480 in accept
  [ComfyUI]   File "/workspaces/SAM3DObjects-1241/ComfyUI/.ce/.pixi/envs/sam3dobjects-nodes/lib/python3.12/multiprocessing/resource_sharer.py", line 138 in _serve
  [ComfyUI]   File "/workspaces/SAM3DObjects-1241/ComfyUI/.ce/.pixi/envs/sam3dobjects-nodes/lib/python3.12/threading.py", line 1012 in run
  [ComfyUI]   File "/workspaces/SAM3DObjects-1241/ComfyUI/.ce/.pixi/envs/sam3dobjects-nodes/lib/python3.12/threading.py", line 1075 in _bootstrap_inner
  [ComfyUI]   File "/workspaces/SAM3DObjects-1241/ComfyUI/.ce/.pixi/envs/sam3dobjects-nodes/lib/python3.12/threading.py", line 1032 in _bootstrap
  [ComfyUI] 
  [ComfyUI] Thread 0x00007114fcb1f640 (most recent call first):
  [ComfyUI]   File "/tmp/comfyui_pvenv_8g80169v/persistent_worker.py", line 106 in _vram_poller
  [ComfyUI]   File "/workspaces/SAM3DObjects-1241/ComfyUI/.ce/.pixi/envs/sam3dobjects-nodes/lib/python3.12/threading.py", line 1012 in run
  [ComfyUI]   File "/workspaces/SAM3DObjects-1241/ComfyUI/.ce/.pixi/envs/sam3dobjects-nodes/lib/python3.12/threading.py", line 1075 in _bootstrap_inner
  [ComfyUI]   File "/workspaces/SAM3DObjects-1241/ComfyUI/.ce/.pixi/envs/sam3dobjects-nodes/lib/python3.12/threading.py", line 1032 in _bootstrap
  [ComfyUI] 
  [ComfyUI] Current thread 0x00007114fd324640 (most recent call first):
  [ComfyUI]   File "/tmp/comfyui_pvenv_8g80169v/persistent_worker.py", line 52 in _watchdog
  [ComfyUI]   File "/workspaces/SAM3DObjects-1241/ComfyUI/.ce/.pixi/envs/sam3dobjects-nodes/lib/python3.12/threading.py", line 1012 in run
  [ComfyUI]   File "/workspaces/SAM3DObjects-1241/ComfyUI/.ce/.pixi/envs/sam3dobjects-nodes/lib/python3.12/threading.py", line 1075 in _bootstrap_inner
  [ComfyUI]   File "/workspaces/SAM3DObjects-1241/ComfyUI/.ce/.pixi/envs/sam3dobjects-nodes/lib/python3.12/threading.py", line 1032 in _bootstrap
  [ComfyUI] 
  [ComfyUI] Thread 0x00007114fd91f740 (most recent call first):
  [ComfyUI]   File "/workspaces/SAM3DObjects-1241/ComfyUI/.ce/.pixi/envs/sam3dobjects-nodes/lib/python3.12/site-packages/spconv/pytorch/core.py", line 168 in __init__
  [ComfyUI]   File "/workspaces/SAM3DObjects-1241/ComfyUI/.ce/.pixi/envs/sam3dobjects-nodes/lib/python3.12/site-packages/torch/fx/_symbolic_trace.py", line 127 in __call__
  [ComfyUI]   File "/workspaces/SAM3DObjects-1241/ComfyUI/custom_nodes/ComfyUI-SAM3DObjects/nodes/sam3d/sparse.py", line 138 in __init__
  [ComfyUI]   File "/workspaces/SAM3DObjects-1241/ComfyUI/custom_nodes/ComfyUI-SAM3DObjects/nodes/sam3d/sparse.py", line 619 in forward
  [ComfyUI]   File "/workspaces/SAM3DObjects-1241/ComfyUI/.ce/.pixi/envs/sam3dobjects-nodes/lib/python3.12/site-packages/torch/nn/modules/module.py", line 1790 in _call_impl
  [ComfyUI]   File "/workspaces/SAM3DObjects-1241/ComfyUI/.ce/.pixi/envs/sam3dobjects-nodes/lib/python3.12/site-packages/torch/nn/modules/module.py", line 1779 in _wrapped_call_impl
  [ComfyUI]   File "/workspaces/SAM3DObjects-1241/ComfyUI/custom_nodes/ComfyUI-SAM3DObjects/nodes/sam3d/model.py", line 1185 in _updown
  [ComfyUI]   File "/workspaces/SAM3DObjects-1241/ComfyUI/custom_nodes/ComfyUI-SAM3DObjects/nodes/sam3d/model.py", line 1192 in forward
  [ComfyUI]   File "/workspaces/SAM3DObjects-1241/ComfyUI/.ce/.pixi/envs/sam3dobjects-nodes/lib/python3.12/site-packages/torch/nn/modules/module.py", line 1790 in _call_impl
  [ComfyUI]   File "/workspaces/SAM3DObjects-1241/ComfyUI/.ce/.pixi/envs/sam3dobjects-nodes/lib/python3.12/site-packages/torch/nn/modules/module.py", line 1779 in _wrapped_call_impl
  [ComfyUI]   File "/workspaces/SAM3DObjects-1241/ComfyUI/custom_nodes/ComfyUI-SAM3DObjects/nodes/sam3d/model.py", line 1703 in _forward
  [ComfyUI]   File "/workspaces/SAM3DObjects-1241/ComfyUI/comfy/patcher_extension.py", line 112 in execute
  [ComfyUI]   File "/workspaces/SAM3DObjects-1241/ComfyUI/custom_nodes/ComfyUI-SAM3DObjects/nodes/sam3d/model.py", line 1653 in forward
  [ComfyUI]   File "/workspaces/SAM3DObjects-1241/ComfyUI/custom_nodes/ComfyUI-SAM3DObjects/nodes/sam3d/model.py", line 1745 in forward
  [ComfyUI]   File "/workspaces/SAM3DObjects-1241/ComfyUI/.ce/.pixi/envs/sam3dobjects-nodes/lib/python3.12/site-packages/torch/nn/modules/module.py", line 1790 in _call_impl
  [ComfyUI]   File "/workspaces/SAM3DObjects-1241/ComfyUI/.ce/.pixi/envs/sam3dobjects-nodes/lib/python3.12/site-packages/torch/nn/modules/module.py", line 1779 in _wrapped_call_impl
  [ComfyUI]   File "/workspaces/SAM3DObjects-1241/ComfyUI/custom_nodes/ComfyUI-SAM3DObjects/nodes/sam3d/generators.py", line 666 in inner_forward
  [ComfyUI]   File "/workspaces/SAM3DObjects-1241/ComfyUI/custom_nodes/ComfyUI-SAM3DObjects/nodes/sam3d/generators.py", line 698 in forward
  [ComfyUI]   File "/workspaces/SAM3DObjects-1241/ComfyUI/.ce/.pixi/envs/sam3dobjects-nodes/lib/python3.12/site-packages/torch/nn/modules/module.py", line 1790 in _call_impl
  [ComfyUI]   File "/workspaces/SAM3DObjects-1241/ComfyUI/.ce/.pixi/envs/sam3dobjects-nodes/lib/python3.12/site-packages/torch/nn/modules/module.py", line 1779 in _wrapped_call_impl
  [ComfyUI]   File "/workspaces/SAM3DObjects-1241/ComfyUI/custom_nodes/ComfyUI-SAM3DObjects/nodes/sam3d/generators.py", line 426 in _generate_dynamics
  [ComfyUI]   File "/workspaces/SAM3DObjects-1241/ComfyUI/custom_nodes/ComfyUI-SAM3DObjects/nodes/sam3d/generators.py", line 133 in step
  [ComfyUI]   File "/workspaces/SAM3DObjects-1241/ComfyUI/custom_nodes/ComfyUI-SAM3DObjects/nodes/sam3d/generators.py", line 121 in solve_iter
  [ComfyUI]   File "/workspaces/SAM3DObjects-1241/ComfyUI/custom_nodes/ComfyUI-SAM3DObjects/nodes/sam3d/generators.py", line 410 in generate_iter
  [ComfyUI]   File "/workspaces/SAM3DObjects-1241/ComfyUI/custom_nodes/ComfyUI-SAM3DObjects/nodes/utils/stages.py", line 1213 in run_stage2
  [ComfyUI]   File "/workspaces/SAM3DObjects-1241/ComfyUI/custom_nodes/ComfyUI-SAM3DObjects/nodes/scene_generate.py", line 279 in execute
  [ComfyUI]   File "/workspaces/SAM3DObjects-1241/ComfyUI/.ce/.pixi/envs/sam3dobjects-nodes/lib/python3.12/site-packages/torch/utils/_contextlib.py", line 124 in decorate_context
  [ComfyUI]   File "/workspaces/SAM3DObjects-1241/ComfyUI/comfy_api/latest/_io.py", line 1827 in EXECUTE_NORMALIZED
  [ComfyUI]   File "/tmp/comfyui_pvenv_8g80169v/persistent_worker.py", line 1749 in main
  [ComfyUI]   File "/tmp/comfyui_pvenv_8g80169v/persistent_worker.py", line 1794 in <module>
  [ComfyUI] 
  [ComfyUI] [worker:ComfyUI-SAM3DObjects] === END ===
  [ComfyUI] 
  [ComfyUI] [worker:ComfyUI-SAM3DObjects] [VRAM] +334MB (now 2662MB) reserved=3392MB peak=4117MB
  Frame 64 saved (frame_063.jpg, t=182.6s)
  [capture-periodic] freeze=2ms shot=214ms unfreeze=2ms saved=True
  [ComfyUI] [SubprocessWorker] callback 'report_progress' from call_id=81
  [ComfyUI] [worker:ComfyUI-SAM3DObjects] [VRAM] -221MB (now 2441MB) reserved=3424MB peak=4117MB
  [ComfyUI] [worker:ComfyUI-SAM3DObjects] [VRAM] +220MB (now 2662MB) reserved=3488MB peak=4117MB
  Frame 65 saved (frame_064.jpg, t=184.9s)
  [capture-periodic] freeze=2ms shot=202ms unfreeze=2ms saved=True
  [ComfyUI] [SubprocessWorker] callback 'report_progress' from call_id=81
  [ComfyUI] [SubprocessWorker] callback 'report_progress' from call_id=81
  [ComfyUI] [SubprocessWorker] callback 'report_progress' from call_id=81
  Frame 66 saved (frame_065.jpg, t=187.3s)
  [capture-periodic] freeze=1ms shot=216ms unfreeze=6ms saved=True
  [capture-loop] iter=1600 t=188.1s state={'complete': False, 'error': None, 'executedCount': 1, 'wsState': 1} eval_ms=2
  [ComfyUI] [SubprocessWorker] callback 'report_progress' from call_id=81
  [ComfyUI] [worker:ComfyUI-SAM3DObjects] [VRAM] -225MB (now 2438MB) reserved=3488MB peak=4117MB
  [ComfyUI] [SubprocessWorker] callback 'report_progress' from call_id=81
  [ComfyUI] [worker:ComfyUI-SAM3DObjects] [VRAM] +212MB (now 2651MB) reserved=3392MB peak=4117MB
  Frame 67 saved (frame_066.jpg, t=189.7s)
  [capture-periodic] freeze=1ms shot=213ms unfreeze=2ms saved=True
  [ComfyUI] [SubprocessWorker] callback 'report_progress' from call_id=81
  [ComfyUI] [worker:ComfyUI-SAM3DObjects] [VRAM] Stage2: after inference: torch=2327MiB alloc, 3424MiB reserved | gpu=3804MiB/7703MiB used
  [ComfyUI] [worker:ComfyUI-SAM3DObjects] [VRAM] -880MB (now 1772MB) reserved=3424MB peak=4117MB
  [ComfyUI] [worker:ComfyUI-SAM3DObjects] [VRAM] Stage2: after model cleanup: torch=37MiB alloc, 256MiB reserved | gpu=636MiB/7703MiB used
  [ComfyUI] 2026-05-07 13:01:46.027 | WARNING  | nodes.sam3d.transforms:__post_init__:1359 - No rgb pointmap normalizer provided, using scale + shift
  [ComfyUI] [worker:ComfyUI-SAM3DObjects] [VRAM] -1755MB (now 17MB) reserved=256MB peak=4117MB
  [ComfyUI] [SubprocessWorker] callback 'request_vram_budget' from call_id=81
  [ComfyUI] [comfy-env] VRAM request: 2.50GB, free before eviction: 7.41GB
  [ComfyUI] [comfy-env] VRAM after eviction: 7.41GB
  [ComfyUI] [worker:ComfyUI-SAM3DObjects] [VRAM] Stage2: before embedding: torch=1253MiB alloc, 1376MiB reserved | gpu=1756MiB/7703MiB used
  [ComfyUI] [worker:ComfyUI-SAM3DObjects] [VRAM] Stage2: after embedding: torch=1263MiB alloc, 1472MiB reserved | gpu=1852MiB/7703MiB used
  Frame 68 saved (frame_067.jpg, t=192.1s)
  [capture-periodic] freeze=2ms shot=191ms unfreeze=6ms saved=True
  [ComfyUI] [worker:ComfyUI-SAM3DObjects] [VRAM] Stage2: after embedder unload: torch=36MiB alloc, 224MiB reserved | gpu=604MiB/7703MiB used
  [ComfyUI] [SubprocessWorker] callback 'request_vram_budget' from call_id=81
  [ComfyUI] [comfy-env] VRAM request: 2.40GB, free before eviction: 7.44GB
  [ComfyUI] [comfy-env] VRAM after eviction: 7.44GB
  [ComfyUI] [worker:ComfyUI-SAM3DObjects] [VRAM] +778MB (now 796MB) reserved=960MB peak=4117MB
  [ComfyUI] [worker:ComfyUI-SAM3DObjects] [VRAM] Stage2: before inference: torch=2327MiB alloc, 2400MiB reserved | gpu=2780MiB/7703MiB used
  [ComfyUI] [worker:ComfyUI-SAM3DObjects] [DTYPE_DBG] _generate_noise_tensor: _compute_dtype=torch.bfloat16 shape=(1, 13776, 8) device=cuda:0
  [ComfyUI] [SubprocessWorker] callback 'report_progress' from call_id=81
  [ComfyUI] [worker:ComfyUI-SAM3DObjects] [VRAM] +1636MB (now 2432MB) reserved=2848MB peak=4117MB
  [capture-loop] iter=1650 t=193.9s state={'complete': False, 'error': None, 'executedCount': 1, 'wsState': 1} eval_ms=10
  [ComfyUI] [SubprocessWorker] callback 'report_progress' from call_id=81
  Frame 69 saved (frame_068.jpg, t=194.4s)
  [capture-periodic] freeze=1ms shot=225ms unfreeze=2ms saved=True
  [ComfyUI] [SubprocessWorker] callback 'report_progress' from call_id=81
  [ComfyUI] [SubprocessWorker] callback 'report_progress' from call_id=81
  [ComfyUI] [SubprocessWorker] callback 'report_progress' from call_id=81
  Frame 70 saved (frame_069.jpg, t=196.7s)
  [capture-periodic] freeze=2ms shot=221ms unfreeze=2ms saved=True
  [ComfyUI] [SubprocessWorker] callback 'report_progress' from call_id=81
  [ComfyUI] [SubprocessWorker] callback 'report_progress' from call_id=81
  [ComfyUI] [SubprocessWorker] callback 'report_progress' from call_id=81
  [ComfyUI] [SubprocessWorker] callback 'report_progress' from call_id=81
  [ComfyUI] [SubprocessWorker] callback 'report_progress' from call_id=81
  [ComfyUI] [SubprocessWorker] callback 'report_progress' from call_id=81
  Frame 71 saved (frame_070.jpg, t=199.0s)
  [capture-periodic] freeze=1ms shot=235ms unfreeze=2ms saved=True
  [ComfyUI] [SubprocessWorker] callback 'report_progress' from call_id=81
  [ComfyUI] [worker:ComfyUI-SAM3DObjects] [VRAM] Stage2: after inference: torch=2327MiB alloc, 2848MiB reserved | gpu=3228MiB/7703MiB used
  [ComfyUI] [worker:ComfyUI-SAM3DObjects] [VRAM] -245MB (now 2188MB) reserved=2848MB peak=4117MB
  [ComfyUI] [worker:ComfyUI-SAM3DObjects] [VRAM] Stage2: after model cleanup: torch=37MiB alloc, 256MiB reserved | gpu=636MiB/7703MiB used
  [ComfyUI] 2026-05-07 13:01:54.798 | WARNING  | nodes.sam3d.transforms:__post_init__:1359 - No rgb pointmap normalizer provided, using scale + shift
  [capture-loop] iter=1700 t=199.9s state={'complete': False, 'error': None, 'executedCount': 1, 'wsState': 1} eval_ms=2
  [ComfyUI] [SubprocessWorker] callback 'request_vram_budget' from call_id=81
  [ComfyUI] [comfy-env] VRAM request: 2.50GB, free before eviction: 7.41GB
  [ComfyUI] [comfy-env] VRAM after eviction: 7.41GB
  [ComfyUI] [worker:ComfyUI-SAM3DObjects] [VRAM] -1842MB (now 346MB) reserved=512MB peak=4117MB
  [ComfyUI] [worker:ComfyUI-SAM3DObjects] [VRAM] Stage2: before embedding: torch=1253MiB alloc, 1376MiB reserved | gpu=1756MiB/7703MiB used
  [ComfyUI] [worker:ComfyUI-SAM3DObjects] [VRAM] Stage2: after embedding: torch=1264MiB alloc, 1472MiB reserved | gpu=1852MiB/7703MiB used
  [ComfyUI] [worker:ComfyUI-SAM3DObjects] [VRAM] Stage2: after embedder unload: torch=37MiB alloc, 224MiB reserved | gpu=604MiB/7703MiB used
  [ComfyUI] [SubprocessWorker] callback 'request_vram_budget' from call_id=81
  [ComfyUI] [comfy-env] VRAM request: 2.40GB, free before eviction: 7.44GB
  [ComfyUI] [comfy-env] VRAM after eviction: 7.44GB
  [ComfyUI] [worker:ComfyUI-SAM3DObjects] [VRAM] +770MB (now 1116MB) reserved=1280MB peak=4117MB
  [ComfyUI] [worker:ComfyUI-SAM3DObjects] [VRAM] Stage2: before inference: torch=2327MiB alloc, 2400MiB reserved | gpu=2780MiB/7703MiB used
  [ComfyUI] [worker:ComfyUI-SAM3DObjects] [DTYPE_DBG] _generate_noise_tensor: _compute_dtype=torch.bfloat16 shape=(1, 28463, 8) device=cuda:0
  Frame 72 saved (frame_071.jpg, t=201.4s)
  [capture-periodic] freeze=2ms shot=210ms unfreeze=11ms saved=True
  [ComfyUI] [worker:ComfyUI-SAM3DObjects] [VRAM] +1504MB (now 2621MB) reserved=2976MB peak=4117MB
  [ComfyUI] [SubprocessWorker] callback 'report_progress' from call_id=81
  [ComfyUI] [worker:ComfyUI-SAM3DObjects] [VRAM] -258MB (now 2363MB) reserved=3264MB peak=4117MB
  Frame 73 saved (frame_072.jpg, t=203.7s)
  [capture-periodic] freeze=2ms shot=204ms unfreeze=7ms saved=True
  [ComfyUI] [worker:ComfyUI-SAM3DObjects] [VRAM] +269MB (now 2632MB) reserved=3296MB peak=4117MB
  [ComfyUI] [SubprocessWorker] callback 'report_progress' from call_id=81
  [capture-loop] iter=1750 t=205.7s state={'complete': False, 'error': None, 'executedCount': 1, 'wsState': 1} eval_ms=2
  Frame 74 saved (frame_073.jpg, t=206.1s)
  [capture-periodic] freeze=2ms shot=226ms unfreeze=2ms saved=True
  [ComfyUI] [SubprocessWorker] callback 'report_progress' from call_id=81
  Frame 75 saved (frame_074.jpg, t=208.4s)
  [capture-periodic] freeze=1ms shot=225ms unfreeze=1ms saved=True
  [ComfyUI] [SubprocessWorker] callback 'report_progress' from call_id=81
  [ComfyUI] [worker:ComfyUI-SAM3DObjects] [VRAM] -245MB (now 2388MB) reserved=3296MB peak=4117MB
  [ComfyUI] [SubprocessWorker] callback 'report_progress' from call_id=81
  Frame 76 saved (frame_075.jpg, t=210.7s)
  [capture-periodic] freeze=7ms shot=242ms unfreeze=3ms saved=True
  [ComfyUI] [worker:ComfyUI-SAM3DObjects] [VRAM] +328MB (now 2716MB) reserved=2912MB peak=4117MB
  [capture-loop] iter=1800 t=211.7s state={'complete': False, 'error': None, 'executedCount': 1, 'wsState': 1} eval_ms=2
  [ComfyUI] [worker:ComfyUI-SAM3DObjects] [VRAM] -275MB (now 2442MB) reserved=3232MB peak=4117MB
  [ComfyUI] [SubprocessWorker] callback 'report_progress' from call_id=81
  Frame 77 saved (frame_076.jpg, t=213.0s)
  [capture-periodic] freeze=2ms shot=217ms unfreeze=2ms saved=True
  [ComfyUI] [SubprocessWorker] callback 'report_progress' from call_id=81
  [ComfyUI] [SubprocessWorker] callback 'report_progress' from call_id=81
  [ComfyUI] [worker:ComfyUI-SAM3DObjects] [VRAM] +260MB (now 2703MB) reserved=3328MB peak=4117MB
  Frame 78 saved (frame_077.jpg, t=215.4s)
  [capture-periodic] freeze=2ms shot=197ms unfreeze=2ms saved=True
  [ComfyUI] [SubprocessWorker] callback 'report_progress' from call_id=81
  [ComfyUI] [SubprocessWorker] callback 'report_progress' from call_id=81
  [ComfyUI] [worker:ComfyUI-SAM3DObjects] [VRAM] -375MB (now 2328MB) reserved=2400MB peak=4117MB
  [capture-loop] iter=1850 t=217.4s state={'complete': False, 'error': None, 'executedCount': 1, 'wsState': 1} eval_ms=1
  [ComfyUI] [SubprocessWorker] callback 'report_progress' from call_id=81
  Frame 79 saved (frame_078.jpg, t=217.7s)
  [capture-periodic] freeze=2ms shot=214ms unfreeze=10ms saved=True
  [ComfyUI] [worker:ComfyUI-SAM3DObjects] [VRAM] +347MB (now 2676MB) reserved=3296MB peak=4117MB
  [ComfyUI] [SubprocessWorker] callback 'report_progress' from call_id=81
  [ComfyUI] [worker:ComfyUI-SAM3DObjects] [VRAM] Stage2: after inference: torch=2328MiB alloc, 3296MiB reserved | gpu=3676MiB/7703MiB used
  [ComfyUI] [worker:ComfyUI-SAM3DObjects] [VRAM] -2017MB (now 659MB) reserved=3296MB peak=4117MB
  [ComfyUI] [worker:ComfyUI-SAM3DObjects] [VRAM] Stage2: after model cleanup: torch=37MiB alloc, 256MiB reserved | gpu=636MiB/7703MiB used
  [ComfyUI] 2026-05-07 13:02:14.149 | WARNING  | nodes.sam3d.transforms:__post_init__:1359 - No rgb pointmap normalizer provided, using scale + shift
  [ComfyUI] [SubprocessWorker] callback 'request_vram_budget' from call_id=81
  [ComfyUI] [comfy-env] VRAM request: 2.50GB, free before eviction: 7.41GB
  [ComfyUI] [comfy-env] VRAM after eviction: 7.41GB
  [ComfyUI] [worker:ComfyUI-SAM3DObjects] [VRAM] Stage2: before embedding: torch=1253MiB alloc, 1376MiB reserved | gpu=1756MiB/7703MiB used
  [ComfyUI] [worker:ComfyUI-SAM3DObjects] [VRAM] +640MB (now 1299MB) reserved=1472MB peak=4117MB
  [ComfyUI] [worker:ComfyUI-SAM3DObjects] [VRAM] Stage2: after embedding: torch=1264MiB alloc, 1472MiB reserved | gpu=1852MiB/7703MiB used
  Frame 80 saved (frame_079.jpg, t=220.0s)
  [capture-periodic] freeze=7ms shot=213ms unfreeze=8ms saved=True
  [ComfyUI] [worker:ComfyUI-SAM3DObjects] [VRAM] Stage2: after embedder unload: torch=37MiB alloc, 256MiB reserved | gpu=636MiB/7703MiB used
  [ComfyUI] [SubprocessWorker] callback 'request_vram_budget' from call_id=81
  [ComfyUI] [comfy-env] VRAM request: 2.40GB, free before eviction: 7.41GB
  [ComfyUI] [comfy-env] VRAM after eviction: 7.41GB
  [ComfyUI] [worker:ComfyUI-SAM3DObjects] [VRAM] +955MB (now 2255MB) reserved=2336MB peak=4117MB
  [ComfyUI] [worker:ComfyUI-SAM3DObjects] [VRAM] Stage2: before inference: torch=2327MiB alloc, 2400MiB reserved | gpu=2780MiB/7703MiB used
  [ComfyUI] [worker:ComfyUI-SAM3DObjects] [DTYPE_DBG] _generate_noise_tensor: _compute_dtype=torch.bfloat16 shape=(1, 26090, 8) device=cuda:0
  [ComfyUI] [worker:ComfyUI-SAM3DObjects] [VRAM] +305MB (now 2560MB) reserved=3168MB peak=4117MB
  [ComfyUI] [SubprocessWorker] callback 'report_progress' from call_id=81
  Frame 81 saved (frame_080.jpg, t=222.3s)
  [capture-periodic] freeze=2ms shot=212ms unfreeze=6ms saved=True
  [capture-loop] iter=1900 t=223.4s state={'complete': False, 'error': None, 'executedCount': 1, 'wsState': 1} eval_ms=2
  [ComfyUI] [SubprocessWorker] callback 'report_progress' from call_id=81
  Frame 82 saved (frame_081.jpg, t=224.6s)
  [capture-periodic] freeze=2ms shot=189ms unfreeze=8ms saved=True
  [ComfyUI] [SubprocessWorker] callback 'report_progress' from call_id=81
  [ComfyUI] [SubprocessWorker] callback 'report_progress' from call_id=81
  Frame 83 saved (frame_082.jpg, t=226.9s)
  [capture-periodic] freeze=1ms shot=238ms unfreeze=3ms saved=True
  [ComfyUI] [SubprocessWorker] callback 'report_progress' from call_id=81
  [ComfyUI] [worker:ComfyUI-SAM3DObjects] [VRAM] -209MB (now 2352MB) reserved=3200MB peak=4117MB
  [capture-loop] iter=1950 t=229.1s state={'complete': False, 'error': None, 'executedCount': 1, 'wsState': 1} eval_ms=2
  [ComfyUI] [SubprocessWorker] callback 'report_progress' from call_id=81
  Frame 84 saved (frame_083.jpg, t=229.3s)
  [capture-periodic] freeze=8ms shot=242ms unfreeze=3ms saved=True
  [ComfyUI] [worker:ComfyUI-SAM3DObjects] [VRAM] +259MB (now 2611MB) reserved=3200MB peak=4117MB
  [ComfyUI] [SubprocessWorker] callback 'report_progress' from call_id=81
  [ComfyUI] [worker:ComfyUI-SAM3DObjects] [VRAM] -204MB (now 2407MB) reserved=3200MB peak=4117MB
  [ComfyUI] [SubprocessWorker] callback 'report_progress' from call_id=81
  [ComfyUI] [SubprocessWorker] callback 'report_progress' from call_id=81
  Frame 85 saved (frame_084.jpg, t=231.7s)
  [capture-periodic] freeze=2ms shot=223ms unfreeze=2ms saved=True
  [ComfyUI] [worker:ComfyUI-SAM3DObjects] [VRAM] +203MB (now 2611MB) reserved=3200MB peak=4117MB
  [ComfyUI] [SubprocessWorker] callback 'report_progress' from call_id=81
  [ComfyUI] [SubprocessWorker] callback 'report_progress' from call_id=81
  [ComfyUI] [SubprocessWorker] callback 'report_progress' from call_id=81
  [ComfyUI] [worker:ComfyUI-SAM3DObjects] [VRAM] Stage2: after inference: torch=2328MiB alloc, 3200MiB reserved | gpu=3580MiB/7703MiB used
  [ComfyUI] [worker:ComfyUI-SAM3DObjects] [VRAM] -306MB (now 2305MB) reserved=3200MB peak=4117MB
  Frame 86 saved (frame_085.jpg, t=234.0s)
  [capture-periodic] freeze=3ms shot=247ms unfreeze=12ms saved=True
  [ComfyUI] [worker:ComfyUI-SAM3DObjects] [VRAM] Stage2: after model cleanup: torch=38MiB alloc, 288MiB reserved | gpu=668MiB/7703MiB used
  [ComfyUI] 2026-05-07 13:02:29.417 | WARNING  | nodes.sam3d.transforms:__post_init__:1359 - No rgb pointmap normalizer provided, using scale + shift
  [ComfyUI] [SubprocessWorker] callback 'request_vram_budget' from call_id=81
  [ComfyUI] [comfy-env] VRAM request: 2.50GB, free before eviction: 7.38GB
  [ComfyUI] [comfy-env] VRAM after eviction: 7.38GB
  [ComfyUI] [worker:ComfyUI-SAM3DObjects] [VRAM] -1767MB (now 539MB) reserved=704MB peak=4117MB
  [ComfyUI] [worker:ComfyUI-SAM3DObjects] [VRAM] Stage2: before embedding: torch=1254MiB alloc, 1376MiB reserved | gpu=1756MiB/7703MiB used
  [capture-loop] iter=2000 t=235.2s state={'complete': False, 'error': None, 'executedCount': 1, 'wsState': 1} eval_ms=2
  [ComfyUI] [worker:ComfyUI-SAM3DObjects] [VRAM] Stage2: after embedding: torch=1265MiB alloc, 1472MiB reserved | gpu=1852MiB/7703MiB used
  [ComfyUI] [worker:ComfyUI-SAM3DObjects] [VRAM] Stage2: after embedder unload: torch=37MiB alloc, 256MiB reserved | gpu=636MiB/7703MiB used
  [ComfyUI] [SubprocessWorker] callback 'request_vram_budget' from call_id=81
  [ComfyUI] [comfy-env] VRAM request: 2.40GB, free before eviction: 7.41GB
  [ComfyUI] [comfy-env] VRAM after eviction: 7.41GB
  [ComfyUI] [worker:ComfyUI-SAM3DObjects] [VRAM] +770MB (now 1309MB) reserved=1472MB peak=4117MB
  [ComfyUI] [worker:ComfyUI-SAM3DObjects] [VRAM] Stage2: before inference: torch=2328MiB alloc, 2400MiB reserved | gpu=2780MiB/7703MiB used
  [ComfyUI] [worker:ComfyUI-SAM3DObjects] [DTYPE_DBG] _generate_noise_tensor: _compute_dtype=torch.bfloat16 shape=(1, 7248, 8) device=cuda:0
  [ComfyUI] [SubprocessWorker] callback 'report_progress' from call_id=81
  Frame 87 saved (frame_086.jpg, t=236.4s)
  [capture-periodic] freeze=6ms shot=236ms unfreeze=6ms saved=True
  [ComfyUI] [worker:ComfyUI-SAM3DObjects] [VRAM] +1082MB (now 2392MB) reserved=2688MB peak=4117MB
  [ComfyUI] [SubprocessWorker] callback 'report_progress' from call_id=81
  [ComfyUI] [SubprocessWorker] callback 'report_progress' from call_id=81
  [ComfyUI] [SubprocessWorker] callback 'report_progress' from call_id=81
  [ComfyUI] [SubprocessWorker] callback 'report_progress' from call_id=81
  [ComfyUI] [SubprocessWorker] callback 'report_progress' from call_id=81
  Frame 88 saved (frame_087.jpg, t=238.8s)
  [capture-periodic] freeze=2ms shot=207ms unfreeze=7ms saved=True
  [ComfyUI] [SubprocessWorker] callback 'report_progress' from call_id=81
  [ComfyUI] [SubprocessWorker] callback 'report_progress' from call_id=81
  [ComfyUI] [SubprocessWorker] callback 'report_progress' from call_id=81
  [ComfyUI] [SubprocessWorker] callback 'report_progress' from call_id=81
  [ComfyUI] [SubprocessWorker] callback 'report_progress' from call_id=81
  [ComfyUI] [SubprocessWorker] callback 'report_progress' from call_id=81
  [ComfyUI] [worker:ComfyUI-SAM3DObjects] [VRAM] Stage2: after inference: torch=2328MiB alloc, 2656MiB reserved | gpu=3036MiB/7703MiB used
  [ComfyUI] [worker:ComfyUI-SAM3DObjects] [VRAM] -500MB (now 1892MB) reserved=2656MB peak=4117MB
  [ComfyUI] [worker:ComfyUI-SAM3DObjects] [VRAM] Stage2: after model cleanup: torch=38MiB alloc, 288MiB reserved | gpu=668MiB/7703MiB used
  [ComfyUI] 2026-05-07 13:02:35.900 | WARNING  | nodes.sam3d.transforms:__post_init__:1359 - No rgb pointmap normalizer provided, using scale + shift
  [capture-loop] iter=2050 t=241.0s state={'complete': False, 'error': None, 'executedCount': 1, 'wsState': 1} eval_ms=2
  Frame 89 saved (frame_088.jpg, t=241.0s)
  [capture-periodic] freeze=1ms shot=222ms unfreeze=3ms saved=True
  [ComfyUI] [SubprocessWorker] callback 'request_vram_budget' from call_id=81
  [ComfyUI] [comfy-env] VRAM request: 2.50GB, free before eviction: 7.38GB
  [ComfyUI] [comfy-env] VRAM after eviction: 7.38GB
  [ComfyUI] [worker:ComfyUI-SAM3DObjects] [VRAM] -1086MB (now 807MB) reserved=960MB peak=4117MB
  [ComfyUI] [worker:ComfyUI-SAM3DObjects] [VRAM] Stage2: before embedding: torch=1254MiB alloc, 1376MiB reserved | gpu=1756MiB/7703MiB used
  [ComfyUI] [worker:ComfyUI-SAM3DObjects] [VRAM] Stage2: after embedding: torch=1265MiB alloc, 1472MiB reserved | gpu=1852MiB/7703MiB used
  [ComfyUI] [worker:ComfyUI-SAM3DObjects] [VRAM] Stage2: after embedder unload: torch=38MiB alloc, 256MiB reserved | gpu=636MiB/7703MiB used
  [ComfyUI] [SubprocessWorker] callback 'request_vram_budget' from call_id=81
  [ComfyUI] [comfy-env] VRAM request: 2.40GB, free before eviction: 7.41GB
  [ComfyUI] [comfy-env] VRAM after eviction: 7.41GB
  [ComfyUI] [worker:ComfyUI-SAM3DObjects]
  [ComfyUI] === WATCHDOG TICK 4 ===
  [ComfyUI] [worker:ComfyUI-SAM3DObjects] Thread 0x0000711139600640 (most recent call first):
  [ComfyUI]   File "/workspaces/SAM3DObjects-1241/ComfyUI/.ce/.pixi/envs/sam3dobjects-nodes/lib/python3.12/socket.py", line 295 in accept
  [ComfyUI]   File "/workspaces/SAM3DObjects-1241/ComfyUI/.ce/.pixi/envs/sam3dobjects-nodes/lib/python3.12/multiprocessing/connection.py", line 626 in accept
  [ComfyUI]   File "/workspaces/SAM3DObjects-1241/ComfyUI/.ce/.pixi/envs/sam3dobjects-nodes/lib/python3.12/multiprocessing/connection.py", line 480 in accept
  [ComfyUI]   File "/workspaces/SAM3DObjects-1241/ComfyUI/.ce/.pixi/envs/sam3dobjects-nodes/lib/python3.12/multiprocessing/resource_sharer.py", line 138 in _serve
  [ComfyUI]   File "/workspaces/SAM3DObjects-1241/ComfyUI/.ce/.pixi/envs/sam3dobjects-nodes/lib/python3.12/threading.py", line 1012 in run
  [ComfyUI]   File "/workspaces/SAM3DObjects-1241/ComfyUI/.ce/.pixi/envs/sam3dobjects-nodes/lib/python3.12/threading.py", line 1075 in _bootstrap_inner
  [ComfyUI]   File "/workspaces/SAM3DObjects-1241/ComfyUI/.ce/.pixi/envs/sam3dobjects-nodes/lib/python3.12/threading.py", line 1032 in _bootstrap
  [ComfyUI] 
  [ComfyUI] Thread 0x00007114fcb1f640 (most recent call first):
  [ComfyUI]   File "/tmp/comfyui_pvenv_8g80169v/persistent_worker.py", line 106 in _vram_poller
  [ComfyUI]   File "/workspaces/SAM3DObjects-1241/ComfyUI/.ce/.pixi/envs/sam3dobjects-nodes/lib/python3.12/threading.py", line 1012 in run
  [ComfyUI]   File "/workspaces/SAM3DObjects-1241/ComfyUI/.ce/.pixi/envs/sam3dobjects-nodes/lib/python3.12/threading.py", line 1075 in _bootstrap_inner
  [ComfyUI]   File "/workspaces/SAM3DObjects-1241/ComfyUI/.ce/.pixi/envs/sam3dobjects-nodes/lib/python3.12/threading.py", line 1032 in _bootstrap
  [ComfyUI] 
  [ComfyUI] Current thread 0x00007114fd324640 (most recent call first):
  [ComfyUI]   File "/tmp/comfyui_pvenv_8g80169v/persistent_worker.py", line 52 in _watchdog
  [ComfyUI]   File "/workspaces/SAM3DObjects-1241/ComfyUI/.ce/.pixi/envs/sam3dobjects-nodes/lib/python3.12/threading.py", line 1012 in run
  [ComfyUI]   File "/workspaces/SAM3DObjects-1241/ComfyUI/.ce/.pixi/envs/sam3dobjects-nodes/lib/python3.12/threading.py", line 1075 in _bootstrap_inner
  [ComfyUI]   File "/workspaces/SAM3DObjects-1241/ComfyUI/.ce/.pixi/envs/sam3dobjects-nodes/lib/python3.12/threading.py", line 1032 in _bootstrap
  [ComfyUI] 
  [ComfyUI] Thread 0x00007114fd91f740 (most recent call first):
  [ComfyUI]   File "/workspaces/SAM3DObjects-1241/ComfyUI/.ce/.pixi/envs/sam3dobjects-nodes/lib/python3.12/site-packages/torch/nn/modules/module.py", line 1370 in convert
  [ComfyUI]   File "/workspaces/SAM3DObjects-1241/ComfyUI/.ce/.pixi/envs/sam3dobjects-nodes/lib/python3.12/site-packages/torch/nn/modules/module.py", line 965 in _apply
  [ComfyUI]   File "/workspaces/SAM3DObjects-1241/ComfyUI/.ce/.pixi/envs/sam3dobjects-nodes/lib/python3.12/site-packages/torch/nn/modules/module.py", line 1384 in to
  [ComfyUI]   File "/tmp/comfyui_pvenv_8g80169v/persistent_worker.py", line 1328 in _hooked_to
  [ComfyUI]   File "/workspaces/SAM3DObjects-1241/ComfyUI/comfy/model_patcher.py", line 885 in load
  [ComfyUI]   File "/workspaces/SAM3DObjects-1241/ComfyUI/comfy/model_patcher.py", line 1079 in partially_load
  [ComfyUI]   File "/workspaces/SAM3DObjects-1241/ComfyUI/comfy/model_management.py", line 607 in model_use_more_vram
  [ComfyUI]   File "/workspaces/SAM3DObjects-1241/ComfyUI/comfy/model_management.py", line 579 in model_load
  [ComfyUI]   File "/workspaces/SAM3DObjects-1241/ComfyUI/comfy/model_management.py", line 817 in load_models_gpu
  [ComfyUI]   File "/tmp/comfyui_pvenv_8g80169v/persistent_worker.py", line 1526 in _shimmed_load_models_gpu
  [ComfyUI]   File "/workspaces/SAM3DObjects-1241/ComfyUI/custom_nodes/ComfyUI-SAM3DObjects/nodes/utils/stages.py", line 469 in _load_generator
  [ComfyUI]   File "/workspaces/SAM3DObjects-1241/ComfyUI/custom_nodes/ComfyUI-SAM3DObjects/nodes/utils/stages.py", line 1179 in run_stage2
  [ComfyUI]   File "/workspaces/SAM3DObjects-1241/ComfyUI/custom_nodes/ComfyUI-SAM3DObjects/nodes/scene_generate.py", line 279 in execute
  [ComfyUI]   File "/workspaces/SAM3DObjects-1241/ComfyUI/.ce/.pixi/envs/sam3dobjects-nodes/lib/python3.12/site-packages/torch/utils/_contextlib.py", line 124 in decorate_context
  [ComfyUI]   File "/workspaces/SAM3DObjects-1241/ComfyUI/comfy_api/latest/_io.py", line 1827 in EXECUTE_NORMALIZED
  [ComfyUI]   File "/tmp/comfyui_pvenv_8g80169v/persistent_worker.py", line 1749 in main
  [ComfyUI]   File "/tmp/comfyui_pvenv_8g80169v/persistent_worker.py", line 1794 in <module>
  [ComfyUI] 
  [ComfyUI] [worker:ComfyUI-SAM3DObjects] === END ===
  [ComfyUI] 
  [ComfyUI] [worker:ComfyUI-SAM3DObjects] [VRAM] +630MB (now 1438MB) reserved=1600MB peak=4117MB
  [ComfyUI] [worker:ComfyUI-SAM3DObjects] [VRAM] Stage2: before inference: torch=2328MiB alloc, 2400MiB reserved | gpu=2780MiB/7703MiB used
  [ComfyUI] [worker:ComfyUI-SAM3DObjects] [DTYPE_DBG] _generate_noise_tensor: _compute_dtype=torch.bfloat16 shape=(1, 18058, 8) device=cuda:0
  [ComfyUI] [worker:ComfyUI-SAM3DObjects] [VRAM] +1066MB (now 2504MB) reserved=2976MB peak=4117MB
  Frame 90 saved (frame_089.jpg, t=243.3s)
  [capture-periodic] freeze=2ms shot=216ms unfreeze=6ms saved=True
  [ComfyUI] [SubprocessWorker] callback 'report_progress' from call_id=81
  [ComfyUI] [SubprocessWorker] callback 'report_progress' from call_id=81
  [ComfyUI] [SubprocessWorker] callback 'report_progress' from call_id=81
  Frame 91 saved (frame_090.jpg, t=245.7s)
  [capture-periodic] freeze=14ms shot=208ms unfreeze=4ms saved=True
  [ComfyUI] [SubprocessWorker] callback 'report_progress' from call_id=81
  [capture-loop] iter=2100 t=247.0s state={'complete': False, 'error': None, 'executedCount': 1, 'wsState': 1} eval_ms=2
  [ComfyUI] [SubprocessWorker] callback 'report_progress' from call_id=81
  Frame 92 saved (frame_091.jpg, t=248.0s)
  [capture-periodic] freeze=2ms shot=200ms unfreeze=4ms saved=True
  [ComfyUI] [SubprocessWorker] callback 'report_progress' from call_id=81
  [ComfyUI] [SubprocessWorker] callback 'report_progress' from call_id=81
  [ComfyUI] [SubprocessWorker] callback 'report_progress' from call_id=81
  [ComfyUI] [SubprocessWorker] callback 'report_progress' from call_id=81
  Frame 93 saved (frame_092.jpg, t=250.4s)
  [capture-periodic] freeze=10ms shot=186ms unfreeze=5ms saved=True
  [ComfyUI] [SubprocessWorker] callback 'report_progress' from call_id=81
  [ComfyUI] [SubprocessWorker] callback 'report_progress' from call_id=81
  [ComfyUI] [SubprocessWorker] callback 'report_progress' from call_id=81
  [ComfyUI] [worker:ComfyUI-SAM3DObjects] [VRAM] Stage2: after inference: torch=2329MiB alloc, 2944MiB reserved | gpu=3324MiB/7703MiB used
  [ComfyUI] [worker:ComfyUI-SAM3DObjects] [VRAM] -820MB (now 1685MB) reserved=2944MB peak=4117MB
  [ComfyUI] [worker:ComfyUI-SAM3DObjects] [VRAM] Stage2: after model cleanup: torch=38MiB alloc, 288MiB reserved | gpu=668MiB/7703MiB used
  [ComfyUI] [worker:ComfyUI-SAM3DObjects] [VRAM] SceneGenerate: PHASE 3 start: torch=14MiB alloc, 288MiB reserved | gpu=668MiB/7703MiB used
  [ComfyUI] [SubprocessWorker] callback 'report_progress' from call_id=81
  [ComfyUI] [worker:ComfyUI-SAM3DObjects] [VRAM] _load_decoder(slat_decoder_mesh): before instantiate: torch=14MiB alloc, 288MiB reserved | gpu=668MiB/7703MiB used
  [ComfyUI] [worker:ComfyUI-SAM3DObjects] [VRAM] _load_decoder(slat_decoder_mesh): after load_state_dict: torch=14MiB alloc, 512MiB reserved | gpu=892MiB/7703MiB used
  [ComfyUI] [SubprocessWorker] callback 'request_vram_budget' from call_id=81
  [ComfyUI] [comfy-env] VRAM request: 0.18GB, free before eviction: 7.14GB
  [ComfyUI] [comfy-env] VRAM after eviction: 7.14GB
  [ComfyUI] [worker:ComfyUI-SAM3DObjects] [VRAM] Decode(mesh): after load_models_gpu: torch=187MiB alloc, 320MiB reserved | gpu=700MiB/7703MiB used
  [ComfyUI] [SubprocessWorker] callback 'report_progress' from call_id=81
  Frame 94 saved (frame_093.jpg, t=252.6s)
  [capture-periodic] freeze=2ms shot=217ms unfreeze=2ms saved=True
  [capture-loop] iter=2150 t=253.0s state={'complete': False, 'error': None, 'executedCount': 1, 'wsState': 1} eval_ms=2
  [ComfyUI] [worker:ComfyUI-SAM3DObjects] [VRAM] -728MB (now 957MB) reserved=1120MB peak=4117MB
  Frame 95 saved (frame_094.jpg, t=255.0s)
  [capture-periodic] freeze=2ms shot=216ms unfreeze=3ms saved=True
  [ComfyUI] [worker:ComfyUI-SAM3DObjects] [VRAM] +1130MB (now 2087MB) reserved=2208MB peak=4117MB
  [capture-loop] iter=2200 t=258.6s state={'complete': False, 'error': None, 'executedCount': 1, 'wsState': 1} eval_ms=2
  [ComfyUI] [worker:ComfyUI-SAM3DObjects] [VRAM] +311MB (now 2399MB) reserved=4672MB peak=4117MB
  [ComfyUI] [worker:ComfyUI-SAM3DObjects] WARNING: [VRAM:mesh] start: 1057 MiB | cubefeats torch.Size([1698496, 101])
  [ComfyUI] [worker:ComfyUI-SAM3DObjects] WARNING: [VRAM:mesh] after sparse_cube2verts: 1154 MiB | v_pos torch.Size([1954154, 3])
  [ComfyUI] [worker:ComfyUI-SAM3DObjects] WARNING: [VRAM:mesh] after get_sparse_attrs + del: 441 MiB | verts 1954154 cubes 1698496
  [ComfyUI] [worker:ComfyUI-SAM3DObjects] WARNING: [VRAM:mesh] after dilation: 502 MiB | verts 2379394 cubes 2137402
  [ComfyUI] [worker:ComfyUI-SAM3DObjects] WARNING: [VRAM:mesh] after searchsorted: 606 MiB | reg_c torch.Size([2137402, 8])
  [ComfyUI] [worker:ComfyUI-SAM3DObjects] WARNING: [VRAM:fc] start: 606 MiB | verts torch.Size([2379395, 3]) cubes torch.Size([2137402, 8]) sdf torch.Size([2379395])
  [ComfyUI] [worker:ComfyUI-SAM3DObjects] WARNING: [VRAM:fc] after _identify_surf_cubes: 624 MiB | surf_cubes 492452/2137402
  [ComfyUI] [worker:ComfyUI-SAM3DObjects] WARNING: [VRAM:fc] after _get_case_id: 720 MiB
  [ComfyUI] [worker:ComfyUI-SAM3DObjects] WARNING: [VRAM:fc] after _identify_surf_edges: 797 MiB | surf_edges torch.Size([492818, 2])
  [ComfyUI] [worker:ComfyUI-SAM3DObjects] WARNING: [VRAM:fc] after _compute_vd: 868 MiB | vd torch.Size([492830, 3])
  [ComfyUI] [worker:ComfyUI-SAM3DObjects] WARNING: [VRAM:fc] after _triangulate: 891 MiB | verts torch.Size([492830, 3]) faces torch.Size([985636, 3])
  [ComfyUI] [worker:ComfyUI-SAM3DObjects] WARNING: [VRAM:mesh] after FlexiCubes: 641 MiB | verts torch.Size([492830, 3]) faces torch.Size([985636, 3])
  [ComfyUI] [SubprocessWorker] callback 'report_progress' from call_id=81
  [ComfyUI] [worker:ComfyUI-SAM3DObjects] [VRAM] Decode(mesh): after cleanup: torch=88MiB alloc, 384MiB reserved | gpu=766MiB/7703MiB used
  [ComfyUI] [SubprocessWorker] callback 'report_progress' from call_id=81
  [ComfyUI] [SubprocessWorker] callback 'report_progress' from call_id=81
  [ComfyUI] [SubprocessWorker] callback 'request_vram_budget' from call_id=81
  [ComfyUI] [comfy-env] VRAM request: 0.18GB, free before eviction: 7.27GB
  [ComfyUI] [comfy-env] VRAM after eviction: 7.27GB
  [ComfyUI] [worker:ComfyUI-SAM3DObjects] [VRAM] Decode(mesh): after load_models_gpu: torch=188MiB alloc, 320MiB reserved | gpu=702MiB/7703MiB used
  [ComfyUI] [worker:ComfyUI-SAM3DObjects] [VRAM] -1538MB (now 861MB) reserved=5920MB peak=4117MB
  [ComfyUI] [worker:ComfyUI-SAM3DObjects] WARNING: [VRAM:mesh] start: 1300 MiB | cubefeats torch.Size([2172672, 101])
  [ComfyUI] [worker:ComfyUI-SAM3DObjects] WARNING: [VRAM:mesh] after sparse_cube2verts: 1430 MiB | v_pos torch.Size([2613092, 3])
  [ComfyUI] [worker:ComfyUI-SAM3DObjects] WARNING: [VRAM:mesh] after get_sparse_attrs + del: 518 MiB | verts 2613092 cubes 2172672
  [ComfyUI] [worker:ComfyUI-SAM3DObjects] WARNING: [VRAM:mesh] after dilation: 628 MiB | verts 3367850 cubes 2959170
  [ComfyUI] [worker:ComfyUI-SAM3DObjects] WARNING: [VRAM:mesh] after searchsorted: 770 MiB | reg_c torch.Size([2959170, 8])
  [ComfyUI] [worker:ComfyUI-SAM3DObjects] WARNING: [VRAM:fc] start: 770 MiB | verts torch.Size([3367851, 3]) cubes torch.Size([2959170, 8]) sdf torch.Size([3367851])
  [ComfyUI] [worker:ComfyUI-SAM3DObjects] WARNING: [VRAM:fc] after _identify_surf_cubes: 795 MiB | surf_cubes 770696/2959170
  [ComfyUI] [worker:ComfyUI-SAM3DObjects] WARNING: [VRAM:fc] after _get_case_id: 937 MiB
  [ComfyUI] [worker:ComfyUI-SAM3DObjects] WARNING: [VRAM:fc] after _identify_surf_edges: 1058 MiB | surf_edges torch.Size([772078, 2])
  [ComfyUI] [worker:ComfyUI-SAM3DObjects] WARNING: [VRAM:fc] after _compute_vd: 1169 MiB | vd torch.Size([771797, 3])
  [ComfyUI] [worker:ComfyUI-SAM3DObjects] WARNING: [VRAM:fc] after _triangulate: 1205 MiB | verts torch.Size([771797, 3]) faces torch.Size([1543056, 3])
  [ComfyUI] [worker:ComfyUI-SAM3DObjects] WARNING: [VRAM:mesh] after FlexiCubes: 826 MiB | verts torch.Size([771797, 3]) faces torch.Size([1543056, 3])
  [ComfyUI] [SubprocessWorker] callback 'report_progress' from call_id=81
  [ComfyUI] [worker:ComfyUI-SAM3DObjects] [VRAM] Decode(mesh): after cleanup: torch=131MiB alloc, 416MiB reserved | gpu=798MiB/7703MiB used
  [ComfyUI] [SubprocessWorker] callback 'report_progress' from call_id=81
  [ComfyUI] [SubprocessWorker] callback 'report_progress' from call_id=81
  [ComfyUI] [SubprocessWorker] callback 'request_vram_budget' from call_id=81
  [ComfyUI] [comfy-env] VRAM request: 0.18GB, free before eviction: 7.24GB
  [ComfyUI] [comfy-env] VRAM after eviction: 7.24GB
  [ComfyUI] [worker:ComfyUI-SAM3DObjects] [VRAM] Decode(mesh): after load_models_gpu: torch=189MiB alloc, 288MiB reserved | gpu=670MiB/7703MiB used
  [ComfyUI] [worker:ComfyUI-SAM3DObjects] [VRAM] -617MB (now 244MB) reserved=1088MB peak=4117MB
  [ComfyUI] [worker:ComfyUI-SAM3DObjects] WARNING: [VRAM:mesh] start: 641 MiB | cubefeats torch.Size([881664, 101])
  [ComfyUI] [worker:ComfyUI-SAM3DObjects] WARNING: [VRAM:mesh] after sparse_cube2verts: 692 MiB | v_pos torch.Size([1025122, 3])
  [ComfyUI] [worker:ComfyUI-SAM3DObjects] WARNING: [VRAM:mesh] after get_sparse_attrs + del: 322 MiB | verts 1025122 cubes 881664
  [ComfyUI] [worker:ComfyUI-SAM3DObjects] WARNING: [VRAM:mesh] after dilation: 359 MiB | verts 1285617 cubes 1147470
  [ComfyUI] [worker:ComfyUI-SAM3DObjects] WARNING: [VRAM:mesh] after searchsorted: 414 MiB | reg_c torch.Size([1147470, 8])
  [ComfyUI] [worker:ComfyUI-SAM3DObjects] WARNING: [VRAM:fc] start: 414 MiB | verts torch.Size([1285618, 3]) cubes torch.Size([1147470, 8]) sdf torch.Size([1285618])
  [ComfyUI] [worker:ComfyUI-SAM3DObjects] WARNING: [VRAM:fc] after _identify_surf_cubes: 424 MiB | surf_cubes 278442/1147470
  [ComfyUI] [worker:ComfyUI-SAM3DObjects] WARNING: [VRAM:fc] after _get_case_id: 477 MiB
  [ComfyUI] [worker:ComfyUI-SAM3DObjects] WARNING: [VRAM:fc] after _identify_surf_edges: 521 MiB | surf_edges torch.Size([278514, 2])
  [ComfyUI] [worker:ComfyUI-SAM3DObjects] WARNING: [VRAM:fc] after _compute_vd: 561 MiB | vd torch.Size([278486, 3])
  [ComfyUI] [worker:ComfyUI-SAM3DObjects] WARNING: [VRAM:fc] after _triangulate: 574 MiB | verts torch.Size([278486, 3]) faces torch.Size([557016, 3])
  [ComfyUI] [worker:ComfyUI-SAM3DObjects] WARNING: [VRAM:mesh] after FlexiCubes: 435 MiB | verts torch.Size([278486, 3]) faces torch.Size([557016, 3])
  [ComfyUI] [SubprocessWorker] callback 'report_progress' from call_id=81
  [ComfyUI] [worker:ComfyUI-SAM3DObjects] [VRAM] Decode(mesh): after cleanup: torch=58MiB alloc, 384MiB reserved | gpu=766MiB/7703MiB used
  [ComfyUI] [SubprocessWorker] callback 'report_progress' from call_id=81
  [ComfyUI] [SubprocessWorker] callback 'report_progress' from call_id=81
  [ComfyUI] [SubprocessWorker] callback 'request_vram_budget' from call_id=81
  [ComfyUI] [comfy-env] VRAM request: 0.18GB, free before eviction: 7.27GB
  [ComfyUI] [comfy-env] VRAM after eviction: 7.27GB
  [ComfyUI] [worker:ComfyUI-SAM3DObjects] [VRAM] Decode(mesh): after load_models_gpu: torch=190MiB alloc, 288MiB reserved | gpu=670MiB/7703MiB used
  Frame 96 saved (frame_095.jpg, t=262.0s)
  [capture-periodic] freeze=2ms shot=198ms unfreeze=2ms saved=True
  [ComfyUI] [worker:ComfyUI-SAM3DObjects] WARNING: [VRAM:mesh] start: 1122 MiB | cubefeats torch.Size([1821632, 101])
  [ComfyUI] [worker:ComfyUI-SAM3DObjects] [VRAM] +1823MB (now 2067MB) reserved=2368MB peak=4117MB
  [ComfyUI] [worker:ComfyUI-SAM3DObjects] WARNING: [VRAM:mesh] after sparse_cube2verts: 1234 MiB | v_pos torch.Size([2251167, 3])
  [ComfyUI] [worker:ComfyUI-SAM3DObjects] WARNING: [VRAM:mesh] after get_sparse_attrs + del: 470 MiB | verts 2251167 cubes 1821632
  [ComfyUI] [worker:ComfyUI-SAM3DObjects] WARNING: [VRAM:mesh] after dilation: 576 MiB | verts 3005984 cubes 2578798
  [ComfyUI] [worker:ComfyUI-SAM3DObjects] WARNING: [VRAM:mesh] after searchsorted: 699 MiB | reg_c torch.Size([2578798, 8])
  [ComfyUI] [worker:ComfyUI-SAM3DObjects] WARNING: [VRAM:fc] start: 699 MiB | verts torch.Size([3005985, 3]) cubes torch.Size([2578798, 8]) sdf torch.Size([3005985])
  [ComfyUI] [worker:ComfyUI-SAM3DObjects] WARNING: [VRAM:fc] after _identify_surf_cubes: 721 MiB | surf_cubes 822857/2578798
  [ComfyUI] [worker:ComfyUI-SAM3DObjects] WARNING: [VRAM:fc] after _get_case_id: 859 MiB
  [ComfyUI] [worker:ComfyUI-SAM3DObjects] WARNING: [VRAM:fc] after _identify_surf_edges: 988 MiB | surf_edges torch.Size([823034, 2])
  [ComfyUI] [worker:ComfyUI-SAM3DObjects] WARNING: [VRAM:fc] after _compute_vd: 1107 MiB | vd torch.Size([823007, 3])
  [ComfyUI] [worker:ComfyUI-SAM3DObjects] WARNING: [VRAM:fc] after _triangulate: 1145 MiB | verts torch.Size([823007, 3]) faces torch.Size([1645862, 3])
  [ComfyUI] [worker:ComfyUI-SAM3DObjects] WARNING: [VRAM:mesh] after FlexiCubes: 759 MiB | verts torch.Size([823007, 3]) faces torch.Size([1645862, 3])
  [ComfyUI] [SubprocessWorker] callback 'report_progress' from call_id=81
  [ComfyUI] [worker:ComfyUI-SAM3DObjects] [VRAM] Decode(mesh): after cleanup: torch=140MiB alloc, 416MiB reserved | gpu=798MiB/7703MiB used
  [ComfyUI] [SubprocessWorker] callback 'report_progress' from call_id=81
  [ComfyUI] [SubprocessWorker] callback 'report_progress' from call_id=81
  [ComfyUI] [SubprocessWorker] callback 'request_vram_budget' from call_id=81
  [ComfyUI] [comfy-env] VRAM request: 0.18GB, free before eviction: 7.24GB
  [ComfyUI] [comfy-env] VRAM after eviction: 7.24GB
  [ComfyUI] [worker:ComfyUI-SAM3DObjects] [VRAM] Decode(mesh): after load_models_gpu: torch=191MiB alloc, 288MiB reserved | gpu=670MiB/7703MiB used
  [ComfyUI] [worker:ComfyUI-SAM3DObjects] [VRAM] -1360MB (now 707MB) reserved=4640MB peak=4117MB
  [ComfyUI] [worker:ComfyUI-SAM3DObjects] WARNING: [VRAM:mesh] start: 1045 MiB | cubefeats torch.Size([1669760, 101])
  [ComfyUI] [worker:ComfyUI-SAM3DObjects] WARNING: [VRAM:mesh] after sparse_cube2verts: 1141 MiB | v_pos torch.Size([1935833, 3])
  [ComfyUI] [worker:ComfyUI-SAM3DObjects] WARNING: [VRAM:mesh] after get_sparse_attrs + del: 441 MiB | verts 1935833 cubes 1669760
  [ComfyUI] [worker:ComfyUI-SAM3DObjects] WARNING: [VRAM:mesh] after dilation: 505 MiB | verts 2386216 cubes 2128211
  [ComfyUI] [worker:ComfyUI-SAM3DObjects] WARNING: [VRAM:mesh] after searchsorted: 608 MiB | reg_c torch.Size([2128211, 8])
  [ComfyUI] [worker:ComfyUI-SAM3DObjects] WARNING: [VRAM:fc] start: 608 MiB | verts torch.Size([2386217, 3]) cubes torch.Size([2128211, 8]) sdf torch.Size([2386217])
  [ComfyUI] [worker:ComfyUI-SAM3DObjects] WARNING: [VRAM:fc] after _identify_surf_cubes: 626 MiB | surf_cubes 506067/2128211
  [ComfyUI] [worker:ComfyUI-SAM3DObjects] WARNING: [VRAM:fc] after _get_case_id: 723 MiB
  [ComfyUI] [worker:ComfyUI-SAM3DObjects] WARNING: [VRAM:fc] after _identify_surf_edges: 802 MiB | surf_edges torch.Size([506234, 2])
  [ComfyUI] [worker:ComfyUI-SAM3DObjects] WARNING: [VRAM:fc] after _compute_vd: 876 MiB | vd torch.Size([506299, 3])
  [ComfyUI] [worker:ComfyUI-SAM3DObjects] WARNING: [VRAM:fc] after _triangulate: 899 MiB | verts torch.Size([506299, 3]) faces torch.Size([1012430, 3])
  [ComfyUI] [worker:ComfyUI-SAM3DObjects] WARNING: [VRAM:mesh] after FlexiCubes: 644 MiB | verts torch.Size([506299, 3]) faces torch.Size([1012430, 3])
  [ComfyUI] [SubprocessWorker] callback 'report_progress' from call_id=81
  [ComfyUI] [worker:ComfyUI-SAM3DObjects] [VRAM] Decode(mesh): after cleanup: torch=93MiB alloc, 448MiB reserved | gpu=830MiB/7703MiB used
  [ComfyUI] [SubprocessWorker] callback 'report_progress' from call_id=81
  [ComfyUI] [SubprocessWorker] callback 'report_progress' from call_id=81
  [ComfyUI] [SubprocessWorker] callback 'request_vram_budget' from call_id=81
  [ComfyUI] [comfy-env] VRAM request: 0.18GB, free before eviction: 7.21GB
  [ComfyUI] [comfy-env] VRAM after eviction: 7.21GB
  [ComfyUI] [worker:ComfyUI-SAM3DObjects] [VRAM] Decode(mesh): after load_models_gpu: torch=191MiB alloc, 288MiB reserved | gpu=670MiB/7703MiB used
  [ComfyUI] [worker:ComfyUI-SAM3DObjects] WARNING: [VRAM:mesh] start: 429 MiB | cubefeats torch.Size([463872, 101])
  [ComfyUI] [worker:ComfyUI-SAM3DObjects] WARNING: [VRAM:mesh] after sparse_cube2verts: 456 MiB | v_pos torch.Size([538689, 3])
  [ComfyUI] [worker:ComfyUI-SAM3DObjects] WARNING: [VRAM:mesh] after get_sparse_attrs + del: 261 MiB | verts 538689 cubes 463872
  [ComfyUI] [worker:ComfyUI-SAM3DObjects] WARNING: [VRAM:mesh] after dilation: 281 MiB | verts 675729 cubes 602864
  [ComfyUI] [worker:ComfyUI-SAM3DObjects] WARNING: [VRAM:mesh] after searchsorted: 310 MiB | reg_c torch.Size([602864, 8])
  [ComfyUI] [worker:ComfyUI-SAM3DObjects] WARNING: [VRAM:fc] start: 310 MiB | verts torch.Size([675730, 3]) cubes torch.Size([602864, 8]) sdf torch.Size([675730])
  [ComfyUI] [worker:ComfyUI-SAM3DObjects] WARNING: [VRAM:fc] after _identify_surf_cubes: 315 MiB | surf_cubes 145805/602864
  [ComfyUI] [worker:ComfyUI-SAM3DObjects] WARNING: [VRAM:fc] after _get_case_id: 343 MiB
  [ComfyUI] [worker:ComfyUI-SAM3DObjects] WARNING: [VRAM:fc] after _identify_surf_edges: 366 MiB | surf_edges torch.Size([145820, 2])
  [ComfyUI] [worker:ComfyUI-SAM3DObjects] WARNING: [VRAM:fc] after _compute_vd: 387 MiB | vd torch.Size([145818, 3])
  [ComfyUI] [worker:ComfyUI-SAM3DObjects] WARNING: [VRAM:fc] after _triangulate: 393 MiB | verts torch.Size([145818, 3]) faces torch.Size([291616, 3])
  [ComfyUI] [worker:ComfyUI-SAM3DObjects] WARNING: [VRAM:mesh] after FlexiCubes: 320 MiB | verts torch.Size([145818, 3]) faces torch.Size([291616, 3])
  [ComfyUI] [SubprocessWorker] callback 'report_progress' from call_id=81
  [ComfyUI] [worker:ComfyUI-SAM3DObjects] [VRAM] Decode(mesh): after cleanup: torch=40MiB alloc, 320MiB reserved | gpu=702MiB/7703MiB used
  [ComfyUI] [SubprocessWorker] callback 'report_progress' from call_id=81
  [ComfyUI] [SubprocessWorker] callback 'report_progress' from call_id=81
  [ComfyUI] [SubprocessWorker] callback 'request_vram_budget' from call_id=81
  [ComfyUI] [comfy-env] VRAM request: 0.18GB, free before eviction: 7.34GB
  [ComfyUI] [comfy-env] VRAM after eviction: 7.34GB
  [ComfyUI] [worker:ComfyUI-SAM3DObjects] [VRAM] Decode(mesh): after load_models_gpu: torch=192MiB alloc, 288MiB reserved | gpu=670MiB/7703MiB used
  [ComfyUI] [worker:ComfyUI-SAM3DObjects] [VRAM] -331MB (now 377MB) reserved=768MB peak=4117MB
  Frame 97 saved (frame_096.jpg, t=264.4s)
  [capture-periodic] freeze=19ms shot=161ms unfreeze=2ms saved=True
  [capture-loop] iter=2250 t=264.7s state={'complete': False, 'error': None, 'executedCount': 1, 'wsState': 1} eval_ms=2
  [ComfyUI] [worker:ComfyUI-SAM3DObjects] WARNING: [VRAM:mesh] start: 783 MiB | cubefeats torch.Size([1155712, 101])
  [ComfyUI] [worker:ComfyUI-SAM3DObjects] WARNING: [VRAM:mesh] after sparse_cube2verts: 851 MiB | v_pos torch.Size([1368153, 3])
  [ComfyUI] [worker:ComfyUI-SAM3DObjects] WARNING: [VRAM:mesh] after get_sparse_attrs + del: 366 MiB | verts 1368153 cubes 1155712
  [ComfyUI] [worker:ComfyUI-SAM3DObjects] WARNING: [VRAM:mesh] after dilation: 420 MiB | verts 1738177 cubes 1539604
  [ComfyUI] [worker:ComfyUI-SAM3DObjects] WARNING: [VRAM:mesh] after searchsorted: 494 MiB | reg_c torch.Size([1539604, 8])
  [ComfyUI] [worker:ComfyUI-SAM3DObjects] WARNING: [VRAM:fc] start: 494 MiB | verts torch.Size([1738178, 3]) cubes torch.Size([1539604, 8]) sdf torch.Size([1738178])
  [ComfyUI] [worker:ComfyUI-SAM3DObjects] WARNING: [VRAM:fc] after _identify_surf_cubes: 507 MiB | surf_cubes 360249/1539604
  [ComfyUI] [worker:ComfyUI-SAM3DObjects] WARNING: [VRAM:fc] after _get_case_id: 577 MiB
  [ComfyUI] [worker:ComfyUI-SAM3DObjects] WARNING: [VRAM:fc] after _identify_surf_edges: 633 MiB | surf_edges torch.Size([360398, 2])
  [ComfyUI] [worker:ComfyUI-SAM3DObjects] WARNING: [VRAM:fc] after _compute_vd: 686 MiB | vd torch.Size([360369, 3])
  [ComfyUI] [worker:ComfyUI-SAM3DObjects] WARNING: [VRAM:fc] after _triangulate: 702 MiB | verts torch.Size([360369, 3]) faces torch.Size([720678, 3])
  [ComfyUI] [worker:ComfyUI-SAM3DObjects] WARNING: [VRAM:mesh] after FlexiCubes: 520 MiB | verts torch.Size([360369, 3]) faces torch.Size([720678, 3])
  [ComfyUI] [SubprocessWorker] callback 'report_progress' from call_id=81
  [ComfyUI] [worker:ComfyUI-SAM3DObjects] [VRAM] Decode(mesh): after cleanup: torch=72MiB alloc, 352MiB reserved | gpu=734MiB/7703MiB used
  [ComfyUI] [SubprocessWorker] callback 'report_progress' from call_id=81
  [ComfyUI] [worker:ComfyUI-SAM3DObjects] [VRAM] SceneGenerate: done: torch=10MiB alloc, 352MiB reserved | gpu=734MiB/7703MiB used
  [ComfyUI] [SubprocessWorker] got response: ok
  [ComfyUI] [comfy-env] Created 6 model patchers: ['EmbedderFuser_2', 'ShortCut_3', 'SparseStructureDecoderTdfyWrapper_4', 'EmbedderFuser_5', 'FlowMatching_6', 'SLatMeshDecoderTdfyWrapper_7']
  [ComfyUI] [comfy-env] SAM3DSceneGenerate done (238.60s): result: NodeOutput
  [ComfyUI] [VRAM] After SAM3DSceneGenerate: 734 / 7703 MB
  [ComfyUI] [VRAM] Loaded: SubprocessModel (0 MB), SubprocessModel (0 MB), SubprocessModel (0 MB), SubprocessModel (0 MB), SubprocessModel (0 MB), SubprocessModel (0 MB), SubprocessModel (0 MB)
  [ComfyUI] [comfy-env] Running SAM3D_ScenePoseOptimize: output_folder: '/workspaces/SAM3DObjects-1241/ComfyUI/output/sam3d_scene_1', optimization_mode: 'pose_only'
  [ComfyUI] [VRAM] Before SAM3D_ScenePoseOptimize: 734 / 7703 MB
  [ComfyUI] [VRAM] Loaded: SubprocessModel (0 MB), SubprocessModel (0 MB), SubprocessModel (0 MB), SubprocessModel (0 MB), SubprocessModel (0 MB), SubprocessModel (0 MB), SubprocessModel (0 MB)
  [ComfyUI] [SubprocessWorker] call_method: nodes.scene_pose_optimize.SAM3D_ScenePoseOptimize.EXECUTE_NORMALIZED
  [ComfyUI] [SubprocessWorker] acquired lock, ensuring started...
  [ComfyUI] [ComfyUI-SAM3DObjects] Health check: ping (timeout=5.0s)...
  [ComfyUI] [ComfyUI-SAM3DObjects] Health check: ok
  [ComfyUI] [SubprocessWorker] worker started/confirmed
  [ComfyUI] [SubprocessWorker] serializing kwargs to shm...
  [ComfyUI] [SubprocessWorker] created 0 shm blocks
  [ComfyUI] [SubprocessWorker] sending request via socket...
  [ComfyUI] [SubprocessWorker] call_id=82 sending call_method
  [ComfyUI] [worker:ComfyUI-SAM3DObjects] [VRAM] -369MB (now 9MB) reserved=352MB peak=4117MB
  [ComfyUI] [SubprocessWorker] got response: ok
  [ComfyUI] [comfy-env] SAM3D_ScenePoseOptimize done (0.91s): result: NodeOutput
  [ComfyUI] [VRAM] After SAM3D_ScenePoseOptimize: 734 / 7703 MB
  [ComfyUI] [VRAM] Loaded: SubprocessModel (0 MB), SubprocessModel (0 MB), SubprocessModel (0 MB), SubprocessModel (0 MB), SubprocessModel (0 MB), SubprocessModel (0 MB), SubprocessModel (0 MB)
  [ComfyUI] [comfy-env] Running SAM3D_ProjectionOverlay: pose_opt_folder: '/workspaces/SAM3DObjects-1241/ComfyUI/output/sam3d_scene..., render_mode: '3d_mesh_textured', point_size: 2, alpha: 0.6
  [ComfyUI] [VRAM] Before SAM3D_ProjectionOverlay: 734 / 7703 MB
  [ComfyUI] [VRAM] Loaded: SubprocessModel (0 MB), SubprocessModel (0 MB), SubprocessModel (0 MB), SubprocessModel (0 MB), SubprocessModel (0 MB), SubprocessModel (0 MB), SubprocessModel (0 MB)
  [ComfyUI] [SubprocessWorker] call_method: nodes.projection_overlay.SAM3D_ProjectionOverlay.EXECUTE_NORMALIZED
  [ComfyUI] [SubprocessWorker] acquired lock, ensuring started...
  [ComfyUI] [ComfyUI-SAM3DObjects] Health check: ping (timeout=5.0s)...
  [ComfyUI] [ComfyUI-SAM3DObjects] Health check: ok
  [ComfyUI] [SubprocessWorker] worker started/confirmed
  [ComfyUI] [SubprocessWorker] serializing kwargs to shm...
  [ComfyUI] [SubprocessWorker] created 0 shm blocks
  [ComfyUI] [SubprocessWorker] sending request via socket...
  [ComfyUI] [SubprocessWorker] call_id=83 sending call_method
  Frame 98 saved (frame_097.jpg, t=266.7s)
  [capture-periodic] freeze=2ms shot=238ms unfreeze=8ms saved=True
  Frame 99 saved (frame_098.jpg, t=269.1s)
  [capture-periodic] freeze=2ms shot=217ms unfreeze=6ms saved=True
  [capture-loop] iter=2300 t=270.5s state={'complete': False, 'error': None, 'executedCount': 1, 'wsState': 1} eval_ms=2
  [capture-loop] iter=2350 t=276.4s state={'complete': False, 'error': None, 'executedCount': 1, 'wsState': 1} eval_ms=2
  [ComfyUI] [SubprocessWorker] got response: error
  [ComfyUI] !!! Exception during processing !!! Invalid device ID (0)
  [ComfyUI] 
  [ComfyUI] Worker traceback:
  [ComfyUI] Traceback (most recent call last):
  [ComfyUI]   File "/tmp/comfyui_pvenv_8g80169v/persistent_worker.py", line 1749, in main
  [ComfyUI]     result = method(**inputs)
  [ComfyUI]              ^^^^^^^^^^^^^^^^
  [ComfyUI]   File "/workspaces/SAM3DObjects-1241/ComfyUI/comfy_api/latest/_io.py", line 1827, in EXECUTE_NORMALIZED
  [ComfyUI]     to_return = cls.execute(*args, **kwargs)
  [ComfyUI]                 ^^^^^^^^^^^^^^^^^^^^^^^^^^^^
  [ComfyUI]   File "/workspaces/SAM3DObjects-1241/ComfyUI/.ce/.pixi/envs/sam3dobjects-nodes/lib/python3.12/site-packages/torch/utils/_contextlib.py", line 124, in decorate_context
  [ComfyUI]     return func(*args, **kwargs)
  [ComfyUI]            ^^^^^^^^^^^^^^^^^^^^^
  [ComfyUI]   File "/workspaces/SAM3DObjects-1241/ComfyUI/custom_nodes/ComfyUI-SAM3DObjects/nodes/projection_overlay.py", line 185, in execute
  [ComfyUI]     overlay = cls._render_3d_mesh_textured(loaded_meshes, img_array, K, alpha, H, W)
  [ComfyUI]               ^^^^^^^^^^^^^^^^^^^^^^^^^^^^^^^^^^^^^^^^^^^^^^^^^^^^^^^^^^^^^^^^^^^^^^
  [ComfyUI]   File "/workspaces/SAM3DObjects-1241/ComfyUI/custom_nodes/ComfyUI-SAM3DObjects/nodes/projection_overlay.py", line 363, in _render_3d_mesh_textured
  [ComfyUI]     renderer = pyrender.OffscreenRenderer(W, H)
  [ComfyUI]                ^^^^^^^^^^^^^^^^^^^^^^^^^^^^^^^^
  [ComfyUI]   File "/workspaces/SAM3DObjects-1241/ComfyUI/.ce/.pixi/envs/sam3dobjects-nodes/lib/python3.12/site-packages/pyrender/offscreen.py", line 31, in __init__
  [ComfyUI]     self._create()
  [ComfyUI]   File "/workspaces/SAM3DObjects-1241/ComfyUI/.ce/.pixi/envs/sam3dobjects-nodes/lib/python3.12/site-packages/pyrender/offscreen.py", line 137, in _create
  [ComfyUI]     egl_device = egl.get_device_by_index(device_id)
  [ComfyUI]                  ^^^^^^^^^^^^^^^^^^^^^^^^^^^^^^^^^^
  [ComfyUI]   File "/workspaces/SAM3DObjects-1241/ComfyUI/.ce/.pixi/envs/sam3dobjects-nodes/lib/python3.12/site-packages/pyrender/platforms/egl.py", line 83, in get_device_by_index
  [ComfyUI]     raise ValueError('Invalid device ID ({})'.format(device_id, len(devices)))
  [ComfyUI] ValueError: Invalid device ID (0)
  [ComfyUI] 
  [ComfyUI] Traceback (most recent call last):
  [ComfyUI]   File "/workspaces/SAM3DObjects-1241/ComfyUI/execution.py", line 535, in execute
  [ComfyUI]     output_data, output_ui, has_subgraph, has_pending_tasks = await get_output_data(prompt_id, unique_id, obj, input_data_all, execution_block_cb=execution_block_cb, pre_execute_cb=pre_execute_cb, v3_data=v3_data)
  [ComfyUI]   File "/workspaces/SAM3DObjects-1241/ComfyUI/execution.py", line 335, in get_output_data
  [ComfyUI]     return_values = await _async_map_node_over_list(prompt_id, unique_id, obj, input_data_all, obj.FUNCTION, allow_interrupt=True, execution_block_cb=execution_block_cb, pre_execute_cb=pre_execute_cb, v3_data=v3_data)
  [ComfyUI]   File "/workspaces/SAM3DObjects-1241/ComfyUI/execution.py", line 309, in _async_map_node_over_list
  [ComfyUI]     await process_inputs(input_dict, i)
  [ComfyUI]   File "/workspaces/SAM3DObjects-1241/ComfyUI/execution.py", line 297, in process_inputs
  [ComfyUI]     result = f(**inputs)
  [ComfyUI]   File "/workspaces/SAM3DObjects-1241/.venv/lib/python3.10/site-packages/comfy_env/isolation/metadata.py", line 524, in proxy
  [ComfyUI]     result = worker.call_method(
  [ComfyUI]   File "/workspaces/SAM3DObjects-1241/.venv/lib/python3.10/site-packages/comfy_env/isolation/workers/subprocess.py", line 673, in call_method
  [ComfyUI]     raise WorkerError(
  [ComfyUI] comfy_env.isolation.workers.base.WorkerError: Invalid device ID (0)
  [ComfyUI] 
  [ComfyUI] Worker traceback:
  [ComfyUI] Traceback (most recent call last):
  [ComfyUI]   File "/tmp/comfyui_pvenv_8g80169v/persistent_worker.py", line 1749, in main
  [ComfyUI]     result = method(**inputs)
  [ComfyUI]              ^^^^^^^^^^^^^^^^
  [ComfyUI]   File "/workspaces/SAM3DObjects-1241/ComfyUI/comfy_api/latest/_io.py", line 1827, in EXECUTE_NORMALIZED
  [ComfyUI]     to_return = cls.execute(*args, **kwargs)
  [ComfyUI]                 ^^^^^^^^^^^^^^^^^^^^^^^^^^^^
  [ComfyUI]   File "/workspaces/SAM3DObjects-1241/ComfyUI/.ce/.pixi/envs/sam3dobjects-nodes/lib/python3.12/site-packages/torch/utils/_contextlib.py", line 124, in decorate_context
  [ComfyUI]     return func(*args, **kwargs)
  [ComfyUI]            ^^^^^^^^^^^^^^^^^^^^^
  [ComfyUI]   File "/workspaces/SAM3DObjects-1241/ComfyUI/custom_nodes/ComfyUI-SAM3DObjects/nodes/projection_overlay.py", line 185, in execute
  [ComfyUI]     overlay = cls._render_3d_mesh_textured(loaded_meshes, img_array, K, alpha, H, W)
  [ComfyUI]               ^^^^^^^^^^^^^^^^^^^^^^^^^^^^^^^^^^^^^^^^^^^^^^^^^^^^^^^^^^^^^^^^^^^^^^
  [ComfyUI]   File "/workspaces/SAM3DObjects-1241/ComfyUI/custom_nodes/ComfyUI-SAM3DObjects/nodes/projection_overlay.py", line 363, in _render_3d_mesh_textured
  [ComfyUI]     renderer = pyrender.OffscreenRenderer(W, H)
  [ComfyUI]                ^^^^^^^^^^^^^^^^^^^^^^^^^^^^^^^^
  [ComfyUI]   File "/workspaces/SAM3DObjects-1241/ComfyUI/.ce/.pixi/envs/sam3dobjects-nodes/lib/python3.12/site-packages/pyrender/offscreen.py", line 31, in __init__
  [ComfyUI]     self._create()
  [ComfyUI]   File "/workspaces/SAM3DObjects-1241/ComfyUI/.ce/.pixi/envs/sam3dobjects-nodes/lib/python3.12/site-packages/pyrender/offscreen.py", line 137, in _create
  [ComfyUI]     egl_device = egl.get_device_by_index(device_id)
  [ComfyUI]                  ^^^^^^^^^^^^^^^^^^^^^^^^^^^^^^^^^^
  [ComfyUI]   File "/workspaces/SAM3DObjects-1241/ComfyUI/.ce/.pixi/envs/sam3dobjects-nodes/lib/python3.12/site-packages/pyrender/platforms/egl.py", line 83, in get_device_by_index
  [ComfyUI]     raise ValueError('Invalid device ID ({})'.format(device_id, len(devices)))
  [ComfyUI] ValueError: Invalid device ID (0)
  [ComfyUI] 
  [ComfyUI] 
  [ComfyUI] Prompt executed in 277.01 seconds
  Execution complete (t=277.6s)
  Execution error: {'prompt_id': 'bf6edb1d-0f38-41ab-8995-6dfb993e1950', 'node_id': '100', 'node_type': 'SAM3D_ProjectionOverlay', 'executed': ['78', '75', '74', '80', '99', '59', '82', '77'], 'exception_message': 'Invalid device ID (0)\n\nWorker traceback:\nTraceback (most recent call last):\n  File "/tmp/comfyui_pvenv_8g80169v/persistent_worker.py", line 1749, in main\n    result = method(**inputs)\n             ^^^^^^^^^^^^^^^^\n  File "/workspaces/SAM3DObjects-1241/ComfyUI/comfy_api/latest/_io.py", line 1827, in EXECUTE_NORMALIZED\n    to_return = cls.execute(*args, **kwargs)\n                ^^^^^^^^^^^^^^^^^^^^^^^^^^^^\n  File "/workspaces/SAM3DObjects-1241/ComfyUI/.ce/.pixi/envs/sam3dobjects-nodes/lib/python3.12/site-packages/torch/utils/_contextlib.py", line 124, in decorate_context\n    return func(*args, **kwargs)\n           ^^^^^^^^^^^^^^^^^^^^^\n  File "/workspaces/SAM3DObjects-1241/ComfyUI/custom_nodes/ComfyUI-SAM3DObjects/nodes/projection_overlay.py", line 185, in execute\n    overlay = cls._render_3d_mesh_textured(loaded_meshes, img_array, K, alpha, H, W)\n              ^^^^^^^^^^^^^^^^^^^^^^^^^^^^^^^^^^^^^^^^^^^^^^^^^^^^^^^^^^^^^^^^^^^^^^\n  File "/workspaces/SAM3DObjects-1241/ComfyUI/custom_nodes/ComfyUI-SAM3DObjects/nodes/projection_overlay.py", line 363, in _render_3d_mesh_textured\n    renderer = pyrender.OffscreenRenderer(W, H)\n               ^^^^^^^^^^^^^^^^^^^^^^^^^^^^^^^^\n  File "/workspaces/SAM3DObjects-1241/ComfyUI/.ce/.pixi/envs/sam3dobjects-nodes/lib/python3.12/site-packages/pyrender/offscreen.py", line 31, in __init__\n    self._create()\n  File "/workspaces/SAM3DObjects-1241/ComfyUI/.ce/.pixi/envs/sam3dobjects-nodes/lib/python3.12/site-packages/pyrender/offscreen.py", line 137, in _create\n    egl_device = egl.get_device_by_index(device_id)\n                 ^^^^^^^^^^^^^^^^^^^^^^^^^^^^^^^^^^\n  File "/workspaces/SAM3DObjects-1241/ComfyUI/.ce/.pixi/envs/sam3dobjects-nodes/lib/python3.12/site-packages/pyrender/platforms/egl.py", line 83, in get_device_by_index\n    raise ValueError(\'Invalid device ID ({})\'.format(device_id, len(devices)))\nValueError: Invalid device ID (0)\n\n', 'exception_type': 'comfy_env.isolation.workers.base.WorkerError', 'traceback': ['  File "/workspaces/SAM3DObjects-1241/ComfyUI/execution.py", line 535, in execute\n    output_data, output_ui, has_subgraph, has_pending_tasks = await get_output_data(prompt_id, unique_id, obj, input_data_all, execution_block_cb=execution_block_cb, pre_execute_cb=pre_execute_cb, v3_data=v3_data)\n', '  File "/workspaces/SAM3DObjects-1241/ComfyUI/execution.py", line 335, in get_output_data\n    return_values = await _async_map_node_over_list(prompt_id, unique_id, obj, input_data_all, obj.FUNCTION, allow_interrupt=True, execution_block_cb=execution_block_cb, pre_execute_cb=pre_execute_cb, v3_data=v3_data)\n', '  File "/workspaces/SAM3DObjects-1241/ComfyUI/execution.py", line 309, in _async_map_node_over_list\n    await process_inputs(input_dict, i)\n', '  File "/workspaces/SAM3DObjects-1241/ComfyUI/execution.py", line 297, in process_inputs\n    result = f(**inputs)\n', '  File "/workspaces/SAM3DObjects-1241/.venv/lib/python3.10/site-packages/comfy_env/isolation/metadata.py", line 524, in proxy\n    result = worker.call_method(\n', '  File "/workspaces/SAM3DObjects-1241/.venv/lib/python3.10/site-packages/comfy_env/isolation/workers/subprocess.py", line 673, in call_method\n    raise WorkerError(\n'], 'current_inputs': {'pose_opt_folder': ['/workspaces/SAM3DObjects-1241/ComfyUI/output/sam3d_scene_1_pose_optimized'], 'render_mode': ['3d_mesh_textured'], 'point_size': [2], 'alpha': [0.6]}, 'current_outputs': ['78', '108', '75', '74', '80', '87', '99', '106', '100', '59', '82', '85', '77'], 'timestamp': 1778158992252}
    Status: FAILED
    Error: Workflow execution failed: {'prompt_id': 'bf6edb1d-0f38-41ab-8995-6dfb993e1950', 'node_id': '100', 'node_type': 'SAM3D_ProjectionOverlay', 'executed': ['78', '75', '74', '80', '99', '59', '82', '77'], 'exception_message': 'Invalid device ID (0)\n\nWorker traceback:\nTraceback (most recent call last):\n  File "/tmp/comfyui_pvenv_8g80169v/persistent_worker.py", line 1749, in main\n    result = method(**inputs)\n             ^^^^^^^^^^^^^^^^\n  File "/workspaces/SAM3DObjects-1241/ComfyUI/comfy_api/latest/_io.py", line 1827, in EXECUTE_NORMALIZED\n    to_return = cls.execute(*args, **kwargs)\n                ^^^^^^^^^^^^^^^^^^^^^^^^^^^^\n  File "/workspaces/SAM3DObjects-1241/ComfyUI/.ce/.pixi/envs/sam3dobjects-nodes/lib/python3.12/site-packages/torch/utils/_contextlib.py", line 124, in decorate_context\n    return func(*args, **kwargs)\n           ^^^^^^^^^^^^^^^^^^^^^\n  File "/workspaces/SAM3DObjects-1241/ComfyUI/custom_nodes/ComfyUI-SAM3DObjects/nodes/projection_overlay.py", line 185, in execute\n    overlay = cls._render_3d_mesh_textured(loaded_meshes, img_array, K, alpha, H, W)\n              ^^^^^^^^^^^^^^^^^^^^^^^^^^^^^^^^^^^^^^^^^^^^^^^^^^^^^^^^^^^^^^^^^^^^^^\n  File "/workspaces/SAM3DObjects-1241/ComfyUI/custom_nodes/ComfyUI-SAM3DObjects/nodes/projection_overlay.py", line 363, in _render_3d_mesh_textured\n    renderer = pyrender.OffscreenRenderer(W, H)\n               ^^^^^^^^^^^^^^^^^^^^^^^^^^^^^^^^\n  File "/workspaces/SAM3DObjects-1241/ComfyUI/.ce/.pixi/envs/sam3dobjects-nodes/lib/python3.12/site-packages/pyrender/offscreen.py", line 31, in __init__\n    self._create()\n  File "/workspaces/SAM3DObjects-1241/ComfyUI/.ce/.pixi/envs/sam3dobjects-nodes/lib/python3.12/site-packages/pyrender/offscreen.py", line 137, in _create\n    egl_device = egl.get_device_by_index(device_id)\n                 ^^^^^^^^^^^^^^^^^^^^^^^^^^^^^^^^^^\n  File "/workspaces/SAM3DObjects-1241/ComfyUI/.ce/.pixi/envs/sam3dobjects-nodes/lib/python3.12/site-packages/pyrender/platforms/egl.py", line 83, in get_device_by_index\n    raise ValueError(\'Invalid device ID ({})\'.format(device_id, len(devices)))\nValueError: Invalid device ID (0)\n\n', 'exception_type': 'comfy_env.isolation.workers.base.WorkerError', 'traceback': ['  File "/workspaces/SAM3DObjects-1241/ComfyUI/execution.py", line 535, in execute\n    output_data, output_ui, has_subgraph, has_pending_tasks = await get_output_data(prompt_id, unique_id, obj, input_data_all, execution_block_cb=execution_block_cb, pre_execute_cb=pre_execute_cb, v3_data=v3_data)\n', '  File "/workspaces/SAM3DObjects-1241/ComfyUI/execution.py", line 335, in get_output_data\n    return_values = await _async_map_node_over_list(prompt_id, unique_id, obj, input_data_all, obj.FUNCTION, allow_interrupt=True, execution_block_cb=execution_block_cb, pre_execute_cb=pre_execute_cb, v3_data=v3_data)\n', '  File "/workspaces/SAM3DObjects-1241/ComfyUI/execution.py", line 309, in _async_map_node_over_list\n    await process_inputs(input_dict, i)\n', '  File "/workspaces/SAM3DObjects-1241/ComfyUI/execution.py", line 297, in process_inputs\n    result = f(**inputs)\n', '  File "/workspaces/SAM3DObjects-1241/.venv/lib/python3.10/site-packages/comfy_env/isolation/metadata.py", line 524, in proxy\n    result = worker.call_method(\n', '  File "/workspaces/SAM3DObjects-1241/.venv/lib/python3.10/site-packages/comfy_env/isolation/workers/subprocess.py", line 673, in call_method\n    raise WorkerError(\n'], 'current_inputs': {'pose_opt_folder': ['/workspaces/SAM3DObjects-1241/ComfyUI/output/sam3d_scene_1_pose_optimized'], 'render_mode': ['3d_mesh_textured'], 'point_size': [2], 'alpha': [0.6]}, 'current_outputs': ['78', '108', '75', '74', '80', '87', '99', '106', '100', '59', '82', '85', '77'], 'timestamp': 1778158992252}
    Details: Workflow: /node/ComfyUI-SAM3DObjects/workflows/scene_generation.json
Node error: SAM3D_ProjectionOverlay