[00:00] Crash dump logging enabled: C:\logs\SAM3DObjects-2121\dev\windows-gpu\crash_dump.log
[00:00] 
[00:00] [1/4] INSTALL
[00:00] ----------------------------------------
[00:00] 
[DEBUG] server=None, api=None
[00:00] 
Setting up ComfyUI...
[00:00] Creating virtual environment at C:\workspaces\SAM3DObjects-2121\.venv...
[00:00] Running: uv venv C:\workspaces\SAM3DObjects-2121\.venv --python 3.12
[00:00] torch_version='2.10.0' -> pinning torch==2.10.0 torchvision==0.25.0 torchaudio==2.10.0
[00:00] Cloning ComfyUI (latest) to C:\workspaces\SAM3DObjects-2121\ComfyUI...
[00:00] Running: git clone --depth 1 https://github.com/comfyanonymous/ComfyUI.git C:\workspaces\SAM3DObjects-2121\ComfyUI
[00:02] Pinning torch family from https://download.pytorch.org/whl/cu128: torch==2.10.0 torchvision==0.25.0 torchaudio==2.10.0
[00:02] Running: uv pip install --python C:\workspaces\SAM3DObjects-2121\.venv\Scripts\python.exe --index-url https://download.pytorch.org/whl/cu128 --extra-index-url https://pypi.org/simple --index-strategy unsafe-best-match torch==2.10.0 torchvision==0.25.0 torchaudio==2.10.0
[00:35] Installing ComfyUI requirements into C:\workspaces\SAM3DObjects-2121\.venv...
[00:35]     comfyui-frontend-package==1.43.18
[00:35]     comfyui-workflow-templates==0.9.77
[00:35]     comfyui-embedded-docs==0.5.0
[00:35]     torch
[00:35]     torchsde
[00:35]     torchvision
[00:35]     torchaudio
[00:35]     numpy>=1.25.0
[00:35]     einops
[00:35]     transformers>=4.50.3
[00:35]     tokenizers>=0.13.3
[00:35]     sentencepiece
[00:35]     safetensors>=0.4.2
[00:35]     aiohttp>=3.11.8
[00:35]     yarl>=1.18.0
[00:35]     pyyaml
[00:35]     Pillow
[00:35]     scipy
[00:35]     tqdm
[00:35]     psutil
[00:35]     alembic
[00:35]     SQLAlchemy>=2.0.0
[00:35]     filelock
[00:35]     av>=14.2.0
[00:35]     comfy-kitchen>=0.2.8
[00:35]     comfy-aimdo==0.3.0
[00:35]     requests
[00:35]     simpleeval>=1.0.0
[00:35]     blake3
[00:35]     
[00:35]     #non essential dependencies:
[00:35]     kornia>=0.7.1
[00:35]     spandrel
[00:35]     pydantic~=2.0
[00:35]     pydantic-settings~=2.0
[00:35]     PyOpenGL
[00:35]     glfw
[00:35] Running: uv pip install --python C:\workspaces\SAM3DObjects-2121\.venv\Scripts\python.exe --index-url https://download.pytorch.org/whl/cu128 --extra-index-url https://pypi.org/simple --index-strategy unsafe-best-match -r C:\workspaces\SAM3DObjects-2121\ComfyUI\requirements.txt
[00:48] 
Installing custom node...
[00:48] Copying ComfyUI-SAM3DObjects to C:\workspaces\SAM3DObjects-2121\ComfyUI\custom_nodes\ComfyUI-SAM3DObjects...
[00:48] Installing node requirements...
[00:48]     # Process isolation for ComfyUI nodes
[00:48]     comfy-env==0.3.89
[00:48]     comfy-3d-viewers==0.2.44
[00:48]     comfy-sparse-attn==0.1.3
[00:48] Running: uv pip install --python C:\workspaces\SAM3DObjects-2121\.venv\Scripts\python.exe --index-url https://download.pytorch.org/whl/cu128 --extra-index-url https://pypi.org/simple --index-strategy unsafe-best-match -r C:\workspaces\SAM3DObjects-2121\ComfyUI\custom_nodes\ComfyUI-SAM3DObjects\requirements.txt
[00:51] 
Running install.py...
[00:51] Running: C:\workspaces\SAM3DObjects-2121\.venv\Scripts\python.exe C:\workspaces\SAM3DObjects-2121\ComfyUI\custom_nodes\ComfyUI-SAM3DObjects\install.py
[00:52]   
[00:52]   Installing 2 node dependencies...
[00:52]     Cloning ComfyUI-Multiband...
[00:53]     Installing requirements for ComfyUI-Multiband...
[00:54]     Cloning ComfyUI-GeometryPack...
[01:00]     Installing requirements for ComfyUI-GeometryPack...
[01:01]     Running install.py for ComfyUI-GeometryPack...
[01:03]   [comfy-env] _discover: scanning C:\workspaces\SAM3DObjects-2121\ComfyUI\custom_nodes
[01:03]   [comfy-env] _discover: ComfyUI-GeometryPack -> geometrypack-nodes (custom_nodes\ComfyUI-GeometryPack\nodes\comfy-env.toml)
[01:03]   [comfy-env] _discover: ComfyUI-Multiband: no comfy-env.toml found
[01:03]   [comfy-env] _discover: ComfyUI-SAM3DObjects -> sam3dobjects-nodes (custom_nodes\ComfyUI-SAM3DObjects\nodes\comfy-env.toml)
[01:03]   [comfy-env] Workspace: C:\Users\ContainerUser\AppData\Local\Programs\comfy-env
[01:03]   [comfy-env] ComfyUI: C:\workspaces\SAM3DObjects-2121\ComfyUI
[01:03]   [comfy-env] Found 2 node config(s):
[01:03]     - geometrypack-nodes <- custom_nodes\ComfyUI-GeometryPack\nodes\comfy-env.toml (python=host)
[01:03]     - sam3dobjects-nodes <- custom_nodes\ComfyUI-SAM3DObjects\nodes\comfy-env.toml (python=3.12)
[01:04]   [comfy-env] Bootstrap interpreter has python 3.12 + torch 2.10.0 (cu128). Looking for cuda-only wheels matching cu128/torch2.10/cp312.
[01:37]   [comfy-env] GPU: Detection: torch
[01:37]   Recommended: CUDA 13.1
[01:37]   
[01:37]     GPU 0: NVIDIA GeForce RTX 4060 Ti (sm_89) [Ada] 16379MB
[01:37]   [comfy-env] Comfyui feature -> torch 2.10.0 from https://download.pytorch.org/whl/cu128 (CUDA 12.8 via bootstrap torch)
[01:37]   [comfy-env] cuda-wheels: 8 package(s) need a matched (cuda, torch, python) combo: ['cumesh', 'pytorch3d', 'gsplat', 'nvdiffrast', 'flash-attn', 'sageattention', 'spconv', 'cumm']
[01:37]   [comfy-env] cuda-wheels tier 1 (bootstrap): probing cu12.8/torch2.10/cp312
[01:37]   [cuda-wheels] Looking up cumesh: cu128 torch2.10 cp312 win_amd64
[01:37]   [cuda-wheels]   Found: cumesh-0.0.1+cu128torch2.10-cp312-cp312-win_amd64.whl
[01:37]   [cuda-wheels] Looking up pytorch3d: cu128 torch2.10 cp312 win_amd64
[01:37]   [cuda-wheels]   Found: pytorch3d-0.7.9+cu128torch2.10-cp312-cp312-win_amd64.whl
[01:37]   [cuda-wheels] Looking up gsplat: cu128 torch2.10 cp312 win_amd64
[01:38]   [cuda-wheels]   Found: gsplat-1.5.3+cu128torch2.10-cp312-cp312-win_amd64.whl
[01:38]   [cuda-wheels] Looking up nvdiffrast: cu128 torch2.10 cp312 win_amd64
[01:38]   [cuda-wheels]   Found: nvdiffrast-0.4.0+cu128torch2.10-cp312-cp312-win_amd64.whl
[01:38]   [cuda-wheels] Looking up flash-attn: cu128 torch2.10 cp312 win_amd64
[01:38]   [cuda-wheels]   Found: flash_attn-2.8.3+cu128torch2.10-cp312-cp312-win_amd64.whl
[01:38]   [cuda-wheels] Looking up sageattention: cu128 torch2.10 cp312 win_amd64
[01:38]   [cuda-wheels]   Found: sageattention-2.2.0+cu128torch2.10-cp312-cp312-win_amd64.whl
[01:38]   [cuda-wheels] Looking up spconv: cu128 torch2.10 cp312 win_amd64
[01:38]   [cuda-wheels]   Found: spconv-2.3.8+cu128torch2.10-cp312-cp312-win_amd64.whl
[01:38]   [cuda-wheels] Looking up cumm: cu128 torch2.10 cp312 win_amd64
[01:38]   [cuda-wheels]   Found: cumm-0.8.2+cu128torch2.10-cp312-cp312-win_amd64.whl
[01:38]   [comfy-env] cuda-wheels combo: cu12.8/torch2.10 (bootstrap matches; per-node envs will pin to this)
[01:39]   [cuda-wheels] Looking up cumesh: cu128 torch2.10 cp312 win_amd64
[01:39]   [cuda-wheels]   Found: cumesh-0.0.1+cu128torch2.10-cp312-cp312-win_amd64.whl
[01:39]   [comfy-env] geometrypack-nodes: cuda-wheels deferred for post-pixi install (cumesh)
[01:39]   [cuda-wheels] Looking up pytorch3d: cu128 torch2.10 cp312 win_amd64
[01:39]   [cuda-wheels]   Found: pytorch3d-0.7.9+cu128torch2.10-cp312-cp312-win_amd64.whl
[01:39]   [cuda-wheels] Looking up gsplat: cu128 torch2.10 cp312 win_amd64
[01:39]   [cuda-wheels]   Found: gsplat-1.5.3+cu128torch2.10-cp312-cp312-win_amd64.whl
[01:39]   [cuda-wheels] Looking up nvdiffrast: cu128 torch2.10 cp312 win_amd64
[01:39]   [cuda-wheels]   Found: nvdiffrast-0.4.0+cu128torch2.10-cp312-cp312-win_amd64.whl
[01:39]   [cuda-wheels] Looking up flash-attn: cu128 torch2.10 cp312 win_amd64
[01:39]   [cuda-wheels]   Found: flash_attn-2.8.3+cu128torch2.10-cp312-cp312-win_amd64.whl
[01:39]   [cuda-wheels] Looking up sageattention: cu128 torch2.10 cp312 win_amd64
[01:39]   [cuda-wheels]   Found: sageattention-2.2.0+cu128torch2.10-cp312-cp312-win_amd64.whl
[01:39]   [cuda-wheels] Looking up spconv: cu128 torch2.10 cp312 win_amd64
[01:39]   [cuda-wheels]   Found: spconv-2.3.8+cu128torch2.10-cp312-cp312-win_amd64.whl
[01:39]   [cuda-wheels] Looking up cumm: cu128 torch2.10 cp312 win_amd64
[01:39]   [cuda-wheels]   Found: cumm-0.8.2+cu128torch2.10-cp312-cp312-win_amd64.whl
[01:39]   [comfy-env] sam3dobjects-nodes: cuda-wheels deferred for post-pixi install (pytorch3d, gsplat, nvdiffrast, flash-attn, sageattention, spconv, cumm)
[01:39]   Generated C:\Users\ContainerUser\AppData\Local\Programs\comfy-env\pixi.toml
[01:39]   [comfy-env] Patched C:\Users\ContainerUser\AppData\Roaming\uv\python\cpython-3.10-windows-x86_64-none\Lib\platform.py for conda-forge compat
[01:39]   [comfy-env] Patched C:\Users\ContainerUser\AppData\Roaming\uv\python\cpython-3.10.20-windows-x86_64-none\Lib\platform.py for conda-forge compat
[01:39]   [comfy-env] Patched C:\Users\ContainerUser\AppData\Roaming\uv\python\cpython-3.11-windows-x86_64-none\Lib\platform.py for conda-forge compat
[01:39]   [comfy-env] Patched C:\Users\ContainerUser\AppData\Roaming\uv\python\cpython-3.11.15-windows-x86_64-none\Lib\platform.py for conda-forge compat
[01:39]   [comfy-env] Patched C:\Users\ContainerUser\AppData\Roaming\uv\python\cpython-3.12-windows-x86_64-none\Lib\platform.py for conda-forge compat
[01:39]   [comfy-env] Patched C:\Users\ContainerUser\AppData\Roaming\uv\python\cpython-3.12.13-windows-x86_64-none\Lib\platform.py for conda-forge compat
[01:39]   [comfy-env] Patched C:\Users\ContainerUser\AppData\Roaming\uv\python\cpython-3.13-windows-x86_64-none\Lib\platform.py for conda-forge compat
[01:39]   [comfy-env] Patched C:\Users\ContainerUser\AppData\Roaming\uv\python\cpython-3.13.13-windows-x86_64-none\Lib\platform.py for conda-forge compat
[01:39]   [comfy-env] Installing 2 environment(s):
[01:39]     - geometrypack-nodes (python=host, 14 pypi deps, 1 cuda wheels)
[01:39]     - sam3dobjects-nodes (python=3.12, 10 pypi deps, 7 cuda wheels)
[01:39]   [comfy-env] Running `pixi install -e geometrypack-nodes -e sam3dobjects-nodes`...
[01:42]      WARN The package `fsspec==2026.4.0` does not have an extra named `http`
[02:51]      WARN Skipped running the post-link scripts because `run-post-link-scripts` = `false`
[02:51]     	- Scripts/.librsvg-pre-unlink.bat
[02:51]     To enable them, run:
[02:51]     	pixi config set --local run-post-link-scripts insecure
[02:51]     More info:
[02:51]     	https://pixi.sh/latest/reference/pixi_configuration/#run-post-link-scripts
[03:22]      WARN Skipped running the post-link scripts because `run-post-link-scripts` = `false`
[03:22]     	- Scripts/.librsvg-pre-unlink.bat
[03:22]     To enable them, run:
[03:22]     	pixi config set --local run-post-link-scripts insecure
[03:22]     More info:
[03:22]     	https://pixi.sh/latest/reference/pixi_configuration/#run-post-link-scripts
[04:17]     The following environments have been installed: geometrypack-nodes, sam3dobjects-nodes.
[04:17]   [comfy-env] geometrypack-nodes: installing cuda-wheels with --no-deps (cumesh)
[04:18]     Using Python 3.12.13 environment at: .pixi\envs\geometrypack-nodes
[04:18]     Resolved 1 package in 610ms
[04:18]     Downloading cumesh (10.2MiB)
[04:19]      Downloaded cumesh
[04:19]     Prepared 1 package in 233ms
[04:19]     Installed 1 package in 5ms
[04:19]      + cumesh==0.0.1+cu128torch2.10 (from https://github.com/PozzettiAndrea/cuda-wheels/releases/download/cumesh-latest/cumesh-0.0.1%2Bcu128torch2.10-cp312-cp312-win_amd64.whl)
[04:19]   [comfy-env] sam3dobjects-nodes: installing cuda-wheels with --no-deps (pytorch3d, gsplat, nvdiffrast, flash-attn, sageattention, spconv, cumm)
[04:19]     Using Python 3.12.13 environment at: .pixi\envs\sam3dobjects-nodes
[04:23]     Resolved 7 packages in 3.85s
[04:23]     Downloading gsplat (29.4MiB)
[04:23]     Downloading cumm (5.3MiB)
[04:23]     Downloading pytorch3d (18.1MiB)
[04:23]     Downloading sageattention (41.7MiB)
[04:23]     Downloading spconv (69.3MiB)
[04:23]     Downloading nvdiffrast (4.4MiB)
[04:23]     Downloading flash-attn (239.2MiB)
[04:23]      Downloaded nvdiffrast
[04:23]      Downloaded cumm
[04:24]      Downloaded pytorch3d
[04:25]      Downloaded gsplat
[04:26]      Downloaded sageattention
[04:27]      Downloaded spconv
[04:30]      Downloaded flash-attn
[04:30]     Prepared 7 packages in 7.63s
[04:31]     Installed 7 packages in 353ms
[04:31]      + cumm==0.8.2+cu128torch2.10 (from https://github.com/PozzettiAndrea/cuda-wheels/releases/download/cumm-latest/cumm-0.8.2%2Bcu128torch2.10-cp312-cp312-win_amd64.whl)
[04:31]      + flash-attn==2.8.3+cu128torch2.10 (from https://github.com/PozzettiAndrea/cuda-wheels/releases/download/flash_attn-latest/flash_attn-2.8.3%2Bcu128torch2.10-cp312-cp312-win_amd64.whl)
[04:31]      + gsplat==1.5.3+cu128torch2.10 (from https://github.com/PozzettiAndrea/cuda-wheels/releases/download/gsplat-latest/gsplat-1.5.3%2Bcu128torch2.10-cp312-cp312-win_amd64.whl)
[04:31]      + nvdiffrast==0.4.0+cu128torch2.10 (from https://github.com/PozzettiAndrea/cuda-wheels/releases/download/nvdiffrast-latest/nvdiffrast-0.4.0%2Bcu128torch2.10-cp312-cp312-win_amd64.whl)
[04:31]      + pytorch3d==0.7.9+cu128torch2.10 (from https://github.com/PozzettiAndrea/cuda-wheels/releases/download/pytorch3d-latest/pytorch3d-0.7.9%2Bcu128torch2.10-cp312-cp312-win_amd64.whl)
[04:31]      + sageattention==2.2.0+cu128torch2.10 (from https://github.com/PozzettiAndrea/cuda-wheels/releases/download/sageattention-latest/sageattention-2.2.0%2Bcu128torch2.10-cp312-cp312-win_amd64.whl)
[04:31]      + spconv==2.3.8+cu128torch2.10 (from https://github.com/PozzettiAndrea/cuda-wheels/releases/download/spconv-latest/spconv-2.3.8%2Bcu128torch2.10-cp312-cp312-win_amd64.whl)
[04:31]   [comfy-env] Recorded install hash 740f9dfe3956 -> C:\Users\ContainerUser\AppData\Local\Programs\comfy-env\install.hash
[04:31]   [comfy-env] Install log: C:\Users\ContainerUser\AppData\Local\Programs\comfy-env\install.log
[04:31]   
[04:31]   Installation complete!
[04:31]   
[04:31]   [requirements] Re-installing main package requirements...
[04:31]     Installing requirements for ComfyUI-SAM3DObjects...
[04:31]   [comfy-env] _discover: scanning C:\workspaces\SAM3DObjects-2121\ComfyUI\custom_nodes
[04:31]   [comfy-env] _discover: ComfyUI-GeometryPack -> geometrypack-nodes (custom_nodes\ComfyUI-GeometryPack\nodes\comfy-env.toml)
[04:31]   [comfy-env] _discover: ComfyUI-Multiband: no comfy-env.toml found
[04:31]   [comfy-env] _discover: ComfyUI-SAM3DObjects -> sam3dobjects-nodes (custom_nodes\ComfyUI-SAM3DObjects\nodes\comfy-env.toml)
[04:31]   [comfy-env] Workspace inputs unchanged (hash 740f9dfe3956) -- skipping install. Delete C:\Users\ContainerUser\AppData\Local\Programs\comfy-env\install.hash to force.
[04:31]   
[04:31]   Installation complete!
[04:31] Installing 2 node dependency(ies)...
[04:31]   ComfyUI-Multiband from PozzettiAndrea/ComfyUI-Multiband
[04:31]   ComfyUI-Multiband already exists, skipping...
[04:31]   ComfyUI-GeometryPack from PozzettiAndrea/ComfyUI-GeometryPack
[04:31]   ComfyUI-GeometryPack already exists, skipping...
[04:31] Installing validation endpoint...
[04:31]   Cloning PozzettiAndrea/ComfyUI-validate-endpoint...
[04:31] Running: git clone --depth 1 https://x-access-token:***@github.com/PozzettiAndrea/ComfyUI-validate-endpoint.git C:\workspaces\SAM3DObjects-2121\ComfyUI\custom_nodes\ComfyUI-validate-endpoint
[04:32] CUDA packages absent (will mock): pytorch3d, gsplat, nvdiffrast, flash_attn, sageattention, spconv, cumm
[04:32] [INSTALL] PASSED
[04:32] 
[04:32] [2/4] REGISTRATION
[04:32] ----------------------------------------
[04:32] 
[DEBUG] server=None, api=None
[04:32] 
Starting ComfyUI server...
[04:32] Starting ComfyUI server on port 41894...
[04:32] CUDA mock packages: pytorch3d, gsplat, nvdiffrast, flash_attn, sageattention, spconv, cumm
[04:32] Starting ComfyUI server on port 41894...
[04:32] Waiting for server to be ready (timeout: 600s)...
[04:34]   [ComfyUI] setup plugin alembic.autogenerate.schemas
[04:34]   [ComfyUI] setup plugin alembic.autogenerate.tables
[04:34]   [ComfyUI] setup plugin alembic.autogenerate.types
[04:34]   [ComfyUI] setup plugin alembic.autogenerate.constraints
[04:34]   [ComfyUI] setup plugin alembic.autogenerate.defaults
[04:34]   [ComfyUI] setup plugin alembic.autogenerate.comments
[04:34]   [ComfyUI] [comfy-env] ComfyUI-GeometryPack: 1 isolation env(s):
[04:34]   [ComfyUI] [comfy-env]   nodes -> C:\workspaces\SAM3DObjects-2121\ComfyUI\custom_nodes\ComfyUI-GeometryPack\nodes
[04:34]   [ComfyUI] [comfy-env] Workspace: C:\Users\ContainerUser\AppData\Local\Programs\comfy-env
[04:34]   [ComfyUI] [comfy-env]     env: C:\Users\ContainerUser\AppData\Local\Programs\comfy-env\.pixi\envs\geometrypack-nodes  [OK]
[04:34]   [ComfyUI] [comfy-env] prestartup complete
[04:34]   [ComfyUI] [comfy-env] ComfyUI-SAM3DObjects: 1 isolation env(s):
[04:34]   [ComfyUI] [comfy-env]   nodes -> C:\workspaces\SAM3DObjects-2121\ComfyUI\custom_nodes\ComfyUI-SAM3DObjects\nodes
[04:34]   [ComfyUI] [comfy-env]     env: C:\Users\ContainerUser\AppData\Local\Programs\comfy-env\.pixi\envs\sam3dobjects-nodes  [OK]
[04:34]   [ComfyUI] [comfy-env] prestartup complete
[04:34]   [ComfyUI] 
[04:34]   [ComfyUI] Prestartup times for custom nodes:
[04:34]   [ComfyUI]    0.0 seconds: C:\workspaces\SAM3DObjects-2121\ComfyUI\custom_nodes\ComfyUI-SAM3DObjects
[04:34]   [ComfyUI]    0.3 seconds: C:\workspaces\SAM3DObjects-2121\ComfyUI\custom_nodes\ComfyUI-GeometryPack
[04:34]   [ComfyUI] 
[04:39]   [ComfyUI] WARNING: You need pytorch with cu130 or higher to use optimized CUDA operations.
[04:39]   [ComfyUI] Found comfy_kitchen backend eager: {'available': True, 'disabled': False, 'unavailable_reason': None, 'capabilities': ['apply_rope', 'apply_rope1', 'dequantize_mxfp8', 'dequantize_nvfp4', 'dequantize_per_tensor_fp8', 'quantize_mxfp8', 'quantize_nvfp4', 'quantize_per_tensor_fp8', 'scaled_mm_mxfp8', 'scaled_mm_nvfp4']}
[04:39]   [ComfyUI] Found comfy_kitchen backend triton: {'available': False, 'disabled': True, 'unavailable_reason': "ImportError: No module named 'triton'", 'capabilities': []}
[04:39]   [ComfyUI] Found comfy_kitchen backend cuda: {'available': True, 'disabled': True, 'unavailable_reason': None, 'capabilities': ['apply_rope', 'apply_rope1', 'dequantize_nvfp4', 'dequantize_per_tensor_fp8', 'quantize_mxfp8', 'quantize_nvfp4', 'quantize_per_tensor_fp8']}
[04:39]   [ComfyUI] Checkpoint files will always be loaded safely.
[04:39]   [ComfyUI] Total VRAM 16380 MB, total RAM 32694 MB
[04:39]   [ComfyUI] pytorch version: 2.10.0+cu128
[04:39]   [ComfyUI] Set vram state to: NORMAL_VRAM
[04:39]   [ComfyUI] Device: cuda:0 NVIDIA GeForce RTX 4060 Ti : cudaMallocAsync
[04:39]   [ComfyUI] Using async weight offloading with 2 streams
[04:39]   [ComfyUI] Enabled pinned memory 13077.0
[04:39]   [ComfyUI] working around nvidia conv3d memory bug.
[04:41]   [ComfyUI] Using pytorch attention
[04:47]   [ComfyUI] aimdo: src-win/cuda-detour.c:38:INFO:aimdo_setup_hooks: installing 6 hooks
[04:47]   [ComfyUI] aimdo: src-win/cuda-detour.c:28:DEBUG:install_hook_entries: hooks successfully installed
[04:47]   [ComfyUI] aimdo: src-win/shmem-detect.c:80:INFO:comfy-aimdo WDDM adapter match: NVIDIA GeForce RTX 4060 Ti runtime_luid=00000000:00620661 dxgi_luid=00000000:00620661
[04:47]   [ComfyUI] aimdo: src/control.c:152:INFO:comfy-aimdo inited for GPU: NVIDIA GeForce RTX 4060 Ti (VRAM: 16379 MB)
[04:47]   [ComfyUI] DynamicVRAM support detected and enabled
[04:47]   [ComfyUI] Python version: 3.12.13 (main, May 10 2026, 19:35:37) [MSC v.1944 64 bit (AMD64)]
[04:47]   [ComfyUI] ComfyUI version: 0.21.1
[04:47]   [ComfyUI] comfy-aimdo version: 0.3.0
[04:47]   [ComfyUI] comfy-kitchen version: 0.2.8
[04:47]   [ComfyUI] ****** User settings have been changed to be stored on the server instead of browser storage. ******
[04:47]   [ComfyUI] ****** For multi-user setups add the --multi-user CLI argument to enable multiple user profiles. ******
[04:47]   [ComfyUI] comfyui-frontend-package version: 1.43.18
[04:47]   [ComfyUI] comfyui-workflow-templates version: 0.9.77
[04:47]   [ComfyUI] comfyui-embedded-docs version: 0.5.0
[04:47]   [ComfyUI] comfy-kitchen version: 0.2.8
[04:47]   [ComfyUI] comfy-aimdo version: 0.3.0
[04:47]   [ComfyUI] [Prompt Server] web root: C:\workspaces\SAM3DObjects-2121\.venv\Lib\site-packages\comfyui_frontend_package\static
[04:47]   [ComfyUI] Asset seeder disabled
[04:49]   [ComfyUI] loading...
[04:49]   [ComfyUI] calling register_nodes
[04:49]   [ComfyUI] [comfy-env] Version: 0.3.89
[04:50]   [ComfyUI] [comfy-env] register_nodes: ComfyUI-GeometryPack
[04:50]   [ComfyUI] [comfy-env] ComfyUI source dir: C:\workspaces\SAM3DObjects-2121\ComfyUI
[04:50]   [ComfyUI] [comfy-env] Found 1 isolation env(s)
[04:50]   [ComfyUI] [comfy-env] Scanning nodes metadata (isolation root)...
[04:50]   [ComfyUI] [comfy-env] geometrypack-nodes: Library/bin has 611 DLLs
[04:50]   [ComfyUI] [comfy-env] Metadata scan: C:\Users\ContainerUser\.pixi\bin\pixi.exe run --as-is --manifest-path C:\Users\ContainerUser\AppData\Local\Programs\comfy-env\pixi.toml -e geometrypack-nodes python C:\Users\ContainerUser\AppData\Local\Temp\comfy_meta_tqvxixng.py C:\workspaces\SAM3DObjects-2121\ComfyUI\custom_nodes\ComfyUI-GeometryPack nodes C:\Users\ContainerUser\AppData\Local\Temp\comfy_meta_out_ve8b0a2i.pkl
[04:50]   [ComfyUI] [comfy-env] Scan env PATH for nodes:
[04:50]   [ComfyUI] [comfy-env]   [0] C:\Users\ContainerUser\AppData\Local\Programs\comfy-env\.pixi\envs\geometrypack-nodes
[04:50]   [ComfyUI] [comfy-env]   [1] C:\Users\ContainerUser\AppData\Local\Programs\comfy-env\.pixi\envs\geometrypack-nodes\Library\bin
[04:50]   [ComfyUI] [comfy-env]   [2] C:\Users\ContainerUser\AppData\Local\Programs\comfy-env\.pixi\envs\geometrypack-nodes\Scripts
[04:50]   [ComfyUI] [comfy-env]   [3] C:\Users\ContainerUser\AppData\Local\Programs\comfy-env\.pixi\envs\geometrypack-nodes\Lib\site-packages\bpy
[04:50]   [ComfyUI] [comfy-env]   [4] C:\Windows\System32
[04:50]   [ComfyUI] [comfy-env]   [5] C:\Windows
[04:50]   [ComfyUI] [comfy-env]   [6] C:\Windows\System32\Wbem
[05:31]   [ComfyUI] [comfy-env] Metadata scan stderr for nodes:
[05:32]   [ComfyUI] [comfy-env]   [meta-scan] importing nodes from C:\workspaces\SAM3DObjects-2121\ComfyUI\custom_nodes\ComfyUI-GeometryPack
[05:32]   [ComfyUI] [comfy-env]   ERROR:root:Failed to import comfy_kitchen, Error: No module named 'comfy_kitchen', fp8 and fp4 support will not be available.
[05:32]   [ComfyUI] [comfy-env]   [meta-scan] import OK
[05:32]   [ComfyUI] [comfy-env] Scanned nodes: 125 nodes (41.9s)
[05:32]   [ComfyUI] [comfy-env] Scanned nodes root: 125 nodes (41.9s)
[05:32]   [ComfyUI] [comfy-env] Imported nodes root: 125 nodes (isolation)
[05:32]   [ComfyUI] [comfy-env] Registered 125 total nodes
[05:32]   [ComfyUI] ComfyUI-Multiband loaded: 15 nodes registered
[05:32]   [ComfyUI] loading...
[05:32]   [ComfyUI] calling register_nodes
[05:32]   [ComfyUI] [comfy-env] Version: 0.3.89
[05:32]   [ComfyUI] [comfy-env] register_nodes: ComfyUI-SAM3DObjects
[05:32]   [ComfyUI] [comfy-env] ComfyUI source dir: C:\workspaces\SAM3DObjects-2121\ComfyUI
[05:32]   [ComfyUI] [comfy-env] Found 1 isolation env(s)
[05:32]   [ComfyUI] [comfy-env] Scanning nodes metadata (isolation root)...
[05:32]   [ComfyUI] [comfy-env] sam3dobjects-nodes: Library/bin has 648 DLLs
[05:32]   [ComfyUI] [comfy-env] Metadata scan: C:\Users\ContainerUser\.pixi\bin\pixi.exe run --as-is --manifest-path C:\Users\ContainerUser\AppData\Local\Programs\comfy-env\pixi.toml -e sam3dobjects-nodes python C:\Users\ContainerUser\AppData\Local\Temp\comfy_meta_mvswa49b.py C:\workspaces\SAM3DObjects-2121\ComfyUI\custom_nodes\ComfyUI-SAM3DObjects nodes C:\Users\ContainerUser\AppData\Local\Temp\comfy_meta_out_hxo_nvl7.pkl
[05:32]   [ComfyUI] [comfy-env] Scan env PATH for nodes:
[05:32]   [ComfyUI] [comfy-env]   [0] C:\Users\ContainerUser\AppData\Local\Programs\comfy-env\.pixi\envs\sam3dobjects-nodes
[05:32]   [ComfyUI] [comfy-env]   [1] C:\Users\ContainerUser\AppData\Local\Programs\comfy-env\.pixi\envs\sam3dobjects-nodes\Library\bin
[05:32]   [ComfyUI] [comfy-env]   [2] C:\Users\ContainerUser\AppData\Local\Programs\comfy-env\.pixi\envs\sam3dobjects-nodes\Scripts
[05:32]   [ComfyUI] [comfy-env]   [3] C:\Users\ContainerUser\AppData\Local\Programs\comfy-env\.pixi\envs\sam3dobjects-nodes\Lib\site-packages\bpy
[05:32]   [ComfyUI] [comfy-env]   [4] C:\Windows\System32
[05:32]   [ComfyUI] [comfy-env]   [5] C:\Windows
[05:32]   [ComfyUI] [comfy-env]   [6] C:\Windows\System32\Wbem
[05:48]   [ComfyUI] [comfy-env] Metadata scan stderr for nodes:
[05:48]   [ComfyUI] [comfy-env]   [meta-scan] importing nodes from C:\workspaces\SAM3DObjects-2121\ComfyUI\custom_nodes\ComfyUI-SAM3DObjects
[05:48]   [ComfyUI] [comfy-env]   ERROR:root:Failed to import comfy_kitchen, Error: No module named 'comfy_kitchen', fp8 and fp4 support will not be available.
[05:48]   [ComfyUI] [comfy-env]   [meta-scan] import OK
[05:48]   [ComfyUI] [comfy-env] Scanned nodes: 13 nodes (16.4s)
[05:48]   [ComfyUI] [comfy-env] Scanned nodes root: 13 nodes (16.4s)
[05:48]   [ComfyUI] [comfy-env] Imported nodes root: 13 nodes (isolation)
[05:48]   [ComfyUI] [comfy-env] Registered 13 total nodes
[05:48]   [ComfyUI] 
[05:48]   [ComfyUI] Import times for custom nodes:
[05:48]   [ComfyUI]    0.0 seconds: C:\workspaces\SAM3DObjects-2121\ComfyUI\custom_nodes\websocket_image_save.py
[05:48]   [ComfyUI]    0.0 seconds: C:\workspaces\SAM3DObjects-2121\ComfyUI\custom_nodes\ComfyUI-validate-endpoint
[05:48]   [ComfyUI]    0.5 seconds: C:\workspaces\SAM3DObjects-2121\ComfyUI\custom_nodes\ComfyUI-Multiband
[05:48]   [ComfyUI]   16.4 seconds: C:\workspaces\SAM3DObjects-2121\ComfyUI\custom_nodes\ComfyUI-SAM3DObjects
[05:48]   [ComfyUI]   42.3 seconds: C:\workspaces\SAM3DObjects-2121\ComfyUI\custom_nodes\ComfyUI-GeometryPack
[05:48]   [ComfyUI] 
[05:48]   [ComfyUI] Context impl SQLiteImpl.
[05:48]   [ComfyUI] Will assume non-transactional DDL.
[05:48]   [ComfyUI] Context impl SQLiteImpl.
[05:48]   [ComfyUI] Will assume non-transactional DDL.
[05:48]   [ComfyUI] Running upgrade  -> 0001_assets, Initial assets schema
[05:48]   [ComfyUI] Revision ID: 0001_assets
[05:48]   [ComfyUI] Revises: None
[05:48]   [ComfyUI] Create Date: 2025-12-10 00:00:00
[05:49]   [ComfyUI] Running upgrade 0001_assets -> 0002_merge_to_asset_references, Merge AssetInfo and AssetCacheState into unified asset_references table.
[05:49]   [ComfyUI] Running upgrade 0002_merge_to_asset_references -> 0003_add_metadata_job_id, Add system_metadata and job_id columns to asset_references.
[05:49]   [ComfyUI] Change preview_id FK from assets.id to asset_references.id.
[05:49]   [ComfyUI] Database upgraded from None to 0003_add_metadata_job_id
[05:49]   [ComfyUI] Starting server
[05:49]   [ComfyUI] 
[05:49]   [ComfyUI] To see the GUI go to: http://127.0.0.1:41894
[05:49] Server responding, waiting for nodes to load...
[06:09] Server is ready!
[06:09] Checking for import errors in server logs...
[06:09] No import errors detected
[06:09] Found 874 registered nodes
[06:09] [REGISTRATION] PASSED
[06:09] 
[06:09] [3/4] INSTANTIATION
[06:09] ----------------------------------------
[06:09] 
[DEBUG] server=<comfy_test.comfyui.server.ComfyUIServer object at 0x000001D4F0FE1940>, api=<comfy_test.comfyui.api.ComfyUIAPI object at 0x000001D4F0FE1FD0>
[06:09] Testing node constructors...
[06:10] All 13 node(s) instantiated successfully!
[06:10] [INSTANTIATION] PASSED
[06:10] 
[06:10] [4/4] EXECUTION
[06:10] ----------------------------------------
[06:10] 
[DEBUG] server=<comfy_test.comfyui.server.ComfyUIServer object at 0x000001D4F0FE1940>, api=<comfy_test.comfyui.api.ComfyUIAPI object at 0x000001D4F0FE1FD0>
[06:10] GPU runner - will execute 5 workflow(s)
[06:10] Running 5 workflow(s) (all with videos)...
[06:10] Installing screenshot dependencies (playwright, pillow)...
[06:11]   Packages installed, downloading chromium browser...
[06:26]   Screenshot dependencies installed successfully
[06:26] Starting headless browser...
[06:26]   Downloading Mesa llvmpipe for Windows...
[06:27]   Mesa download error: <urlopen error [SSL: CERTIFICATE_VERIFY_FAILED] certificate verify failed: unable to get local issuer certificate (_ssl.c:1032)>
[06:27]   Mesa unavailable -- falling back to SwiftShader
[06:29] Capturing execution frames: debug_large_image_results.json
[06:35]   Frame 1 saved (frame_000.jpg, t=0.0s)
[06:35]   Validating workflow...
[06:35]   [ComfyUI] === /validate endpoint called ===
[06:35]   [ComfyUI] Received JSON with keys: ['prompt']
[06:35]   [ComfyUI] Prompt has 10 nodes
[06:35]   [ComfyUI]   Node 59: SAM3D_DepthEstimate
[06:35]   Queuing workflow for execution...
[06:35]   [ComfyUI]     Inputs: {"depth_model": ["74", 0], "image": ["77", 0]}
[06:35]   [ComfyUI]   Node 74: LoadSAM3DModel
[06:35]   [ComfyUI]     Inputs: {"attn_backend": "flash_attn", "compile": false, "precision": "auto"}
[06:35]   [ComfyUI]   Node 75: MultibandLoad
[06:35]   [ComfyUI]     Inputs: {"image": "scene_multiband.npz", "normalize": true}
[06:35]   [ComfyUI]   Node 77: MultibandToImage
[06:35]   [ComfyUI]     Inputs: {"channels": "0,1,2", "multiband": ["75", 0]}
[06:35]   [ComfyUI]   Node 78: MultibandToMasks
[06:35]   [ComfyUI]     Inputs: {"channels": "3", "auto_detect_masks": false, "multiband": ["75", 0]}
[06:35]   [ComfyUI]   Node 88: PreviewImage
[06:35]   [ComfyUI]     Inputs: {"images": ["77", 0]}
[06:35]   [ComfyUI]   Node 92: SAM3DGenerateSLAT
[06:35]   [ComfyUI]     Inputs: {"seed": 42, "stage1_steps": 12, "stage1_cfg": 7.5, "stage1_cfg_pm": 0, "stage2_steps": 12, "stage2_cfg": 5, "use_distillation": false, "generator": ["74", 1], "image": ["77", 0], "mask": ["78", 0], "
[06:35]   [ComfyUI]   Node 93: SAM3DMeshDecode
[06:35]   [ComfyUI]     Inputs: {"with_postprocess": false, "simplify": 0.95, "up_axis": "Y-up (standard)", "world_coordinates": false, "use_sparse_flexicubes": true, "slat_decoder_mesh": ["74", 3], "slat": ["92", 0]}
[06:35]   [ComfyUI]   Node 94: Preview3D
[06:35]   [ComfyUI]     Inputs: {"model_file": ["93", 0], "image": ""}
[06:35]   [ComfyUI]   Node 95: MaskPreview
[06:35]   [ComfyUI]     Inputs: {"mask": ["78", 0]}
[06:35]   [ComfyUI] Generated prompt_id: 75014efb-df92-4040-ba07-b34962f205d0
[06:35]   [ComfyUI] Calling execution.validate_prompt()...
[06:35]   [ComfyUI] Validation result: valid=True
[06:35]   [ComfyUI] === Validation PASSED ===
[06:35]   [ComfyUI] got prompt
[06:36]   [ComfyUI] LoadMultibandImage: Loaded C:\workspaces\SAM3DObjects-2121\ComfyUI\input\scene_multiband.npz
[06:36]   [ComfyUI]   Shape: (1, 10, 2240, 3360)
[06:36]   [ComfyUI]   Channels: 10
[06:36]   [ComfyUI]   Names: img_01_r,img_01_g,img_01_b,mask_01,mask_02,mask_03,mask_04,mask_05,mask_06,mask_07
[06:37]   Node executed (1 total), capturing...
[06:37]   [ComfyUI] [comfy-env] Running LoadSAM3DModel: attn_backend: 'flash_attn', compile: False, precision: 'auto'
[06:37]   [ComfyUI] [comfy-env] SubprocessWorker: C:\Users\ContainerUser\AppData\Local\Programs\comfy-env\.pixi\envs\sam3dobjects-nodes\python.exe
[06:37]   [ComfyUI] [VRAM] Before LoadSAM3DModel: 1156 / 16379 MB
[06:37]   [ComfyUI] [comfy-env] env_vars: {'COMFYUI_BASE': 'C:\\workspaces\\SAM3DObjects-2121\\ComfyUI'}
[06:37]   [ComfyUI] [SubprocessWorker] call_method: nodes.load_model.LoadSAM3DModel.EXECUTE_NORMALIZED
[06:37]   [ComfyUI] [SubprocessWorker] acquired lock, ensuring started...
[06:37]   [ComfyUI] [comfy-env] sam3dobjects-nodes: Library/bin has 648 DLLs
[06:37]   [ComfyUI] [ComfyUI-SAM3DObjects] python: C:\Users\ContainerUser\AppData\Local\Programs\comfy-env\.pixi\envs\sam3dobjects-nodes\python.exe
[06:37]   [ComfyUI] [ComfyUI-SAM3DObjects] sys_path sent to worker: ['C:\\workspaces\\SAM3DObjects-2121\\ComfyUI', 'C:\\workspaces\\SAM3DObjects-2121\\ComfyUI\\custom_nodes\\ComfyUI-SAM3DObjects', 'C:\\Users\\ContainerUser\\AppData\\Local\\Programs\\comfy-env\\.pixi\\envs\\sam3dobjects-nodes\\Lib\\site-packages', 'C:\\workspaces\\SAM3DObjects-2121\\ComfyUI\\custom_nodes\\ComfyUI-SAM3DObjects']
[06:37]   [ComfyUI] [SubprocessWorker] is_pixi=True, python=C:\Users\ContainerUser\AppData\Local\Programs\comfy-env\.pixi\envs\sam3dobjects-nodes\python.exe
[06:37]   [ComfyUI] [SubprocessWorker] launching cmd=['C:\\Users\\ContainerUser\\.pixi\\bin\\pixi.exe', 'run', '--as-is', '--manifest-path', 'C:\\Users\\ContainerUser\\AppData\\Local\\Programs\\comfy-env\\pixi.toml', '-e', 'sam3dobjects-nodes', 'python', 'C:\\Users\\ContainerUser\\AppData\\Local\\Temp\\comfyui_pvenv_tt8d992t\\persistent_worker.py', 'tcp://127.0.0.1:60032']...
[06:37]   Frame 2 saved (frame_001.jpg, t=1.6s)
[06:37]   [capture-node] freeze=4ms shot=121ms unfreeze=4ms saved=True
[06:37]   Node executed (2 total), capturing...
[06:37]   Frame 3 saved (frame_002.jpg, t=2.0s)
[06:37]   [capture-node] freeze=3ms shot=90ms unfreeze=3ms saved=True
[06:39]   [ComfyUI] [worker:ComfyUI-SAM3DObjects] ERROR: Failed to import comfy_kitchen, Error: No module named 'comfy_kitchen', fp8 and fp4 support will not be available.
[06:39]   [ComfyUI] [SubprocessWorker] worker started/confirmed
[06:39]   [ComfyUI] [SubprocessWorker] serializing kwargs to shm...
[06:39]   [ComfyUI] [SubprocessWorker] created 0 shm blocks
[06:39]   [ComfyUI] [SubprocessWorker] sending request via socket...
[06:39]   [ComfyUI] [SubprocessWorker] call_id=1 sending call_method
[06:40]   Frame 4 saved (frame_003.jpg, t=4.2s)
[06:40]   [capture-periodic] freeze=3ms shot=87ms unfreeze=3ms saved=True
[06:40]   [ComfyUI] C:\Users\ContainerUser\AppData\Local\Programs\comfy-env\.pixi\envs\sam3dobjects-nodes\Lib\site-packages\huggingface_hub\utils\_validators.py:205: UserWarning: The `local_dir_use_symlinks` argument is deprecated and ignored in `hf_hub_download`. Downloading to a local directory does not use symlinks anymore.
[06:40]   [ComfyUI]   warnings.warn(
[06:40]   [ComfyUI] 
[06:40]   [ComfyUI] ss_generator.yaml: 0.00B [00:00, ?B/s]
[06:40]   [ComfyUI] ss_generator.yaml: 5.08kB [00:00, 11.2MB/s]
[06:40]   [ComfyUI] 
[06:40]   [ComfyUI] slat_generator.yaml: 0.00B [00:00, ?B/s]
[06:40]   [ComfyUI] slat_generator.yaml: 1.99kB [00:00, 4.92MB/s]
[06:41]   [ComfyUI] 
[06:42]   [capture-loop] iter=50 t=6.2s state={'complete': False, 'error': None, 'executedCount': 2, 'wsState': 1} eval_ms=2 ram=10.0/31.9GB (31%) swap=0.0/5.0GB (0%) cpu=20% browser_rss=0.85GB
[06:43]   [ComfyUI] slat_decoder_gs_4.safetensors:   0%|          | 0.00/170M [00:00<?, ?B/s]
[06:43]   [ComfyUI] slat_decoder_gs_4.safetensors:  53%|█████▎    | 90.1M/170M [00:02<00:02, 39.9MB/s][SubprocessWorker] callback 'report_progress' from call_id=1
[06:43]   [ComfyUI] 
[06:43]   [ComfyUI] slat_decoder_gs_4.safetensors:  67%|██████▋   | 115M/170M [00:02<00:01, 48.0MB/s] [SubprocessWorker] callback 'report_progress' from call_id=1
[06:43]   [ComfyUI] 
[06:43]   [ComfyUI] slat_decoder_gs_4.safetensors:  76%|███████▌  | 129M/170M [00:02<00:00, 49.1MB/s][SubprocessWorker] callback 'report_progress' from call_id=1
[06:44]   [ComfyUI] 
[06:44]   [ComfyUI] slat_decoder_gs_4.safetensors: 100%|██████████| 170M/170M [00:02<00:00, 74.2MB/s][SubprocessWorker] callback 'report_progress' from call_id=1
[06:44]   [ComfyUI] 
[06:44]   [ComfyUI] slat_decoder_gs_4.safetensors: 100%|██████████| 170M/170M [00:02<00:00, 57.6MB/s]
[06:44]   [ComfyUI] 
[06:44]   Frame 5 saved (frame_004.jpg, t=8.6s)
[06:44]   [capture-periodic] freeze=2ms shot=84ms unfreeze=2ms saved=True
[06:46]   [ComfyUI] slat_generator.safetensors:   0%|          | 0.00/4.91G [00:00<?, ?B/s]
[06:46]   [ComfyUI] slat_generator.safetensors:   1%|          | 25.2M/4.91G [00:02<07:16, 11.2MB/s][SubprocessWorker] callback 'report_progress' from call_id=1
[06:46]   [ComfyUI] 
[06:46]   [ComfyUI] slat_generator.safetensors:   2%|▏         | 114M/4.91G [00:02<01:22, 58.1MB/s] [SubprocessWorker] callback 'report_progress' from call_id=1
[06:47]   [ComfyUI] 
[06:47]   [ComfyUI] slat_generator.safetensors:   5%|▌         | 269M/4.91G [00:03<00:46, 101MB/s] [SubprocessWorker] callback 'report_progress' from call_id=1
[06:48]   [capture-loop] iter=100 t=12.2s state={'complete': False, 'error': None, 'executedCount': 2, 'wsState': 1} eval_ms=3 ram=10.4/31.9GB (33%) swap=0.0/5.0GB (0%) cpu=27% browser_rss=0.85GB
[06:48]   [ComfyUI] 
[06:48]   [ComfyUI] slat_generator.safetensors:   7%|▋         | 319M/4.91G [00:04<00:45, 101MB/s][SubprocessWorker] callback 'report_progress' from call_id=1
[06:48]   Frame 6 saved (frame_005.jpg, t=12.9s)
[06:48]   [capture-periodic] freeze=2ms shot=93ms unfreeze=3ms saved=True
[06:49]   [ComfyUI] 
[06:49]   [ComfyUI] slat_generator.safetensors:   8%|▊         | 370M/4.91G [00:04<00:50, 89.4MB/s][SubprocessWorker] callback 'report_progress' from call_id=1
[06:50]   [ComfyUI] 
[06:50]   [ComfyUI] slat_generator.safetensors:   9%|▊         | 420M/4.91G [00:05<01:00, 74.1MB/s][SubprocessWorker] callback 'report_progress' from call_id=1
[06:51]   Frame 7 saved (frame_006.jpg, t=15.1s)
[06:51]   [capture-periodic] freeze=2ms shot=96ms unfreeze=3ms saved=True
[06:52]   [ComfyUI] 
[06:52]   [ComfyUI] slat_generator.safetensors:  13%|█▎        | 622M/4.91G [00:08<00:51, 82.7MB/s][SubprocessWorker] callback 'report_progress' from call_id=1
[06:52]   [ComfyUI] 
[06:52]   [ComfyUI] slat_generator.safetensors:  14%|█▍        | 682M/4.91G [00:08<00:44, 95.5MB/s][SubprocessWorker] callback 'report_progress' from call_id=1
[06:52]   [ComfyUI] 
[06:52]   [ComfyUI] slat_generator.safetensors:  15%|█▍        | 723M/4.91G [00:08<00:40, 103MB/s] [SubprocessWorker] callback 'report_progress' from call_id=1
[06:53]   Frame 8 saved (frame_007.jpg, t=17.3s)
[06:53]   [capture-periodic] freeze=4ms shot=103ms unfreeze=3ms saved=True
[06:53]   [capture-loop] iter=150 t=18.1s state={'complete': False, 'error': None, 'executedCount': 2, 'wsState': 1} eval_ms=3 ram=10.9/31.9GB (34%) swap=0.0/5.0GB (0%) cpu=28% browser_rss=0.85GB
[06:54]   [ComfyUI] 
[06:54]   [ComfyUI] slat_generator.safetensors:  15%|█▌        | 760M/4.91G [00:09<00:57, 71.7MB/s][SubprocessWorker] callback 'report_progress' from call_id=1
[06:54]   [ComfyUI] 
[06:54]   [ComfyUI] slat_generator.safetensors:  17%|█▋        | 823M/4.91G [00:10<00:44, 91.3MB/s][SubprocessWorker] callback 'report_progress' from call_id=1
[06:55]   [ComfyUI] 
[06:55]   [ComfyUI] slat_generator.safetensors:  19%|█▉        | 924M/4.91G [00:11<00:41, 95.0MB/s][SubprocessWorker] callback 'report_progress' from call_id=1
[06:55]   Frame 9 saved (frame_008.jpg, t=19.5s)
[06:55]   [capture-periodic] freeze=3ms shot=104ms unfreeze=3ms saved=True
[06:56]   [ComfyUI] 
[06:56]   [ComfyUI] slat_generator.safetensors:  20%|█▉        | 975M/4.91G [00:12<00:49, 79.2MB/s][SubprocessWorker] callback 'report_progress' from call_id=1
[06:57]   [ComfyUI] 
[06:57]   [ComfyUI] slat_generator.safetensors:  21%|██        | 1.02G/4.91G [00:13<00:55, 69.5MB/s][SubprocessWorker] callback 'report_progress' from call_id=1
[06:57]   Frame 10 saved (frame_009.jpg, t=21.7s)
[06:57]   [capture-periodic] freeze=3ms shot=107ms unfreeze=4ms saved=True
[06:59]   [capture-loop] iter=200 t=23.8s state={'complete': False, 'error': None, 'executedCount': 2, 'wsState': 1} eval_ms=3 ram=11.3/31.9GB (35%) swap=0.0/5.0GB (0%) cpu=32% browser_rss=0.86GB
[07:00]   [ComfyUI] 
[07:00]   [ComfyUI] slat_generator.safetensors:  25%|██▍       | 1.22G/4.91G [00:16<00:59, 61.7MB/s][SubprocessWorker] callback 'report_progress' from call_id=1
[07:01]   [ComfyUI] 
[07:01]   [ComfyUI] slat_generator.safetensors:  27%|██▋       | 1.34G/4.91G [00:16<00:42, 84.6MB/s][SubprocessWorker] callback 'report_progress' from call_id=1
[07:01]   [ComfyUI] 
[07:01]   [ComfyUI] slat_generator.safetensors:  28%|██▊       | 1.39G/4.91G [00:17<00:40, 87.0MB/s][SubprocessWorker] callback 'report_progress' from call_id=1
[07:02]   Frame 11 saved (frame_010.jpg, t=26.1s)
[07:02]   [capture-periodic] freeze=4ms shot=108ms unfreeze=5ms saved=True
[07:05]   [capture-loop] iter=250 t=29.8s state={'complete': False, 'error': None, 'executedCount': 2, 'wsState': 1} eval_ms=3 ram=11.8/31.9GB (37%) swap=0.0/5.0GB (0%) cpu=33% browser_rss=0.78GB
[07:09]   [ComfyUI] 
[07:09]   [ComfyUI] slat_generator.safetensors:  31%|███▏      | 1.54G/4.91G [00:25<01:37, 34.6MB/s][SubprocessWorker] callback 'report_progress' from call_id=1
[07:09]   [ComfyUI] 
[07:09]   [ComfyUI] slat_generator.safetensors:  37%|███▋      | 1.84G/4.91G [00:25<00:41, 73.6MB/s][SubprocessWorker] callback 'report_progress' from call_id=1
[07:10]   Frame 12 saved (frame_011.jpg, t=34.8s)
[07:10]   [capture-periodic] freeze=3ms shot=102ms unfreeze=3ms saved=True
[07:11]   [capture-loop] iter=300 t=35.6s state={'complete': False, 'error': None, 'executedCount': 2, 'wsState': 1} eval_ms=3 ram=12.2/31.9GB (38%) swap=0.0/5.0GB (0%) cpu=27% browser_rss=0.79GB
[07:17]   [capture-loop] iter=350 t=41.3s state={'complete': False, 'error': None, 'executedCount': 2, 'wsState': 1} eval_ms=4 ram=12.6/31.9GB (39%) swap=0.0/5.0GB (0%) cpu=27% browser_rss=0.78GB
[07:17]   [ComfyUI] 
[07:17]   [ComfyUI] slat_generator.safetensors:  48%|████▊     | 2.34G/4.91G [00:32<00:35, 71.2MB/s][SubprocessWorker] callback 'report_progress' from call_id=1
[07:17]   [ComfyUI] 
[07:17]   [ComfyUI] slat_generator.safetensors:  55%|█████▍    | 2.69G/4.91G [00:33<00:20, 108MB/s] [SubprocessWorker] callback 'report_progress' from call_id=1
[07:17]   Frame 13 saved (frame_012.jpg, t=41.4s)
[07:17]   [capture-periodic] freeze=5ms shot=117ms unfreeze=5ms saved=True
[07:19]   Frame 14 saved (frame_013.jpg, t=43.6s)
[07:19]   [capture-periodic] freeze=3ms shot=105ms unfreeze=4ms saved=True
[07:22]   [ComfyUI] 
[07:22]   [ComfyUI] slat_generator.safetensors:  69%|██████▉   | 3.38G/4.91G [00:37<00:12, 124MB/s][SubprocessWorker] callback 'report_progress' from call_id=1
[07:22]   [ComfyUI] 
[07:22]   [ComfyUI] slat_generator.safetensors:  81%|████████  | 3.98G/4.91G [00:38<00:04, 196MB/s][SubprocessWorker] callback 'report_progress' from call_id=1
[07:22]   [ComfyUI] 
[07:22]   [ComfyUI] slat_generator.safetensors:  86%|████████▌ | 4.21G/4.91G [00:38<00:03, 226MB/s][SubprocessWorker] callback 'report_progress' from call_id=1
[07:22]   [ComfyUI] 
[07:22]   [ComfyUI] slat_generator.safetensors:  97%|█████████▋| 4.74G/4.91G [00:38<00:00, 335MB/s][SubprocessWorker] callback 'report_progress' from call_id=1
[07:22]   [capture-loop] iter=400 t=47.1s state={'complete': False, 'error': None, 'executedCount': 2, 'wsState': 1} eval_ms=3 ram=11.7/31.9GB (37%) swap=0.0/5.0GB (0%) cpu=24% browser_rss=0.79GB
[07:23]   [ComfyUI] [SubprocessWorker] callback 'report_progress' from call_id=1
[07:23]   [ComfyUI] 
[07:23]   [ComfyUI] slat_generator.safetensors: 100%|██████████| 4.91G/4.91G [00:38<00:00, 357MB/s][SubprocessWorker] callback 'report_progress' from call_id=1
[07:23]   [ComfyUI] 
[07:23]   [ComfyUI] slat_generator.safetensors: 100%|██████████| 4.91G/4.91G [00:38<00:00, 126MB/s]
[07:23]   [ComfyUI] Warning: You are sending unauthenticated requests to the HF Hub. Please set a HF_TOKEN to enable higher rate limits and faster downloads.
[07:23]   [ComfyUI] [worker:ComfyUI-SAM3DObjects] WARNING: Warning: You are sending unauthenticated requests to the HF Hub. Please set a HF_TOKEN to enable higher rate limits and faster downloads.
[07:23]   [ComfyUI] 
[07:23]   Frame 15 saved (frame_014.jpg, t=48.0s)
[07:23]   [capture-periodic] freeze=2ms shot=80ms unfreeze=2ms saved=True
[07:24]   [ComfyUI] slat_decoder_mesh.safetensors:   0%|          | 0.00/364M [00:00<?, ?B/s]
[07:24]   [ComfyUI] slat_decoder_mesh.safetensors:   0%|          | 50.2k/364M [00:01<2:00:57, 50.1kB/s][SubprocessWorker] callback 'report_progress' from call_id=1
[07:24]   [ComfyUI] 
[07:24]   [ComfyUI] slat_decoder_mesh.safetensors:  16%|█▌        | 56.7M/364M [00:01<00:05, 59.6MB/s]  [SubprocessWorker] callback 'report_progress' from call_id=1
[07:25]   [ComfyUI] [SubprocessWorker] callback 'report_progress' from call_id=1
[07:25]   [ComfyUI] [SubprocessWorker] callback 'report_progress' from call_id=1
[07:26]   Frame 16 saved (frame_015.jpg, t=50.1s)
[07:26]   [capture-periodic] freeze=2ms shot=82ms unfreeze=3ms saved=True
[07:26]   [ComfyUI] 
[07:26]   [ComfyUI] slat_decoder_mesh.safetensors:  21%|██        | 75.8M/364M [00:03<00:14, 20.2MB/s][SubprocessWorker] callback 'report_progress' from call_id=1
[07:26]   [ComfyUI] 
[07:27]   [ComfyUI] slat_decoder_mesh.safetensors:  81%|████████  | 293M/364M [00:03<00:00, 113MB/s]  [SubprocessWorker] callback 'report_progress' from call_id=1
[07:27]   [ComfyUI] 
[07:27]   [ComfyUI] slat_decoder_mesh.safetensors: 100%|██████████| 364M/364M [00:03<00:00, 143MB/s][SubprocessWorker] callback 'report_progress' from call_id=1
[07:27]   [ComfyUI] 
[07:27]   [ComfyUI] slat_decoder_mesh.safetensors: 100%|██████████| 364M/364M [00:03<00:00, 93.0MB/s]
[07:27]   [ComfyUI] 
[07:27]   [ComfyUI] slat_decoder_gs_4.yaml:   0%|          | 0.00/575 [00:00<?, ?B/s][SubprocessWorker] callback 'report_progress' from call_id=1
[07:27]   [ComfyUI] 
[07:27]   [ComfyUI] slat_decoder_gs_4.yaml: 100%|██████████| 575/575 [00:00<00:00, 734kB/s]
[07:27]   [ComfyUI] 
[07:27]   [ComfyUI] slat_decoder_mesh.yaml:   0%|          | 0.00/300 [00:00<?, ?B/s][SubprocessWorker] callback 'report_progress' from call_id=1
[07:27]   [ComfyUI] 
[07:27]   [ComfyUI] slat_decoder_mesh.yaml: 100%|██████████| 300/300 [00:00<00:00, 260kB/s]
[07:27]   [ComfyUI] 
[07:27]   [ComfyUI] ss_decoder.yaml:   0%|          | 0.00/244 [00:00<?, ?B/s][SubprocessWorker] callback 'report_progress' from call_id=1
[07:27]   [ComfyUI] 
[07:27]   [ComfyUI] ss_decoder.yaml: 100%|██████████| 244/244 [00:00<00:00, 312kB/s]
[07:27]   [ComfyUI] 
[07:28]   Frame 17 saved (frame_016.jpg, t=52.3s)
[07:28]   [capture-periodic] freeze=2ms shot=90ms unfreeze=2ms saved=True
[07:28]   [capture-loop] iter=450 t=52.8s state={'complete': False, 'error': None, 'executedCount': 2, 'wsState': 1} eval_ms=2 ram=10.5/31.9GB (33%) swap=0.0/5.0GB (0%) cpu=11% browser_rss=0.79GB
[07:30]   [ComfyUI] slat_decoder_gs.safetensors:   0%|          | 0.00/171M [00:00<?, ?B/s]
[07:30]   [ComfyUI] slat_decoder_gs.safetensors: 100%|██████████| 171M/171M [00:02<00:00, 68.5MB/s][SubprocessWorker] callback 'report_progress' from call_id=1
[07:30]   [ComfyUI] 
[07:30]   [ComfyUI] slat_decoder_gs.safetensors: 100%|██████████| 171M/171M [00:02<00:00, 68.5MB/s]
[07:30]   [ComfyUI] 
[07:30]   [ComfyUI] slat_decoder_gs.yaml:   0%|          | 0.00/576 [00:00<?, ?B/s][SubprocessWorker] callback 'report_progress' from call_id=1
[07:30]   [ComfyUI] 
[07:30]   [ComfyUI] slat_decoder_gs.yaml: 100%|██████████| 576/576 [00:00<?, ?B/s]
[07:30]   [ComfyUI] 
[07:30]   [ComfyUI] pipeline.yaml: 0.00B [00:00, ?B/s]
[07:30]   [ComfyUI] pipeline.yaml: 3.55kB [00:00, ?B/s]
[07:30]   [ComfyUI] 
[07:31]   [ComfyUI] ss_decoder.safetensors:   0%|          | 0.00/148M [00:00<?, ?B/s]
[07:31]   [ComfyUI] ss_decoder.safetensors:   0%|          | 214k/148M [00:00<05:46, 425kB/s][SubprocessWorker] callback 'report_progress' from call_id=1
[07:31]   [ComfyUI] 
[07:32]   [ComfyUI] ss_decoder.safetensors:   0%|          | 532k/148M [00:00<03:09, 777kB/s]
[07:32]   [ComfyUI] ss_decoder.safetensors:  10%|▉         | 14.8M/148M [00:01<00:08, 15.8MB/s][SubprocessWorker] callback 'report_progress' from call_id=1
[07:32]   Frame 18 saved (frame_017.jpg, t=56.5s)
[07:32]   [capture-periodic] freeze=2ms shot=103ms unfreeze=5ms saved=True
[07:32]   [ComfyUI] 
[07:32]   [ComfyUI] ss_decoder.safetensors: 100%|██████████| 148M/148M [00:01<00:00, 107MB/s]  [SubprocessWorker] callback 'report_progress' from call_id=1
[07:32]   [ComfyUI] 
[07:32]   [ComfyUI] ss_decoder.safetensors: 100%|██████████| 148M/148M [00:01<00:00, 75.9MB/s]
[07:32]   [ComfyUI] 
[07:34]   [ComfyUI] ss_generator.safetensors:   0%|          | 0.00/6.69G [00:00<?, ?B/s]
[07:34]   [ComfyUI] ss_generator.safetensors:   0%|          | 326k/6.69G [00:01<7:08:01, 260kB/s][SubprocessWorker] callback 'report_progress' from call_id=1
[07:34]   [capture-loop] iter=500 t=58.4s state={'complete': False, 'error': None, 'executedCount': 2, 'wsState': 1} eval_ms=3 ram=10.5/31.9GB (33%) swap=0.0/5.0GB (0%) cpu=10% browser_rss=0.76GB
[07:34]   [ComfyUI] 
[07:34]   Frame 19 saved (frame_018.jpg, t=58.7s)
[07:34]   [capture-periodic] freeze=2ms shot=82ms unfreeze=3ms saved=True
[07:35]   [ComfyUI] ss_generator.safetensors:   1%|          | 33.8M/6.69G [00:01<03:42, 29.9MB/s]
[07:35]   [ComfyUI] ss_generator.safetensors:   1%|          | 41.9M/6.69G [00:02<05:23, 20.6MB/s][SubprocessWorker] callback 'report_progress' from call_id=1
[07:36]   [ComfyUI] 
[07:36]   [ComfyUI] ss_generator.safetensors:   3%|▎         | 219M/6.69G [00:03<01:07, 96.0MB/s] [SubprocessWorker] callback 'report_progress' from call_id=1
[07:36]   Frame 20 saved (frame_019.jpg, t=60.9s)
[07:36]   [capture-periodic] freeze=2ms shot=97ms unfreeze=3ms saved=True
[07:36]   [ComfyUI] 
[07:36]   [ComfyUI] ss_generator.safetensors:   5%|▍         | 320M/6.69G [00:04<00:58, 109MB/s] [SubprocessWorker] callback 'report_progress' from call_id=1
[07:37]   [ComfyUI] [worker:ComfyUI-SAM3DObjects]
[07:37]   [ComfyUI] === WATCHDOG TICK 1 ===
[07:37]   [ComfyUI] [worker:ComfyUI-SAM3DObjects] Thread 0x00000834 (most recent call first):
[07:37]   [ComfyUI]   File "C:\Users\ContainerUser\AppData\Local\Programs\comfy-env\.pixi\envs\sam3dobjects-nodes\Lib\threading.py", line 359 in wait
[07:37]   [ComfyUI]   File "C:\Users\ContainerUser\AppData\Local\Programs\comfy-env\.pixi\envs\sam3dobjects-nodes\Lib\threading.py", line 655 in wait
[07:37]   [ComfyUI]   File "C:\Users\ContainerUser\AppData\Local\Programs\comfy-env\.pixi\envs\sam3dobjects-nodes\Lib\site-packages\tqdm\_monitor.py", line 60 in run
[07:37]   [ComfyUI]   File "C:\Users\ContainerUser\AppData\Local\Programs\comfy-env\.pixi\envs\sam3dobjects-nodes\Lib\threading.py", line 1075 in _bootstrap_inner
[07:37]   [ComfyUI]   File "C:\Users\ContainerUser\AppData\Local\Programs\comfy-env\.pixi\envs\sam3dobjects-nodes\Lib\threading.py", line 1032 in _bootstrap
[07:37]   [ComfyUI] 
[07:37]   [ComfyUI] Thread 0x000015ac (most recent call first):
[07:37]   [ComfyUI]   File "C:\Users\ContainerUser\AppData\Local\Programs\comfy-env\.pixi\envs\sam3dobjects-nodes\Lib\threading.py", line 359 in wait
[07:37]   [ComfyUI]   File "C:\Users\ContainerUser\AppData\Local\Programs\comfy-env\.pixi\envs\sam3dobjects-nodes\Lib\threading.py", line 655 in wait
[07:37]   [ComfyUI]   File "C:\Users\ContainerUser\AppData\Local\Programs\comfy-env\.pixi\envs\sam3dobjects-nodes\Lib\site-packages\tqdm\_monitor.py", line 60 in run
[07:37]   [ComfyUI]   File "C:\Users\ContainerUser\AppData\Local\Programs\comfy-env\.pixi\envs\sam3dobjects-nodes\Lib\threading.py", line 1075 in _bootstrap_inner
[07:37]   [ComfyUI]   File "C:\Users\ContainerUser\AppData\Local\Programs\comfy-env\.pixi\envs\sam3dobjects-nodes\Lib\threading.py", line 1032 in _bootstrap
[07:37]   [ComfyUI] 
[07:37]   [ComfyUI] Thread 0x00003630 (most recent call first):
[07:37]   [ComfyUI]   File "C:\Users\ContainerUser\AppData\Local\Programs\comfy-env\.pixi\envs\sam3dobjects-nodes\Lib\threading.py", line 359 in wait
[07:37]   [ComfyUI]   File "C:\Users\ContainerUser\AppData\Local\Programs\comfy-env\.pixi\envs\sam3dobjects-nodes\Lib\threading.py", line 655 in wait
[07:37]   [ComfyUI]   File "C:\Users\ContainerUser\AppData\Local\Programs\comfy-env\.pixi\envs\sam3dobjects-nodes\Lib\site-packages\tqdm\_monitor.py", line 60 in run
[07:37]   [ComfyUI]   File "C:\Users\ContainerUser\AppData\Local\Programs\comfy-env\.pixi\envs\sam3dobjects-nodes\Lib\threading.py", line 1075 in _bootstrap_inner
[07:37]   [ComfyUI]   File "C:\Users\ContainerUser\AppData\Local\Programs\comfy-env\.pixi\envs\sam3dobjects-nodes\Lib\threading.py", line 1032 in _bootstrap
[07:37]   [ComfyUI] 
[07:37]   [ComfyUI] Thread 0x00000c44 (most recent call first):
[07:37]   [ComfyUI]   File "C:\Users\ContainerUser\AppData\Local\Programs\comfy-env\.pixi\envs\sam3dobjects-nodes\Lib\threading.py", line 359 in wait
[07:37]   [ComfyUI]   File "C:\Users\ContainerUser\AppData\Local\Programs\comfy-env\.pixi\envs\sam3dobjects-nodes\Lib\threading.py", line 655 in wait
[07:37]   [ComfyUI]   File "C:\Users\ContainerUser\AppData\Local\Programs\comfy-env\.pixi\envs\sam3dobjects-nodes\Lib\site-packages\tqdm\_monitor.py", line 60 in run
[07:37]   [ComfyUI]   File "C:\Users\ContainerUser\AppData\Local\Programs\comfy-env\.pixi\envs\sam3dobjects-nodes\Lib\threading.py", line 1075 in _bootstrap_inner
[07:37]   [ComfyUI]   File "C:\Users\ContainerUser\AppData\Local\Programs\comfy-env\.pixi\envs\sam3dobjects-nodes\Lib\threading.py", line 1032 in _bootstrap
[07:37]   [ComfyUI] 
[07:37]   [ComfyUI] Thread 0x00003618 (most recent call first):
[07:37]   [ComfyUI]   File "C:\Users\ContainerUser\AppData\Local\Programs\comfy-env\.pixi\envs\sam3dobjects-nodes\Lib\threading.py", line 359 in wait
[07:37]   [ComfyUI]   File "C:\Users\ContainerUser\AppData\Local\Programs\comfy-env\.pixi\envs\sam3dobjects-nodes\Lib\threading.py", line 655 in wait
[07:37]   [ComfyUI]   File "C:\Users\ContainerUser\AppData\Local\Programs\comfy-env\.pixi\envs\sam3dobjects-nodes\Lib\site-packages\tqdm\_monitor.py", line 60 in run
[07:37]   [ComfyUI]   File "C:\Users\ContainerUser\AppData\Local\Programs\comfy-env\.pixi\envs\sam3dobjects-nodes\Lib\threading.py", line 1075 in _bootstrap_inner
[07:37]   [ComfyUI]   File "C:\Users\ContainerUser\AppData\Local\Programs\comfy-env\.pixi\envs\sam3dobjects-nodes\Lib\threading.py", line 1032 in _bootstrap
[07:37]   [ComfyUI] 
[07:37]   [ComfyUI] Thread 0x000018ec (most recent call first):
[07:37]   [ComfyUI]   File "C:\Users\ContainerUser\AppData\Local\Programs\comfy-env\.pixi\envs\sam3dobjects-nodes\Lib\threading.py", line 359 in wait
[07:37]   [ComfyUI]   File "C:\Users\ContainerUser\AppData\Local\Programs\comfy-env\.pixi\envs\sam3dobjects-nodes\Lib\threading.py", line 655 in wait
[07:37]   [ComfyUI]   File "C:\Users\ContainerUser\AppData\Local\Programs\comfy-env\.pixi\envs\sam3dobjects-nodes\Lib\site-packages\tqdm\_monitor.py", line 60 in run
[07:37]   [ComfyUI]   File "C:\Users\ContainerUser\AppData\Local\Programs\comfy-env\.pixi\envs\sam3dobjects-nodes\Lib\threading.py", line 1075 in _bootstrap_inner
[07:37]   [ComfyUI]   File "C:\Users\ContainerUser\AppData\Local\Programs\comfy-env\.pixi\envs\sam3dobjects-nodes\Lib\threading.py", line 1032 in _bootstrap
[07:37]   [ComfyUI] 
[07:37]   [ComfyUI] Thread 0x0000369c (most recent call first):
[07:37]   [ComfyUI]   File "C:\Users\ContainerUser\AppData\Local\Programs\comfy-env\.pixi\envs\sam3dobjects-nodes\Lib\threading.py", line 359 in wait
[07:37]   [ComfyUI]   File "C:\Users\ContainerUser\AppData\Local\Programs\comfy-env\.pixi\envs\sam3dobjects-nodes\Lib\threading.py", line 655 in wait
[07:37]   [ComfyUI]   File "C:\Users\ContainerUser\AppData\Local\Programs\comfy-env\.pixi\envs\sam3dobjects-nodes\Lib\site-packages\tqdm\_monitor.py", line 60 in run
[07:37]   [ComfyUI]   File "C:\Users\ContainerUser\AppData\Local\Programs\comfy-env\.pixi\envs\sam3dobjects-nodes\Lib\threading.py", line 1075 in _bootstrap_inner
[07:37]   [ComfyUI]   File "C:\Users\ContainerUser\AppData\Local\Programs\comfy-env\.pixi\envs\sam3dobjects-nodes\Lib\threading.py", line 1032 in _bootstrap
[07:37]   [ComfyUI] 
[07:37]   [ComfyUI] Thread 0x00003994 (most recent call first):
[07:37]   [ComfyUI]   File "C:\Users\ContainerUser\AppData\Local\Programs\comfy-env\.pixi\envs\sam3dobjects-nodes\Lib\threading.py", line 359 in wait
[07:37]   [ComfyUI]   File "C:\Users\ContainerUser\AppData\Local\Programs\comfy-env\.pixi\envs\sam3dobjects-nodes\Lib\threading.py", line 655 in wait
[07:37]   [ComfyUI]   File "C:\Users\ContainerUser\AppData\Local\Programs\comfy-env\.pixi\envs\sam3dobjects-nodes\Lib\site-packages\tqdm\_monitor.py", line 60 in run
[07:37]   [ComfyUI]   File "C:\Users\ContainerUser\AppData\Local\Programs\comfy-env\.pixi\envs\sam3dobjects-nodes\Lib\threading.py", line 1075 in _bootstrap_inner
[07:37]   [ComfyUI]   File "C:\Users\ContainerUser\AppData\Local\Programs\comfy-env\.pixi\envs\sam3dobjects-nodes\Lib\threading.py", line 1032 in _bootstrap
[07:37]   [ComfyUI] 
[07:37]   [ComfyUI] Thread 0x00002bd0 (most recent call first):
[07:37]   [ComfyUI]   File "C:\Users\ContainerUser\AppData\Local\Programs\comfy-env\.pixi\envs\sam3dobjects-nodes\Lib\threading.py", line 359 in wait
[07:37]   [ComfyUI]   File "C:\Users\ContainerUser\AppData\Local\Programs\comfy-env\.pixi\envs\sam3dobjects-nodes\Lib\threading.py", line 655 in wait
[07:37]   [ComfyUI]   File "C:\Users\ContainerUser\AppData\Local\Programs\comfy-env\.pixi\envs\sam3dobjects-nodes\Lib\site-packages\tqdm\_monitor.py", line 60 in run
[07:37]   [ComfyUI]   File "C:\Users\ContainerUser\AppData\Local\Programs\comfy-env\.pixi\envs\sam3dobjects-nodes\Lib\threading.py", line 1075 in _bootstrap_inner
[07:37]   [ComfyUI]   File "C:\Users\ContainerUser\AppData\Local\Programs\comfy-env\.pixi\envs\sam3dobjects-nodes\Lib\threading.py", line 1032 in _bootstrap
[07:37]   [ComfyUI] 
[07:37]   [ComfyUI] Thread 0x00000920 (most recent call first):
[07:37]   [ComfyUI]   File "C:\Users\ContainerUser\AppData\Local\Programs\comfy-env\.pixi\envs\sam3dobjects-nodes\Lib\threading.py", line 359 in wait
[07:37]   [ComfyUI]   File "C:\Users\ContainerUser\AppData\Local\Programs\comfy-env\.pixi\envs\sam3dobjects-nodes\Lib\threading.py", line 655 in wait
[07:37]   [ComfyUI]   File "C:\Users\ContainerUser\AppData\Local\Programs\comfy-env\.pixi\envs\sam3dobjects-nodes\Lib\site-packages\tqdm\_monitor.py", line 60 in run
[07:37]   [ComfyUI]   File "C:\Users\ContainerUser\AppData\Local\Programs\comfy-env\.pixi\envs\sam3dobjects-nodes\Lib\threading.py", line 1075 in _bootstrap_inner
[07:37]   [ComfyUI]   File "C:\Users\ContainerUser\AppData\Local\Programs\comfy-env\.pixi\envs\sam3dobjects-nodes\Lib\threading.py", line 1032 in _bootstrap
[07:37]   [ComfyUI] 
[07:37]   [ComfyUI] Thread 0x00000890 (most recent call first):
[07:37]   [ComfyUI]   File "C:\Users\ContainerUser\AppData\Local\Programs\comfy-env\.pixi\envs\sam3dobjects-nodes\Lib\threading.py", line 359 in wait
[07:37]   [ComfyUI]   File "C:\Users\ContainerUser\AppData\Local\Programs\comfy-env\.pixi\envs\sam3dobjects-nodes\Lib\threading.py", line 655 in wait
[07:37]   [ComfyUI]   File "C:\Users\ContainerUser\AppData\Local\Programs\comfy-env\.pixi\envs\sam3dobjects-nodes\Lib\site-packages\tqdm\_monitor.py", line 60 in run
[07:37]   [ComfyUI]   File "C:\Users\ContainerUser\AppData\Local\Programs\comfy-env\.pixi\envs\sam3dobjects-nodes\Lib\threading.py", line 1075 in _bootstrap_inner
[07:37]   [ComfyUI]   File "C:\Users\ContainerUser\AppData\Local\Programs\comfy-env\.pixi\envs\sam3dobjects-nodes\Lib\threading.py", line 1032 in _bootstrap
[07:37]   [ComfyUI] 
[07:37]   [ComfyUI] Thread 0x00001520 (most recent call first):
[07:37]   [ComfyUI]   File "C:\Users\ContainerUser\AppData\Local\Programs\comfy-env\.pixi\envs\sam3dobjects-nodes\Lib\threading.py", line 359 in wait
[07:37]   [ComfyUI]   File "C:\Users\ContainerUser\AppData\Local\Programs\comfy-env\.pixi\envs\sam3dobjects-nodes\Lib\threading.py", line 655 in wait
[07:37]   [ComfyUI]   File "C:\Users\ContainerUser\AppData\Local\Programs\comfy-env\.pixi\envs\sam3dobjects-nodes\Lib\site-packages\tqdm\_monitor.py", line 60 in run
[07:37]   [ComfyUI]   File "C:\Users\ContainerUser\AppData\Local\Programs\comfy-env\.pixi\envs\sam3dobjects-nodes\Lib\threading.py", line 1075 in _bootstrap_inner
[07:37]   [ComfyUI]   File "C:\Users\ContainerUser\AppData\Local\Programs\comfy-env\.pixi\envs\sam3dobjects-nodes\Lib\threading.py", line 1032 in _bootstrap
[07:37]   [ComfyUI] 
[07:37]   [ComfyUI] Thread 0x00003ea0 (most recent call first):
[07:37]   [ComfyUI]   File "C:\Users\ContainerUser\AppData\Local\Programs\comfy-env\.pixi\envs\sam3dobjects-nodes\Lib\threading.py", line 359 in wait
[07:37]   [ComfyUI]   File "C:\Users\ContainerUser\AppData\Local\Programs\comfy-env\.pixi\envs\sam3dobjects-nodes\Lib\threading.py", line 655 in wait
[07:37]   [ComfyUI]   File "C:\Users\ContainerUser\AppData\Local\Programs\comfy-env\.pixi\envs\sam3dobjects-nodes\Lib\site-packages\tqdm\_monitor.py", line 60 in run
[07:37]   [ComfyUI]   File "C:\Users\ContainerUser\AppData\Local\Programs\comfy-env\.pixi\envs\sam3dobjects-nodes\Lib\threading.py", line 1075 in _bootstrap_inner
[07:37]   [ComfyUI]   File "C:\Users\ContainerUser\AppData\Local\Programs\comfy-env\.pixi\envs\sam3dobjects-nodes\Lib\threading.py", line 1032 in _bootstrap
[07:37]   [ComfyUI] 
[07:37]   [ComfyUI] Thread 0x00002c1c (most recent call first):
[07:37]   [ComfyUI]   File "C:\Users\ContainerUser\AppData\Local\Temp\comfyui_pvenv_tt8d992t\persistent_worker.py", line 106 in _vram_poller
[07:37]   [ComfyUI]   File "C:\Users\ContainerUser\AppData\Local\Programs\comfy-env\.pixi\envs\sam3dobjects-nodes\Lib\threading.py", line 1012 in run
[07:37]   [ComfyUI]   File "C:\Users\ContainerUser\AppData\Local\Programs\comfy-env\.pixi\envs\sam3dobjects-nodes\Lib\threading.py", line 1075 in _bootstrap_inner
[07:37]   [ComfyUI]   File "C:\Users\ContainerUser\AppData\Local\Programs\comfy-env\.pixi\envs\sam3dobjects-nodes\Lib\threading.py", line 1032 in _bootstrap
[07:37]   [ComfyUI] 
[07:37]   [ComfyUI] Current thread 0x00001064 (most recent call first):
[07:37]   [ComfyUI]   File "C:\Users\ContainerUser\AppData\Local\Temp\comfyui_pvenv_tt8d992t\persistent_worker.py", line 52 in _watchdog
[07:37]   [ComfyUI]   File "C:\Users\ContainerUser\AppData\Local\Programs\comfy-env\.pixi\envs\sam3dobjects-nodes\Lib\threading.py", line 1012 in run
[07:37]   [ComfyUI]   File "C:\Users\ContainerUser\AppData\Local\Programs\comfy-env\.pixi\envs\sam3dobjects-nodes\Lib\threading.py", line 1075 in _bootstrap_inner
[07:37]   [ComfyUI]   File "C:\Users\ContainerUser\AppData\Local\Programs\comfy-env\.pixi\envs\sam3dobjects-nodes\Lib\threading.py", line 1032 in _bootstrap
[07:37]   [ComfyUI] 
[07:37]   [ComfyUI] Thread 0x000039f4 (most recent call first):
[07:37]   [ComfyUI]   File "C:\Users\ContainerUser\AppData\Local\Programs\comfy-env\.pixi\envs\sam3dobjects-nodes\Lib\site-packages\huggingface_hub\file_download.py", line 558 in xet_get
[07:37]   [ComfyUI]   File "C:\Users\ContainerUser\AppData\Local\Programs\comfy-env\.pixi\envs\sam3dobjects-nodes\Lib\site-packages\huggingface_hub\file_download.py", line 1842 in _download_to_tmp_and_move
[07:37]   [ComfyUI]   File "C:\Users\ContainerUser\AppData\Local\Programs\comfy-env\.pixi\envs\sam3dobjects-nodes\Lib\site-packages\huggingface_hub\file_download.py", line 1427 in _hf_hub_download_to_local_dir
[07:37]   [ComfyUI]   File "C:\Users\ContainerUser\AppData\Local\Programs\comfy-env\.pixi\envs\sam3dobjects-nodes\Lib\site-packages\huggingface_hub\file_download.py", line 976 in hf_hub_download
[07:37]   [ComfyUI]   File "C:\Users\ContainerUser\AppData\Local\Programs\comfy-env\.pixi\envs\sam3dobjects-nodes\Lib\site-packages\huggingface_hub\utils\_validators.py", line 88 in _inner_fn
[07:37]   [ComfyUI]   File "C:\workspaces\SAM3DObjects-2121\ComfyUI\custom_nodes\ComfyUI-SAM3DObjects\nodes\load_model.py", line 222 in _download_files
[07:37]   [ComfyUI]   File "C:\workspaces\SAM3DObjects-2121\ComfyUI\custom_nodes\ComfyUI-SAM3DObjects\nodes\load_model.py", line 185 in _get_or_download_checkpoint
[07:37]   [ComfyUI]   File "C:\workspaces\SAM3DObjects-2121\ComfyUI\custom_nodes\ComfyUI-SAM3DObjects\nodes\load_model.py", line 146 in execute
[07:37]   [ComfyUI]   File "C:\Users\ContainerUser\AppData\Local\Programs\comfy-env\.pixi\envs\sam3dobjects-nodes\Lib\site-packages\torch\utils\_contextlib.py", line 124 in decorate_context
[07:37]   [ComfyUI]   File "C:\workspaces\SAM3DObjects-2121\ComfyUI\comfy_api\latest\_io.py", line 1833 in EXECUTE_NORMALIZED
[07:37]   [ComfyUI]   File "C:\Users\ContainerUser\AppData\Local\Temp\comfyui_pvenv_tt8d992t\persistent_worker.py", line 1762 in main
[07:37]   [ComfyUI]   File "C:\Users\ContainerUser\AppData\Local\Temp\comfyui_pvenv_tt8d992t\persistent_worker.py", line 1807 in <module>
[07:37]   [ComfyUI] 
[07:37]   [ComfyUI] [worker:ComfyUI-SAM3DObjects] === END ===
[07:37]   [ComfyUI] 
[07:37]   [ComfyUI] 
[07:37]   [ComfyUI] ss_generator.safetensors:   6%|▌         | 408M/6.69G [00:04<00:56, 112MB/s][SubprocessWorker] callback 'report_progress' from call_id=1
[07:37]   [ComfyUI] 
[07:37]   [ComfyUI] ss_generator.safetensors:   7%|▋         | 458M/6.69G [00:05<00:50, 124MB/s][SubprocessWorker] callback 'report_progress' from call_id=1
[07:38]   [ComfyUI] 
[07:38]   Frame 21 saved (frame_020.jpg, t=63.1s)
[07:38]   [capture-periodic] freeze=2ms shot=92ms unfreeze=3ms saved=True
[07:39]   [ComfyUI] ss_generator.safetensors:   7%|▋         | 487M/6.69G [00:05<01:06, 92.8MB/s]
[07:39]   [ComfyUI] ss_generator.safetensors:   8%|▊         | 521M/6.69G [00:06<01:20, 76.4MB/s][SubprocessWorker] callback 'report_progress' from call_id=1
[07:39]   [capture-loop] iter=550 t=64.1s state={'complete': False, 'error': None, 'executedCount': 2, 'wsState': 1} eval_ms=3 ram=10.9/31.9GB (34%) swap=0.0/5.0GB (0%) cpu=18% browser_rss=0.76GB
[07:40]   [ComfyUI] 
[07:40]   [ComfyUI] ss_generator.safetensors:  11%|█         | 726M/6.69G [00:07<00:46, 127MB/s] [SubprocessWorker] callback 'report_progress' from call_id=1
[07:41]   Frame 22 saved (frame_021.jpg, t=65.2s)
[07:41]   [capture-periodic] freeze=2ms shot=88ms unfreeze=7ms saved=True
[07:41]   [ComfyUI] 
[07:41]   [ComfyUI] ss_generator.safetensors:  13%|█▎        | 861M/6.69G [00:09<00:52, 110MB/s][SubprocessWorker] callback 'report_progress' from call_id=1
[07:42]   [ComfyUI] 
[07:42]   [ComfyUI] ss_generator.safetensors:  14%|█▎        | 912M/6.69G [00:09<00:58, 99.6MB/s][SubprocessWorker] callback 'report_progress' from call_id=1
[07:42]   [ComfyUI] 
[07:43]   Frame 23 saved (frame_022.jpg, t=67.4s)
[07:43]   [capture-periodic] freeze=2ms shot=93ms unfreeze=6ms saved=True
[07:43]   [ComfyUI] ss_generator.safetensors:  14%|█▍        | 926M/6.69G [00:10<01:00, 95.3MB/s]
[07:43]   [ComfyUI] ss_generator.safetensors:  15%|█▍        | 977M/6.69G [00:10<01:05, 86.6MB/s][SubprocessWorker] callback 'report_progress' from call_id=1
[07:44]   [ComfyUI] 
[07:44]   [ComfyUI] ss_generator.safetensors:  15%|█▌        | 1.02G/6.69G [00:11<01:18, 72.3MB/s][SubprocessWorker] callback 'report_progress' from call_id=1
[07:45]   [ComfyUI] 
[07:45]   [ComfyUI] ss_generator.safetensors:  17%|█▋        | 1.11G/6.69G [00:12<00:59, 94.2MB/s][SubprocessWorker] callback 'report_progress' from call_id=1
[07:45]   Frame 24 saved (frame_023.jpg, t=69.5s)
[07:45]   [capture-periodic] freeze=2ms shot=100ms unfreeze=6ms saved=True
[07:45]   [capture-loop] iter=600 t=69.9s state={'complete': False, 'error': None, 'executedCount': 2, 'wsState': 1} eval_ms=3 ram=11.3/31.9GB (35%) swap=0.0/5.0GB (0%) cpu=23% browser_rss=0.76GB
[07:45]   [ComfyUI] 
[07:45]   [ComfyUI] ss_generator.safetensors:  18%|█▊        | 1.22G/6.69G [00:13<00:50, 108MB/s] [SubprocessWorker] callback 'report_progress' from call_id=1
[07:47]   Frame 25 saved (frame_024.jpg, t=71.7s)
[07:47]   [capture-periodic] freeze=2ms shot=96ms unfreeze=6ms saved=True
[07:49]   [ComfyUI] 
[07:49]   [ComfyUI] ss_generator.safetensors:  23%|██▎       | 1.54G/6.69G [00:16<00:55, 92.3MB/s][SubprocessWorker] callback 'report_progress' from call_id=1
[07:49]   Frame 26 saved (frame_025.jpg, t=73.9s)
[07:49]   [capture-periodic] freeze=2ms shot=101ms unfreeze=4ms saved=True
[07:50]   [ComfyUI] 
[07:50]   [ComfyUI] ss_generator.safetensors:  24%|██▍       | 1.63G/6.69G [00:17<00:52, 96.5MB/s][SubprocessWorker] callback 'report_progress' from call_id=1
[07:50]   [ComfyUI] 
[07:50]   [ComfyUI] ss_generator.safetensors:  26%|██▌       | 1.74G/6.69G [00:17<00:40, 122MB/s] [SubprocessWorker] callback 'report_progress' from call_id=1
[07:51]   [capture-loop] iter=650 t=75.6s state={'complete': False, 'error': None, 'executedCount': 2, 'wsState': 1} eval_ms=3 ram=11.7/31.9GB (36%) swap=0.0/5.0GB (0%) cpu=25% browser_rss=0.76GB
[07:52]   Frame 27 saved (frame_026.jpg, t=76.1s)
[07:52]   [capture-periodic] freeze=2ms shot=107ms unfreeze=4ms saved=True
[07:52]   [ComfyUI] 
[07:52]   [ComfyUI] ss_generator.safetensors:  27%|██▋       | 1.79G/6.69G [00:19<00:55, 88.3MB/s][SubprocessWorker] callback 'report_progress' from call_id=1
[07:52]   [ComfyUI] 
[07:52]   [ComfyUI] ss_generator.safetensors:  27%|██▋       | 1.84G/6.69G [00:19<00:49, 97.8MB/s][SubprocessWorker] callback 'report_progress' from call_id=1
[07:53]   [ComfyUI] 
[07:53]   [ComfyUI] ss_generator.safetensors:  28%|██▊       | 1.88G/6.69G [00:20<01:06, 72.5MB/s][SubprocessWorker] callback 'report_progress' from call_id=1
[07:53]   [ComfyUI] 
[07:53]   [ComfyUI] ss_generator.safetensors:  31%|███       | 2.08G/6.69G [00:21<00:32, 143MB/s] [SubprocessWorker] callback 'report_progress' from call_id=1
[07:54]   Frame 28 saved (frame_027.jpg, t=78.3s)
[07:54]   [capture-periodic] freeze=4ms shot=94ms unfreeze=3ms saved=True
[07:54]   [ComfyUI] 
[07:54]   [ComfyUI] ss_generator.safetensors:  32%|███▏      | 2.14G/6.69G [00:21<00:32, 141MB/s][SubprocessWorker] callback 'report_progress' from call_id=1
[07:56]   Frame 29 saved (frame_028.jpg, t=80.5s)
[07:56]   [capture-periodic] freeze=2ms shot=100ms unfreeze=3ms saved=True
[07:57]   [ComfyUI] 
[07:57]   [ComfyUI] ss_generator.safetensors:  36%|███▋      | 2.44G/6.69G [00:24<00:35, 119MB/s][SubprocessWorker] callback 'report_progress' from call_id=1
[07:57]   [capture-loop] iter=700 t=81.4s state={'complete': False, 'error': None, 'executedCount': 2, 'wsState': 1} eval_ms=3 ram=12.0/31.9GB (38%) swap=0.0/5.0GB (0%) cpu=28% browser_rss=0.76GB
[07:58]   Frame 30 saved (frame_029.jpg, t=82.7s)
[07:58]   [capture-periodic] freeze=3ms shot=106ms unfreeze=4ms saved=True
[08:02]   [capture-loop] iter=750 t=87.0s state={'complete': False, 'error': None, 'executedCount': 2, 'wsState': 1} eval_ms=3 ram=12.2/31.9GB (38%) swap=0.0/5.0GB (0%) cpu=29% browser_rss=0.76GB
[08:07]   [ComfyUI] 
[08:08]   [capture-loop] iter=800 t=92.8s state={'complete': False, 'error': None, 'executedCount': 2, 'wsState': 1} eval_ms=3 ram=12.5/31.9GB (39%) swap=0.0/5.0GB (0%) cpu=27% browser_rss=0.76GB
[08:10]   [ComfyUI] ss_generator.safetensors:  36%|███▋      | 2.44G/6.69G [00:34<00:35, 119MB/s]
[08:10]   [ComfyUI] ss_generator.safetensors:  41%|████      | 2.72G/6.69G [00:38<01:43, 38.5MB/s][SubprocessWorker] callback 'report_progress' from call_id=1
[08:11]   [ComfyUI] 
[08:11]   [ComfyUI] ss_generator.safetensors:  48%|████▊     | 3.24G/6.69G [00:38<00:42, 81.4MB/s][SubprocessWorker] callback 'report_progress' from call_id=1
[08:11]   [ComfyUI] 
[08:11]   [ComfyUI] ss_generator.safetensors:  58%|█████▊    | 3.85G/6.69G [00:38<00:19, 149MB/s] [SubprocessWorker] callback 'report_progress' from call_id=1
[08:11]   Frame 31 saved (frame_030.jpg, t=95.7s)
[08:11]   [capture-periodic] freeze=3ms shot=98ms unfreeze=3ms saved=True
[08:11]   [ComfyUI] [SubprocessWorker] callback 'report_progress' from call_id=1
[08:13]   Frame 32 saved (frame_031.jpg, t=97.9s)
[08:13]   [capture-periodic] freeze=2ms shot=110ms unfreeze=3ms saved=True
[08:14]   [capture-loop] iter=850 t=98.6s state={'complete': False, 'error': None, 'executedCount': 2, 'wsState': 1} eval_ms=3 ram=10.9/31.9GB (34%) swap=0.0/5.0GB (0%) cpu=28% browser_rss=0.76GB
[08:14]   [ComfyUI] 
[08:14]   [ComfyUI] ss_generator.safetensors:  62%|██████▏   | 4.17G/6.69G [00:42<00:19, 128MB/s][SubprocessWorker] callback 'report_progress' from call_id=1
[08:15]   [ComfyUI] 
[08:15]   [ComfyUI] ss_generator.safetensors:  67%|██████▋   | 4.49G/6.69G [00:42<00:13, 169MB/s][SubprocessWorker] callback 'report_progress' from call_id=1
[08:16]   Frame 33 saved (frame_032.jpg, t=100.1s)
[08:16]   [capture-periodic] freeze=3ms shot=102ms unfreeze=3ms saved=True
[08:20]   [capture-loop] iter=900 t=104.2s state={'complete': False, 'error': None, 'executedCount': 2, 'wsState': 1} eval_ms=3 ram=11.4/31.9GB (36%) swap=0.0/5.0GB (0%) cpu=30% browser_rss=0.76GB
[08:20]   [ComfyUI] [SubprocessWorker] callback 'report_progress' from call_id=1
[08:22]   Frame 34 saved (frame_033.jpg, t=106.6s)
[08:22]   [capture-periodic] freeze=2ms shot=116ms unfreeze=3ms saved=True
[08:22]   [ComfyUI] 
[08:22]   [ComfyUI] ss_generator.safetensors:  76%|███████▌  | 5.10G/6.69G [00:50<00:13, 114MB/s][SubprocessWorker] callback 'report_progress' from call_id=1
[08:23]   [ComfyUI] 
[08:23]   [ComfyUI] ss_generator.safetensors:  79%|███████▉  | 5.28G/6.69G [00:50<00:10, 131MB/s][SubprocessWorker] callback 'report_progress' from call_id=1
[08:23]   [ComfyUI] [SubprocessWorker] callback 'report_progress' from call_id=1
[08:24]   [ComfyUI] 
[08:24]   [ComfyUI] ss_generator.safetensors:  85%|████████▍ | 5.68G/6.69G [00:51<00:06, 156MB/s][SubprocessWorker] callback 'report_progress' from call_id=1
[08:24]   Frame 35 saved (frame_034.jpg, t=108.8s)
[08:24]   [capture-periodic] freeze=3ms shot=98ms unfreeze=3ms saved=True
[08:24]   [ComfyUI] 
[08:24]   [ComfyUI] ss_generator.safetensors:  88%|████████▊ | 5.86G/6.69G [00:52<00:04, 182MB/s][SubprocessWorker] callback 'report_progress' from call_id=1
[08:25]   [ComfyUI] 
[08:25]   [ComfyUI] ss_generator.safetensors: 100%|█████████▉| 6.67G/6.69G [00:52<00:00, 339MB/s][SubprocessWorker] callback 'report_progress' from call_id=1
[08:25]   [ComfyUI] [SubprocessWorker] callback 'report_progress' from call_id=1
[08:25]   [ComfyUI] 
[08:25]   [ComfyUI] ss_generator.safetensors: 100%|██████████| 6.69G/6.69G [00:52<00:00, 127MB/s]
[08:25]   [capture-loop] iter=950 t=110.0s state={'complete': False, 'error': None, 'executedCount': 2, 'wsState': 1} eval_ms=4 ram=10.8/31.9GB (34%) swap=0.0/5.0GB (0%) cpu=23% browser_rss=0.76GB
[08:26]   [ComfyUI] 
[08:26]   Frame 36 saved (frame_035.jpg, t=111.0s)
[08:26]   [capture-periodic] freeze=2ms shot=86ms unfreeze=2ms saved=True
[08:27]   [ComfyUI] dinov2_vitl14_reg.safetensors:   0%|          | 0.00/1.22G [00:00<?, ?B/s]
[08:27]   [ComfyUI] dinov2_vitl14_reg.safetensors:   1%|          | 8.33M/1.22G [00:01<02:25, 8.30MB/s][SubprocessWorker] callback 'report_progress' from call_id=1
[08:29]   Frame 37 saved (frame_036.jpg, t=113.1s)
[08:29]   [capture-periodic] freeze=2ms shot=98ms unfreeze=3ms saved=True
[08:30]   [ComfyUI] 
[08:30]   [ComfyUI] dinov2_vitl14_reg.safetensors:  18%|█▊        | 219M/1.22G [00:04<00:17, 58.4MB/s] [SubprocessWorker] callback 'report_progress' from call_id=1
[08:31]   [ComfyUI] 
[08:31]   [ComfyUI] dinov2_vitl14_reg.safetensors:  30%|███       | 370M/1.22G [00:04<00:09, 90.4MB/s][SubprocessWorker] callback 'report_progress' from call_id=1
[08:31]   Frame 38 saved (frame_037.jpg, t=115.3s)
[08:31]   [capture-periodic] freeze=3ms shot=92ms unfreeze=3ms saved=True
[08:31]   [capture-loop] iter=1000 t=115.7s state={'complete': False, 'error': None, 'executedCount': 2, 'wsState': 1} eval_ms=3 ram=9.8/31.9GB (31%) swap=0.0/5.0GB (0%) cpu=13% browser_rss=0.76GB
[08:34]   [ComfyUI] 
[08:34]   [ComfyUI] dinov2_vitl14_reg.safetensors:  51%|█████     | 622M/1.22G [00:08<00:07, 76.1MB/s][SubprocessWorker] callback 'report_progress' from call_id=1
[08:35]   Frame 39 saved (frame_038.jpg, t=119.6s)
[08:35]   [capture-periodic] freeze=2ms shot=88ms unfreeze=3ms saved=True
[08:35]   [ComfyUI] 
[08:35]   [ComfyUI] dinov2_vitl14_reg.safetensors:  63%|██████▎   | 773M/1.22G [00:09<00:04, 90.4MB/s][SubprocessWorker] callback 'report_progress' from call_id=1
[08:36]   [ComfyUI] 
[08:36]   [ComfyUI] dinov2_vitl14_reg.safetensors:  68%|██████▊   | 823M/1.22G [00:10<00:04, 86.5MB/s][SubprocessWorker] callback 'report_progress' from call_id=1
[08:37]   [ComfyUI] 
[08:37]   [ComfyUI] dinov2_vitl14_reg.safetensors:  76%|███████▌  | 924M/1.22G [00:10<00:02, 102MB/s] [SubprocessWorker] callback 'report_progress' from call_id=1
[08:37]   [capture-loop] iter=1050 t=121.4s state={'complete': False, 'error': None, 'executedCount': 2, 'wsState': 1} eval_ms=3 ram=10.2/31.9GB (32%) swap=0.0/5.0GB (0%) cpu=19% browser_rss=0.76GB
[08:37]   [ComfyUI] 
[08:37]   [ComfyUI] dinov2_vitl14_reg.safetensors: 100%|██████████| 1.22G/1.22G [00:11<00:00, 187MB/s][SubprocessWorker] callback 'report_progress' from call_id=1
[08:37]   [ComfyUI] 
[08:37]   [ComfyUI] dinov2_vitl14_reg.safetensors: 100%|██████████| 1.22G/1.22G [00:11<00:00, 109MB/s]
[08:37]   [ComfyUI] [worker:ComfyUI-SAM3DObjects]
[08:37]   [ComfyUI] === WATCHDOG TICK 2 ===
[08:37]   [ComfyUI] [worker:ComfyUI-SAM3DObjects] Thread 0x0000388c (most recent call first):
[08:37]   [ComfyUI]   File "C:\Users\ContainerUser\AppData\Local\Programs\comfy-env\.pixi\envs\sam3dobjects-nodes\Lib\threading.py", line 359 in wait
[08:37]   [ComfyUI]   File "C:\Users\ContainerUser\AppData\Local\Programs\comfy-env\.pixi\envs\sam3dobjects-nodes\Lib\threading.py", line 655 in wait
[08:37]   [ComfyUI]   File "C:\Users\ContainerUser\AppData\Local\Programs\comfy-env\.pixi\envs\sam3dobjects-nodes\Lib\site-packages\tqdm\_monitor.py", line 60 in run
[08:37]   [ComfyUI]   File "C:\Users\ContainerUser\AppData\Local\Programs\comfy-env\.pixi\envs\sam3dobjects-nodes\Lib\threading.py", line 1075 in _bootstrap_inner
[08:37]   [ComfyUI]   File "C:\Users\ContainerUser\AppData\Local\Programs\comfy-env\.pixi\envs\sam3dobjects-nodes\Lib\threading.py", line 1032 in _bootstrap
[08:37]   [ComfyUI] 
[08:37]   [ComfyUI] Thread 0x00000834 (most recent call first):
[08:37]   [ComfyUI]   File "C:\Users\ContainerUser\AppData\Local\Programs\comfy-env\.pixi\envs\sam3dobjects-nodes\Lib\threading.py", line 359 in wait
[08:37]   [ComfyUI]   File "C:\Users\ContainerUser\AppData\Local\Programs\comfy-env\.pixi\envs\sam3dobjects-nodes\Lib\threading.py", line 655 in wait
[08:37]   [ComfyUI]   File "C:\Users\ContainerUser\AppData\Local\Programs\comfy-env\.pixi\envs\sam3dobjects-nodes\Lib\site-packages\tqdm\_monitor.py", line 60 in run
[08:37]   [ComfyUI]   File "C:\Users\ContainerUser\AppData\Local\Programs\comfy-env\.pixi\envs\sam3dobjects-nodes\Lib\threading.py", line 1075 in _bootstrap_inner
[08:37]   [ComfyUI]   File "C:\Users\ContainerUser\AppData\Local\Programs\comfy-env\.pixi\envs\sam3dobjects-nodes\Lib\threading.py", line 1032 in _bootstrap
[08:37]   [ComfyUI] 
[08:37]   [ComfyUI] Thread 0x000015ac (most recent call first):
[08:37]   [ComfyUI]   File "C:\Users\ContainerUser\AppData\Local\Programs\comfy-env\.pixi\envs\sam3dobjects-nodes\Lib\threading.py", line 359 in wait
[08:37]   [ComfyUI]   File "C:\Users\ContainerUser\AppData\Local\Programs\comfy-env\.pixi\envs\sam3dobjects-nodes\Lib\threading.py", line 655 in wait
[08:37]   [ComfyUI]   File "C:\Users\ContainerUser\AppData\Local\Programs\comfy-env\.pixi\envs\sam3dobjects-nodes\Lib\site-packages\tqdm\_monitor.py", line 60 in run
[08:37]   [ComfyUI]   File "C:\Users\ContainerUser\AppData\Local\Programs\comfy-env\.pixi\envs\sam3dobjects-nodes\Lib\threading.py", line 1075 in _bootstrap_inner
[08:37]   [ComfyUI]   File "C:\Users\ContainerUser\AppData\Local\Programs\comfy-env\.pixi\envs\sam3dobjects-nodes\Lib\threading.py", line 1032 in _bootstrap
[08:37]   [ComfyUI] 
[08:37]   [ComfyUI] Thread 0x00003630 (most recent call first):
[08:37]   [ComfyUI]   File "C:\Users\ContainerUser\AppData\Local\Programs\comfy-env\.pixi\envs\sam3dobjects-nodes\Lib\threading.py", line 359 in wait
[08:37]   [ComfyUI]   File "C:\Users\ContainerUser\AppData\Local\Programs\comfy-env\.pixi\envs\sam3dobjects-nodes\Lib\threading.py", line 655 in wait
[08:37]   [ComfyUI]   File "C:\Users\ContainerUser\AppData\Local\Programs\comfy-env\.pixi\envs\sam3dobjects-nodes\Lib\site-packages\tqdm\_monitor.py", line 60 in run
[08:37]   [ComfyUI]   File "C:\Users\ContainerUser\AppData\Local\Programs\comfy-env\.pixi\envs\sam3dobjects-nodes\Lib\threading.py", line 1075 in _bootstrap_inner
[08:37]   [ComfyUI]   File "C:\Users\ContainerUser\AppData\Local\Programs\comfy-env\.pixi\envs\sam3dobjects-nodes\Lib\threading.py", line 1032 in _bootstrap
[08:37]   [ComfyUI] 
[08:37]   [ComfyUI] Thread 0x00000c44 (most recent call first):
[08:37]   [ComfyUI]   File "C:\Users\ContainerUser\AppData\Local\Programs\comfy-env\.pixi\envs\sam3dobjects-nodes\Lib\threading.py", line 359 in wait
[08:37]   [ComfyUI]   File "C:\Users\ContainerUser\AppData\Local\Programs\comfy-env\.pixi\envs\sam3dobjects-nodes\Lib\threading.py", line 655 in wait
[08:37]   [ComfyUI]   File "C:\Users\ContainerUser\AppData\Local\Programs\comfy-env\.pixi\envs\sam3dobjects-nodes\Lib\site-packages\tqdm\_monitor.py", line 60 in run
[08:37]   [ComfyUI]   File "C:\Users\ContainerUser\AppData\Local\Programs\comfy-env\.pixi\envs\sam3dobjects-nodes\Lib\threading.py", line 1075 in _bootstrap_inner
[08:37]   [ComfyUI]   File "C:\Users\ContainerUser\AppData\Local\Programs\comfy-env\.pixi\envs\sam3dobjects-nodes\Lib\threading.py", line 1032 in _bootstrap
[08:37]   [ComfyUI] 
[08:37]   [ComfyUI] Thread 0x00003618 (most recent call first):
[08:37]   [ComfyUI]   File "C:\Users\ContainerUser\AppData\Local\Programs\comfy-env\.pixi\envs\sam3dobjects-nodes\Lib\threading.py", line 359 in wait
[08:37]   [ComfyUI]   File "C:\Users\ContainerUser\AppData\Local\Programs\comfy-env\.pixi\envs\sam3dobjects-nodes\Lib\threading.py", line 655 in wait
[08:37]   [ComfyUI]   File "C:\Users\ContainerUser\AppData\Local\Programs\comfy-env\.pixi\envs\sam3dobjects-nodes\Lib\site-packages\tqdm\_monitor.py", line 60 in run
[08:37]   [ComfyUI]   File "C:\Users\ContainerUser\AppData\Local\Programs\comfy-env\.pixi\envs\sam3dobjects-nodes\Lib\threading.py", line 1075 in _bootstrap_inner
[08:37]   [ComfyUI]   File "C:\Users\ContainerUser\AppData\Local\Programs\comfy-env\.pixi\envs\sam3dobjects-nodes\Lib\threading.py", line 1032 in _bootstrap
[08:37]   [ComfyUI] 
[08:37]   [ComfyUI] Thread 0x000018ec (most recent call first):
[08:37]   [ComfyUI]   File "C:\Users\ContainerUser\AppData\Local\Programs\comfy-env\.pixi\envs\sam3dobjects-nodes\Lib\threading.py", line 359 in wait
[08:37]   [ComfyUI]   File "C:\Users\ContainerUser\AppData\Local\Programs\comfy-env\.pixi\envs\sam3dobjects-nodes\Lib\threading.py", line 655 in wait
[08:37]   [ComfyUI]   File "C:\Users\ContainerUser\AppData\Local\Programs\comfy-env\.pixi\envs\sam3dobjects-nodes\Lib\site-packages\tqdm\_monitor.py", line 60 in run
[08:37]   [ComfyUI]   File "C:\Users\ContainerUser\AppData\Local\Programs\comfy-env\.pixi\envs\sam3dobjects-nodes\Lib\threading.py", line 1075 in _bootstrap_inner
[08:37]   [ComfyUI]   File "C:\Users\ContainerUser\AppData\Local\Programs\comfy-env\.pixi\envs\sam3dobjects-nodes\Lib\threading.py", line 1032 in _bootstrap
[08:37]   [ComfyUI] 
[08:37]   [ComfyUI] Thread 0x0000369c (most recent call first):
[08:37]   [ComfyUI]   File "C:\Users\ContainerUser\AppData\Local\Programs\comfy-env\.pixi\envs\sam3dobjects-nodes\Lib\threading.py", line 359 in wait
[08:37]   [ComfyUI]   File "C:\Users\ContainerUser\AppData\Local\Programs\comfy-env\.pixi\envs\sam3dobjects-nodes\Lib\threading.py", line 655 in wait
[08:37]   [ComfyUI]   File "C:\Users\ContainerUser\AppData\Local\Programs\comfy-env\.pixi\envs\sam3dobjects-nodes\Lib\site-packages\tqdm\_monitor.py", line 60 in run
[08:37]   [ComfyUI]   File "C:\Users\ContainerUser\AppData\Local\Programs\comfy-env\.pixi\envs\sam3dobjects-nodes\Lib\threading.py", line 1075 in _bootstrap_inner
[08:37]   [ComfyUI]   File "C:\Users\ContainerUser\AppData\Local\Programs\comfy-env\.pixi\envs\sam3dobjects-nodes\Lib\threading.py", line 1032 in _bootstrap
[08:37]   [ComfyUI] 
[08:37]   [ComfyUI] Thread 0x00003994 (most recent call first):
[08:37]   [ComfyUI]   File "C:\Users\ContainerUser\AppData\Local\Programs\comfy-env\.pixi\envs\sam3dobjects-nodes\Lib\threading.py", line 359 in wait
[08:37]   [ComfyUI]   File "C:\Users\ContainerUser\AppData\Local\Programs\comfy-env\.pixi\envs\sam3dobjects-nodes\Lib\threading.py", line 655 in wait
[08:37]   [ComfyUI]   File "C:\Users\ContainerUser\AppData\Local\Programs\comfy-env\.pixi\envs\sam3dobjects-nodes\Lib\site-packages\tqdm\_monitor.py", line 60 in run
[08:37]   [ComfyUI]   File "C:\Users\ContainerUser\AppData\Local\Programs\comfy-env\.pixi\envs\sam3dobjects-nodes\Lib\threading.py", line 1075 in _bootstrap_inner
[08:37]   [ComfyUI]   File "C:\Users\ContainerUser\AppData\Local\Programs\comfy-env\.pixi\envs\sam3dobjects-nodes\Lib\threading.py", line 1032 in _bootstrap
[08:37]   [ComfyUI] 
[08:37]   [ComfyUI] Thread 0x00002bd0 (most recent call first):
[08:37]   [ComfyUI]   File "C:\Users\ContainerUser\AppData\Local\Programs\comfy-env\.pixi\envs\sam3dobjects-nodes\Lib\threading.py", line 359 in wait
[08:37]   [ComfyUI]   File "C:\Users\ContainerUser\AppData\Local\Programs\comfy-env\.pixi\envs\sam3dobjects-nodes\Lib\threading.py", line 655 in wait
[08:37]   [ComfyUI]   File "C:\Users\ContainerUser\AppData\Local\Programs\comfy-env\.pixi\envs\sam3dobjects-nodes\Lib\site-packages\tqdm\_monitor.py", line 60 in run
[08:37]   [ComfyUI]   File "C:\Users\ContainerUser\AppData\Local\Programs\comfy-env\.pixi\envs\sam3dobjects-nodes\Lib\threading.py", line 1075 in _bootstrap_inner
[08:37]   [ComfyUI]   File "C:\Users\ContainerUser\AppData\Local\Programs\comfy-env\.pixi\envs\sam3dobjects-nodes\Lib\threading.py", line 1032 in _bootstrap
[08:37]   [ComfyUI] 
[08:37]   [ComfyUI] Thread 0x00000920 (most recent call first):
[08:37]   [ComfyUI]   File "C:\Users\ContainerUser\AppData\Local\Programs\comfy-env\.pixi\envs\sam3dobjects-nodes\Lib\threading.py", line 359 in wait
[08:37]   [ComfyUI]   File "C:\Users\ContainerUser\AppData\Local\Programs\comfy-env\.pixi\envs\sam3dobjects-nodes\Lib\threading.py", line 655 in wait
[08:37]   [ComfyUI]   File "C:\Users\ContainerUser\AppData\Local\Programs\comfy-env\.pixi\envs\sam3dobjects-nodes\Lib\site-packages\tqdm\_monitor.py", line 60 in run
[08:37]   [ComfyUI]   File "C:\Users\ContainerUser\AppData\Local\Programs\comfy-env\.pixi\envs\sam3dobjects-nodes\Lib\threading.py", line 1075 in _bootstrap_inner
[08:37]   [ComfyUI]   File "C:\Users\ContainerUser\AppData\Local\Programs\comfy-env\.pixi\envs\sam3dobjects-nodes\Lib\threading.py", line 1032 in _bootstrap
[08:37]   [ComfyUI] 
[08:37]   [ComfyUI] Thread 0x00000890 (most recent call first):
[08:37]   [ComfyUI]   File "C:\Users\ContainerUser\AppData\Local\Programs\comfy-env\.pixi\envs\sam3dobjects-nodes\Lib\threading.py", line 359 in wait
[08:37]   [ComfyUI]   File "C:\Users\ContainerUser\AppData\Local\Programs\comfy-env\.pixi\envs\sam3dobjects-nodes\Lib\threading.py", line 655 in wait
[08:37]   [ComfyUI]   File "C:\Users\ContainerUser\AppData\Local\Programs\comfy-env\.pixi\envs\sam3dobjects-nodes\Lib\site-packages\tqdm\_monitor.py", line 60 in run
[08:37]   [ComfyUI]   File "C:\Users\ContainerUser\AppData\Local\Programs\comfy-env\.pixi\envs\sam3dobjects-nodes\Lib\threading.py", line 1075 in _bootstrap_inner
[08:37]   [ComfyUI]   File "C:\Users\ContainerUser\AppData\Local\Programs\comfy-env\.pixi\envs\sam3dobjects-nodes\Lib\threading.py", line 1032 in _bootstrap
[08:37]   [ComfyUI] 
[08:37]   [ComfyUI] Thread 0x00001520 (most recent call first):
[08:37]   [ComfyUI]   File "C:\Users\ContainerUser\AppData\Local\Programs\comfy-env\.pixi\envs\sam3dobjects-nodes\Lib\threading.py", line 359 in wait
[08:37]   [ComfyUI]   File "C:\Users\ContainerUser\AppData\Local\Programs\comfy-env\.pixi\envs\sam3dobjects-nodes\Lib\threading.py", line 655 in wait
[08:37]   [ComfyUI]   File "C:\Users\ContainerUser\AppData\Local\Programs\comfy-env\.pixi\envs\sam3dobjects-nodes\Lib\site-packages\tqdm\_monitor.py", line 60 in run
[08:37]   [ComfyUI]   File "C:\Users\ContainerUser\AppData\Local\Programs\comfy-env\.pixi\envs\sam3dobjects-nodes\Lib\threading.py", line 1075 in _bootstrap_inner
[08:37]   [ComfyUI]   File "C:\Users\ContainerUser\AppData\Local\Programs\comfy-env\.pixi\envs\sam3dobjects-nodes\Lib\threading.py", line 1032 in _bootstrap
[08:37]   [ComfyUI] 
[08:37]   [ComfyUI] Thread 0x00003ea0 (most recent call first):
[08:37]   [ComfyUI]   File "C:\Users\ContainerUser\AppData\Local\Programs\comfy-env\.pixi\envs\sam3dobjects-nodes\Lib\threading.py", line 359 in wait
[08:37]   [ComfyUI]   File "C:\Users\ContainerUser\AppData\Local\Programs\comfy-env\.pixi\envs\sam3dobjects-nodes\Lib\threading.py", line 655 in wait
[08:37]   [ComfyUI]   File "C:\Users\ContainerUser\AppData\Local\Programs\comfy-env\.pixi\envs\sam3dobjects-nodes\Lib\site-packages\tqdm\_monitor.py", line 60 in run
[08:37]   [ComfyUI]   File "C:\Users\ContainerUser\AppData\Local\Programs\comfy-env\.pixi\envs\sam3dobjects-nodes\Lib\threading.py", line 1075 in _bootstrap_inner
[08:37]   [ComfyUI]   File "C:\Users\ContainerUser\AppData\Local\Programs\comfy-env\.pixi\envs\sam3dobjects-nodes\Lib\threading.py", line 1032 in _bootstrap
[08:37]   [ComfyUI] 
[08:37]   [ComfyUI] Thread 0x00002c1c (most recent call first):
[08:37]   [ComfyUI]   File "C:\Users\ContainerUser\AppData\Local\Temp\comfyui_pvenv_tt8d992t\persistent_worker.py", line 106 in _vram_poller
[08:37]   [ComfyUI]   File "C:\Users\ContainerUser\AppData\Local\Programs\comfy-env\.pixi\envs\sam3dobjects-nodes\Lib\threading.py", line 1012 in run
[08:37]   [ComfyUI]   File "C:\Users\ContainerUser\AppData\Local\Programs\comfy-env\.pixi\envs\sam3dobjects-nodes\Lib\threading.py", line 1075 in _bootstrap_inner
[08:37]   [ComfyUI]   File "C:\Users\ContainerUser\AppData\Local\Programs\comfy-env\.pixi\envs\sam3dobjects-nodes\Lib\threading.py", line 1032 in _bootstrap
[08:37]   [ComfyUI] 
[08:37]   [ComfyUI] Current thread 0x00001064 (most recent call first):
[08:37]   Frame 40 saved (frame_039.jpg, t=121.8s)
[08:37]   [ComfyUI]   File "C:\Users\ContainerUser\AppData\Local\Temp\comfyui_pvenv_tt8d992t\persistent_worker.py", line 52 in _watchdog
[08:37]   [capture-periodic] freeze=2ms shot=78ms unfreeze=2ms saved=True
[08:37]   [ComfyUI]   File "C:\Users\ContainerUser\AppData\Local\Programs\comfy-env\.pixi\envs\sam3dobjects-nodes\Lib\threading.py", line 1012 in run
[08:37]   [ComfyUI]   File "C:\Users\ContainerUser\AppData\Local\Programs\comfy-env\.pixi\envs\sam3dobjects-nodes\Lib\threading.py", line 1075 in _bootstrap_inner
[08:37]   [ComfyUI]   File "C:\Users\ContainerUser\AppData\Local\Programs\comfy-env\.pixi\envs\sam3dobjects-nodes\Lib\threading.py", line 1032 in _bootstrap
[08:37]   [ComfyUI] 
[08:37]   [ComfyUI] Thread 0x000039f4 (most recent call first):
[08:37]   [ComfyUI]   File "C:\Users\ContainerUser\AppData\Local\Programs\comfy-env\.pixi\envs\sam3dobjects-nodes\Lib\ssl.py", line 1105 in read
[08:37]   [ComfyUI]   File "C:\Users\ContainerUser\AppData\Local\Programs\comfy-env\.pixi\envs\sam3dobjects-nodes\Lib\ssl.py", line 1232 in recv
[08:37]   [ComfyUI]   File "C:\Users\ContainerUser\AppData\Local\Programs\comfy-env\.pixi\envs\sam3dobjects-nodes\Lib\site-packages\httpcore\_backends\sync.py", line 128 in read
[08:37]   [ComfyUI]   File "C:\Users\ContainerUser\AppData\Local\Programs\comfy-env\.pixi\envs\sam3dobjects-nodes\Lib\site-packages\httpcore\_sync\http11.py", line 217 in _receive_event
[08:37]   [ComfyUI]   File "C:\Users\ContainerUser\AppData\Local\Programs\comfy-env\.pixi\envs\sam3dobjects-nodes\Lib\site-packages\httpcore\_sync\http11.py", line 177 in _receive_response_headers
[08:37]   [ComfyUI]   File "C:\Users\ContainerUser\AppData\Local\Programs\comfy-env\.pixi\envs\sam3dobjects-nodes\Lib\site-packages\httpcore\_sync\http11.py", line 106 in handle_request
[08:37]   [ComfyUI]   File "C:\Users\ContainerUser\AppData\Local\Programs\comfy-env\.pixi\envs\sam3dobjects-nodes\Lib\site-packages\httpcore\_sync\connection.py", line 103 in handle_request
[08:37]   [ComfyUI]   File "C:\Users\ContainerUser\AppData\Local\Programs\comfy-env\.pixi\envs\sam3dobjects-nodes\Lib\site-packages\httpcore\_sync\connection_pool.py", line 236 in handle_request
[08:37]   [ComfyUI]   File "C:\Users\ContainerUser\AppData\Local\Programs\comfy-env\.pixi\envs\sam3dobjects-nodes\Lib\site-packages\httpx\_transports\default.py", line 250 in handle_request
[08:37]   [ComfyUI]   File "C:\Users\ContainerUser\AppData\Local\Programs\comfy-env\.pixi\envs\sam3dobjects-nodes\Lib\site-packages\httpx\_client.py", line 1014 in _send_single_request
[08:37]   [ComfyUI]   File "C:\Users\ContainerUser\AppData\Local\Programs\comfy-env\.pixi\envs\sam3dobjects-nodes\Lib\site-packages\httpx\_client.py", line 979 in _send_handling_redirects
[08:37]   [ComfyUI]   File "C:\Users\ContainerUser\AppData\Local\Programs\comfy-env\.pixi\envs\sam3dobjects-nodes\Lib\site-packages\httpx\_client.py", line 942 in _send_handling_auth
[08:37]   [ComfyUI]   File "C:\Users\ContainerUser\AppData\Local\Programs\comfy-env\.pixi\envs\sam3dobjects-nodes\Lib\site-packages\httpx\_client.py", line 914 in send
[08:37]   [ComfyUI]   File "C:\Users\ContainerUser\AppData\Local\Programs\comfy-env\.pixi\envs\sam3dobjects-nodes\Lib\site-packages\httpx\_client.py", line 825 in request
[08:37]   [ComfyUI]   File "C:\Users\ContainerUser\AppData\Local\Programs\comfy-env\.pixi\envs\sam3dobjects-nodes\Lib\site-packages\huggingface_hub\utils\_http.py", line 467 in _http_backoff_base
[08:37]   [ComfyUI]   File "C:\Users\ContainerUser\AppData\Local\Programs\comfy-env\.pixi\envs\sam3dobjects-nodes\Lib\site-packages\huggingface_hub\utils\_http.py", line 559 in http_backoff
[08:37]   [ComfyUI]   File "C:\Users\ContainerUser\AppData\Local\Programs\comfy-env\.pixi\envs\sam3dobjects-nodes\Lib\site-packages\huggingface_hub\utils\_http.py", line 685 in _httpx_follow_relative_redirects_with_backoff
[08:37]   [ComfyUI]   File "C:\Users\ContainerUser\AppData\Local\Programs\comfy-env\.pixi\envs\sam3dobjects-nodes\Lib\site-packages\huggingface_hub\file_download.py", line 1591 in get_hf_file_metadata
[08:37]   [ComfyUI]   File "C:\Users\ContainerUser\AppData\Local\Programs\comfy-env\.pixi\envs\sam3dobjects-nodes\Lib\site-packages\huggingface_hub\utils\_validators.py", line 88 in _inner_fn
[08:37]   [ComfyUI]   File "C:\Users\ContainerUser\AppData\Local\Programs\comfy-env\.pixi\envs\sam3dobjects-nodes\Lib\site-packages\huggingface_hub\file_download.py", line 1669 in _get_metadata_or_catch_error
[08:37]   [ComfyUI]   File "C:\Users\ContainerUser\AppData\Local\Programs\comfy-env\.pixi\envs\sam3dobjects-nodes\Lib\site-packages\huggingface_hub\file_download.py", line 1288 in _hf_hub_download_to_local_dir
[08:37]   [ComfyUI]   File "C:\Users\ContainerUser\AppData\Local\Programs\comfy-env\.pixi\envs\sam3dobjects-nodes\Lib\site-packages\huggingface_hub\file_download.py", line 976 in hf_hub_download
[08:37]   [ComfyUI]   File "C:\Users\ContainerUser\AppData\Local\Programs\comfy-env\.pixi\envs\sam3dobjects-nodes\Lib\site-packages\huggingface_hub\utils\_validators.py", line 88 in _inner_fn
[08:37]   [ComfyUI]   File "C:\workspaces\SAM3DObjects-2121\ComfyUI\custom_nodes\ComfyUI-SAM3DObjects\nodes\load_model.py", line 268 in _ensure_moge_safetensors
[08:37]   [ComfyUI]   File "C:\workspaces\SAM3DObjects-2121\ComfyUI\custom_nodes\ComfyUI-SAM3DObjects\nodes\load_model.py", line 154 in execute
[08:37]   [ComfyUI]   File "C:\Users\ContainerUser\AppData\Local\Programs\comfy-env\.pixi\envs\sam3dobjects-nodes\Lib\site-packages\torch\utils\_contextlib.py", line 124 in decorate_context
[08:37]   [ComfyUI]   File "C:\workspaces\SAM3DObjects-2121\ComfyUI\comfy_api\latest\_io.py", line 1833 in EXECUTE_NORMALIZED
[08:37]   [ComfyUI]   File "C:\Users\ContainerUser\AppData\Local\Temp\comfyui_pvenv_tt8d992t\persistent_worker.py", line 1762 in main
[08:37]   [ComfyUI]   File "C:\Users\ContainerUser\AppData\Local\Temp\comfyui_pvenv_tt8d992t\persistent_worker.py", line 1807 in <module>
[08:37]   [ComfyUI] 
[08:37]   [ComfyUI] moge_vitl.safetensors:   0%|          | 0.00/1.26G [00:00<?, ?B/s]
[08:37]   [ComfyUI] [worker:ComfyUI-SAM3DObjects] === END ===
[08:37]   [ComfyUI] 
[08:38]   [ComfyUI] 
[08:38]   [ComfyUI] moge_vitl.safetensors:   0%|          | 70.2k/1.26G [00:01<4:59:34, 69.9kB/s][SubprocessWorker] callback 'report_progress' from call_id=1
[08:39]   Frame 41 saved (frame_040.jpg, t=123.9s)
[08:39]   [capture-periodic] freeze=2ms shot=106ms unfreeze=2ms saved=True
[08:39]   [ComfyUI] 
[08:39]   [ComfyUI] moge_vitl.safetensors:   9%|▊         | 108M/1.26G [00:02<00:20, 55.2MB/s]   [SubprocessWorker] callback 'report_progress' from call_id=1
[08:40]   [ComfyUI] 
[08:40]   [ComfyUI] moge_vitl.safetensors:  15%|█▍        | 188M/1.26G [00:02<00:12, 83.5MB/s][SubprocessWorker] callback 'report_progress' from call_id=1
[08:41]   [ComfyUI] 
[08:41]   [ComfyUI] moge_vitl.safetensors:  18%|█▊        | 220M/1.26G [00:03<00:15, 68.6MB/s][SubprocessWorker] callback 'report_progress' from call_id=1
[08:42]   Frame 42 saved (frame_041.jpg, t=126.1s)
[08:42]   [capture-periodic] freeze=2ms shot=95ms unfreeze=3ms saved=True
[08:42]   [ComfyUI] 
[08:42]   [ComfyUI] moge_vitl.safetensors:  22%|██▏       | 279M/1.26G [00:04<00:15, 64.6MB/s][SubprocessWorker] callback 'report_progress' from call_id=1
[08:42]   [capture-loop] iter=1100 t=127.1s state={'complete': False, 'error': None, 'executedCount': 2, 'wsState': 1} eval_ms=3 ram=10.4/31.9GB (33%) swap=0.0/5.0GB (0%) cpu=12% browser_rss=0.76GB
[08:43]   [ComfyUI] 
[08:43]   [ComfyUI] moge_vitl.safetensors:  31%|███       | 389M/1.26G [00:05<00:10, 81.4MB/s][SubprocessWorker] callback 'report_progress' from call_id=1
[08:43]   [ComfyUI] 
[08:43]   [ComfyUI] moge_vitl.safetensors:  35%|███▍      | 439M/1.26G [00:05<00:08, 95.2MB/s][SubprocessWorker] callback 'report_progress' from call_id=1
[08:44]   Frame 43 saved (frame_042.jpg, t=128.3s)
[08:44]   [capture-periodic] freeze=2ms shot=103ms unfreeze=3ms saved=True
[08:44]   [ComfyUI] 
[08:44]   [ComfyUI] moge_vitl.safetensors:  50%|█████     | 630M/1.26G [00:06<00:04, 133MB/s] [SubprocessWorker] callback 'report_progress' from call_id=1
[08:44]   [ComfyUI] [SubprocessWorker] callback 'report_progress' from call_id=1
[08:44]   [ComfyUI] 
[08:44]   [ComfyUI] moge_vitl.safetensors:  53%|█████▎    | 669M/1.26G [00:07<00:04, 121MB/s][SubprocessWorker] callback 'report_progress' from call_id=1
[08:45]   [ComfyUI] [SubprocessWorker] callback 'report_progress' from call_id=1
[08:45]   [ComfyUI] 
[08:45]   [ComfyUI] moge_vitl.safetensors:  61%|██████    | 766M/1.26G [00:08<00:03, 124MB/s][SubprocessWorker] callback 'report_progress' from call_id=1
[08:45]   [ComfyUI] 
[08:45]   [ComfyUI] moge_vitl.safetensors:  62%|██████▏   | 781M/1.26G [00:08<00:04, 115MB/s][SubprocessWorker] callback 'report_progress' from call_id=1
[08:46]   Frame 44 saved (frame_043.jpg, t=130.5s)
[08:46]   [capture-periodic] freeze=2ms shot=90ms unfreeze=3ms saved=True
[08:46]   [ComfyUI] 
[08:46]   [ComfyUI] moge_vitl.safetensors:  67%|██████▋   | 840M/1.26G [00:09<00:04, 102MB/s][SubprocessWorker] callback 'report_progress' from call_id=1
[08:46]   [ComfyUI] 
[08:46]   [ComfyUI] moge_vitl.safetensors:  72%|███████▏  | 899M/1.26G [00:09<00:02, 122MB/s][SubprocessWorker] callback 'report_progress' from call_id=1
[08:48]   [ComfyUI] 
[08:48]   [ComfyUI] moge_vitl.safetensors:  82%|████████▏ | 1.03G/1.26G [00:10<00:02, 113MB/s][SubprocessWorker] callback 'report_progress' from call_id=1
[08:48]   Frame 45 saved (frame_044.jpg, t=132.7s)
[08:48]   [capture-periodic] freeze=2ms shot=91ms unfreeze=5ms saved=True
[08:48]   [ComfyUI] 
[08:48]   [ComfyUI] moge_vitl.safetensors:  85%|████████▍ | 1.06G/1.26G [00:11<00:01, 102MB/s][SubprocessWorker] callback 'report_progress' from call_id=1
[08:48]   [capture-loop] iter=1150 t=133.0s state={'complete': False, 'error': None, 'executedCount': 2, 'wsState': 1} eval_ms=5 ram=10.6/31.9GB (33%) swap=0.0/5.0GB (0%) cpu=17% browser_rss=0.76GB
[08:49]   [ComfyUI] 
[08:49]   [ComfyUI] moge_vitl.safetensors:  89%|████████▉ | 1.12G/1.26G [00:12<00:01, 82.9MB/s][SubprocessWorker] callback 'report_progress' from call_id=1
[08:50]   [ComfyUI] 
[08:50]   [ComfyUI] moge_vitl.safetensors: 100%|██████████| 1.26G/1.26G [00:12<00:00, 130MB/s] [SubprocessWorker] callback 'report_progress' from call_id=1
[08:50]   [ComfyUI] 
[08:50]   [ComfyUI] moge_vitl.safetensors: 100%|██████████| 1.26G/1.26G [00:12<00:00, 101MB/s]
[08:50]   [ComfyUI] 
[08:50]   [ComfyUI] moge_vitl_config.json:   0%|          | 0.00/343 [00:00<?, ?B/s][SubprocessWorker] callback 'report_progress' from call_id=1
[08:50]   [ComfyUI] 
[08:50]   [ComfyUI] moge_vitl_config.json: 100%|██████████| 343/343 [00:00<?, ?B/s]
[08:50]   [ComfyUI] [SubprocessWorker] got response: ok
[08:50]   [ComfyUI] [comfy-env] LoadSAM3DModel done (132.95s): result: NodeOutput
[08:50]   [ComfyUI] [VRAM] After LoadSAM3DModel: 1156 / 16379 MB
[08:50]   [ComfyUI] [comfy-env] Running SAM3D_DepthEstimate: depth_model: dict, image: torch.float32 [1,2240,3360,3] cpu
[08:50]   [ComfyUI] [VRAM] Before SAM3D_DepthEstimate: 1156 / 16379 MB
[08:50]   [ComfyUI] [SubprocessWorker] call_method: nodes.depth_estimate.SAM3D_DepthEstimate.EXECUTE_NORMALIZED
[08:50]   [ComfyUI] [SubprocessWorker] acquired lock, ensuring started...
[08:50]   [ComfyUI] [ComfyUI-SAM3DObjects] Health check: ping (timeout=5.0s)...
[08:50]   [ComfyUI] [ComfyUI-SAM3DObjects] Health check: ok
[08:50]   [ComfyUI] [SubprocessWorker] worker started/confirmed
[08:50]   [ComfyUI] [comfy-env] PRE-SERIALIZE 'image' shape: torch.Size([1, 2240, 3360, 3])
[08:50]   [ComfyUI] [SubprocessWorker] serializing kwargs to shm...
[08:50]   [ComfyUI] [SubprocessWorker] created 0 shm blocks
[08:50]   [ComfyUI] [SubprocessWorker] sending request via socket...
[08:50]   [ComfyUI] [SubprocessWorker] call_id=2 sending call_method
[08:50]   [ComfyUI] [worker:ComfyUI-SAM3DObjects] [comfy-env] _from_shm got dict with keys: ['__type__', 'strategy', 'manager_path', 'storage_key', 'storage_size']
[08:50]   [ComfyUI] [worker:ComfyUI-SAM3DObjects] [comfy-env] DESERIALIZE TensorRef: tensor_size=[1, 2240, 3360, 3]
[08:50]   [ComfyUI] [worker:ComfyUI-SAM3DObjects] [comfy-env] DESERIALIZED tensor shape: torch.Size([1, 2240, 3360, 3])
[08:50]   [ComfyUI] [worker:ComfyUI-SAM3DObjects] WARNING: No comfy kitchen, using old apply_rope functions.
[08:50]   Frame 46 saved (frame_045.jpg, t=134.9s)
[08:50]   [capture-periodic] freeze=2ms shot=79ms unfreeze=2ms saved=True
[08:54]   [capture-loop] iter=1200 t=138.5s state={'complete': False, 'error': None, 'executedCount': 2, 'wsState': 1} eval_ms=3 ram=10.4/31.9GB (32%) swap=0.0/5.0GB (0%) cpu=13% browser_rss=0.76GB
[08:59]   [capture-loop] iter=1250 t=144.1s state={'complete': False, 'error': None, 'executedCount': 2, 'wsState': 1} eval_ms=2 ram=10.4/31.9GB (32%) swap=0.0/5.0GB (0%) cpu=16% browser_rss=0.76GB
[09:00]   [ComfyUI] [worker:ComfyUI-SAM3DObjects] [VRAM] DepthEstimate: start: torch=0MiB alloc, 0MiB reserved | gpu=1156MiB/16379MiB used
[09:00]   [ComfyUI] [worker:ComfyUI-SAM3DObjects] [VRAM] DepthEstimate: before MoGe from_pretrained: torch=0MiB alloc, 0MiB reserved | gpu=1156MiB/16379MiB used
[09:00]   [ComfyUI] C:\workspaces\SAM3DObjects-2121\ComfyUI\custom_nodes\ComfyUI-SAM3DObjects\nodes\sam3d\moge.py:1012: UserWarning: Deprecated arguments ignored: {'output_mask': True, 'split_head': True}
[09:00]   [ComfyUI]   warnings.warn(f"Deprecated arguments ignored: {deprecated_kwargs}")
[09:00]   [ComfyUI] [worker:ComfyUI-SAM3DObjects] [VRAM] DepthEstimate: after MoGe from_pretrained: torch=0MiB alloc, 0MiB reserved | gpu=1156MiB/16379MiB used
[09:00]   [ComfyUI] [worker:ComfyUI-SAM3DObjects] [VRAM] DepthEstimate: before load_models_gpu: torch=0MiB alloc, 0MiB reserved | gpu=1156MiB/16379MiB used
[09:00]   [ComfyUI] [SubprocessWorker] callback 'request_vram_budget' from call_id=2
[09:00]   [ComfyUI] [comfy-env] VRAM request: 0.63GB, free before eviction: 15.96GB
[09:00]   [ComfyUI] [comfy-env] VRAM after eviction: 15.96GB
[09:01]   [ComfyUI] [worker:ComfyUI-SAM3DObjects] [VRAM] +336MB (now 336MB) reserved=352MB peak=336MB
[09:01]   [ComfyUI] [worker:ComfyUI-SAM3DObjects] [VRAM] DepthEstimate: after load_models_gpu: torch=599MiB alloc, 608MiB reserved | gpu=1776MiB/16379MiB used
[09:02]   [ComfyUI] [worker:ComfyUI-SAM3DObjects] [VRAM] +263MB (now 599MB) reserved=608MB peak=599MB
[09:05]   [capture-loop] iter=1300 t=149.6s state={'complete': False, 'error': None, 'executedCount': 2, 'wsState': 1} eval_ms=2 ram=10.3/31.9GB (32%) swap=0.0/5.0GB (0%) cpu=15% browser_rss=0.76GB
[09:09]   [ComfyUI] [SubprocessWorker] callback 'report_progress' from call_id=2
[09:09]   [ComfyUI] [worker:ComfyUI-SAM3DObjects] [VRAM] DepthEstimate: before MoGe inference: torch=599MiB alloc, 608MiB reserved | gpu=1776MiB/16379MiB used
[09:11]   [capture-loop] iter=1350 t=155.2s state={'complete': False, 'error': None, 'executedCount': 2, 'wsState': 1} eval_ms=2 ram=10.6/31.9GB (33%) swap=0.0/5.0GB (0%) cpu=15% browser_rss=0.76GB
[09:11]   Frame 47 saved (frame_046.jpg, t=156.1s)
[09:11]   [capture-periodic] freeze=2ms shot=84ms unfreeze=2ms saved=True
[09:12]   [ComfyUI] [worker:ComfyUI-SAM3DObjects] [VRAM] +235MB (now 835MB) reserved=960MB peak=835MB
[09:12]   [ComfyUI] [worker:ComfyUI-SAM3DObjects] [VRAM] DepthEstimate: after MoGe inference: torch=759MiB alloc, 1024MiB reserved | gpu=2228MiB/16379MiB used
[09:12]   [ComfyUI] [worker:ComfyUI-SAM3DObjects] [VRAM] DepthEstimate: after cleanup: torch=159MiB alloc, 192MiB reserved | gpu=1396MiB/16379MiB used
[09:12]   [ComfyUI] [SubprocessWorker] callback 'report_progress' from call_id=2
[09:12]   [ComfyUI] [SubprocessWorker] callback 'report_progress' from call_id=2
[09:13]   [ComfyUI] [worker:ComfyUI-SAM3DObjects] [VRAM] -590MB (now 245MB) reserved=608MB peak=835MB
[09:14]   Frame 48 saved (frame_047.jpg, t=158.2s)
[09:14]   [capture-periodic] freeze=2ms shot=90ms unfreeze=2ms saved=True
[09:16]   [capture-loop] iter=1400 t=160.9s state={'complete': False, 'error': None, 'executedCount': 2, 'wsState': 1} eval_ms=2 ram=11.8/31.9GB (37%) swap=0.0/5.0GB (0%) cpu=13% browser_rss=0.76GB
[09:22]   [capture-loop] iter=1450 t=166.4s state={'complete': False, 'error': None, 'executedCount': 2, 'wsState': 1} eval_ms=2 ram=11.8/31.9GB (37%) swap=0.0/5.0GB (0%) cpu=11% browser_rss=0.76GB
[09:27]   [capture-loop] iter=1500 t=172.0s state={'complete': False, 'error': None, 'executedCount': 2, 'wsState': 1} eval_ms=2 ram=11.7/31.9GB (37%) swap=0.0/5.0GB (0%) cpu=11% browser_rss=0.76GB
[09:31]   [ComfyUI] [SubprocessWorker] callback 'report_progress' from call_id=2
[09:31]   [ComfyUI] [worker:ComfyUI-SAM3DObjects] [VRAM] DepthEstimate: done: torch=245MiB alloc, 608MiB reserved | gpu=1812MiB/16379MiB used
[09:31]   [ComfyUI] [worker:ComfyUI-SAM3DObjects] [VRAM] -237MB (now 9MB) reserved=608MB peak=835MB
[09:31]   [ComfyUI] [SubprocessWorker] got response: ok
[09:31]   [ComfyUI] [comfy-env] Created 1 model patchers: ['MoGeModelV1_1']
[09:31]   [ComfyUI] [comfy-env] SAM3D_DepthEstimate done (41.03s): result: NodeOutput
[09:31]   [ComfyUI] [VRAM] After SAM3D_DepthEstimate: 1156 / 16379 MB
[09:31]   [ComfyUI] [VRAM] Loaded: SubprocessModel (0 MB)
[09:31]   [ComfyUI] [comfy-env] Running SAM3DGenerateSLAT: seed: 42, stage1_steps: 12, stage1_cfg: 7.5, stage1_cfg_pm: 0.0, stage2_steps: 12, stage2_cfg: 5.0, use_distillation: False, generator: dict, image: torch.float32 [1,2240,3360,3] cpu, mask: torch.float32 [1,2240,3360] cpu, pointmap: torch.float32 [2240,3360,3] cpu
[09:31]   [ComfyUI] [VRAM] Before SAM3DGenerateSLAT: 1156 / 16379 MB
[09:31]   [ComfyUI] [VRAM] Loaded: SubprocessModel (0 MB)
[09:31]   [ComfyUI] [SubprocessWorker] call_method: nodes.generate_slat.SAM3DGenerateSLAT.EXECUTE_NORMALIZED
[09:31]   [ComfyUI] [SubprocessWorker] acquired lock, ensuring started...
[09:31]   [ComfyUI] [ComfyUI-SAM3DObjects] Health check: ping (timeout=5.0s)...
[09:31]   [ComfyUI] [ComfyUI-SAM3DObjects] Health check: ok
[09:31]   [ComfyUI] [SubprocessWorker] worker started/confirmed
[09:31]   [ComfyUI] [comfy-env] PRE-SERIALIZE 'image' shape: torch.Size([1, 2240, 3360, 3])
[09:31]   [ComfyUI] [comfy-env] PRE-SERIALIZE 'mask' shape: torch.Size([1, 2240, 3360])
[09:31]   [ComfyUI] [comfy-env] PRE-SERIALIZE 'pointmap' shape: torch.Size([2240, 3360, 3])
[09:31]   [ComfyUI] [SubprocessWorker] serializing kwargs to shm...
[09:31]   [ComfyUI] [SubprocessWorker] created 0 shm blocks
[09:31]   [ComfyUI] [SubprocessWorker] sending request via socket...
[09:31]   [ComfyUI] [SubprocessWorker] call_id=3 sending call_method
[09:31]   [ComfyUI] [worker:ComfyUI-SAM3DObjects] [comfy-env] _from_shm got dict with keys: ['__type__', 'strategy', 'manager_path', 'storage_key', 'storage_size']
[09:31]   [ComfyUI] [worker:ComfyUI-SAM3DObjects] [comfy-env] DESERIALIZE TensorRef: tensor_size=[1, 2240, 3360, 3]
[09:31]   [ComfyUI] [worker:ComfyUI-SAM3DObjects] [comfy-env] DESERIALIZED tensor shape: torch.Size([1, 2240, 3360, 3])
[09:31]   [ComfyUI] [worker:ComfyUI-SAM3DObjects] [comfy-env] _from_shm got dict with keys: ['__type__', 'strategy', 'manager_path', 'storage_key', 'storage_size']
[09:31]   [ComfyUI] [worker:ComfyUI-SAM3DObjects] [comfy-env] DESERIALIZE TensorRef: tensor_size=[1, 2240, 3360]
[09:31]   [ComfyUI] [worker:ComfyUI-SAM3DObjects] [comfy-env] DESERIALIZED tensor shape: torch.Size([1, 2240, 3360])
[09:31]   [ComfyUI] [worker:ComfyUI-SAM3DObjects] [comfy-env] _from_shm got dict with keys: ['__type__', 'strategy', 'manager_path', 'storage_key', 'storage_size']
[09:31]   [ComfyUI] [worker:ComfyUI-SAM3DObjects] [comfy-env] DESERIALIZE TensorRef: tensor_size=[2240, 3360, 3]
[09:31]   [ComfyUI] [worker:ComfyUI-SAM3DObjects] [comfy-env] DESERIALIZED tensor shape: torch.Size([2240, 3360, 3])
[09:31]   [ComfyUI] [worker:ComfyUI-SAM3DObjects] [VRAM] GenerateSLAT: start: torch=9MiB alloc, 608MiB reserved | gpu=1812MiB/16379MiB used
[09:31]   [ComfyUI] 2026-05-18 21:31:06.261 | WARNING  | nodes.sam3d.transforms:__post_init__:1359 - No rgb pointmap normalizer provided, using scale + shift
[09:32]   [ComfyUI] [worker:ComfyUI-SAM3DObjects] [VRAM] _load_condition_embedder(ss): before build: torch=109MiB alloc, 768MiB reserved | gpu=2008MiB/16379MiB used
[09:33]   Frame 49 saved (frame_048.jpg, t=177.3s)
[09:33]   [capture-periodic] freeze=2ms shot=96ms unfreeze=3ms saved=True
[09:33]   [capture-loop] iter=1550 t=177.7s state={'complete': False, 'error': None, 'executedCount': 2, 'wsState': 1} eval_ms=3 ram=12.6/31.9GB (40%) swap=0.0/5.0GB (0%) cpu=28% browser_rss=0.76GB
[09:35]   Frame 50 saved (frame_049.jpg, t=179.5s)
[09:35]   [capture-periodic] freeze=2ms shot=90ms unfreeze=2ms saved=True
[09:36]   [ComfyUI] [worker:ComfyUI-SAM3DObjects] [VRAM] _load_condition_embedder(ss): after load_state_dict: torch=109MiB alloc, 768MiB reserved | gpu=2008MiB/16379MiB used
[09:36]   [ComfyUI] [SubprocessWorker] callback 'request_vram_budget' from call_id=3
[09:36]   [ComfyUI] [comfy-env] VRAM request: 2.54GB, free before eviction: 15.96GB
[09:36]   [ComfyUI] [comfy-env] VRAM after eviction: 15.96GB
[09:36]   [ComfyUI] [worker:ComfyUI-SAM3DObjects] [VRAM] +308MB (now 317MB) reserved=384MB peak=835MB
[09:37]   [ComfyUI] [worker:ComfyUI-SAM3DObjects] [VRAM] Stage1: before embedding: torch=1368MiB alloc, 1376MiB reserved | gpu=2616MiB/16379MiB used
[09:37]   [ComfyUI] [worker:ComfyUI-SAM3DObjects]
[09:37]   [ComfyUI] === WATCHDOG TICK 3 ===
[09:37]   [ComfyUI] [worker:ComfyUI-SAM3DObjects] Thread 0x0000438c (most recent call first):
[09:37]   [ComfyUI]   File "C:\Users\ContainerUser\AppData\Local\Programs\comfy-env\.pixi\envs\sam3dobjects-nodes\Lib\threading.py", line 359 in wait
[09:37]   [ComfyUI]   File "C:\Users\ContainerUser\AppData\Local\Programs\comfy-env\.pixi\envs\sam3dobjects-nodes\Lib\threading.py", line 655 in wait
[09:37]   [ComfyUI]   File "C:\Users\ContainerUser\AppData\Local\Programs\comfy-env\.pixi\envs\sam3dobjects-nodes\Lib\site-packages\tqdm\_monitor.py", line 60 in run
[09:37]   [ComfyUI]   File "C:\Users\ContainerUser\AppData\Local\Programs\comfy-env\.pixi\envs\sam3dobjects-nodes\Lib\threading.py", line 1075 in _bootstrap_inner
[09:37]   [ComfyUI]   File "C:\Users\ContainerUser\AppData\Local\Programs\comfy-env\.pixi\envs\sam3dobjects-nodes\Lib\threading.py", line 1032 in _bootstrap
[09:37]   [ComfyUI] 
[09:37]   [ComfyUI] Thread 0x000041c0 (most recent call first):
[09:37]   [ComfyUI]   File "C:\Users\ContainerUser\AppData\Local\Programs\comfy-env\.pixi\envs\sam3dobjects-nodes\Lib\threading.py", line 359 in wait
[09:37]   [ComfyUI]   File "C:\Users\ContainerUser\AppData\Local\Programs\comfy-env\.pixi\envs\sam3dobjects-nodes\Lib\threading.py", line 655 in wait
[09:37]   [ComfyUI]   File "C:\Users\ContainerUser\AppData\Local\Programs\comfy-env\.pixi\envs\sam3dobjects-nodes\Lib\site-packages\tqdm\_monitor.py", line 60 in run
[09:37]   [ComfyUI]   File "C:\Users\ContainerUser\AppData\Local\Programs\comfy-env\.pixi\envs\sam3dobjects-nodes\Lib\threading.py", line 1075 in _bootstrap_inner
[09:37]   [ComfyUI]   File "C:\Users\ContainerUser\AppData\Local\Programs\comfy-env\.pixi\envs\sam3dobjects-nodes\Lib\threading.py", line 1032 in _bootstrap
[09:37]   [ComfyUI] 
[09:37]   [ComfyUI] Thread 0x0000388c (most recent call first):
[09:37]   [ComfyUI]   File "C:\Users\ContainerUser\AppData\Local\Programs\comfy-env\.pixi\envs\sam3dobjects-nodes\Lib\threading.py", line 359 in wait
[09:37]   [ComfyUI]   File "C:\Users\ContainerUser\AppData\Local\Programs\comfy-env\.pixi\envs\sam3dobjects-nodes\Lib\threading.py", line 655 in wait
[09:37]   [ComfyUI]   File "C:\Users\ContainerUser\AppData\Local\Programs\comfy-env\.pixi\envs\sam3dobjects-nodes\Lib\site-packages\tqdm\_monitor.py", line 60 in run
[09:37]   [ComfyUI]   File "C:\Users\ContainerUser\AppData\Local\Programs\comfy-env\.pixi\envs\sam3dobjects-nodes\Lib\threading.py", line 1075 in _bootstrap_inner
[09:37]   [ComfyUI]   File "C:\Users\ContainerUser\AppData\Local\Programs\comfy-env\.pixi\envs\sam3dobjects-nodes\Lib\threading.py", line 1032 in _bootstrap
[09:37]   [ComfyUI] 
[09:37]   [ComfyUI] Thread 0x00000834 (most recent call first):
[09:37]   [ComfyUI]   File "C:\Users\ContainerUser\AppData\Local\Programs\comfy-env\.pixi\envs\sam3dobjects-nodes\Lib\threading.py", line 359 in wait
[09:37]   [ComfyUI]   File "C:\Users\ContainerUser\AppData\Local\Programs\comfy-env\.pixi\envs\sam3dobjects-nodes\Lib\threading.py", line 655 in wait
[09:37]   [ComfyUI]   File "C:\Users\ContainerUser\AppData\Local\Programs\comfy-env\.pixi\envs\sam3dobjects-nodes\Lib\site-packages\tqdm\_monitor.py", line 60 in run
[09:37]   [ComfyUI]   File "C:\Users\ContainerUser\AppData\Local\Programs\comfy-env\.pixi\envs\sam3dobjects-nodes\Lib\threading.py", line 1075 in _bootstrap_inner
[09:37]   [ComfyUI]   File "C:\Users\ContainerUser\AppData\Local\Programs\comfy-env\.pixi\envs\sam3dobjects-nodes\Lib\threading.py", line 1032 in _bootstrap
[09:37]   [ComfyUI] 
[09:37]   [ComfyUI] Thread 0x000015ac (most recent call first):
[09:37]   [ComfyUI]   File "C:\Users\ContainerUser\AppData\Local\Programs\comfy-env\.pixi\envs\sam3dobjects-nodes\Lib\threading.py", line 359 in wait
[09:37]   [ComfyUI]   File "C:\Users\ContainerUser\AppData\Local\Programs\comfy-env\.pixi\envs\sam3dobjects-nodes\Lib\threading.py", line 655 in wait
[09:37]   [ComfyUI]   File "C:\Users\ContainerUser\AppData\Local\Programs\comfy-env\.pixi\envs\sam3dobjects-nodes\Lib\site-packages\tqdm\_monitor.py", line 60 in run
[09:37]   [ComfyUI]   File "C:\Users\ContainerUser\AppData\Local\Programs\comfy-env\.pixi\envs\sam3dobjects-nodes\Lib\threading.py", line 1075 in _bootstrap_inner
[09:37]   [ComfyUI]   File "C:\Users\ContainerUser\AppData\Local\Programs\comfy-env\.pixi\envs\sam3dobjects-nodes\Lib\threading.py", line 1032 in _bootstrap
[09:37]   [ComfyUI] 
[09:37]   [ComfyUI] Thread 0x00003630 (most recent call first):
[09:37]   [ComfyUI]   File "C:\Users\ContainerUser\AppData\Local\Programs\comfy-env\.pixi\envs\sam3dobjects-nodes\Lib\threading.py", line 359 in wait
[09:37]   [ComfyUI]   File "C:\Users\ContainerUser\AppData\Local\Programs\comfy-env\.pixi\envs\sam3dobjects-nodes\Lib\threading.py", line 655 in wait
[09:37]   [ComfyUI]   File "C:\Users\ContainerUser\AppData\Local\Programs\comfy-env\.pixi\envs\sam3dobjects-nodes\Lib\site-packages\tqdm\_monitor.py", line 60 in run
[09:37]   [ComfyUI]   File "C:\Users\ContainerUser\AppData\Local\Programs\comfy-env\.pixi\envs\sam3dobjects-nodes\Lib\threading.py", line 1075 in _bootstrap_inner
[09:37]   [ComfyUI]   File "C:\Users\ContainerUser\AppData\Local\Programs\comfy-env\.pixi\envs\sam3dobjects-nodes\Lib\threading.py", line 1032 in _bootstrap
[09:37]   [ComfyUI] 
[09:37]   [ComfyUI] Thread 0x00000c44 (most recent call first):
[09:37]   [ComfyUI]   File "C:\Users\ContainerUser\AppData\Local\Programs\comfy-env\.pixi\envs\sam3dobjects-nodes\Lib\threading.py", line 359 in wait
[09:37]   [ComfyUI]   File "C:\Users\ContainerUser\AppData\Local\Programs\comfy-env\.pixi\envs\sam3dobjects-nodes\Lib\threading.py", line 655 in wait
[09:37]   [ComfyUI]   File "C:\Users\ContainerUser\AppData\Local\Programs\comfy-env\.pixi\envs\sam3dobjects-nodes\Lib\site-packages\tqdm\_monitor.py", line 60 in run
[09:37]   [ComfyUI]   File "C:\Users\ContainerUser\AppData\Local\Programs\comfy-env\.pixi\envs\sam3dobjects-nodes\Lib\threading.py", line 1075 in _bootstrap_inner
[09:37]   [ComfyUI]   File "C:\Users\ContainerUser\AppData\Local\Programs\comfy-env\.pixi\envs\sam3dobjects-nodes\Lib\threading.py", line 1032 in _bootstrap
[09:37]   [ComfyUI] 
[09:37]   [ComfyUI] Thread 0x00003618 (most recent call first):
[09:37]   [ComfyUI]   File "C:\Users\ContainerUser\AppData\Local\Programs\comfy-env\.pixi\envs\sam3dobjects-nodes\Lib\threading.py", line 359 in wait
[09:37]   [ComfyUI]   File "C:\Users\ContainerUser\AppData\Local\Programs\comfy-env\.pixi\envs\sam3dobjects-nodes\Lib\threading.py", line 655 in wait
[09:37]   [ComfyUI]   File "C:\Users\ContainerUser\AppData\Local\Programs\comfy-env\.pixi\envs\sam3dobjects-nodes\Lib\site-packages\tqdm\_monitor.py", line 60 in run
[09:37]   [ComfyUI]   File "C:\Users\ContainerUser\AppData\Local\Programs\comfy-env\.pixi\envs\sam3dobjects-nodes\Lib\threading.py", line 1075 in _bootstrap_inner
[09:37]   [ComfyUI]   File "C:\Users\ContainerUser\AppData\Local\Programs\comfy-env\.pixi\envs\sam3dobjects-nodes\Lib\threading.py", line 1032 in _bootstrap
[09:37]   [ComfyUI] 
[09:37]   [ComfyUI] Thread 0x000018ec (most recent call first):
[09:37]   [ComfyUI]   File "C:\Users\ContainerUser\AppData\Local\Programs\comfy-env\.pixi\envs\sam3dobjects-nodes\Lib\threading.py", line 359 in wait
[09:37]   [ComfyUI]   File "C:\Users\ContainerUser\AppData\Local\Programs\comfy-env\.pixi\envs\sam3dobjects-nodes\Lib\threading.py", line 655 in wait
[09:37]   [ComfyUI]   File "C:\Users\ContainerUser\AppData\Local\Programs\comfy-env\.pixi\envs\sam3dobjects-nodes\Lib\site-packages\tqdm\_monitor.py", line 60 in run
[09:37]   [ComfyUI]   File "C:\Users\ContainerUser\AppData\Local\Programs\comfy-env\.pixi\envs\sam3dobjects-nodes\Lib\threading.py", line 1075 in _bootstrap_inner
[09:37]   [ComfyUI]   File "C:\Users\ContainerUser\AppData\Local\Programs\comfy-env\.pixi\envs\sam3dobjects-nodes\Lib\threading.py", line 1032 in _bootstrap
[09:37]   [ComfyUI] 
[09:37]   [ComfyUI] Thread 0x0000369c (most recent call first):
[09:37]   [ComfyUI]   File "C:\Users\ContainerUser\AppData\Local\Programs\comfy-env\.pixi\envs\sam3dobjects-nodes\Lib\threading.py", line 359 in wait
[09:37]   [ComfyUI]   File "C:\Users\ContainerUser\AppData\Local\Programs\comfy-env\.pixi\envs\sam3dobjects-nodes\Lib\threading.py", line 655 in wait
[09:37]   [ComfyUI]   File "C:\Users\ContainerUser\AppData\Local\Programs\comfy-env\.pixi\envs\sam3dobjects-nodes\Lib\site-packages\tqdm\_monitor.py", line 60 in run
[09:37]   [ComfyUI]   File "C:\Users\ContainerUser\AppData\Local\Programs\comfy-env\.pixi\envs\sam3dobjects-nodes\Lib\threading.py", line 1075 in _bootstrap_inner
[09:37]   [ComfyUI]   File "C:\Users\ContainerUser\AppData\Local\Programs\comfy-env\.pixi\envs\sam3dobjects-nodes\Lib\threading.py", line 1032 in _bootstrap
[09:37]   [ComfyUI] 
[09:37]   [ComfyUI] Thread 0x00003994 (most recent call first):
[09:37]   [ComfyUI]   File "C:\Users\ContainerUser\AppData\Local\Programs\comfy-env\.pixi\envs\sam3dobjects-nodes\Lib\threading.py", line 359 in wait
[09:37]   [ComfyUI]   File "C:\Users\ContainerUser\AppData\Local\Programs\comfy-env\.pixi\envs\sam3dobjects-nodes\Lib\threading.py", line 655 in wait
[09:37]   [ComfyUI]   File "C:\Users\ContainerUser\AppData\Local\Programs\comfy-env\.pixi\envs\sam3dobjects-nodes\Lib\site-packages\tqdm\_monitor.py", line 60 in run
[09:37]   [ComfyUI]   File "C:\Users\ContainerUser\AppData\Local\Programs\comfy-env\.pixi\envs\sam3dobjects-nodes\Lib\threading.py", line 1075 in _bootstrap_inner
[09:37]   [ComfyUI]   File "C:\Users\ContainerUser\AppData\Local\Programs\comfy-env\.pixi\envs\sam3dobjects-nodes\Lib\threading.py", line 1032 in _bootstrap
[09:37]   [ComfyUI] 
[09:37]   [ComfyUI] Thread 0x00002bd0 (most recent call first):
[09:37]   [ComfyUI]   File "C:\Users\ContainerUser\AppData\Local\Programs\comfy-env\.pixi\envs\sam3dobjects-nodes\Lib\threading.py", line 359 in wait
[09:37]   [ComfyUI]   File "C:\Users\ContainerUser\AppData\Local\Programs\comfy-env\.pixi\envs\sam3dobjects-nodes\Lib\threading.py", line 655 in wait
[09:37]   [ComfyUI]   File "C:\Users\ContainerUser\AppData\Local\Programs\comfy-env\.pixi\envs\sam3dobjects-nodes\Lib\site-packages\tqdm\_monitor.py", line 60 in run
[09:37]   [ComfyUI]   File "C:\Users\ContainerUser\AppData\Local\Programs\comfy-env\.pixi\envs\sam3dobjects-nodes\Lib\threading.py", line 1075 in _bootstrap_inner
[09:37]   [ComfyUI]   File "C:\Users\ContainerUser\AppData\Local\Programs\comfy-env\.pixi\envs\sam3dobjects-nodes\Lib\threading.py", line 1032 in _bootstrap
[09:37]   [ComfyUI] 
[09:37]   [ComfyUI] Thread 0x00000920 (most recent call first):
[09:37]   [ComfyUI]   File "C:\Users\ContainerUser\AppData\Local\Programs\comfy-env\.pixi\envs\sam3dobjects-nodes\Lib\threading.py", line 359 in wait
[09:37]   [ComfyUI]   File "C:\Users\ContainerUser\AppData\Local\Programs\comfy-env\.pixi\envs\sam3dobjects-nodes\Lib\threading.py", line 655 in wait
[09:37]   [ComfyUI]   File "C:\Users\ContainerUser\AppData\Local\Programs\comfy-env\.pixi\envs\sam3dobjects-nodes\Lib\site-packages\tqdm\_monitor.py", line 60 in run
[09:37]   [ComfyUI]   File "C:\Users\ContainerUser\AppData\Local\Programs\comfy-env\.pixi\envs\sam3dobjects-nodes\Lib\threading.py", line 1075 in _bootstrap_inner
[09:37]   [ComfyUI]   File "C:\Users\ContainerUser\AppData\Local\Programs\comfy-env\.pixi\envs\sam3dobjects-nodes\Lib\threading.py", line 1032 in _bootstrap
[09:37]   [ComfyUI] 
[09:37]   [ComfyUI] Thread 0x00000890 (most recent call first):
[09:37]   [ComfyUI]   File "C:\Users\ContainerUser\AppData\Local\Programs\comfy-env\.pixi\envs\sam3dobjects-nodes\Lib\threading.py", line 359 in wait
[09:37]   [ComfyUI]   File "C:\Users\ContainerUser\AppData\Local\Programs\comfy-env\.pixi\envs\sam3dobjects-nodes\Lib\threading.py", line 655 in wait
[09:37]   [ComfyUI]   File "C:\Users\ContainerUser\AppData\Local\Programs\comfy-env\.pixi\envs\sam3dobjects-nodes\Lib\site-packages\tqdm\_monitor.py", line 60 in run
[09:37]   [ComfyUI]   File "C:\Users\ContainerUser\AppData\Local\Programs\comfy-env\.pixi\envs\sam3dobjects-nodes\Lib\threading.py", line 1075 in _bootstrap_inner
[09:37]   [ComfyUI]   File "C:\Users\ContainerUser\AppData\Local\Programs\comfy-env\.pixi\envs\sam3dobjects-nodes\Lib\threading.py", line 1032 in _bootstrap
[09:37]   [ComfyUI] 
[09:37]   [ComfyUI] Thread 0x00001520 (most recent call first):
[09:37]   [ComfyUI]   File "C:\Users\ContainerUser\AppData\Local\Programs\comfy-env\.pixi\envs\sam3dobjects-nodes\Lib\threading.py", line 359 in wait
[09:37]   [ComfyUI]   File "C:\Users\ContainerUser\AppData\Local\Programs\comfy-env\.pixi\envs\sam3dobjects-nodes\Lib\threading.py", line 655 in wait
[09:37]   [ComfyUI]   File "C:\Users\ContainerUser\AppData\Local\Programs\comfy-env\.pixi\envs\sam3dobjects-nodes\Lib\site-packages\tqdm\_monitor.py", line 60 in run
[09:37]   [ComfyUI]   File "C:\Users\ContainerUser\AppData\Local\Programs\comfy-env\.pixi\envs\sam3dobjects-nodes\Lib\threading.py", line 1075 in _bootstrap_inner
[09:37]   [ComfyUI]   File "C:\Users\ContainerUser\AppData\Local\Programs\comfy-env\.pixi\envs\sam3dobjects-nodes\Lib\threading.py", line 1032 in _bootstrap
[09:37]   [ComfyUI] 
[09:37]   [ComfyUI] Thread 0x00003ea0 (most recent call first):
[09:37]   [ComfyUI]   File "C:\Users\ContainerUser\AppData\Local\Programs\comfy-env\.pixi\envs\sam3dobjects-nodes\Lib\threading.py", line 359 in wait
[09:37]   [ComfyUI]   File "C:\Users\ContainerUser\AppData\Local\Programs\comfy-env\.pixi\envs\sam3dobjects-nodes\Lib\threading.py", line 655 in wait
[09:37]   [ComfyUI]   File "C:\Users\ContainerUser\AppData\Local\Programs\comfy-env\.pixi\envs\sam3dobjects-nodes\Lib\site-packages\tqdm\_monitor.py", line 60 in run
[09:37]   [ComfyUI]   File "C:\Users\ContainerUser\AppData\Local\Programs\comfy-env\.pixi\envs\sam3dobjects-nodes\Lib\threading.py", line 1075 in _bootstrap_inner
[09:37]   [ComfyUI]   File "C:\Users\ContainerUser\AppData\Local\Programs\comfy-env\.pixi\envs\sam3dobjects-nodes\Lib\threading.py", line 1032 in _bootstrap
[09:37]   [ComfyUI] 
[09:37]   [ComfyUI] Thread 0x00002c1c (most recent call first):
[09:37]   [ComfyUI]   File "C:\Users\ContainerUser\AppData\Local\Temp\comfyui_pvenv_tt8d992t\persistent_worker.py", line 106 in _vram_poller
[09:37]   [ComfyUI]   File "C:\Users\ContainerUser\AppData\Local\Programs\comfy-env\.pixi\envs\sam3dobjects-nodes\Lib\threading.py", line 1012 in run
[09:37]   [ComfyUI]   File "C:\Users\ContainerUser\AppData\Local\Programs\comfy-env\.pixi\envs\sam3dobjects-nodes\Lib\threading.py", line 1075 in _bootstrap_inner
[09:37]   [ComfyUI]   File "C:\Users\ContainerUser\AppData\Local\Programs\comfy-env\.pixi\envs\sam3dobjects-nodes\Lib\threading.py", line 1032 in _bootstrap
[09:37]   [ComfyUI] 
[09:37]   [ComfyUI] Current thread 0x00001064 (most recent call first):
[09:37]   [ComfyUI]   File "C:\Users\ContainerUser\AppData\Local\Temp\comfyui_pvenv_tt8d992t\persistent_worker.py", line 52 in _watchdog
[09:37]   [ComfyUI]   File "C:\Users\ContainerUser\AppData\Local\Programs\comfy-env\.pixi\envs\sam3dobjects-nodes\Lib\threading.py", line 1012 in run
[09:37]   [ComfyUI]   File "C:\Users\ContainerUser\AppData\Local\Programs\comfy-env\.pixi\envs\sam3dobjects-nodes\Lib\threading.py", line 1075 in _bootstrap_inner
[09:37]   [ComfyUI]   File "C:\Users\ContainerUser\AppData\Local\Programs\comfy-env\.pixi\envs\sam3dobjects-nodes\Lib\threading.py", line 1032 in _bootstrap
[09:37]   [ComfyUI] 
[09:37]   [ComfyUI] Thread 0x000039f4 (most recent call first):
[09:37]   [ComfyUI]   File "C:\workspaces\SAM3DObjects-2121\ComfyUI\custom_nodes\ComfyUI-SAM3DObjects\nodes\sam3d\model.py", line 1936 in embed_pointmap_windows
[09:37]   [ComfyUI]   File "C:\Users\ContainerUser\AppData\Local\Programs\comfy-env\.pixi\envs\sam3dobjects-nodes\Lib\site-packages\torch\_dynamo\eval_frame.py", line 1181 in _fn
[09:37]   [ComfyUI]   File "C:\workspaces\SAM3DObjects-2121\ComfyUI\custom_nodes\ComfyUI-SAM3DObjects\nodes\sam3d\model.py", line 1964 in forward
[09:37]   [ComfyUI]   File "C:\Users\ContainerUser\AppData\Local\Programs\comfy-env\.pixi\envs\sam3dobjects-nodes\Lib\site-packages\torch\nn\modules\module.py", line 1830 in inner
[09:37]   [ComfyUI]   File "C:\Users\ContainerUser\AppData\Local\Programs\comfy-env\.pixi\envs\sam3dobjects-nodes\Lib\site-packages\torch\nn\modules\module.py", line 1882 in _call_impl
[09:37]   [ComfyUI]   File "C:\Users\ContainerUser\AppData\Local\Programs\comfy-env\.pixi\envs\sam3dobjects-nodes\Lib\site-packages\torch\nn\modules\module.py", line 1776 in _wrapped_call_impl
[09:37]   [ComfyUI]   File "C:\workspaces\SAM3DObjects-2121\ComfyUI\custom_nodes\ComfyUI-SAM3DObjects\nodes\sam3d\model.py", line 2201 in forward
[09:37]   [ComfyUI]   File "C:\Users\ContainerUser\AppData\Local\Programs\comfy-env\.pixi\envs\sam3dobjects-nodes\Lib\site-packages\torch\nn\modules\module.py", line 1830 in inner
[09:37]   [ComfyUI]   File "C:\Users\ContainerUser\AppData\Local\Programs\comfy-env\.pixi\envs\sam3dobjects-nodes\Lib\site-packages\torch\nn\modules\module.py", line 1882 in _call_impl
[09:37]   [ComfyUI]   File "C:\Users\ContainerUser\AppData\Local\Programs\comfy-env\.pixi\envs\sam3dobjects-nodes\Lib\site-packages\torch\nn\modules\module.py", line 1776 in _wrapped_call_impl
[09:37]   [ComfyUI]   File "C:\workspaces\SAM3DObjects-2121\ComfyUI\custom_nodes\ComfyUI-SAM3DObjects\nodes\utils\stages.py", line 908 in run_stage1
[09:37]   [ComfyUI]   File "C:\workspaces\SAM3DObjects-2121\ComfyUI\custom_nodes\ComfyUI-SAM3DObjects\nodes\generate_slat.py", line 237 in execute
[09:37]   [ComfyUI]   File "C:\Users\ContainerUser\AppData\Local\Programs\comfy-env\.pixi\envs\sam3dobjects-nodes\Lib\site-packages\torch\utils\_contextlib.py", line 124 in decorate_context
[09:37]   [ComfyUI]   File "C:\workspaces\SAM3DObjects-2121\ComfyUI\comfy_api\latest\_io.py", line 1833 in EXECUTE_NORMALIZED
[09:37]   [ComfyUI]   File "C:\Users\ContainerUser\AppData\Local\Temp\comfyui_pvenv_tt8d992t\persistent_worker.py", line 1762 in main
[09:37]   [ComfyUI]   File "C:\Users\ContainerUser\AppData\Local\Temp\comfyui_pvenv_tt8d992t\persistent_worker.py", line 1807 in <module>
[09:37]   [ComfyUI] 
[09:37]   [ComfyUI] [worker:ComfyUI-SAM3DObjects] === END ===
[09:37]   [ComfyUI] 
[09:37]   [ComfyUI] [worker:ComfyUI-SAM3DObjects] [VRAM] +1846MB (now 2164MB) reserved=2208MB peak=2164MB
[09:37]   [ComfyUI] [worker:ComfyUI-SAM3DObjects] [VRAM] Stage1: after embedding: torch=1398MiB alloc, 2464MiB reserved | gpu=3706MiB/16379MiB used
[09:38]   [ComfyUI] [worker:ComfyUI-SAM3DObjects] [VRAM] Stage1: after embedder unload: torch=138MiB alloc, 256MiB reserved | gpu=1498MiB/16379MiB used
[09:38]   [ComfyUI] [worker:ComfyUI-SAM3DObjects] [VRAM] _load_generator(ss): before build: torch=138MiB alloc, 256MiB reserved | gpu=1498MiB/16379MiB used
[09:38]   [ComfyUI] [worker:ComfyUI-SAM3DObjects] [VRAM] _load_generator(ss): after load_state_dict: torch=138MiB alloc, 256MiB reserved | gpu=1498MiB/16379MiB used
[09:38]   [ComfyUI] [SubprocessWorker] callback 'request_vram_budget' from call_id=3
[09:38]   [ComfyUI] [comfy-env] VRAM request: 3.86GB, free before eviction: 15.96GB
[09:38]   [ComfyUI] [comfy-env] VRAM after eviction: 15.96GB
[09:38]   [ComfyUI] [worker:ComfyUI-SAM3DObjects] [VRAM] -1209MB (now 955MB) reserved=1056MB peak=2164MB
[09:39]   [capture-loop] iter=1600 t=183.2s state={'complete': False, 'error': None, 'executedCount': 2, 'wsState': 1} eval_ms=2 ram=14.6/31.9GB (46%) swap=0.0/5.0GB (0%) cpu=32% browser_rss=0.76GB
[09:39]   [ComfyUI] [worker:ComfyUI-SAM3DObjects] [VRAM] +2682MB (now 3637MB) reserved=3648MB peak=3637MB
[09:40]   [ComfyUI] [worker:ComfyUI-SAM3DObjects] [VRAM] _load_decoder(ss): before instantiate: torch=3816MiB alloc, 3840MiB reserved | gpu=5082MiB/16379MiB used
[09:40]   [ComfyUI] [worker:ComfyUI-SAM3DObjects] [VRAM] _load_decoder(ss): after load_state_dict: torch=3816MiB alloc, 3840MiB reserved | gpu=5082MiB/16379MiB used
[09:40]   [ComfyUI] [SubprocessWorker] callback 'request_vram_budget' from call_id=3
[09:40]   [ComfyUI] [comfy-env] VRAM request: 0.15GB, free before eviction: 15.96GB
[09:40]   [ComfyUI] [comfy-env] VRAM after eviction: 15.96GB
[09:40]   [ComfyUI] [worker:ComfyUI-SAM3DObjects] [VRAM] Stage1: before inference: torch=3957MiB alloc, 3968MiB reserved | gpu=5210MiB/16379MiB used
[09:40]   [ComfyUI] [worker:ComfyUI-SAM3DObjects] [DTYPE_DBG] _generate_noise_tensor: _compute_dtype=torch.bfloat16 shape=(1, 1, 6) device=cuda:0
[09:40]   [ComfyUI] [worker:ComfyUI-SAM3DObjects] [DTYPE_DBG] _generate_noise_tensor: _compute_dtype=torch.bfloat16 shape=(1, 1, 3) device=cuda:0
[09:40]   [ComfyUI] [worker:ComfyUI-SAM3DObjects] [DTYPE_DBG] _generate_noise_tensor: _compute_dtype=torch.bfloat16 shape=(1, 4096, 8) device=cuda:0
[09:40]   [ComfyUI] [worker:ComfyUI-SAM3DObjects] [DTYPE_DBG] _generate_noise_tensor: _compute_dtype=torch.bfloat16 shape=(1, 1, 3) device=cuda:0
[09:40]   [ComfyUI] [worker:ComfyUI-SAM3DObjects] [DTYPE_DBG] _generate_noise_tensor: _compute_dtype=torch.bfloat16 shape=(1, 1, 1) device=cuda:0
[09:40]   [ComfyUI] [worker:ComfyUI-SAM3DObjects] [VRAM] +510MB (now 4148MB) reserved=4288MB peak=4148MB
[09:41]   [ComfyUI] [SubprocessWorker] callback 'report_progress' from call_id=3
[09:41]   Frame 51 saved (frame_050.jpg, t=185.9s)
[09:41]   [capture-periodic] freeze=2ms shot=84ms unfreeze=2ms saved=True
[09:42]   [ComfyUI] [SubprocessWorker] callback 'report_progress' from call_id=3
[09:43]   [ComfyUI] [SubprocessWorker] callback 'report_progress' from call_id=3
[09:43]   Frame 52 saved (frame_051.jpg, t=188.0s)
[09:43]   [capture-periodic] freeze=2ms shot=90ms unfreeze=3ms saved=True
[09:44]   [ComfyUI] [SubprocessWorker] callback 'report_progress' from call_id=3
[09:44]   [capture-loop] iter=1650 t=188.9s state={'complete': False, 'error': None, 'executedCount': 2, 'wsState': 1} eval_ms=2 ram=13.0/31.9GB (41%) swap=0.0/5.0GB (0%) cpu=13% browser_rss=0.76GB
[09:44]   [ComfyUI] [SubprocessWorker] callback 'report_progress' from call_id=3
[09:45]   [ComfyUI] [SubprocessWorker] callback 'report_progress' from call_id=3
[09:46]   Frame 53 saved (frame_052.jpg, t=190.2s)
[09:46]   [capture-periodic] freeze=2ms shot=87ms unfreeze=3ms saved=True
[09:46]   [ComfyUI] [SubprocessWorker] callback 'report_progress' from call_id=3
[09:47]   [ComfyUI] [SubprocessWorker] callback 'report_progress' from call_id=3
[09:48]   Frame 54 saved (frame_053.jpg, t=192.3s)
[09:48]   [capture-periodic] freeze=2ms shot=83ms unfreeze=2ms saved=True
[09:48]   [ComfyUI] [SubprocessWorker] callback 'report_progress' from call_id=3
[09:49]   [ComfyUI] [SubprocessWorker] callback 'report_progress' from call_id=3
[09:49]   [ComfyUI] [SubprocessWorker] callback 'report_progress' from call_id=3
[09:50]   [ComfyUI] [SubprocessWorker] callback 'report_progress' from call_id=3
[09:50]   [capture-loop] iter=1700 t=194.4s state={'complete': False, 'error': None, 'executedCount': 2, 'wsState': 1} eval_ms=3 ram=12.9/31.9GB (40%) swap=0.0/5.0GB (0%) cpu=11% browser_rss=0.76GB
[09:50]   [ComfyUI] [worker:ComfyUI-SAM3DObjects] [VRAM] Stage1: after inference: torch=3974MiB alloc, 4288MiB reserved | gpu=5530MiB/16379MiB used
[09:50]   Frame 55 saved (frame_054.jpg, t=194.4s)
[09:50]   [capture-periodic] freeze=2ms shot=81ms unfreeze=3ms saved=True
[09:50]   [ComfyUI] [worker:ComfyUI-SAM3DObjects] [VRAM] -874MB (now 3275MB) reserved=4288MB peak=4195MB
[09:51]   [ComfyUI] [worker:ComfyUI-SAM3DObjects] [VRAM] Stage1: after model cleanup: torch=155MiB alloc, 320MiB reserved | gpu=1562MiB/16379MiB used
[09:51]   [ComfyUI] 2026-05-18 21:31:25.951 | WARNING  | nodes.sam3d.transforms:__post_init__:1359 - No rgb pointmap normalizer provided, using scale + shift
[09:51]   [ComfyUI] [worker:ComfyUI-SAM3DObjects] [VRAM] -3179MB (now 96MB) reserved=320MB peak=4195MB
[09:51]   [ComfyUI] [worker:ComfyUI-SAM3DObjects] [VRAM] _load_condition_embedder(slat): before build: torch=105MiB alloc, 320MiB reserved | gpu=1562MiB/16379MiB used
[09:52]   Frame 56 saved (frame_055.jpg, t=196.6s)
[09:52]   [capture-periodic] freeze=3ms shot=100ms unfreeze=7ms saved=True
[09:54]   [ComfyUI] [worker:ComfyUI-SAM3DObjects] [VRAM] _load_condition_embedder(slat): after load_state_dict: torch=105MiB alloc, 320MiB reserved | gpu=1562MiB/16379MiB used
[09:54]   [ComfyUI] [SubprocessWorker] callback 'request_vram_budget' from call_id=3
[09:54]   [ComfyUI] [comfy-env] VRAM request: 2.50GB, free before eviction: 15.96GB
[09:54]   [ComfyUI] [comfy-env] VRAM after eviction: 15.96GB
[09:55]   [ComfyUI] [worker:ComfyUI-SAM3DObjects] [VRAM] +264MB (now 361MB) reserved=448MB peak=4195MB
[09:55]   [capture-loop] iter=1750 t=200.2s state={'complete': False, 'error': None, 'executedCount': 2, 'wsState': 1} eval_ms=3 ram=17.8/31.9GB (56%) swap=0.0/5.0GB (0%) cpu=38% browser_rss=0.76GB
[09:56]   [ComfyUI] [worker:ComfyUI-SAM3DObjects] [VRAM] +970MB (now 1332MB) reserved=1376MB peak=4195MB
[09:56]   [ComfyUI] [worker:ComfyUI-SAM3DObjects] [VRAM] Stage2: before embedding: torch=1332MiB alloc, 1376MiB reserved | gpu=2618MiB/16379MiB used
[09:56]   [ComfyUI] [worker:ComfyUI-SAM3DObjects] [VRAM] Stage2: after embedding: torch=1342MiB alloc, 1472MiB reserved | gpu=2714MiB/16379MiB used
[09:56]   [ComfyUI] [worker:ComfyUI-SAM3DObjects] [VRAM] Stage2: after embedder unload: torch=115MiB alloc, 224MiB reserved | gpu=1466MiB/16379MiB used
[09:56]   [ComfyUI] [worker:ComfyUI-SAM3DObjects] [VRAM] _load_generator(slat): before build: torch=115MiB alloc, 224MiB reserved | gpu=1466MiB/16379MiB used
[09:57]   [ComfyUI] [worker:ComfyUI-SAM3DObjects] [VRAM] -1217MB (now 115MB) reserved=224MB peak=4195MB
[10:01]   [capture-loop] iter=1800 t=205.8s state={'complete': False, 'error': None, 'executedCount': 2, 'wsState': 1} eval_ms=3 ram=17.8/31.9GB (56%) swap=0.0/5.0GB (0%) cpu=12% browser_rss=0.76GB
[10:05]   [ComfyUI] [worker:ComfyUI-SAM3DObjects] [VRAM] _load_generator(slat): after load_state_dict: torch=115MiB alloc, 224MiB reserved | gpu=1466MiB/16379MiB used
[10:05]   [ComfyUI] [SubprocessWorker] callback 'request_vram_budget' from call_id=3
[10:05]   [ComfyUI] [comfy-env] VRAM request: 2.40GB, free before eviction: 15.96GB
[10:05]   [ComfyUI] [comfy-env] VRAM after eviction: 15.96GB
[10:05]   [ComfyUI] [worker:ComfyUI-SAM3DObjects] [VRAM] +255MB (now 370MB) reserved=480MB peak=4195MB
[10:06]   [ComfyUI] [worker:ComfyUI-SAM3DObjects] [VRAM] +2035MB (now 2406MB) reserved=2464MB peak=4195MB
[10:06]   [ComfyUI] [worker:ComfyUI-SAM3DObjects] [VRAM] Stage2: before inference: torch=2406MiB alloc, 2464MiB reserved | gpu=3706MiB/16379MiB used
[10:06]   [ComfyUI] [worker:ComfyUI-SAM3DObjects] [DTYPE_DBG] _generate_noise_tensor: _compute_dtype=torch.bfloat16 shape=(1, 26465, 8) device=cuda:0
[10:07]   [ComfyUI] W0518 21:31:41.622000 11204 site-packages\torch\fx\_symbolic_trace.py:53] is_fx_tracing will return true for both fx.symbolic_trace and torch.export. Please use is_fx_tracing_symbolic_tracing() for specifically fx.symbolic_trace or torch.compiler.is_compiling() for specifically torch.export/compile.
[10:07]   [capture-loop] iter=1850 t=211.3s state={'complete': False, 'error': None, 'executedCount': 2, 'wsState': 1} eval_ms=3 ram=17.9/31.9GB (56%) swap=0.0/6.3GB (0%) cpu=15% browser_rss=0.76GB
[10:07]   [ComfyUI] [worker:ComfyUI-SAM3DObjects] [33m[comfy-attn] Varlen attention: sage2[0m
[10:08]   [ComfyUI] [worker:ComfyUI-SAM3DObjects] [VRAM] +293MB (now 2700MB) reserved=2784MB peak=4195MB
[10:10]   [ComfyUI] [worker:ComfyUI-SAM3DObjects] [VRAM] +214MB (now 2914MB) reserved=3232MB peak=4195MB
[10:11]   [ComfyUI] [SubprocessWorker] callback 'report_progress' from call_id=3
[10:11]   [ComfyUI] [worker:ComfyUI-SAM3DObjects] [VRAM] -225MB (now 2690MB) reserved=3232MB peak=4195MB
[10:11]   Frame 57 saved (frame_056.jpg, t=215.8s)
[10:11]   [capture-periodic] freeze=2ms shot=85ms unfreeze=2ms saved=True
[10:12]   [ComfyUI] [SubprocessWorker] callback 'report_progress' from call_id=3
[10:12]   [capture-loop] iter=1900 t=217.0s state={'complete': False, 'error': None, 'executedCount': 2, 'wsState': 1} eval_ms=3 ram=17.9/31.9GB (56%) swap=0.0/5.0GB (0%) cpu=19% browser_rss=0.76GB
[10:13]   [ComfyUI] [SubprocessWorker] callback 'report_progress' from call_id=3
[10:13]   Frame 58 saved (frame_057.jpg, t=217.9s)
[10:13]   [capture-periodic] freeze=2ms shot=98ms unfreeze=3ms saved=True
[10:13]   [ComfyUI] [worker:ComfyUI-SAM3DObjects] [VRAM] -205MB (now 2485MB) reserved=3264MB peak=4195MB
[10:14]   [ComfyUI] [worker:ComfyUI-SAM3DObjects] [VRAM] +234MB (now 2720MB) reserved=3264MB peak=4195MB
[10:14]   [ComfyUI] [SubprocessWorker] callback 'report_progress' from call_id=3
[10:15]   Frame 59 saved (frame_058.jpg, t=220.1s)
[10:15]   [capture-periodic] freeze=2ms shot=83ms unfreeze=2ms saved=True
[10:16]   [ComfyUI] [SubprocessWorker] callback 'report_progress' from call_id=3
[10:17]   [ComfyUI] [SubprocessWorker] callback 'report_progress' from call_id=3
[10:18]   Frame 60 saved (frame_059.jpg, t=222.2s)
[10:18]   [capture-periodic] freeze=2ms shot=93ms unfreeze=5ms saved=True
[10:18]   [capture-loop] iter=1950 t=222.7s state={'complete': False, 'error': None, 'executedCount': 2, 'wsState': 1} eval_ms=2 ram=17.9/31.9GB (56%) swap=0.0/5.0GB (0%) cpu=26% browser_rss=0.76GB
[10:18]   [ComfyUI] [worker:ComfyUI-SAM3DObjects] [VRAM] -203MB (now 2517MB) reserved=3264MB peak=4195MB
[10:18]   [ComfyUI] [SubprocessWorker] callback 'report_progress' from call_id=3
[10:19]   [ComfyUI] [SubprocessWorker] callback 'report_progress' from call_id=3
[10:19]   [ComfyUI] [SubprocessWorker] callback 'report_progress' from call_id=3
[10:20]   Frame 61 saved (frame_060.jpg, t=224.4s)
[10:20]   [capture-periodic] freeze=3ms shot=86ms unfreeze=2ms saved=True
[10:20]   [ComfyUI] [SubprocessWorker] callback 'report_progress' from call_id=3
[10:21]   [ComfyUI] [SubprocessWorker] callback 'report_progress' from call_id=3
[10:21]   [ComfyUI] [SubprocessWorker] callback 'report_progress' from call_id=3
[10:21]   [ComfyUI] [worker:ComfyUI-SAM3DObjects] [VRAM] Stage2: after inference: torch=2407MiB alloc, 3264MiB reserved | gpu=4510MiB/16379MiB used
[10:21]   [ComfyUI] [worker:ComfyUI-SAM3DObjects] [VRAM] -426MB (now 2091MB) reserved=3264MB peak=4195MB
[10:22]   [ComfyUI] [worker:ComfyUI-SAM3DObjects] [VRAM] Stage2: after model cleanup: torch=116MiB alloc, 288MiB reserved | gpu=1534MiB/16379MiB used
[10:22]   [ComfyUI] [worker:ComfyUI-SAM3DObjects] [VRAM] GenerateSLAT: done: torch=97MiB alloc, 288MiB reserved | gpu=1534MiB/16379MiB used
[10:22]   [ComfyUI] [SubprocessWorker] got response: ok
[10:22]   [ComfyUI] [comfy-env] Created 5 model patchers: ['EmbedderFuser_2', 'ShortCut_3', 'SparseStructureDecoderTdfyWrapper_4', 'EmbedderFuser_5', 'FlowMatching_6']
[10:22]   [ComfyUI] [comfy-env] SAM3DGenerateSLAT done (51.05s): result: NodeOutput
[10:22]   [ComfyUI] [VRAM] After SAM3DGenerateSLAT: 1156 / 16379 MB
[10:22]   [ComfyUI] [VRAM] Loaded: SubprocessModel (0 MB), SubprocessModel (0 MB), SubprocessModel (0 MB), SubprocessModel (0 MB), SubprocessModel (0 MB), SubprocessModel (0 MB)
[10:22]   [ComfyUI] [comfy-env] Running SAM3DMeshDecode: with_postprocess: False, simplify: 0.95, up_axis: 'Y-up (standard)', world_coordinates: False, use_sparse_flexicubes: True, slat_decoder_mesh: dict, slat: 'C:\\workspaces\\SAM3DObjects-2121\\ComfyUI\\output\\sam3...
[10:22]   [ComfyUI] [VRAM] Before SAM3DMeshDecode: 1156 / 16379 MB
[10:22]   [ComfyUI] [VRAM] Loaded: SubprocessModel (0 MB), SubprocessModel (0 MB), SubprocessModel (0 MB), SubprocessModel (0 MB), SubprocessModel (0 MB), SubprocessModel (0 MB)
[10:22]   [ComfyUI] [SubprocessWorker] call_method: nodes.mesh_decode.SAM3DMeshDecode.EXECUTE_NORMALIZED
[10:22]   [ComfyUI] [SubprocessWorker] acquired lock, ensuring started...
[10:22]   [ComfyUI] [ComfyUI-SAM3DObjects] Health check: ping (timeout=5.0s)...
[10:22]   [ComfyUI] [ComfyUI-SAM3DObjects] Health check: ok
[10:22]   [ComfyUI] [SubprocessWorker] worker started/confirmed
[10:22]   [ComfyUI] [SubprocessWorker] serializing kwargs to shm...
[10:22]   [ComfyUI] [SubprocessWorker] created 0 shm blocks
[10:22]   [ComfyUI] [SubprocessWorker] sending request via socket...
[10:22]   [ComfyUI] [SubprocessWorker] call_id=4 sending call_method
[10:22]   [ComfyUI] [worker:ComfyUI-SAM3DObjects] [VRAM] MeshDecode: start: torch=9MiB alloc, 288MiB reserved | gpu=1534MiB/16379MiB used
[10:22]   [ComfyUI] [SubprocessWorker] callback 'report_progress' from call_id=4
[10:22]   [ComfyUI] [worker:ComfyUI-SAM3DObjects] [VRAM] _load_decoder(slat_decoder_mesh): before instantiate: torch=9MiB alloc, 288MiB reserved | gpu=1534MiB/16379MiB used
[10:22]   Frame 62 saved (frame_061.jpg, t=226.6s)
[10:22]   [capture-periodic] freeze=2ms shot=86ms unfreeze=2ms saved=True
[10:22]   [ComfyUI] [worker:ComfyUI-SAM3DObjects] [VRAM] _load_decoder(slat_decoder_mesh): after load_state_dict: torch=9MiB alloc, 416MiB reserved | gpu=1662MiB/16379MiB used
[10:22]   [ComfyUI] [SubprocessWorker] callback 'request_vram_budget' from call_id=4
[10:22]   [ComfyUI] [comfy-env] VRAM request: 0.18GB, free before eviction: 15.96GB
[10:22]   [ComfyUI] [comfy-env] VRAM after eviction: 15.96GB
[10:22]   [ComfyUI] [worker:ComfyUI-SAM3DObjects] [VRAM] Decode(mesh): after load_models_gpu: torch=183MiB alloc, 288MiB reserved | gpu=1534MiB/16379MiB used
[10:22]   [ComfyUI] [SubprocessWorker] callback 'report_progress' from call_id=4
[10:22]   [ComfyUI] [worker:ComfyUI-SAM3DObjects] [VRAM] -1482MB (now 610MB) reserved=704MB peak=4195MB
[10:24]   [capture-loop] iter=2000 t=228.3s state={'complete': False, 'error': None, 'executedCount': 2, 'wsState': 1} eval_ms=2 ram=20.0/31.9GB (63%) swap=0.0/5.0GB (0%) cpu=24% browser_rss=0.76GB
[10:24]   Frame 63 saved (frame_062.jpg, t=228.7s)
[10:24]   [capture-periodic] freeze=2ms shot=82ms unfreeze=2ms saved=True
[10:26]   [ComfyUI] [worker:ComfyUI-SAM3DObjects] [VRAM] +340MB (now 950MB) reserved=1088MB peak=4195MB
[10:29]   [ComfyUI] [worker:ComfyUI-SAM3DObjects] [VRAM] +1127MB (now 2078MB) reserved=2240MB peak=4195MB
[10:29]   [capture-loop] iter=2050 t=233.9s state={'complete': False, 'error': None, 'executedCount': 2, 'wsState': 1} eval_ms=2 ram=20.0/31.9GB (63%) swap=0.0/5.0GB (0%) cpu=12% browser_rss=0.76GB
[10:30]   [ComfyUI] [worker:ComfyUI-SAM3DObjects] [VRAM] +310MB (now 2388MB) reserved=4704MB peak=4195MB
[10:30]   [ComfyUI] [worker:ComfyUI-SAM3DObjects] WARNING: [VRAM:mesh] start: 1050 MiB | cubefeats torch.Size([1693760, 101])
[10:30]   [ComfyUI] [worker:ComfyUI-SAM3DObjects] WARNING: [VRAM:mesh] after sparse_cube2verts: 1147 MiB | v_pos torch.Size([1948990, 3])
[10:30]   [ComfyUI] [worker:ComfyUI-SAM3DObjects] WARNING: [VRAM:mesh] after get_sparse_attrs + del: 436 MiB | verts 1948990 cubes 1693760
[10:30]   [ComfyUI] [worker:ComfyUI-SAM3DObjects] WARNING: [VRAM:mesh] after dilation: 497 MiB | verts 2373242 cubes 2131960
[10:30]   [ComfyUI] [worker:ComfyUI-SAM3DObjects] WARNING: [VRAM:mesh] after searchsorted: 600 MiB | reg_c torch.Size([2131960, 8])
[10:30]   [ComfyUI] [worker:ComfyUI-SAM3DObjects] WARNING: [VRAM:fc] start: 600 MiB | verts torch.Size([2373243, 3]) cubes torch.Size([2131960, 8]) sdf torch.Size([2373243])
[10:30]   [ComfyUI] [worker:ComfyUI-SAM3DObjects] WARNING: [VRAM:fc] after _identify_surf_cubes: 618 MiB | surf_cubes 492538/2131960
[10:30]   [ComfyUI] [worker:ComfyUI-SAM3DObjects] WARNING: [VRAM:fc] after _get_case_id: 714 MiB
[10:30]   [ComfyUI] [worker:ComfyUI-SAM3DObjects] WARNING: [VRAM:fc] after _identify_surf_edges: 791 MiB | surf_edges torch.Size([492952, 2])
[10:30]   [ComfyUI] [worker:ComfyUI-SAM3DObjects] WARNING: [VRAM:fc] after _compute_vd: 862 MiB | vd torch.Size([492920, 3])
[10:30]   [ComfyUI] [worker:ComfyUI-SAM3DObjects] WARNING: [VRAM:fc] after _triangulate: 885 MiB | verts torch.Size([492920, 3]) faces torch.Size([985904, 3])
[10:30]   [ComfyUI] [worker:ComfyUI-SAM3DObjects] WARNING: [VRAM:mesh] after FlexiCubes: 636 MiB | verts torch.Size([492920, 3]) faces torch.Size([985904, 3])
[10:30]   [ComfyUI] [SubprocessWorker] callback 'report_progress' from call_id=4
[10:30]   [ComfyUI] [worker:ComfyUI-SAM3DObjects] [VRAM] Decode(mesh): after cleanup: torch=83MiB alloc, 320MiB reserved | gpu=1566MiB/16379MiB used
[10:30]   [ComfyUI] [SubprocessWorker] callback 'report_progress' from call_id=4
[10:30]   [ComfyUI] [worker:ComfyUI-SAM3DObjects] [VRAM] MeshDecode: done: torch=9MiB alloc, 320MiB reserved | gpu=1566MiB/16379MiB used
[10:30]   [ComfyUI] [SubprocessWorker] got response: ok
[10:30]   [ComfyUI] [comfy-env] Created 1 model patchers: ['SLatMeshDecoderTdfyWrapper_7']
[10:30]   [ComfyUI] [comfy-env] SAM3DMeshDecode done (8.62s): result: NodeOutput
[10:31]   [ComfyUI] [VRAM] After SAM3DMeshDecode: 1156 / 16379 MB
[10:31]   [ComfyUI] [VRAM] Loaded: SubprocessModel (0 MB), SubprocessModel (0 MB), SubprocessModel (0 MB), SubprocessModel (0 MB), SubprocessModel (0 MB), SubprocessModel (0 MB), SubprocessModel (0 MB)
[10:31]   [ComfyUI] Prompt executed in 235.06 seconds
[10:31]   Frame 64 saved (frame_063.jpg, t=235.1s)
[10:31]   [capture-periodic] freeze=3ms shot=99ms unfreeze=4ms saved=True
[10:31]   Node executed (3 total), capturing...
[10:32]   Frame 65 saved (frame_064.jpg, t=235.5s)
[10:32]   [capture-node] freeze=20ms shot=697ms unfreeze=0ms saved=True
[10:32]   Execution complete (t=235.5s)
[10:32]   [3d-wait] Phase 1: Waiting for 'Loading 3D Model' text to disappear...
[11:32]   [3d-wait] Phase 1 exception after 60.0s: Page.wait_for_function: Timeout 60000ms exceeded.
[11:32]   [3d-wait] Phase 2: iframes=0
[11:32]   [3d-wait] Total 3D wait: 60.0s
[11:32]   Captured 65 unique frames over 296.27s
[11:32]   [debug] iframes: 0
[11:32]   [timing] trigger_3d_previews: 0.0s
[11:34]   Saved high-quality screenshot: debug_large_image_results_executed.png
[11:34]   [timing] final_screenshot: 0.2s
[11:34]   [ComfyUI] [comfy-env] [VRAM] Before offload 'ShortCut_3' (3677 MB) -> cpu: 1156 / 16379 MB
[11:34] Capturing execution frames: full_generation.json
[11:34]   [ComfyUI] [ComfyUI-SAM3DObjects] python: C:\Users\ContainerUser\AppData\Local\Programs\comfy-env\.pixi\envs\sam3dobjects-nodes\python.exe
[11:34]   [ComfyUI] [ComfyUI-SAM3DObjects] Health check: ping (timeout=5.0s)...
[11:34]   [ComfyUI] [ComfyUI-SAM3DObjects] sys_path sent to worker: ['C:\\workspaces\\SAM3DObjects-2121\\ComfyUI', 'C:\\workspaces\\SAM3DObjects-2121\\ComfyUI\\custom_nodes\\ComfyUI-SAM3DObjects', 'C:\\Users\\ContainerUser\\AppData\\Local\\Programs\\comfy-env\\.pixi\\envs\\sam3dobjects-nodes\\Lib\\site-packages', 'C:\\workspaces\\SAM3DObjects-2121\\ComfyUI\\custom_nodes\\ComfyUI-SAM3DObjects']
[11:34]   [ComfyUI] [ComfyUI-SAM3DObjects] Health check: failed
[11:34]   [ComfyUI] [SubprocessWorker] is_pixi=True, python=C:\Users\ContainerUser\AppData\Local\Programs\comfy-env\.pixi\envs\sam3dobjects-nodes\python.exe
[11:34]   [ComfyUI] [ComfyUI-SAM3DObjects] Socket unhealthy, restarting worker...
[11:34]   [ComfyUI] [SubprocessWorker] launching cmd=['C:\\Users\\ContainerUser\\.pixi\\bin\\pixi.exe', 'run', '--as-is', '--manifest-path', 'C:\\Users\\ContainerUser\\AppData\\Local\\Programs\\comfy-env\\pixi.toml', '-e', 'sam3dobjects-nodes', 'python', 'C:\\Users\\ContainerUser\\AppData\\Local\\Temp\\comfyui_pvenv_tt8d992t\\persistent_worker.py', 'tcp://127.0.0.1:60523']...
[11:34]   [ComfyUI] [comfy-env] Invalidated 7 stale model patchers (will be cleaned up during next unload)
[11:34]   [ComfyUI] [comfy-env] sam3dobjects-nodes: Library/bin has 648 DLLs
[11:37]   [ComfyUI] [worker:ComfyUI-SAM3DObjects] ERROR: Failed to import comfy_kitchen, Error: No module named 'comfy_kitchen', fp8 and fp4 support will not be available.
[11:37]   [ComfyUI] [SubprocessWorker] call_id=5 sending model_to_device
[11:37]   [ComfyUI] Model 'ShortCut_3' gone from worker (restarted?), treating as offloaded
[11:37]   [ComfyUI] [comfy-env] [VRAM] After offload 'ShortCut_3' (3677 MB): 1156 / 16379 MB
[11:37]   [ComfyUI] [comfy-env] [VRAM] Before offload 'FlowMatching_6' (2290 MB) -> cpu: 1156 / 16379 MB
[11:37]   [ComfyUI] [ComfyUI-SAM3DObjects] Health check: ping (timeout=5.0s)...
[11:37]   [ComfyUI] [ComfyUI-SAM3DObjects] Health check: ok
[11:37]   [ComfyUI] [SubprocessWorker] call_id=6 sending model_to_device
[11:37]   [ComfyUI] Model 'FlowMatching_6' gone from worker (restarted?), treating as offloaded
[11:37]   [ComfyUI] [comfy-env] [VRAM] After offload 'FlowMatching_6' (2290 MB): 1156 / 16379 MB
[11:37]   [ComfyUI] [comfy-env] [VRAM] Before offload 'EmbedderFuser_2' (1259 MB) -> cpu: 1156 / 16379 MB
[11:37]   [ComfyUI] [ComfyUI-SAM3DObjects] Health check: ping (timeout=5.0s)...
[11:37]   [ComfyUI] [ComfyUI-SAM3DObjects] Health check: ok
[11:37]   [ComfyUI] [SubprocessWorker] call_id=7 sending model_to_device
[11:37]   [ComfyUI] Model 'EmbedderFuser_2' gone from worker (restarted?), treating as offloaded
[11:37]   [ComfyUI] [comfy-env] [VRAM] After offload 'EmbedderFuser_2' (1259 MB): 1156 / 16379 MB
[11:37]   [ComfyUI] [comfy-env] [VRAM] Before offload 'EmbedderFuser_5' (1227 MB) -> cpu: 1156 / 16379 MB
[11:37]   [ComfyUI] [ComfyUI-SAM3DObjects] Health check: ping (timeout=5.0s)...
[11:37]   [ComfyUI] [ComfyUI-SAM3DObjects] Health check: ok
[11:37]   [ComfyUI] [SubprocessWorker] call_id=8 sending model_to_device
[11:37]   [ComfyUI] Model 'EmbedderFuser_5' gone from worker (restarted?), treating as offloaded
[11:37]   [ComfyUI] [comfy-env] [VRAM] After offload 'EmbedderFuser_5' (1227 MB): 1156 / 16379 MB
[11:37]   [ComfyUI] [comfy-env] [VRAM] Before offload 'MoGeModelV1_1' (599 MB) -> cpu: 1156 / 16379 MB
[11:37]   [ComfyUI] [ComfyUI-SAM3DObjects] Health check: ping (timeout=5.0s)...
[11:37]   [ComfyUI] [ComfyUI-SAM3DObjects] Health check: ok
[11:37]   [ComfyUI] [SubprocessWorker] call_id=9 sending model_to_device
[11:37]   [ComfyUI] Model 'MoGeModelV1_1' gone from worker (restarted?), treating as offloaded
[11:37]   [ComfyUI] [comfy-env] [VRAM] After offload 'MoGeModelV1_1' (599 MB): 1156 / 16379 MB
[11:37]   [ComfyUI] [comfy-env] [VRAM] Before offload 'SLatMeshDecoderTdfyWrapper_7' (173 MB) -> cpu: 1156 / 16379 MB
[11:37]   [ComfyUI] [ComfyUI-SAM3DObjects] Health check: ping (timeout=5.0s)...
[11:37]   [ComfyUI] [ComfyUI-SAM3DObjects] Health check: ok
[11:37]   [ComfyUI] [SubprocessWorker] call_id=10 sending model_to_device
[11:37]   [ComfyUI] Model 'SLatMeshDecoderTdfyWrapper_7' gone from worker (restarted?), treating as offloaded
[11:37]   [ComfyUI] [comfy-env] [VRAM] After offload 'SLatMeshDecoderTdfyWrapper_7' (173 MB): 1156 / 16379 MB
[11:37]   [ComfyUI] [comfy-env] [VRAM] Before offload 'SparseStructureDecoderTdfyWrapper_4' (140 MB) -> cpu: 1156 / 16379 MB
[11:37]   [ComfyUI] [ComfyUI-SAM3DObjects] Health check: ping (timeout=5.0s)...
[11:37]   [ComfyUI] [ComfyUI-SAM3DObjects] Health check: ok
[11:37]   [ComfyUI] [SubprocessWorker] call_id=11 sending model_to_device
[11:37]   [ComfyUI] Model 'SparseStructureDecoderTdfyWrapper_4' gone from worker (restarted?), treating as offloaded
[11:37]   [ComfyUI] [comfy-env] [VRAM] After offload 'SparseStructureDecoderTdfyWrapper_4' (140 MB): 1156 / 16379 MB
[11:40]   Frame 1 saved (frame_000.jpg, t=0.0s)
[11:40]   Validating workflow...
[11:40]   [ComfyUI] === /validate endpoint called ===
[11:40]   [ComfyUI] Received JSON with keys: ['prompt']
[11:40]   [ComfyUI] Prompt has 11 nodes
[11:40]   Queuing workflow for execution...
[11:40]   [ComfyUI]   Node 4: LoadImage
[11:40]   [ComfyUI]     Inputs: {"image": "elephant.png"}
[11:40]   [ComfyUI]   Node 28: InvertMask
[11:40]   [ComfyUI]     Inputs: {"mask": ["4", 1]}
[11:40]   [ComfyUI]   Node 48: Preview3D
[11:40]   [ComfyUI]     Inputs: {"model_file": ["73", 0], "image": ""}
[11:40]   [ComfyUI]   Node 53: MaskPreview
[11:40]   [ComfyUI]     Inputs: {"mask": ["28", 0]}
[11:40]   [ComfyUI]   Node 54: SAM3D_PreviewPointCloud
[11:40]   [ComfyUI]     Inputs: {"file_path": ["59", 2], "preview_vtk": ""}
[11:40]   [ComfyUI]   Node 59: SAM3D_DepthEstimate
[11:40]   [ComfyUI]     Inputs: {"depth_model": ["74", 0], "image": ["4", 0]}
[11:40]   [ComfyUI]   Node 70: SAM3DGenerateSLAT
[11:40]   [ComfyUI]     Inputs: {"seed": 42, "stage1_steps": 12, "stage1_cfg": 7.5, "stage1_cfg_pm": 0, "stage2_steps": 12, "stage2_cfg": 5, "use_distillation": false, "generator": ["74", 1], "image": ["4", 0], "mask": ["28", 0], "p
[11:40]   [ComfyUI]   Node 71: SAM3DGaussianDecode
[11:40]   [ComfyUI]     Inputs: {"up_axis": "Y-up (standard)", "world_coordinates": false, "slat_decoder_gs": ["74", 2], "slat": ["70", 0]}
[11:40]   [ComfyUI]   Node 72: SAM3DMeshDecode
[11:40]   [ComfyUI]     Inputs: {"with_postprocess": true, "simplify": 0.95, "up_axis": "Y-up (standard)", "world_coordinates": false, "use_sparse_flexicubes": true, "slat_decoder_mesh": ["74", 3], "slat": ["70", 0]}
[11:40]   [ComfyUI]   Node 73: SAM3DTextureBake
[11:40]   [ComfyUI]     Inputs: {"glb_path": ["72", 0], "ply_path": ["71", 0], "texture_mode": "fast", "texture_size": 1024, "rendering_engine": "nvdiffrast"}
[11:40]   [ComfyUI]   Node 74: LoadSAM3DModel
[11:40]   [ComfyUI]     Inputs: {"attn_backend": "flash_attn", "compile": false, "precision": "auto"}
[11:40]   [ComfyUI] Generated prompt_id: 1428f25e-c591-427a-9b1d-8b83d554509c
[11:40]   [ComfyUI] Calling execution.validate_prompt()...
[11:40]   [ComfyUI] Validation result: valid=True
[11:40]   [ComfyUI] === Validation PASSED ===
[11:40]   [ComfyUI] got prompt
[11:40]   [ComfyUI] [comfy-env] Running LoadSAM3DModel: attn_backend: 'flash_attn', compile: False, precision: 'auto'
[11:40]   [ComfyUI] [VRAM] Before LoadSAM3DModel: 1156 / 16379 MB
[11:40]   [ComfyUI] [SubprocessWorker] call_method: nodes.load_model.LoadSAM3DModel.EXECUTE_NORMALIZED
[11:40]   [ComfyUI] [SubprocessWorker] acquired lock, ensuring started...
[11:40]   [ComfyUI] [ComfyUI-SAM3DObjects] Health check: ping (timeout=5.0s)...
[11:40]   [ComfyUI] [ComfyUI-SAM3DObjects] Health check: ok
[11:40]   [ComfyUI] [SubprocessWorker] worker started/confirmed
[11:40]   [ComfyUI] [SubprocessWorker] serializing kwargs to shm...
[11:40]   [ComfyUI] [SubprocessWorker] created 0 shm blocks
[11:40]   [ComfyUI] [SubprocessWorker] sending request via socket...
[11:40]   [ComfyUI] [SubprocessWorker] call_id=12 sending call_method
[11:40]   Node executed (1 total), capturing...
[11:40]   Frame 2 saved (frame_001.jpg, t=0.5s)
[11:40]   [capture-node] freeze=3ms shot=87ms unfreeze=4ms saved=True
[11:40]   [ComfyUI] [SubprocessWorker] got response: ok
[11:40]   [ComfyUI] [comfy-env] [VRAM] Before offload 'SLatMeshDecoderTdfyWrapper_7' (173 MB) -> cpu: 1156 / 16379 MB
[11:40]   [ComfyUI] [ComfyUI-SAM3DObjects] Health check: ping (timeout=5.0s)...
[11:40]   [ComfyUI] [ComfyUI-SAM3DObjects] Health check: ok
[11:40]   [ComfyUI] [SubprocessWorker] call_id=13 sending model_to_device
[11:40]   [ComfyUI] Model 'SLatMeshDecoderTdfyWrapper_7' gone from worker (restarted?), treating as offloaded
[11:40]   [ComfyUI] [comfy-env] [VRAM] After offload 'SLatMeshDecoderTdfyWrapper_7' (173 MB): 1156 / 16379 MB
[11:40]   [ComfyUI] [comfy-env] [VRAM] Before offload 'FlowMatching_6' (2290 MB) -> cpu: 1156 / 16379 MB
[11:40]   [ComfyUI] [ComfyUI-SAM3DObjects] Health check: ping (timeout=5.0s)...
[11:40]   [ComfyUI] [ComfyUI-SAM3DObjects] Health check: ok
[11:40]   [ComfyUI] [SubprocessWorker] call_id=14 sending model_to_device
[11:40]   [ComfyUI] Model 'FlowMatching_6' gone from worker (restarted?), treating as offloaded
[11:40]   [ComfyUI] [comfy-env] [VRAM] After offload 'FlowMatching_6' (2290 MB): 1156 / 16379 MB
[11:40]   [ComfyUI] [comfy-env] [VRAM] Before offload 'EmbedderFuser_5' (1227 MB) -> cpu: 1156 / 16379 MB
[11:40]   [ComfyUI] [ComfyUI-SAM3DObjects] Health check: ping (timeout=5.0s)...
[11:40]   [ComfyUI] [ComfyUI-SAM3DObjects] Health check: ok
[11:40]   [ComfyUI] [SubprocessWorker] call_id=15 sending model_to_device
[11:40]   [ComfyUI] Model 'EmbedderFuser_5' gone from worker (restarted?), treating as offloaded
[11:40]   [ComfyUI] [comfy-env] [VRAM] After offload 'EmbedderFuser_5' (1227 MB): 1156 / 16379 MB
[11:40]   [ComfyUI] [comfy-env] [VRAM] Before offload 'SparseStructureDecoderTdfyWrapper_4' (140 MB) -> cpu: 1156 / 16379 MB
[11:40]   [ComfyUI] [ComfyUI-SAM3DObjects] Health check: ping (timeout=5.0s)...
[11:40]   [ComfyUI] [ComfyUI-SAM3DObjects] Health check: ok
[11:40]   [ComfyUI] [SubprocessWorker] call_id=16 sending model_to_device
[11:40]   [ComfyUI] Model 'SparseStructureDecoderTdfyWrapper_4' gone from worker (restarted?), treating as offloaded
[11:40]   [ComfyUI] [comfy-env] [VRAM] After offload 'SparseStructureDecoderTdfyWrapper_4' (140 MB): 1156 / 16379 MB
[11:40]   [ComfyUI] [comfy-env] [VRAM] Before offload 'ShortCut_3' (3677 MB) -> cpu: 1156 / 16379 MB
[11:40]   [ComfyUI] [ComfyUI-SAM3DObjects] Health check: ping (timeout=5.0s)...
[11:40]   [ComfyUI] [ComfyUI-SAM3DObjects] Health check: ok
[11:40]   [ComfyUI] [SubprocessWorker] call_id=17 sending model_to_device
[11:40]   [ComfyUI] Model 'ShortCut_3' gone from worker (restarted?), treating as offloaded
[11:40]   [ComfyUI] [comfy-env] [VRAM] After offload 'ShortCut_3' (3677 MB): 1156 / 16379 MB
[11:40]   [ComfyUI] [comfy-env] [VRAM] Before offload 'EmbedderFuser_2' (1259 MB) -> cpu: 1156 / 16379 MB
[11:40]   [ComfyUI] [ComfyUI-SAM3DObjects] Health check: ping (timeout=5.0s)...
[11:40]   [ComfyUI] [ComfyUI-SAM3DObjects] Health check: ok
[11:40]   [ComfyUI] [SubprocessWorker] call_id=18 sending model_to_device
[11:40]   [ComfyUI] Model 'EmbedderFuser_2' gone from worker (restarted?), treating as offloaded
[11:40]   [ComfyUI] [comfy-env] [VRAM] After offload 'EmbedderFuser_2' (1259 MB): 1156 / 16379 MB
[11:40]   [ComfyUI] [comfy-env] [VRAM] Before offload 'MoGeModelV1_1' (599 MB) -> cpu: 1156 / 16379 MB
[11:40]   [ComfyUI] [ComfyUI-SAM3DObjects] Health check: ping (timeout=5.0s)...
[11:40]   [ComfyUI] [ComfyUI-SAM3DObjects] Health check: ok
[11:40]   [ComfyUI] [SubprocessWorker] call_id=19 sending model_to_device
[11:40]   [ComfyUI] Model 'MoGeModelV1_1' gone from worker (restarted?), treating as offloaded
[11:40]   [ComfyUI] [comfy-env] [VRAM] After offload 'MoGeModelV1_1' (599 MB): 1156 / 16379 MB
[11:40]   [ComfyUI] [comfy-env] LoadSAM3DModel done (0.44s): result: NodeOutput
[11:40]   [ComfyUI] [VRAM] After LoadSAM3DModel: 1156 / 16379 MB
[11:40]   [ComfyUI] [comfy-env] Running SAM3D_DepthEstimate: depth_model: dict, image: torch.float32 [1,1062,1600,3] cpu
[11:40]   [ComfyUI] [VRAM] Before SAM3D_DepthEstimate: 1156 / 16379 MB
[11:40]   [ComfyUI] [SubprocessWorker] call_method: nodes.depth_estimate.SAM3D_DepthEstimate.EXECUTE_NORMALIZED
[11:40]   [ComfyUI] [SubprocessWorker] acquired lock, ensuring started...
[11:40]   [ComfyUI] [ComfyUI-SAM3DObjects] Health check: ping (timeout=5.0s)...
[11:40]   [ComfyUI] [ComfyUI-SAM3DObjects] Health check: ok
[11:40]   [ComfyUI] [SubprocessWorker] worker started/confirmed
[11:40]   [ComfyUI] [comfy-env] PRE-SERIALIZE 'image' shape: torch.Size([1, 1062, 1600, 3])
[11:40]   [ComfyUI] [SubprocessWorker] serializing kwargs to shm...
[11:40]   [ComfyUI] [SubprocessWorker] created 0 shm blocks
[11:40]   [ComfyUI] [SubprocessWorker] sending request via socket...
[11:40]   [ComfyUI] [SubprocessWorker] call_id=20 sending call_method
[11:40]   [ComfyUI] [worker:ComfyUI-SAM3DObjects] [comfy-env] _from_shm got dict with keys: ['__type__', 'strategy', 'manager_path', 'storage_key', 'storage_size']
[11:40]   [ComfyUI] [worker:ComfyUI-SAM3DObjects] [comfy-env] DESERIALIZE TensorRef: tensor_size=[1, 1062, 1600, 3]
[11:40]   [ComfyUI] [worker:ComfyUI-SAM3DObjects] [comfy-env] DESERIALIZED tensor shape: torch.Size([1, 1062, 1600, 3])
[11:41]   [ComfyUI] [worker:ComfyUI-SAM3DObjects] WARNING: No comfy kitchen, using old apply_rope functions.
[11:42]   Frame 3 saved (frame_002.jpg, t=2.6s)
[11:42]   [capture-periodic] freeze=2ms shot=77ms unfreeze=2ms saved=True
[11:44]   [ComfyUI] [worker:ComfyUI-SAM3DObjects] [VRAM] DepthEstimate: start: torch=0MiB alloc, 0MiB reserved | gpu=1156MiB/16379MiB used
[11:44]   [ComfyUI] [worker:ComfyUI-SAM3DObjects] [VRAM] DepthEstimate: before MoGe from_pretrained: torch=0MiB alloc, 0MiB reserved | gpu=1156MiB/16379MiB used
[11:44]   [ComfyUI] C:\workspaces\SAM3DObjects-2121\ComfyUI\custom_nodes\ComfyUI-SAM3DObjects\nodes\sam3d\moge.py:1012: UserWarning: Deprecated arguments ignored: {'output_mask': True, 'split_head': True}
[11:44]   [ComfyUI]   warnings.warn(f"Deprecated arguments ignored: {deprecated_kwargs}")
[11:44]   [ComfyUI] [worker:ComfyUI-SAM3DObjects] [VRAM] DepthEstimate: after MoGe from_pretrained: torch=0MiB alloc, 0MiB reserved | gpu=1156MiB/16379MiB used
[11:44]   [ComfyUI] [worker:ComfyUI-SAM3DObjects] [VRAM] DepthEstimate: before load_models_gpu: torch=0MiB alloc, 0MiB reserved | gpu=1156MiB/16379MiB used
[11:44]   [ComfyUI] [SubprocessWorker] callback 'request_vram_budget' from call_id=20
[11:44]   [ComfyUI] [comfy-env] VRAM request: 0.63GB, free before eviction: 15.96GB
[11:44]   [ComfyUI] [comfy-env] VRAM after eviction: 15.96GB
[11:44]   [ComfyUI] [worker:ComfyUI-SAM3DObjects] [VRAM] +480MB (now 480MB) reserved=512MB peak=480MB
[11:44]   [ComfyUI] [worker:ComfyUI-SAM3DObjects] [VRAM] DepthEstimate: after load_models_gpu: torch=599MiB alloc, 608MiB reserved | gpu=1776MiB/16379MiB used
[11:44]   Frame 4 saved (frame_003.jpg, t=4.7s)
[11:44]   [capture-periodic] freeze=2ms shot=86ms unfreeze=3ms saved=True
[11:46]   [capture-loop] iter=50 t=5.9s state={'complete': False, 'error': None, 'executedCount': 1, 'wsState': 1} eval_ms=2 ram=9.1/31.9GB (28%) swap=0.0/5.0GB (0%) cpu=6% browser_rss=0.89GB
[11:46]   [ComfyUI] [SubprocessWorker] callback 'report_progress' from call_id=20
[11:46]   [ComfyUI] [worker:ComfyUI-SAM3DObjects] [VRAM] DepthEstimate: before MoGe inference: torch=599MiB alloc, 608MiB reserved | gpu=1776MiB/16379MiB used
[11:47]   Frame 5 saved (frame_004.jpg, t=6.9s)
[11:47]   [capture-periodic] freeze=2ms shot=78ms unfreeze=3ms saved=True
[11:47]   [ComfyUI] [worker:ComfyUI-SAM3DObjects] [VRAM] +292MB (now 772MB) reserved=896MB peak=772MB
[11:47]   [ComfyUI] [worker:ComfyUI-SAM3DObjects] [VRAM] DepthEstimate: after MoGe inference: torch=642MiB alloc, 896MiB reserved | gpu=2100MiB/16379MiB used
[11:47]   [ComfyUI] [worker:ComfyUI-SAM3DObjects] [VRAM] DepthEstimate: after cleanup: torch=43MiB alloc, 128MiB reserved | gpu=1332MiB/16379MiB used
[11:47]   [ComfyUI] [SubprocessWorker] callback 'report_progress' from call_id=20
[11:48]   [ComfyUI] [worker:ComfyUI-SAM3DObjects] [VRAM] -711MB (now 62MB) reserved=160MB peak=772MB
[11:48]   [ComfyUI] [SubprocessWorker] callback 'report_progress' from call_id=20
[11:48]   [ComfyUI] [worker:ComfyUI-SAM3DObjects] [VRAM] DepthEstimate: done: torch=62MiB alloc, 160MiB reserved | gpu=1364MiB/16379MiB used
[11:48]   [ComfyUI] [SubprocessWorker] got response: ok
[11:48]   [ComfyUI] [comfy-env] Created 1 model patchers: ['MoGeModelV1_1']
[11:48]   [ComfyUI] [comfy-env] SAM3D_DepthEstimate done (8.16s): result: NodeOutput
[11:48]   [ComfyUI] [VRAM] After SAM3D_DepthEstimate: 1156 / 16379 MB
[11:48]   [ComfyUI] [VRAM] Loaded: SubprocessModel (0 MB)
[11:48]   [ComfyUI] [comfy-env] Running SAM3D_PreviewPointCloud: file_path: 'C:\\workspaces\\SAM3DObjects-2121\\ComfyUI\\output\\sam3...
[11:48]   [ComfyUI] [VRAM] Before SAM3D_PreviewPointCloud: 1156 / 16379 MB
[11:48]   [ComfyUI] [VRAM] Loaded: SubprocessModel (0 MB)
[11:48]   [ComfyUI] [SubprocessWorker] call_method: nodes.preview_nodes.SAM3D_PreviewPointCloud.EXECUTE_NORMALIZED
[11:48]   [ComfyUI] [SubprocessWorker] acquired lock, ensuring started...
[11:48]   [ComfyUI] [ComfyUI-SAM3DObjects] Health check: ping (timeout=5.0s)...
[11:48]   [ComfyUI] [ComfyUI-SAM3DObjects] Health check: ok
[11:48]   [ComfyUI] [SubprocessWorker] worker started/confirmed
[11:48]   [ComfyUI] [SubprocessWorker] serializing kwargs to shm...
[11:48]   [ComfyUI] [SubprocessWorker] created 0 shm blocks
[11:48]   [ComfyUI] [SubprocessWorker] sending request via socket...
[11:48]   [ComfyUI] [SubprocessWorker] call_id=21 sending call_method
[11:48]   [ComfyUI] [SubprocessWorker] got response: ok
[11:49]   [ComfyUI] [comfy-env] SAM3D_PreviewPointCloud done (0.02s): result: NodeOutput
[11:49]   [ComfyUI] [VRAM] After SAM3D_PreviewPointCloud: 1156 / 16379 MB
[11:49]   [ComfyUI] [VRAM] Loaded: SubprocessModel (0 MB)
[11:49]   [ComfyUI] [comfy-env] Running SAM3DGenerateSLAT: seed: 42, stage1_steps: 12, stage1_cfg: 7.5, stage1_cfg_pm: 0.0, stage2_steps: 12, stage2_cfg: 5.0, use_distillation: False, generator: dict, image: torch.float32 [1,1062,1600,3] cpu, mask: torch.float32 [1,1062,1600] cpu, pointmap: torch.float32 [1062,1600,3] cpu
[11:49]   [ComfyUI] [VRAM] Before SAM3DGenerateSLAT: 1156 / 16379 MB
[11:49]   [ComfyUI] [VRAM] Loaded: SubprocessModel (0 MB)
[11:49]   [ComfyUI] [SubprocessWorker] call_method: nodes.generate_slat.SAM3DGenerateSLAT.EXECUTE_NORMALIZED
[11:49]   [ComfyUI] [SubprocessWorker] acquired lock, ensuring started...
[11:49]   [ComfyUI] [ComfyUI-SAM3DObjects] Health check: ping (timeout=5.0s)...
[11:49]   [ComfyUI] [ComfyUI-SAM3DObjects] Health check: ok
[11:49]   [ComfyUI] [SubprocessWorker] worker started/confirmed
[11:49]   [ComfyUI] [comfy-env] PRE-SERIALIZE 'image' shape: torch.Size([1, 1062, 1600, 3])
[11:49]   [ComfyUI] [comfy-env] PRE-SERIALIZE 'mask' shape: torch.Size([1, 1062, 1600])
[11:49]   [ComfyUI] [comfy-env] PRE-SERIALIZE 'pointmap' shape: torch.Size([1062, 1600, 3])
[11:49]   [ComfyUI] [SubprocessWorker] serializing kwargs to shm...
[11:49]   [ComfyUI] [SubprocessWorker] created 0 shm blocks
[11:49]   [ComfyUI] [SubprocessWorker] sending request via socket...
[11:49]   [ComfyUI] [SubprocessWorker] call_id=22 sending call_method
[11:49]   [ComfyUI] [worker:ComfyUI-SAM3DObjects] [comfy-env] _from_shm got dict with keys: ['__type__', 'strategy', 'manager_path', 'storage_key', 'storage_size']
[11:49]   [ComfyUI] [worker:ComfyUI-SAM3DObjects] [comfy-env] DESERIALIZE TensorRef: tensor_size=[1, 1062, 1600, 3]
[11:49]   [ComfyUI] [worker:ComfyUI-SAM3DObjects] [comfy-env] DESERIALIZED tensor shape: torch.Size([1, 1062, 1600, 3])
[11:49]   [ComfyUI] [worker:ComfyUI-SAM3DObjects] [comfy-env] _from_shm got dict with keys: ['__type__', 'strategy', 'manager_path', 'storage_key', 'storage_size']
[11:49]   [ComfyUI] [worker:ComfyUI-SAM3DObjects] [comfy-env] DESERIALIZE TensorRef: tensor_size=[1, 1062, 1600]
[11:49]   [ComfyUI] [worker:ComfyUI-SAM3DObjects] [comfy-env] DESERIALIZED tensor shape: torch.Size([1, 1062, 1600])
[11:49]   [ComfyUI] [worker:ComfyUI-SAM3DObjects] [comfy-env] _from_shm got dict with keys: ['__type__', 'strategy', 'manager_path', 'storage_key', 'storage_size']
[11:49]   [ComfyUI] [worker:ComfyUI-SAM3DObjects] [comfy-env] DESERIALIZE TensorRef: tensor_size=[1062, 1600, 3]
[11:49]   [ComfyUI] [worker:ComfyUI-SAM3DObjects] [comfy-env] DESERIALIZED tensor shape: torch.Size([1062, 1600, 3])
[11:49]   [ComfyUI] [worker:ComfyUI-SAM3DObjects] [VRAM] GenerateSLAT: start: torch=9MiB alloc, 160MiB reserved | gpu=1364MiB/16379MiB used
[11:49]   [ComfyUI] 2026-05-18 21:33:23.713 | WARNING  | nodes.sam3d.transforms:__post_init__:1359 - No rgb pointmap normalizer provided, using scale + shift
[11:49]   [ComfyUI] [worker:ComfyUI-SAM3DObjects] [VRAM] _load_condition_embedder(ss): before build: torch=42MiB alloc, 256MiB reserved | gpu=1496MiB/16379MiB used
[11:50]   Frame 6 saved (frame_005.jpg, t=9.0s)
[11:50]   [capture-node] freeze=948ms shot=91ms unfreeze=4ms saved=True
[11:52]   [ComfyUI] [worker:ComfyUI-SAM3DObjects] [VRAM] _load_condition_embedder(ss): after load_state_dict: torch=42MiB alloc, 256MiB reserved | gpu=1496MiB/16379MiB used
[11:52]   [ComfyUI] [SubprocessWorker] callback 'request_vram_budget' from call_id=22
[11:52]   [ComfyUI] [comfy-env] VRAM request: 2.54GB, free before eviction: 15.96GB
[11:52]   [ComfyUI] [comfy-env] VRAM after eviction: 15.96GB
[11:52]   [capture-loop] iter=100 t=12.8s state={'complete': False, 'error': None, 'executedCount': 2, 'wsState': 1} eval_ms=2 ram=10.9/31.9GB (34%) swap=0.0/5.0GB (0%) cpu=41% browser_rss=1.01GB
[11:52]   [ComfyUI] [worker:ComfyUI-SAM3DObjects] [VRAM] +204MB (now 267MB) reserved=320MB peak=772MB
[11:53]   [ComfyUI] [worker:ComfyUI-SAM3DObjects] [VRAM] Stage1: before embedding: torch=1302MiB alloc, 1312MiB reserved | gpu=2552MiB/16379MiB used
[11:53]   [ComfyUI] [worker:ComfyUI-SAM3DObjects] [VRAM] Stage1: after embedding: torch=1331MiB alloc, 2432MiB reserved | gpu=3674MiB/16379MiB used
[11:54]   [ComfyUI] [worker:ComfyUI-SAM3DObjects] [VRAM] +789MB (now 1056MB) reserved=2432MB peak=1388MB
[11:54]   [ComfyUI] [worker:ComfyUI-SAM3DObjects] [VRAM] Stage1: after embedder unload: torch=72MiB alloc, 224MiB reserved | gpu=1466MiB/16379MiB used
[11:54]   [ComfyUI] [worker:ComfyUI-SAM3DObjects] [VRAM] _load_generator(ss): before build: torch=72MiB alloc, 224MiB reserved | gpu=1466MiB/16379MiB used
[11:54]   [ComfyUI] [worker:ComfyUI-SAM3DObjects] [VRAM] _load_generator(ss): after load_state_dict: torch=72MiB alloc, 224MiB reserved | gpu=1466MiB/16379MiB used
[11:54]   [ComfyUI] [SubprocessWorker] callback 'request_vram_budget' from call_id=22
[11:54]   [ComfyUI] [comfy-env] VRAM request: 3.86GB, free before eviction: 15.96GB
[11:54]   [ComfyUI] [comfy-env] VRAM after eviction: 15.96GB
[11:55]   [ComfyUI] [worker:ComfyUI-SAM3DObjects] [VRAM] +792MB (now 1849MB) reserved=1888MB peak=1849MB
[11:56]   [ComfyUI] [worker:ComfyUI-SAM3DObjects] [VRAM] +1900MB (now 3750MB) reserved=3776MB peak=3750MB
[11:56]   [ComfyUI] [worker:ComfyUI-SAM3DObjects] [VRAM] _load_decoder(ss): before instantiate: torch=3750MiB alloc, 3776MiB reserved | gpu=5018MiB/16379MiB used
[11:56]   [ComfyUI] [worker:ComfyUI-SAM3DObjects] [VRAM] _load_decoder(ss): after load_state_dict: torch=3750MiB alloc, 3776MiB reserved | gpu=5018MiB/16379MiB used
[11:56]   [ComfyUI] [SubprocessWorker] callback 'request_vram_budget' from call_id=22
[11:56]   [ComfyUI] [comfy-env] VRAM request: 0.15GB, free before eviction: 15.96GB
[11:56]   [ComfyUI] [comfy-env] VRAM after eviction: 15.96GB
[11:56]   [ComfyUI] [worker:ComfyUI-SAM3DObjects] [VRAM] Stage1: before inference: torch=3890MiB alloc, 3904MiB reserved | gpu=5146MiB/16379MiB used
[11:56]   [ComfyUI] [worker:ComfyUI-SAM3DObjects] [DTYPE_DBG] _generate_noise_tensor: _compute_dtype=torch.bfloat16 shape=(1, 1, 6) device=cuda:0
[11:56]   [ComfyUI] [worker:ComfyUI-SAM3DObjects] [DTYPE_DBG] _generate_noise_tensor: _compute_dtype=torch.bfloat16 shape=(1, 1, 3) device=cuda:0
[11:56]   [ComfyUI] [worker:ComfyUI-SAM3DObjects] [DTYPE_DBG] _generate_noise_tensor: _compute_dtype=torch.bfloat16 shape=(1, 4096, 8) device=cuda:0
[11:56]   [ComfyUI] [worker:ComfyUI-SAM3DObjects] [DTYPE_DBG] _generate_noise_tensor: _compute_dtype=torch.bfloat16 shape=(1, 1, 3) device=cuda:0
[11:56]   [ComfyUI] [worker:ComfyUI-SAM3DObjects] [DTYPE_DBG] _generate_noise_tensor: _compute_dtype=torch.bfloat16 shape=(1, 1, 1) device=cuda:0
[11:57]   [ComfyUI] [SubprocessWorker] callback 'report_progress' from call_id=22
[11:57]   [ComfyUI] [worker:ComfyUI-SAM3DObjects] [VRAM] +292MB (now 4042MB) reserved=4224MB peak=4112MB
[11:57]   [ComfyUI] [SubprocessWorker] callback 'report_progress' from call_id=22
[11:58]   [capture-loop] iter=150 t=18.3s state={'complete': False, 'error': None, 'executedCount': 2, 'wsState': 1} eval_ms=3 ram=12.1/31.9GB (38%) swap=0.0/5.0GB (0%) cpu=14% browser_rss=1.01GB
[11:58]   [ComfyUI] [SubprocessWorker] callback 'report_progress' from call_id=22
[11:58]   Frame 7 saved (frame_006.jpg, t=18.6s)
[11:58]   [capture-periodic] freeze=2ms shot=97ms unfreeze=3ms saved=True
[11:59]   [ComfyUI] [SubprocessWorker] callback 'report_progress' from call_id=22
[12:00]   [ComfyUI] [SubprocessWorker] callback 'report_progress' from call_id=22
[12:00]   Frame 8 saved (frame_007.jpg, t=20.7s)
[12:00]   [capture-periodic] freeze=2ms shot=94ms unfreeze=3ms saved=True
[12:01]   [ComfyUI] [SubprocessWorker] callback 'report_progress' from call_id=22
[12:02]   [ComfyUI] [SubprocessWorker] callback 'report_progress' from call_id=22
[12:03]   Frame 9 saved (frame_008.jpg, t=22.8s)
[12:03]   [capture-periodic] freeze=2ms shot=84ms unfreeze=3ms saved=True
[12:03]   [ComfyUI] [SubprocessWorker] callback 'report_progress' from call_id=22
[12:03]   [ComfyUI] [SubprocessWorker] callback 'report_progress' from call_id=22
[12:04]   [capture-loop] iter=200 t=24.0s state={'complete': False, 'error': None, 'executedCount': 2, 'wsState': 1} eval_ms=3 ram=12.1/31.9GB (38%) swap=0.0/5.0GB (0%) cpu=11% browser_rss=1.00GB
[12:04]   [ComfyUI] [SubprocessWorker] callback 'report_progress' from call_id=22
[12:05]   Frame 10 saved (frame_009.jpg, t=25.0s)
[12:05]   [capture-periodic] freeze=2ms shot=77ms unfreeze=3ms saved=True
[12:05]   [ComfyUI] [SubprocessWorker] callback 'report_progress' from call_id=22
[12:05]   [ComfyUI] [SubprocessWorker] callback 'report_progress' from call_id=22
[12:05]   [ComfyUI] [worker:ComfyUI-SAM3DObjects] [VRAM] Stage1: after inference: torch=3906MiB alloc, 4224MiB reserved | gpu=5466MiB/16379MiB used
[12:05]   [ComfyUI] [worker:ComfyUI-SAM3DObjects] [VRAM] -427MB (now 3616MB) reserved=4224MB peak=4128MB
[12:06]   [ComfyUI] [worker:ComfyUI-SAM3DObjects] [VRAM] Stage1: after model cleanup: torch=88MiB alloc, 288MiB reserved | gpu=1530MiB/16379MiB used
[12:06]   [ComfyUI] 2026-05-18 21:33:41.376 | WARNING  | nodes.sam3d.transforms:__post_init__:1359 - No rgb pointmap normalizer provided, using scale + shift
[12:06]   [ComfyUI] [worker:ComfyUI-SAM3DObjects] [VRAM] _load_condition_embedder(slat): before build: torch=37MiB alloc, 288MiB reserved | gpu=1530MiB/16379MiB used
[12:06]   [ComfyUI] [worker:ComfyUI-SAM3DObjects] [VRAM] -3580MB (now 37MB) reserved=288MB peak=4128MB
[12:07]   Frame 11 saved (frame_010.jpg, t=27.1s)
[12:07]   [capture-periodic] freeze=2ms shot=102ms unfreeze=5ms saved=True
[12:09]   [capture-loop] iter=250 t=29.8s state={'complete': False, 'error': None, 'executedCount': 2, 'wsState': 1} eval_ms=3 ram=18.0/31.9GB (56%) swap=0.0/5.0GB (0%) cpu=42% browser_rss=0.86GB
[12:10]   [ComfyUI] [worker:ComfyUI-SAM3DObjects] [VRAM] _load_condition_embedder(slat): after load_state_dict: torch=37MiB alloc, 288MiB reserved | gpu=1530MiB/16379MiB used
[12:10]   [ComfyUI] [SubprocessWorker] callback 'request_vram_budget' from call_id=22
[12:10]   [ComfyUI] [comfy-env] VRAM request: 2.50GB, free before eviction: 15.96GB
[12:10]   [ComfyUI] [comfy-env] VRAM after eviction: 15.96GB
[12:10]   [ComfyUI] [worker:ComfyUI-SAM3DObjects] [VRAM] +432MB (now 469MB) reserved=576MB peak=4128MB
[12:11]   [ComfyUI] [worker:ComfyUI-SAM3DObjects] [VRAM] Stage2: before embedding: torch=1264MiB alloc, 1312MiB reserved | gpu=2554MiB/16379MiB used
[12:11]   [ComfyUI] [worker:ComfyUI-SAM3DObjects] [VRAM] Stage2: after embedding: torch=1275MiB alloc, 1408MiB reserved | gpu=2650MiB/16379MiB used
[12:11]   [ComfyUI] [worker:ComfyUI-SAM3DObjects] [VRAM] +805MB (now 1275MB) reserved=1408MB peak=4128MB
[12:11]   [ComfyUI] [worker:ComfyUI-SAM3DObjects] [VRAM] Stage2: after embedder unload: torch=48MiB alloc, 224MiB reserved | gpu=1466MiB/16379MiB used
[12:11]   [ComfyUI] [worker:ComfyUI-SAM3DObjects] [VRAM] _load_generator(slat): before build: torch=48MiB alloc, 224MiB reserved | gpu=1466MiB/16379MiB used
[12:12]   [ComfyUI] [worker:ComfyUI-SAM3DObjects] [VRAM] -1228MB (now 48MB) reserved=224MB peak=4128MB
[12:15]   [capture-loop] iter=300 t=35.3s state={'complete': False, 'error': None, 'executedCount': 2, 'wsState': 1} eval_ms=3 ram=17.1/31.9GB (53%) swap=0.0/5.0GB (0%) cpu=13% browser_rss=0.86GB
[12:15]   [ComfyUI] [worker:ComfyUI-SAM3DObjects] [VRAM] _load_generator(slat): after load_state_dict: torch=48MiB alloc, 224MiB reserved | gpu=1466MiB/16379MiB used
[12:15]   [ComfyUI] [SubprocessWorker] callback 'request_vram_budget' from call_id=22
[12:15]   [ComfyUI] [comfy-env] VRAM request: 2.40GB, free before eviction: 15.96GB
[12:15]   [ComfyUI] [comfy-env] VRAM after eviction: 15.96GB
[12:16]   [ComfyUI] [worker:ComfyUI-SAM3DObjects] [VRAM] +207MB (now 255MB) reserved=416MB peak=4128MB
[12:17]   [ComfyUI] [worker:ComfyUI-SAM3DObjects] [VRAM] +2083MB (now 2338MB) reserved=2400MB peak=4128MB
[12:17]   [ComfyUI] [worker:ComfyUI-SAM3DObjects] [VRAM] Stage2: before inference: torch=2338MiB alloc, 2400MiB reserved | gpu=3642MiB/16379MiB used
[12:17]   [ComfyUI] [worker:ComfyUI-SAM3DObjects] [DTYPE_DBG] _generate_noise_tensor: _compute_dtype=torch.bfloat16 shape=(1, 8733, 8) device=cuda:0
[12:17]   [ComfyUI] W0518 21:33:51.748000 10140 site-packages\torch\fx\_symbolic_trace.py:53] is_fx_tracing will return true for both fx.symbolic_trace and torch.export. Please use is_fx_tracing_symbolic_tracing() for specifically fx.symbolic_trace or torch.compiler.is_compiling() for specifically torch.export/compile.
[12:17]   [ComfyUI] [worker:ComfyUI-SAM3DObjects] [33m[comfy-attn] Varlen attention: sage2[0m
[12:18]   [ComfyUI] [SubprocessWorker] callback 'report_progress' from call_id=22
[12:18]   [ComfyUI] [SubprocessWorker] callback 'report_progress' from call_id=22
[12:19]   [ComfyUI] [SubprocessWorker] callback 'report_progress' from call_id=22
[12:19]   [ComfyUI] [SubprocessWorker] callback 'report_progress' from call_id=22
[12:20]   Frame 12 saved (frame_011.jpg, t=40.0s)
[12:20]   [capture-periodic] freeze=2ms shot=93ms unfreeze=3ms saved=True
[12:20]   [ComfyUI] [SubprocessWorker] callback 'report_progress' from call_id=22
[12:20]   [ComfyUI] [SubprocessWorker] callback 'report_progress' from call_id=22
[12:21]   [capture-loop] iter=350 t=41.1s state={'complete': False, 'error': None, 'executedCount': 2, 'wsState': 1} eval_ms=3 ram=17.2/31.9GB (54%) swap=0.0/5.0GB (0%) cpu=36% browser_rss=0.87GB
[12:21]   [ComfyUI] [SubprocessWorker] callback 'report_progress' from call_id=22
[12:21]   [ComfyUI] [SubprocessWorker] callback 'report_progress' from call_id=22
[12:21]   [ComfyUI] [SubprocessWorker] callback 'report_progress' from call_id=22
[12:22]   [ComfyUI] [SubprocessWorker] callback 'report_progress' from call_id=22
[12:22]   [ComfyUI] [SubprocessWorker] callback 'report_progress' from call_id=22
[12:22]   Frame 13 saved (frame_012.jpg, t=42.3s)
[12:22]   [capture-periodic] freeze=2ms shot=98ms unfreeze=3ms saved=True
[12:22]   [ComfyUI] [SubprocessWorker] callback 'report_progress' from call_id=22
[12:22]   [ComfyUI] [worker:ComfyUI-SAM3DObjects] [VRAM] Stage2: after inference: torch=2338MiB alloc, 2656MiB reserved | gpu=3902MiB/16379MiB used
[12:22]   [ComfyUI] [worker:ComfyUI-SAM3DObjects] [VRAM] -820MB (now 1518MB) reserved=2656MB peak=4128MB
[12:23]   [ComfyUI] [worker:ComfyUI-SAM3DObjects] [VRAM] Stage2: after model cleanup: torch=48MiB alloc, 256MiB reserved | gpu=1502MiB/16379MiB used
[12:23]   [ComfyUI] [worker:ComfyUI-SAM3DObjects] [VRAM] GenerateSLAT: done: torch=29MiB alloc, 256MiB reserved | gpu=1502MiB/16379MiB used
[12:23]   [ComfyUI] [SubprocessWorker] got response: ok
[12:23]   [ComfyUI] [comfy-env] Created 5 model patchers: ['EmbedderFuser_2', 'ShortCut_3', 'SparseStructureDecoderTdfyWrapper_4', 'EmbedderFuser_5', 'FlowMatching_6']
[12:23]   [ComfyUI] [comfy-env] SAM3DGenerateSLAT done (34.11s): result: NodeOutput
[12:23]   [ComfyUI] [VRAM] After SAM3DGenerateSLAT: 1156 / 16379 MB
[12:23]   [ComfyUI] [VRAM] Loaded: SubprocessModel (0 MB), SubprocessModel (0 MB), SubprocessModel (0 MB), SubprocessModel (0 MB), SubprocessModel (0 MB), SubprocessModel (0 MB)
[12:23]   [ComfyUI] [comfy-env] Running SAM3DGaussianDecode: up_axis: 'Y-up (standard)', world_coordinates: False, slat_decoder_gs: dict, slat: 'C:\\workspaces\\SAM3DObjects-2121\\ComfyUI\\output\\sam3...
[12:23]   [ComfyUI] [VRAM] Before SAM3DGaussianDecode: 1156 / 16379 MB
[12:23]   [ComfyUI] [VRAM] Loaded: SubprocessModel (0 MB), SubprocessModel (0 MB), SubprocessModel (0 MB), SubprocessModel (0 MB), SubprocessModel (0 MB), SubprocessModel (0 MB)
[12:23]   [ComfyUI] [SubprocessWorker] call_method: nodes.gaussian_decode.SAM3DGaussianDecode.EXECUTE_NORMALIZED
[12:23]   [ComfyUI] [SubprocessWorker] acquired lock, ensuring started...
[12:23]   [ComfyUI] [ComfyUI-SAM3DObjects] Health check: ping (timeout=5.0s)...
[12:23]   [ComfyUI] [ComfyUI-SAM3DObjects] Health check: ok
[12:23]   [ComfyUI] [SubprocessWorker] worker started/confirmed
[12:23]   [ComfyUI] [SubprocessWorker] serializing kwargs to shm...
[12:23]   [ComfyUI] [SubprocessWorker] created 0 shm blocks
[12:23]   [ComfyUI] [SubprocessWorker] sending request via socket...
[12:23]   [ComfyUI] [SubprocessWorker] call_id=23 sending call_method
[12:23]   [ComfyUI] [worker:ComfyUI-SAM3DObjects] [VRAM] GaussianDecode: start: torch=9MiB alloc, 256MiB reserved | gpu=1502MiB/16379MiB used
[12:23]   [ComfyUI] [SubprocessWorker] callback 'report_progress' from call_id=23
[12:23]   [ComfyUI] [worker:ComfyUI-SAM3DObjects] [VRAM] _load_decoder(slat_decoder_gs): before instantiate: torch=9MiB alloc, 256MiB reserved | gpu=1502MiB/16379MiB used
[12:23]   [ComfyUI] [worker:ComfyUI-SAM3DObjects] [VRAM] -1510MB (now 9MB) reserved=256MB peak=4128MB
[12:24]   Frame 14 saved (frame_013.jpg, t=44.5s)
[12:24]   [capture-periodic] freeze=2ms shot=90ms unfreeze=2ms saved=True
[12:25]   [ComfyUI] 2026-05-18 21:34:00.241 | DEBUG    | nodes.sam3d.image_ops:<module>:14 - image_operations: cv2 available, using OpenCV backend
[12:25]   [ComfyUI] [worker:ComfyUI-SAM3DObjects] [VRAM] _load_decoder(slat_decoder_gs): after load_state_dict: torch=9MiB alloc, 256MiB reserved | gpu=1502MiB/16379MiB used
[12:25]   [ComfyUI] [SubprocessWorker] callback 'request_vram_budget' from call_id=23
[12:25]   [ComfyUI] [comfy-env] VRAM request: 0.17GB, free before eviction: 15.96GB
[12:25]   [ComfyUI] [comfy-env] VRAM after eviction: 15.96GB
[12:25]   [ComfyUI] [worker:ComfyUI-SAM3DObjects] [VRAM] Decode(gaussian): after load_models_gpu: torch=172MiB alloc, 256MiB reserved | gpu=1502MiB/16379MiB used
[12:25]   [ComfyUI] [SubprocessWorker] callback 'report_progress' from call_id=23
[12:25]   [ComfyUI] [worker:ComfyUI-SAM3DObjects] [VRAM] +303MB (now 313MB) reserved=384MB peak=4128MB
[12:26]   [ComfyUI] [SubprocessWorker] callback 'report_progress' from call_id=23
[12:26]   [ComfyUI] [worker:ComfyUI-SAM3DObjects] [VRAM] Decode(gaussian): after cleanup: torch=24MiB alloc, 96MiB reserved | gpu=1342MiB/16379MiB used
[12:26]   Frame 15 saved (frame_014.jpg, t=46.6s)
[12:26]   [capture-periodic] freeze=2ms shot=92ms unfreeze=2ms saved=True
[12:27]   [ComfyUI] [worker:ComfyUI-SAM3DObjects] [VRAM] -289MB (now 24MB) reserved=96MB peak=4128MB
[12:27]   [capture-loop] iter=400 t=46.9s state={'complete': False, 'error': None, 'executedCount': 2, 'wsState': 1} eval_ms=2 ram=19.7/31.9GB (62%) swap=0.0/5.0GB (0%) cpu=27% browser_rss=0.87GB
[12:32]   [capture-loop] iter=450 t=52.4s state={'complete': False, 'error': None, 'executedCount': 2, 'wsState': 1} eval_ms=2 ram=19.6/31.9GB (62%) swap=0.0/5.0GB (0%) cpu=11% browser_rss=0.79GB
[12:34]   [ComfyUI] [worker:ComfyUI-SAM3DObjects]
[12:34]   [ComfyUI] === WATCHDOG TICK 1 ===
[12:34]   [ComfyUI] [worker:ComfyUI-SAM3DObjects] Thread 0x000017d0 (most recent call first):
[12:34]   [ComfyUI]   File "C:\Users\ContainerUser\AppData\Local\Temp\comfyui_pvenv_tt8d992t\persistent_worker.py", line 106 in _vram_poller
[12:34]   [ComfyUI]   File "C:\Users\ContainerUser\AppData\Local\Programs\comfy-env\.pixi\envs\sam3dobjects-nodes\Lib\threading.py", line 1012 in run
[12:34]   [ComfyUI]   File "C:\Users\ContainerUser\AppData\Local\Programs\comfy-env\.pixi\envs\sam3dobjects-nodes\Lib\threading.py", line 1075 in _bootstrap_inner
[12:34]   [ComfyUI]   File "C:\Users\ContainerUser\AppData\Local\Programs\comfy-env\.pixi\envs\sam3dobjects-nodes\Lib\threading.py", line 1032 in _bootstrap
[12:34]   [ComfyUI] 
[12:34]   [ComfyUI] Current thread 0x00001c08 (most recent call first):
[12:34]   [ComfyUI]   File "C:\Users\ContainerUser\AppData\Local\Temp\comfyui_pvenv_tt8d992t\persistent_worker.py", line 52 in _watchdog
[12:34]   [ComfyUI]   File "C:\Users\ContainerUser\AppData\Local\Programs\comfy-env\.pixi\envs\sam3dobjects-nodes\Lib\threading.py", line 1012 in run
[12:34]   [ComfyUI]   File "C:\Users\ContainerUser\AppData\Local\Programs\comfy-env\.pixi\envs\sam3dobjects-nodes\Lib\threading.py", line 1075 in _bootstrap_inner
[12:34]   [ComfyUI]   File "C:\Users\ContainerUser\AppData\Local\Programs\comfy-env\.pixi\envs\sam3dobjects-nodes\Lib\threading.py", line 1032 in _bootstrap
[12:34]   [ComfyUI] 
[12:34]   [ComfyUI] Thread 0x000037ec (most recent call first):
[12:34]   [ComfyUI]   File "C:\Users\ContainerUser\AppData\Local\Programs\comfy-env\.pixi\envs\sam3dobjects-nodes\Lib\site-packages\numpy\lib\_npyio_impl.py", line 1533 in write_bytes
[12:34]   [ComfyUI]   File "C:\Users\ContainerUser\AppData\Local\Programs\comfy-env\.pixi\envs\sam3dobjects-nodes\Lib\site-packages\numpy\lib\_npyio_impl.py", line 1544 in first_write
[12:34]   [ComfyUI]   File "C:\Users\ContainerUser\AppData\Local\Programs\comfy-env\.pixi\envs\sam3dobjects-nodes\Lib\site-packages\numpy\lib\_npyio_impl.py", line 1527 in write
[12:34]   [ComfyUI]   File "C:\Users\ContainerUser\AppData\Local\Programs\comfy-env\.pixi\envs\sam3dobjects-nodes\Lib\site-packages\numpy\lib\_npyio_impl.py", line 1623 in savetxt
[12:34]   [ComfyUI]   File "C:\Users\ContainerUser\AppData\Local\Programs\comfy-env\.pixi\envs\sam3dobjects-nodes\Lib\site-packages\plyfile.py", line 651 in _write_txt
[12:34]   [ComfyUI]   File "C:\Users\ContainerUser\AppData\Local\Programs\comfy-env\.pixi\envs\sam3dobjects-nodes\Lib\site-packages\plyfile.py", line 541 in _write
[12:34]   [ComfyUI]   File "C:\Users\ContainerUser\AppData\Local\Programs\comfy-env\.pixi\envs\sam3dobjects-nodes\Lib\site-packages\plyfile.py", line 211 in write
[12:34]   [ComfyUI]   File "C:\workspaces\SAM3DObjects-2121\ComfyUI\custom_nodes\ComfyUI-SAM3DObjects\nodes\sam3d\representations.py", line 454 in save_ply
[12:34]   [ComfyUI]   File "C:\workspaces\SAM3DObjects-2121\ComfyUI\custom_nodes\ComfyUI-SAM3DObjects\nodes\utils\stages.py", line 1423 in run_decode
[12:34]   [ComfyUI]   File "C:\workspaces\SAM3DObjects-2121\ComfyUI\custom_nodes\ComfyUI-SAM3DObjects\nodes\gaussian_decode.py", line 100 in execute
[12:34]   [ComfyUI]   File "C:\Users\ContainerUser\AppData\Local\Programs\comfy-env\.pixi\envs\sam3dobjects-nodes\Lib\site-packages\torch\utils\_contextlib.py", line 124 in decorate_context
[12:34]   [ComfyUI]   File "C:\workspaces\SAM3DObjects-2121\ComfyUI\comfy_api\latest\_io.py", line 1833 in EXECUTE_NORMALIZED
[12:34]   [ComfyUI]   File "C:\Users\ContainerUser\AppData\Local\Temp\comfyui_pvenv_tt8d992t\persistent_worker.py", line 1762 in main
[12:34]   [ComfyUI]   File "C:\Users\ContainerUser\AppData\Local\Temp\comfyui_pvenv_tt8d992t\persistent_worker.py", line 1807 in <module>
[12:34]   [ComfyUI] 
[12:34]   [ComfyUI] [worker:ComfyUI-SAM3DObjects] === END ===
[12:34]   [ComfyUI] 
[12:38]   [capture-loop] iter=500 t=58.0s state={'complete': False, 'error': None, 'executedCount': 2, 'wsState': 1} eval_ms=2 ram=19.6/31.9GB (62%) swap=0.0/5.0GB (0%) cpu=11% browser_rss=0.78GB
[12:40]   [ComfyUI] [SubprocessWorker] callback 'report_progress' from call_id=23
[12:40]   [ComfyUI] [worker:ComfyUI-SAM3DObjects] [VRAM] GaussianDecode: done: torch=9MiB alloc, 96MiB reserved | gpu=1342MiB/16379MiB used
[12:40]   [ComfyUI] [SubprocessWorker] got response: ok
[12:40]   [ComfyUI] [comfy-env] Created 1 model patchers: ['SLatGaussianDecoderTdfyWrapper_7']
[12:40]   [ComfyUI] [comfy-env] SAM3DGaussianDecode done (17.80s): result: NodeOutput
[12:40]   [ComfyUI] [VRAM] After SAM3DGaussianDecode: 1156 / 16379 MB
[12:40]   [ComfyUI] [VRAM] Loaded: SubprocessModel (0 MB), SubprocessModel (0 MB), SubprocessModel (0 MB), SubprocessModel (0 MB), SubprocessModel (0 MB), SubprocessModel (0 MB), SubprocessModel (0 MB)
[12:40]   [ComfyUI] [comfy-env] Running SAM3DMeshDecode: with_postprocess: True, simplify: 0.95, up_axis: 'Y-up (standard)', world_coordinates: False, use_sparse_flexicubes: True, slat_decoder_mesh: dict, slat: 'C:\\workspaces\\SAM3DObjects-2121\\ComfyUI\\output\\sam3...
[12:40]   [ComfyUI] [VRAM] Before SAM3DMeshDecode: 1156 / 16379 MB
[12:40]   [ComfyUI] [VRAM] Loaded: SubprocessModel (0 MB), SubprocessModel (0 MB), SubprocessModel (0 MB), SubprocessModel (0 MB), SubprocessModel (0 MB), SubprocessModel (0 MB), SubprocessModel (0 MB)
[12:40]   [ComfyUI] [SubprocessWorker] call_method: nodes.mesh_decode.SAM3DMeshDecode.EXECUTE_NORMALIZED
[12:40]   [ComfyUI] [SubprocessWorker] acquired lock, ensuring started...
[12:40]   [ComfyUI] [ComfyUI-SAM3DObjects] Health check: ping (timeout=5.0s)...
[12:40]   [ComfyUI] [ComfyUI-SAM3DObjects] Health check: ok
[12:40]   [ComfyUI] [SubprocessWorker] worker started/confirmed
[12:40]   [ComfyUI] [SubprocessWorker] serializing kwargs to shm...
[12:40]   [ComfyUI] [SubprocessWorker] created 0 shm blocks
[12:40]   [ComfyUI] [SubprocessWorker] sending request via socket...
[12:40]   [ComfyUI] [SubprocessWorker] call_id=24 sending call_method
[12:40]   [ComfyUI] [worker:ComfyUI-SAM3DObjects] [VRAM] MeshDecode: start: torch=9MiB alloc, 96MiB reserved | gpu=1342MiB/16379MiB used
[12:40]   [ComfyUI] [SubprocessWorker] callback 'report_progress' from call_id=24
[12:40]   [ComfyUI] [worker:ComfyUI-SAM3DObjects] [VRAM] _load_decoder(slat_decoder_mesh): before instantiate: torch=9MiB alloc, 96MiB reserved | gpu=1342MiB/16379MiB used
[12:41]   [ComfyUI] [worker:ComfyUI-SAM3DObjects] [VRAM] _load_decoder(slat_decoder_mesh): after load_state_dict: torch=9MiB alloc, 384MiB reserved | gpu=1630MiB/16379MiB used
[12:41]   [ComfyUI] [SubprocessWorker] callback 'request_vram_budget' from call_id=24
[12:41]   [ComfyUI] [comfy-env] VRAM request: 0.18GB, free before eviction: 15.96GB
[12:41]   [ComfyUI] [comfy-env] VRAM after eviction: 15.96GB
[12:41]   [ComfyUI] [worker:ComfyUI-SAM3DObjects] [VRAM] Decode(mesh): after load_models_gpu: torch=182MiB alloc, 224MiB reserved | gpu=1470MiB/16379MiB used
[12:41]   [ComfyUI] [SubprocessWorker] callback 'report_progress' from call_id=24
[12:41]   [ComfyUI] [worker:ComfyUI-SAM3DObjects] [VRAM] +222MB (now 246MB) reserved=352MB peak=4128MB
[12:41]   Frame 16 saved (frame_015.jpg, t=61.5s)
[12:41]   [capture-periodic] freeze=2ms shot=86ms unfreeze=2ms saved=True
[12:42]   [ComfyUI] [worker:ComfyUI-SAM3DObjects] [VRAM] +561MB (now 808MB) reserved=864MB peak=4128MB
[12:43]   [ComfyUI] [worker:ComfyUI-SAM3DObjects] WARNING: [VRAM:mesh] start: 469 MiB | cubefeats torch.Size([558912, 101])
[12:43]   [ComfyUI] [worker:ComfyUI-SAM3DObjects] WARNING: [VRAM:mesh] after sparse_cube2verts: 502 MiB | v_pos torch.Size([663519, 3])
[12:43]   [ComfyUI] [worker:ComfyUI-SAM3DObjects] WARNING: [VRAM:mesh] after get_sparse_attrs + del: 267 MiB | verts 663519 cubes 558912
[12:43]   [ComfyUI] [worker:ComfyUI-SAM3DObjects] WARNING: [VRAM:mesh] after dilation: 293 MiB | verts 846680 cubes 742231
[12:43]   [ComfyUI] [worker:ComfyUI-SAM3DObjects] WARNING: [VRAM:mesh] after searchsorted: 329 MiB | reg_c torch.Size([742231, 8])
[12:43]   [ComfyUI] [worker:ComfyUI-SAM3DObjects] WARNING: [VRAM:fc] start: 329 MiB | verts torch.Size([846681, 3]) cubes torch.Size([742231, 8]) sdf torch.Size([846681])
[12:43]   [ComfyUI] [worker:ComfyUI-SAM3DObjects] WARNING: [VRAM:fc] after _identify_surf_cubes: 335 MiB | surf_cubes 194955/742231
[12:43]   [ComfyUI] [worker:ComfyUI-SAM3DObjects] WARNING: [VRAM:fc] after _get_case_id: 371 MiB
[12:43]   [ComfyUI] [worker:ComfyUI-SAM3DObjects] WARNING: [VRAM:fc] after _identify_surf_edges: 401 MiB | surf_edges torch.Size([194956, 2])
[12:43]   [ComfyUI] [worker:ComfyUI-SAM3DObjects] WARNING: [VRAM:fc] after _compute_vd: 430 MiB | vd torch.Size([194960, 3])
[12:43]   [ComfyUI] [worker:ComfyUI-SAM3DObjects] WARNING: [VRAM:fc] after _triangulate: 438 MiB | verts torch.Size([194960, 3]) faces torch.Size([389890, 3])
[12:43]   [ComfyUI] [worker:ComfyUI-SAM3DObjects] WARNING: [VRAM:mesh] after FlexiCubes: 343 MiB | verts torch.Size([194960, 3]) faces torch.Size([389890, 3])
[12:43]   [ComfyUI] [SubprocessWorker] callback 'report_progress' from call_id=24
[12:43]   [ComfyUI] [worker:ComfyUI-SAM3DObjects] [VRAM] Decode(mesh): after cleanup: torch=38MiB alloc, 224MiB reserved | gpu=1472MiB/16379MiB used
[12:43]   [ComfyUI] [worker:ComfyUI-SAM3DObjects] Before postprocess: 194960 vertices, 389890 faces
[12:43]   [ComfyUI] 
[12:43]   [ComfyUI]   0%|          [00:00<?]
[12:43]   [capture-loop] iter=550 t=63.5s state={'complete': False, 'error': None, 'executedCount': 2, 'wsState': 1} eval_ms=3 ram=19.8/31.9GB (62%) swap=0.0/5.0GB (0%) cpu=14% browser_rss=0.78GB
[12:43]   [ComfyUI] Decimating Mesh:   0%|          [00:00<?]
[12:43]   Frame 17 saved (frame_016.jpg, t=63.7s)
[12:43]   [capture-periodic] freeze=2ms shot=90ms unfreeze=2ms saved=True
[12:43]   [ComfyUI] Decimating Mesh:  10%|█         [00:00<00:01]
[12:44]   [ComfyUI] Decimating Mesh:  20%|██        [00:00<00:01]
[12:44]   [ComfyUI] Decimating Mesh:  28%|██▊       [00:00<00:01]
[12:44]   [ComfyUI] Decimating Mesh:  36%|███▋      [00:00<00:01]
[12:44]   [ComfyUI] Decimating Mesh:  45%|████▍     [00:00<00:01][worker:ComfyUI-SAM3DObjects] [VRAM] -770MB (now 38MB) reserved=224MB peak=4128MB
[12:44]   [ComfyUI] 
[12:44]   [ComfyUI] Decimating Mesh:  53%|█████▎    [00:01<00:01]
[12:45]   [ComfyUI] Decimating Mesh:  61%|██████    [00:01<00:00]
[12:45]   [ComfyUI] Decimating Mesh:  69%|██████▉   [00:01<00:00]
[12:45]   [ComfyUI] Decimating Mesh:  77%|███████▋  [00:01<00:00]
[12:45]   [ComfyUI] Decimating Mesh:  82%|████████▏ [00:01<00:00]
[12:45]   [ComfyUI] Decimating Mesh:  86%|████████▌ [00:01<00:00]
[12:45]   [ComfyUI] Decimating Mesh:  90%|████████▉ [00:02<00:00]
[12:45]   [ComfyUI] Decimating Mesh: 100%|██████████[00:02<00:00]
[12:45]   [ComfyUI] Decimating Mesh: 100%|██████████[00:02<00:00]
[12:45]   [ComfyUI] Decimating Mesh: 100%|██████████[00:02<00:00]
[12:45]   [ComfyUI] [worker:ComfyUI-SAM3DObjects] After decimate: 9757 vertices, 19493 faces
[12:49]   [ComfyUI] [worker:ComfyUI-SAM3DObjects] Found 8410 invisible faces
[12:49]   [ComfyUI] [worker:ComfyUI-SAM3DObjects] Dual graph: 29234 edges
[12:49]   [capture-loop] iter=600 t=69.3s state={'complete': False, 'error': None, 'executedCount': 2, 'wsState': 1} eval_ms=2 ram=19.8/31.9GB (62%) swap=0.0/5.0GB (0%) cpu=16% browser_rss=0.79GB
[12:49]   [ComfyUI] [worker:ComfyUI-SAM3DObjects] Mincut solved, start checking the cut
[12:49]   [ComfyUI] [worker:ComfyUI-SAM3DObjects] Removed 9690 faces by mincut
[12:49]   [ComfyUI] [worker:ComfyUI-SAM3DObjects] After remove invisible faces: 4915 vertices, 9830 faces
[12:49]   [ComfyUI] [SubprocessWorker] callback 'report_progress' from call_id=24
[12:49]   [ComfyUI] [worker:ComfyUI-SAM3DObjects] [VRAM] MeshDecode: done: torch=9MiB alloc, 256MiB reserved | gpu=1504MiB/16379MiB used
[12:49]   [ComfyUI] [SubprocessWorker] got response: ok
[12:49]   [ComfyUI] [comfy-env] Created 1 model patchers: ['SLatMeshDecoderTdfyWrapper_8']
[12:49]   [ComfyUI] [comfy-env] SAM3DMeshDecode done (9.02s): result: NodeOutput
[12:49]   [ComfyUI] [VRAM] After SAM3DMeshDecode: 1156 / 16379 MB
[12:49]   [ComfyUI] [VRAM] Loaded: SubprocessModel (0 MB), SubprocessModel (0 MB), SubprocessModel (0 MB), SubprocessModel (0 MB), SubprocessModel (0 MB), SubprocessModel (0 MB), SubprocessModel (0 MB), SubprocessModel (0 MB)
[12:49]   [ComfyUI] [comfy-env] Running SAM3DTextureBake: glb_path: 'C:\\workspaces\\SAM3DObjects-2121\\ComfyUI\\output\\sam3..., ply_path: 'C:\\workspaces\\SAM3DObjects-2121\\ComfyUI\\output\\sam3..., texture_mode: 'fast', texture_size: 1024, rendering_engine: 'nvdiffrast'
[12:49]   [ComfyUI] [VRAM] Before SAM3DTextureBake: 1156 / 16379 MB
[12:49]   [ComfyUI] [VRAM] Loaded: SubprocessModel (0 MB), SubprocessModel (0 MB), SubprocessModel (0 MB), SubprocessModel (0 MB), SubprocessModel (0 MB), SubprocessModel (0 MB), SubprocessModel (0 MB), SubprocessModel (0 MB)
[12:49]   [ComfyUI] [SubprocessWorker] call_method: nodes.postprocess.SAM3DTextureBake.EXECUTE_NORMALIZED
[12:49]   [ComfyUI] [SubprocessWorker] acquired lock, ensuring started...
[12:49]   [ComfyUI] [ComfyUI-SAM3DObjects] Health check: ping (timeout=5.0s)...
[12:49]   [ComfyUI] [ComfyUI-SAM3DObjects] Health check: ok
[12:49]   [ComfyUI] [SubprocessWorker] worker started/confirmed
[12:49]   [ComfyUI] [SubprocessWorker] serializing kwargs to shm...
[12:49]   [ComfyUI] [SubprocessWorker] created 0 shm blocks
[12:49]   [ComfyUI] [SubprocessWorker] sending request via socket...
[12:49]   [ComfyUI] [SubprocessWorker] call_id=25 sending call_method
[12:50]   Frame 18 saved (frame_017.jpg, t=70.2s)
[12:50]   [capture-periodic] freeze=2ms shot=91ms unfreeze=3ms saved=True
[12:55]   [capture-loop] iter=650 t=74.9s state={'complete': False, 'error': None, 'executedCount': 2, 'wsState': 1} eval_ms=2 ram=19.8/31.9GB (62%) swap=0.0/5.0GB (0%) cpu=13% browser_rss=0.79GB
[12:56]   [ComfyUI] 2026-05-18 21:34:31.360 | INFO     | nodes.sam3d.postprocessing:to_glb:911 - Baking texture ...
[13:00]   [capture-loop] iter=700 t=80.5s state={'complete': False, 'error': None, 'executedCount': 2, 'wsState': 1} eval_ms=2 ram=20.0/31.9GB (63%) swap=0.0/5.0GB (0%) cpu=15% browser_rss=0.79GB
[13:05]   [ComfyUI] [SubprocessWorker] got response: ok
[13:05]   [ComfyUI] [comfy-env] SAM3DTextureBake done (15.54s): result: NodeOutput
[13:05]   [ComfyUI] [VRAM] After SAM3DTextureBake: 1156 / 16379 MB
[13:05]   [ComfyUI] [VRAM] Loaded: SubprocessModel (0 MB), SubprocessModel (0 MB), SubprocessModel (0 MB), SubprocessModel (0 MB), SubprocessModel (0 MB), SubprocessModel (0 MB), SubprocessModel (0 MB), SubprocessModel (0 MB)
[13:05]   [ComfyUI] Prompt executed in 85.24 seconds
[13:05]   [ComfyUI] [comfy-env] [VRAM] Before offload 'ShortCut_3' (3677 MB) -> cpu: 1156 / 16379 MB
[13:05]   [ComfyUI] [ComfyUI-SAM3DObjects] Health check: ping (timeout=5.0s)...
[13:05]   [ComfyUI] [ComfyUI-SAM3DObjects] Health check: ok
[13:05]   [ComfyUI] [SubprocessWorker] call_id=26 sending model_to_device
[13:05]   [ComfyUI] [comfy-env] [VRAM] After offload 'ShortCut_3' (3677 MB): 1156 / 16379 MB
[13:05]   [ComfyUI] [comfy-env] [VRAM] Before offload 'FlowMatching_6' (2290 MB) -> cpu: 1156 / 16379 MB
[13:05]   [ComfyUI] [ComfyUI-SAM3DObjects] Health check: ping (timeout=5.0s)...
[13:05]   [ComfyUI] [ComfyUI-SAM3DObjects] Health check: ok
[13:05]   [ComfyUI] [SubprocessWorker] call_id=27 sending model_to_device
[13:05]   [ComfyUI] [comfy-env] [VRAM] After offload 'FlowMatching_6' (2290 MB): 1156 / 16379 MB
[13:05]   [ComfyUI] [comfy-env] [VRAM] Before offload 'EmbedderFuser_2' (1259 MB) -> cpu: 1156 / 16379 MB
[13:05]   [ComfyUI] [ComfyUI-SAM3DObjects] Health check: ping (timeout=5.0s)...
[13:05]   [ComfyUI] [ComfyUI-SAM3DObjects] Health check: ok
[13:05]   [ComfyUI] [SubprocessWorker] call_id=28 sending model_to_device
[13:05]   [ComfyUI] [comfy-env] [VRAM] After offload 'EmbedderFuser_2' (1259 MB): 1156 / 16379 MB
[13:05]   [ComfyUI] [comfy-env] [VRAM] Before offload 'EmbedderFuser_5' (1227 MB) -> cpu: 1156 / 16379 MB
[13:05]   [ComfyUI] [ComfyUI-SAM3DObjects] Health check: ping (timeout=5.0s)...
[13:05]   [ComfyUI] [ComfyUI-SAM3DObjects] Health check: ok
[13:05]   [ComfyUI] [SubprocessWorker] call_id=29 sending model_to_device
[13:05]   [ComfyUI] [comfy-env] [VRAM] After offload 'EmbedderFuser_5' (1227 MB): 1156 / 16379 MB
[13:05]   [ComfyUI] [comfy-env] [VRAM] Before offload 'MoGeModelV1_1' (599 MB) -> cpu: 1156 / 16379 MB
[13:05]   [ComfyUI] [ComfyUI-SAM3DObjects] Health check: ping (timeout=5.0s)...
[13:05]   [ComfyUI] [ComfyUI-SAM3DObjects] Health check: ok
[13:05]   [ComfyUI] [SubprocessWorker] call_id=30 sending model_to_device
[13:05]   [ComfyUI] [comfy-env] [VRAM] After offload 'MoGeModelV1_1' (599 MB): 1156 / 16379 MB
[13:05]   [ComfyUI] [comfy-env] [VRAM] Before offload 'SLatMeshDecoderTdfyWrapper_8' (173 MB) -> cpu: 1156 / 16379 MB
[13:05]   [ComfyUI] [ComfyUI-SAM3DObjects] Health check: ping (timeout=5.0s)...
[13:05]   [ComfyUI] [ComfyUI-SAM3DObjects] Health check: ok
[13:05]   [ComfyUI] [SubprocessWorker] call_id=31 sending model_to_device
[13:05]   [ComfyUI] [comfy-env] [VRAM] After offload 'SLatMeshDecoderTdfyWrapper_8' (173 MB): 1156 / 16379 MB
[13:05]   [ComfyUI] [comfy-env] [VRAM] Before offload 'SLatGaussianDecoderTdfyWrapper_7' (162 MB) -> cpu: 1156 / 16379 MB
[13:05]   [ComfyUI] [ComfyUI-SAM3DObjects] Health check: ping (timeout=5.0s)...
[13:05]   [ComfyUI] [ComfyUI-SAM3DObjects] Health check: ok
[13:05]   [ComfyUI] [SubprocessWorker] call_id=32 sending model_to_device
[13:05]   [ComfyUI] [comfy-env] [VRAM] After offload 'SLatGaussianDecoderTdfyWrapper_7' (162 MB): 1156 / 16379 MB
[13:05]   [ComfyUI] [comfy-env] [VRAM] Before offload 'SparseStructureDecoderTdfyWrapper_4' (140 MB) -> cpu: 1156 / 16379 MB
[13:05]   [ComfyUI] [ComfyUI-SAM3DObjects] Health check: ping (timeout=5.0s)...
[13:05]   [ComfyUI] [ComfyUI-SAM3DObjects] Health check: ok
[13:05]   [ComfyUI] [SubprocessWorker] call_id=33 sending model_to_device
[13:05]   [ComfyUI] [comfy-env] [VRAM] After offload 'SparseStructureDecoderTdfyWrapper_4' (140 MB): 1156 / 16379 MB
[13:05]   Node executed (3 total), capturing...
[13:05]   Frame 19 saved (frame_018.jpg, t=85.6s)
[13:05]   [capture-node] freeze=3ms shot=115ms unfreeze=0ms saved=True
[13:05]   Execution complete (t=85.6s)
[13:05]   [3d-wait] Phase 1: Waiting for 'Loading 3D Model' text to disappear...
[14:05]   [3d-wait] Phase 1 exception after 60.0s: Page.wait_for_function: Timeout 60000ms exceeded.
[14:05]   [3d-wait] Phase 2: iframes=1
[14:05]   [3d-wait] iframe viewer_ready=True (matched 1 console logs)
[14:05]   [3d-wait] Unfrozen in 0.002s, rendering for 5s...
[14:10]   [3d-wait] JS halted via CDP after 5.0s
[14:12]   [3d-wait] Re-frozen in 6.1s
[14:12]   [3d-wait] Total 3D wait: 66.2s
[14:12]   Captured 19 unique frames over 151.94s
[14:12]   [debug] iframes: 1
[14:12]   [debug]   iframe[0]: src=http://127.0.0.1:41894/extensions/ComfyUI-GeometryPack/viewer_vtk.html?v=1779132, canvas=486x405, rafFrozen=True
[14:12]   [timing] trigger_3d_previews: 0.0s
[14:14]   Saved high-quality screenshot: full_generation_executed.png
[14:14]   [timing] final_screenshot: 0.1s
[14:14] Capturing execution frames: gaussian_generation.json
[14:20]   Frame 1 saved (frame_000.jpg, t=0.0s)
[14:20]   Validating workflow...
[14:20]   [ComfyUI] === /validate endpoint called ===
[14:20]   Queuing workflow for execution...
[14:20]   [ComfyUI] Received JSON with keys: ['prompt']
[14:20]   [ComfyUI] Prompt has 8 nodes
[14:20]   [ComfyUI]   Node 4: LoadImage
[14:20]   [ComfyUI]     Inputs: {"image": "elephant.png"}
[14:20]   [ComfyUI]   Node 28: InvertMask
[14:20]   [ComfyUI]     Inputs: {"mask": ["4", 1]}
[14:20]   [ComfyUI]   Node 53: MaskPreview
[14:20]   [ComfyUI]     Inputs: {"mask": ["28", 0]}
[14:20]   [ComfyUI]   Node 59: SAM3D_DepthEstimate
[14:20]   [ComfyUI]     Inputs: {"depth_model": ["60", 0], "image": ["4", 0]}
[14:20]   [ComfyUI]   Node 60: LoadSAM3DModel
[14:20]   [ComfyUI]     Inputs: {"attn_backend": "flash_attn", "compile": false, "precision": "auto"}
[14:20]   [ComfyUI]   Node 61: SAM3DGenerateSLAT
[14:20]   [ComfyUI]     Inputs: {"seed": 42, "stage1_steps": 12, "stage1_cfg": 7.5, "stage1_cfg_pm": 0, "stage2_steps": 12, "stage2_cfg": 5, "use_distillation": false, "generator": ["60", 1], "image": ["4", 0], "mask": ["28", 0], "p
[14:20]   [ComfyUI]   Node 62: SAM3D_PreviewPointCloud
[14:20]   [ComfyUI]     Inputs: {"file_path": ["63", 0], "preview_vtk": ""}
[14:20]   [ComfyUI]   Node 63: SAM3DGaussianDecode
[14:20]   [ComfyUI]     Inputs: {"up_axis": "Y-up (standard)", "world_coordinates": false, "slat_decoder_gs": ["60", 2], "slat": ["61", 0]}
[14:20]   [ComfyUI] Generated prompt_id: 4505e942-bc2a-4df4-8979-daa7782a0ef8
[14:20]   [ComfyUI] Calling execution.validate_prompt()...
[14:20]   [ComfyUI] Validation result: valid=True
[14:20]   [ComfyUI] === Validation PASSED ===
[14:20]   [ComfyUI] got prompt
[14:20]   [ComfyUI] [comfy-env] Running LoadSAM3DModel: attn_backend: 'flash_attn', compile: False, precision: 'auto'
[14:20]   [ComfyUI] [ComfyUI-SAM3DObjects] python: C:\Users\ContainerUser\AppData\Local\Programs\comfy-env\.pixi\envs\sam3dobjects-nodes\python.exe
[14:20]   [ComfyUI] [VRAM] Before LoadSAM3DModel: 1156 / 16379 MB
[14:20]   [ComfyUI] [ComfyUI-SAM3DObjects] sys_path sent to worker: ['C:\\workspaces\\SAM3DObjects-2121\\ComfyUI', 'C:\\workspaces\\SAM3DObjects-2121\\ComfyUI\\custom_nodes\\ComfyUI-SAM3DObjects', 'C:\\Users\\ContainerUser\\AppData\\Local\\Programs\\comfy-env\\.pixi\\envs\\sam3dobjects-nodes\\Lib\\site-packages', 'C:\\workspaces\\SAM3DObjects-2121\\ComfyUI\\custom_nodes\\ComfyUI-SAM3DObjects']
[14:20]   [ComfyUI] [SubprocessWorker] call_method: nodes.load_model.LoadSAM3DModel.EXECUTE_NORMALIZED
[14:20]   [ComfyUI] [SubprocessWorker] is_pixi=True, python=C:\Users\ContainerUser\AppData\Local\Programs\comfy-env\.pixi\envs\sam3dobjects-nodes\python.exe
[14:20]   [ComfyUI] [SubprocessWorker] acquired lock, ensuring started...
[14:20]   [ComfyUI] [SubprocessWorker] launching cmd=['C:\\Users\\ContainerUser\\.pixi\\bin\\pixi.exe', 'run', '--as-is', '--manifest-path', 'C:\\Users\\ContainerUser\\AppData\\Local\\Programs\\comfy-env\\pixi.toml', '-e', 'sam3dobjects-nodes', 'python', 'C:\\Users\\ContainerUser\\AppData\\Local\\Temp\\comfyui_pvenv_tt8d992t\\persistent_worker.py', 'tcp://127.0.0.1:51878']...
[14:20]   [ComfyUI] [ComfyUI-SAM3DObjects] Health check: ping (timeout=5.0s)...
[14:20]   [ComfyUI] [ComfyUI-SAM3DObjects] Health check: failed
[14:20]   [ComfyUI] [ComfyUI-SAM3DObjects] Socket unhealthy, restarting worker...
[14:20]   [ComfyUI] [comfy-env] Invalidated 8 stale model patchers (will be cleaned up during next unload)
[14:20]   [ComfyUI] [comfy-env] sam3dobjects-nodes: Library/bin has 648 DLLs
[14:20]   Node executed (1 total), capturing...
[14:20]   Frame 2 saved (frame_001.jpg, t=0.5s)
[14:20]   [capture-node] freeze=3ms shot=69ms unfreeze=10ms saved=True
[14:22]   [ComfyUI] [worker:ComfyUI-SAM3DObjects] ERROR: Failed to import comfy_kitchen, Error: No module named 'comfy_kitchen', fp8 and fp4 support will not be available.
[14:22]   [ComfyUI] [SubprocessWorker] worker started/confirmed
[14:22]   [ComfyUI] [SubprocessWorker] serializing kwargs to shm...
[14:22]   [ComfyUI] [SubprocessWorker] created 0 shm blocks
[14:22]   [ComfyUI] [SubprocessWorker] sending request via socket...
[14:22]   [ComfyUI] [SubprocessWorker] call_id=34 sending call_method
[14:23]   [ComfyUI] [SubprocessWorker] got response: ok
[14:23]   [ComfyUI] [comfy-env] [VRAM] Before offload 'SLatMeshDecoderTdfyWrapper_8' (173 MB) -> cpu: 1156 / 16379 MB
[14:23]   [ComfyUI] [ComfyUI-SAM3DObjects] Health check: ping (timeout=5.0s)...
[14:23]   [ComfyUI] [ComfyUI-SAM3DObjects] Health check: ok
[14:23]   [ComfyUI] [SubprocessWorker] call_id=35 sending model_to_device
[14:23]   [ComfyUI] Model 'SLatMeshDecoderTdfyWrapper_8' gone from worker (restarted?), treating as offloaded
[14:23]   [ComfyUI] [comfy-env] [VRAM] After offload 'SLatMeshDecoderTdfyWrapper_8' (173 MB): 1156 / 16379 MB
[14:23]   [ComfyUI] [comfy-env] [VRAM] Before offload 'SLatGaussianDecoderTdfyWrapper_7' (162 MB) -> cpu: 1156 / 16379 MB
[14:23]   [ComfyUI] [ComfyUI-SAM3DObjects] Health check: ping (timeout=5.0s)...
[14:23]   [ComfyUI] [ComfyUI-SAM3DObjects] Health check: ok
[14:23]   [ComfyUI] [SubprocessWorker] call_id=36 sending model_to_device
[14:23]   [ComfyUI] Model 'SLatGaussianDecoderTdfyWrapper_7' gone from worker (restarted?), treating as offloaded
[14:23]   [ComfyUI] [comfy-env] [VRAM] After offload 'SLatGaussianDecoderTdfyWrapper_7' (162 MB): 1156 / 16379 MB
[14:23]   [ComfyUI] [comfy-env] [VRAM] Before offload 'FlowMatching_6' (2290 MB) -> cpu: 1156 / 16379 MB
[14:23]   [ComfyUI] [ComfyUI-SAM3DObjects] Health check: ping (timeout=5.0s)...
[14:23]   [ComfyUI] [ComfyUI-SAM3DObjects] Health check: ok
[14:23]   [ComfyUI] [SubprocessWorker] call_id=37 sending model_to_device
[14:23]   [ComfyUI] Model 'FlowMatching_6' gone from worker (restarted?), treating as offloaded
[14:23]   [ComfyUI] [comfy-env] [VRAM] After offload 'FlowMatching_6' (2290 MB): 1156 / 16379 MB
[14:23]   [ComfyUI] [comfy-env] [VRAM] Before offload 'EmbedderFuser_5' (1227 MB) -> cpu: 1156 / 16379 MB
[14:23]   [ComfyUI] [ComfyUI-SAM3DObjects] Health check: ping (timeout=5.0s)...
[14:23]   [ComfyUI] [ComfyUI-SAM3DObjects] Health check: ok
[14:23]   [ComfyUI] [SubprocessWorker] call_id=38 sending model_to_device
[14:23]   [ComfyUI] Model 'EmbedderFuser_5' gone from worker (restarted?), treating as offloaded
[14:23]   [ComfyUI] [comfy-env] [VRAM] After offload 'EmbedderFuser_5' (1227 MB): 1156 / 16379 MB
[14:23]   [ComfyUI] [comfy-env] [VRAM] Before offload 'SparseStructureDecoderTdfyWrapper_4' (140 MB) -> cpu: 1156 / 16379 MB
[14:23]   [ComfyUI] [ComfyUI-SAM3DObjects] Health check: ping (timeout=5.0s)...
[14:23]   [ComfyUI] [ComfyUI-SAM3DObjects] Health check: ok
[14:23]   [ComfyUI] [SubprocessWorker] call_id=39 sending model_to_device
[14:23]   [ComfyUI] Model 'SparseStructureDecoderTdfyWrapper_4' gone from worker (restarted?), treating as offloaded
[14:23]   [ComfyUI] [comfy-env] [VRAM] After offload 'SparseStructureDecoderTdfyWrapper_4' (140 MB): 1156 / 16379 MB
[14:23]   [ComfyUI] [comfy-env] [VRAM] Before offload 'ShortCut_3' (3677 MB) -> cpu: 1156 / 16379 MB
[14:23]   [ComfyUI] [ComfyUI-SAM3DObjects] Health check: ping (timeout=5.0s)...
[14:23]   [ComfyUI] [ComfyUI-SAM3DObjects] Health check: ok
[14:23]   [ComfyUI] [SubprocessWorker] call_id=40 sending model_to_device
[14:23]   [ComfyUI] Model 'ShortCut_3' gone from worker (restarted?), treating as offloaded
[14:23]   [ComfyUI] [comfy-env] [VRAM] After offload 'ShortCut_3' (3677 MB): 1156 / 16379 MB
[14:23]   [ComfyUI] [comfy-env] [VRAM] Before offload 'EmbedderFuser_2' (1259 MB) -> cpu: 1156 / 16379 MB
[14:23]   [ComfyUI] [ComfyUI-SAM3DObjects] Health check: ping (timeout=5.0s)...
[14:23]   [ComfyUI] [ComfyUI-SAM3DObjects] Health check: ok
[14:23]   [ComfyUI] [SubprocessWorker] call_id=41 sending model_to_device
[14:23]   [ComfyUI] Model 'EmbedderFuser_2' gone from worker (restarted?), treating as offloaded
[14:23]   [ComfyUI] [comfy-env] [VRAM] After offload 'EmbedderFuser_2' (1259 MB): 1156 / 16379 MB
[14:23]   [ComfyUI] [comfy-env] [VRAM] Before offload 'MoGeModelV1_1' (599 MB) -> cpu: 1156 / 16379 MB
[14:23]   [ComfyUI] [ComfyUI-SAM3DObjects] Health check: ping (timeout=5.0s)...
[14:23]   [ComfyUI] [ComfyUI-SAM3DObjects] Health check: ok
[14:23]   [ComfyUI] [SubprocessWorker] call_id=42 sending model_to_device
[14:23]   [ComfyUI] Model 'MoGeModelV1_1' gone from worker (restarted?), treating as offloaded
[14:23]   [ComfyUI] [comfy-env] [VRAM] After offload 'MoGeModelV1_1' (599 MB): 1156 / 16379 MB
[14:23]   [ComfyUI] [comfy-env] LoadSAM3DModel done (2.75s): result: NodeOutput
[14:23]   [ComfyUI] [VRAM] After LoadSAM3DModel: 1156 / 16379 MB
[14:23]   [ComfyUI] [comfy-env] Running SAM3D_DepthEstimate: depth_model: dict, image: torch.float32 [1,1062,1600,3] cpu
[14:23]   [ComfyUI] [VRAM] Before SAM3D_DepthEstimate: 1156 / 16379 MB
[14:23]   [ComfyUI] [SubprocessWorker] call_method: nodes.depth_estimate.SAM3D_DepthEstimate.EXECUTE_NORMALIZED
[14:23]   [ComfyUI] [SubprocessWorker] acquired lock, ensuring started...
[14:23]   [ComfyUI] [ComfyUI-SAM3DObjects] Health check: ping (timeout=5.0s)...
[14:23]   [ComfyUI] [ComfyUI-SAM3DObjects] Health check: ok
[14:23]   [ComfyUI] [SubprocessWorker] worker started/confirmed
[14:23]   [ComfyUI] [comfy-env] PRE-SERIALIZE 'image' shape: torch.Size([1, 1062, 1600, 3])
[14:23]   [ComfyUI] [SubprocessWorker] serializing kwargs to shm...
[14:23]   [ComfyUI] [SubprocessWorker] created 0 shm blocks
[14:23]   [ComfyUI] [SubprocessWorker] sending request via socket...
[14:23]   [ComfyUI] [SubprocessWorker] call_id=43 sending call_method
[14:23]   [ComfyUI] [worker:ComfyUI-SAM3DObjects] [comfy-env] _from_shm got dict with keys: ['__type__', 'strategy', 'manager_path', 'storage_key', 'storage_size']
[14:23]   [ComfyUI] [worker:ComfyUI-SAM3DObjects] [comfy-env] DESERIALIZE TensorRef: tensor_size=[1, 1062, 1600, 3]
[14:23]   [ComfyUI] [worker:ComfyUI-SAM3DObjects] [comfy-env] DESERIALIZED tensor shape: torch.Size([1, 1062, 1600, 3])
[14:23]   [ComfyUI] [worker:ComfyUI-SAM3DObjects] WARNING: No comfy kitchen, using old apply_rope functions.
[14:24]   Frame 3 saved (frame_002.jpg, t=4.8s)
[14:24]   [capture-periodic] freeze=2ms shot=66ms unfreeze=2ms saved=True
[14:26]   [capture-loop] iter=50 t=6.0s state={'complete': False, 'error': None, 'executedCount': 1, 'wsState': 1} eval_ms=2 ram=8.8/31.9GB (28%) swap=0.0/5.0GB (0%) cpu=6% browser_rss=0.84GB
[14:26]   [ComfyUI] [worker:ComfyUI-SAM3DObjects] [VRAM] DepthEstimate: start: torch=0MiB alloc, 0MiB reserved | gpu=1156MiB/16379MiB used
[14:26]   [ComfyUI] [worker:ComfyUI-SAM3DObjects] [VRAM] DepthEstimate: before MoGe from_pretrained: torch=0MiB alloc, 0MiB reserved | gpu=1156MiB/16379MiB used
[14:26]   [ComfyUI] C:\workspaces\SAM3DObjects-2121\ComfyUI\custom_nodes\ComfyUI-SAM3DObjects\nodes\sam3d\moge.py:1012: UserWarning: Deprecated arguments ignored: {'output_mask': True, 'split_head': True}
[14:26]   [ComfyUI]   warnings.warn(f"Deprecated arguments ignored: {deprecated_kwargs}")
[14:26]   [ComfyUI] [worker:ComfyUI-SAM3DObjects] [VRAM] DepthEstimate: after MoGe from_pretrained: torch=0MiB alloc, 0MiB reserved | gpu=1156MiB/16379MiB used
[14:26]   [ComfyUI] [worker:ComfyUI-SAM3DObjects] [VRAM] DepthEstimate: before load_models_gpu: torch=0MiB alloc, 0MiB reserved | gpu=1156MiB/16379MiB used
[14:26]   [ComfyUI] [SubprocessWorker] callback 'request_vram_budget' from call_id=43
[14:26]   [ComfyUI] [comfy-env] VRAM request: 0.63GB, free before eviction: 15.96GB
[14:26]   [ComfyUI] [comfy-env] VRAM after eviction: 15.96GB
[14:26]   [ComfyUI] [worker:ComfyUI-SAM3DObjects] [VRAM] +312MB (now 312MB) reserved=320MB peak=312MB
[14:27]   [ComfyUI] [worker:ComfyUI-SAM3DObjects] [VRAM] DepthEstimate: after load_models_gpu: torch=599MiB alloc, 608MiB reserved | gpu=1776MiB/16379MiB used
[14:28]   [ComfyUI] [worker:ComfyUI-SAM3DObjects] [VRAM] +287MB (now 599MB) reserved=608MB peak=599MB
[14:28]   [ComfyUI] [SubprocessWorker] callback 'report_progress' from call_id=43
[14:28]   [ComfyUI] [worker:ComfyUI-SAM3DObjects] [VRAM] DepthEstimate: before MoGe inference: torch=599MiB alloc, 608MiB reserved | gpu=1776MiB/16379MiB used
[14:29]   Frame 4 saved (frame_003.jpg, t=9.1s)
[14:29]   [capture-periodic] freeze=2ms shot=70ms unfreeze=2ms saved=True
[14:29]   [ComfyUI] [worker:ComfyUI-SAM3DObjects] [VRAM] DepthEstimate: after MoGe inference: torch=642MiB alloc, 928MiB reserved | gpu=2132MiB/16379MiB used
[14:29]   [ComfyUI] [worker:ComfyUI-SAM3DObjects] [VRAM] DepthEstimate: after cleanup: torch=43MiB alloc, 96MiB reserved | gpu=1300MiB/16379MiB used
[14:29]   [ComfyUI] [worker:ComfyUI-SAM3DObjects] [VRAM] -557MB (now 43MB) reserved=96MB peak=692MB
[14:29]   [ComfyUI] [SubprocessWorker] callback 'report_progress' from call_id=43
[14:30]   [ComfyUI] [SubprocessWorker] callback 'report_progress' from call_id=43
[14:30]   [ComfyUI] [worker:ComfyUI-SAM3DObjects] [VRAM] DepthEstimate: done: torch=62MiB alloc, 192MiB reserved | gpu=1396MiB/16379MiB used
[14:30]   [ComfyUI] [SubprocessWorker] got response: ok
[14:30]   [ComfyUI] [comfy-env] Created 1 model patchers: ['MoGeModelV1_1']
[14:30]   [ComfyUI] [comfy-env] SAM3D_DepthEstimate done (7.76s): result: NodeOutput
[14:30]   [ComfyUI] [VRAM] After SAM3D_DepthEstimate: 1156 / 16379 MB
[14:30]   [ComfyUI] [VRAM] Loaded: SubprocessModel (0 MB)
[14:30]   [ComfyUI] [comfy-env] Running SAM3DGenerateSLAT: seed: 42, stage1_steps: 12, stage1_cfg: 7.5, stage1_cfg_pm: 0.0, stage2_steps: 12, stage2_cfg: 5.0, use_distillation: False, generator: dict, image: torch.float32 [1,1062,1600,3] cpu, mask: torch.float32 [1,1062,1600] cpu, pointmap: torch.float32 [1062,1600,3] cpu
[14:30]   [ComfyUI] [VRAM] Before SAM3DGenerateSLAT: 1156 / 16379 MB
[14:30]   [ComfyUI] [VRAM] Loaded: SubprocessModel (0 MB)
[14:30]   [ComfyUI] [SubprocessWorker] call_method: nodes.generate_slat.SAM3DGenerateSLAT.EXECUTE_NORMALIZED
[14:30]   [ComfyUI] [SubprocessWorker] acquired lock, ensuring started...
[14:30]   [ComfyUI] [ComfyUI-SAM3DObjects] Health check: ping (timeout=5.0s)...
[14:30]   [ComfyUI] [ComfyUI-SAM3DObjects] Health check: ok
[14:30]   [ComfyUI] [SubprocessWorker] worker started/confirmed
[14:30]   [ComfyUI] [comfy-env] PRE-SERIALIZE 'image' shape: torch.Size([1, 1062, 1600, 3])
[14:30]   [ComfyUI] [comfy-env] PRE-SERIALIZE 'mask' shape: torch.Size([1, 1062, 1600])
[14:30]   [ComfyUI] [comfy-env] PRE-SERIALIZE 'pointmap' shape: torch.Size([1062, 1600, 3])
[14:30]   [ComfyUI] [SubprocessWorker] serializing kwargs to shm...
[14:30]   [ComfyUI] [SubprocessWorker] created 0 shm blocks
[14:30]   [ComfyUI] [SubprocessWorker] sending request via socket...
[14:30]   [ComfyUI] [SubprocessWorker] call_id=44 sending call_method
[14:30]   [ComfyUI] [worker:ComfyUI-SAM3DObjects] [comfy-env] _from_shm got dict with keys: ['__type__', 'strategy', 'manager_path', 'storage_key', 'storage_size']
[14:30]   [ComfyUI] [worker:ComfyUI-SAM3DObjects] [comfy-env] DESERIALIZE TensorRef: tensor_size=[1, 1062, 1600, 3]
[14:30]   [ComfyUI] [worker:ComfyUI-SAM3DObjects] [comfy-env] DESERIALIZED tensor shape: torch.Size([1, 1062, 1600, 3])
[14:30]   [ComfyUI] [worker:ComfyUI-SAM3DObjects] [comfy-env] _from_shm got dict with keys: ['__type__', 'strategy', 'manager_path', 'storage_key', 'storage_size']
[14:30]   [ComfyUI] [worker:ComfyUI-SAM3DObjects] [comfy-env] DESERIALIZE TensorRef: tensor_size=[1, 1062, 1600]
[14:30]   [ComfyUI] [worker:ComfyUI-SAM3DObjects] [comfy-env] DESERIALIZED tensor shape: torch.Size([1, 1062, 1600])
[14:30]   [ComfyUI] [worker:ComfyUI-SAM3DObjects] [comfy-env] _from_shm got dict with keys: ['__type__', 'strategy', 'manager_path', 'storage_key', 'storage_size']
[14:30]   [ComfyUI] [worker:ComfyUI-SAM3DObjects] [comfy-env] DESERIALIZE TensorRef: tensor_size=[1062, 1600, 3]
[14:30]   [ComfyUI] [worker:ComfyUI-SAM3DObjects] [comfy-env] DESERIALIZED tensor shape: torch.Size([1062, 1600, 3])
[14:30]   [ComfyUI] [worker:ComfyUI-SAM3DObjects] [VRAM] GenerateSLAT: start: torch=9MiB alloc, 192MiB reserved | gpu=1396MiB/16379MiB used
[14:30]   [ComfyUI] 2026-05-18 21:36:05.556 | WARNING  | nodes.sam3d.transforms:__post_init__:1359 - No rgb pointmap normalizer provided, using scale + shift
[14:31]   [ComfyUI] [worker:ComfyUI-SAM3DObjects] [VRAM] _load_condition_embedder(ss): before build: torch=42MiB alloc, 256MiB reserved | gpu=1496MiB/16379MiB used
[14:31]   Frame 5 saved (frame_004.jpg, t=11.2s)
[14:31]   [capture-periodic] freeze=2ms shot=91ms unfreeze=3ms saved=True
[14:31]   [capture-loop] iter=100 t=11.6s state={'complete': False, 'error': None, 'executedCount': 1, 'wsState': 1} eval_ms=3 ram=11.0/31.9GB (34%) swap=0.0/5.0GB (0%) cpu=26% browser_rss=0.83GB
[14:34]   [ComfyUI] [worker:ComfyUI-SAM3DObjects] [VRAM] _load_condition_embedder(ss): after load_state_dict: torch=42MiB alloc, 256MiB reserved | gpu=1496MiB/16379MiB used
[14:34]   [ComfyUI] [SubprocessWorker] callback 'request_vram_budget' from call_id=44
[14:34]   [ComfyUI] [comfy-env] VRAM request: 2.54GB, free before eviction: 15.96GB
[14:34]   [ComfyUI] [comfy-env] VRAM after eviction: 15.96GB
[14:34]   [ComfyUI] [worker:ComfyUI-SAM3DObjects] [VRAM] +207MB (now 251MB) reserved=320MB peak=692MB
[14:35]   [ComfyUI] [worker:ComfyUI-SAM3DObjects] [VRAM] Stage1: before embedding: torch=1302MiB alloc, 1312MiB reserved | gpu=2552MiB/16379MiB used
[14:35]   [ComfyUI] [worker:ComfyUI-SAM3DObjects] [VRAM] +1976MB (now 2228MB) reserved=2304MB peak=2228MB
[14:35]   [ComfyUI] [worker:ComfyUI-SAM3DObjects] [VRAM] Stage1: after embedding: torch=1331MiB alloc, 2432MiB reserved | gpu=3674MiB/16379MiB used
[14:35]   [ComfyUI] [worker:ComfyUI-SAM3DObjects] [VRAM] Stage1: after embedder unload: torch=72MiB alloc, 192MiB reserved | gpu=1434MiB/16379MiB used
[14:35]   [ComfyUI] [worker:ComfyUI-SAM3DObjects] [VRAM] _load_generator(ss): before build: torch=72MiB alloc, 192MiB reserved | gpu=1434MiB/16379MiB used
[14:35]   [ComfyUI] [worker:ComfyUI-SAM3DObjects] [VRAM] _load_generator(ss): after load_state_dict: torch=72MiB alloc, 192MiB reserved | gpu=1434MiB/16379MiB used
[14:35]   [ComfyUI] [SubprocessWorker] callback 'request_vram_budget' from call_id=44
[14:35]   [ComfyUI] [comfy-env] VRAM request: 3.86GB, free before eviction: 15.96GB
[14:35]   [ComfyUI] [comfy-env] VRAM after eviction: 15.96GB
[14:36]   [ComfyUI] [worker:ComfyUI-SAM3DObjects] [VRAM] -715MB (now 1513MB) reserved=1568MB peak=2228MB
[14:37]   [capture-loop] iter=150 t=17.2s state={'complete': False, 'error': None, 'executedCount': 1, 'wsState': 1} eval_ms=2 ram=15.3/31.9GB (48%) swap=0.0/5.0GB (0%) cpu=32% browser_rss=0.83GB
[14:37]   [ComfyUI] [worker:ComfyUI-SAM3DObjects] [VRAM] +2236MB (now 3750MB) reserved=3776MB peak=3750MB
[14:37]   [ComfyUI] [worker:ComfyUI-SAM3DObjects] [VRAM] _load_decoder(ss): before instantiate: torch=3750MiB alloc, 3776MiB reserved | gpu=5018MiB/16379MiB used
[14:37]   [ComfyUI] [worker:ComfyUI-SAM3DObjects] [VRAM] _load_decoder(ss): after load_state_dict: torch=3750MiB alloc, 3776MiB reserved | gpu=5018MiB/16379MiB used
[14:37]   [ComfyUI] [SubprocessWorker] callback 'request_vram_budget' from call_id=44
[14:37]   [ComfyUI] [comfy-env] VRAM request: 0.15GB, free before eviction: 15.96GB
[14:37]   [ComfyUI] [comfy-env] VRAM after eviction: 15.96GB
[14:37]   [ComfyUI] [worker:ComfyUI-SAM3DObjects] [VRAM] Stage1: before inference: torch=3890MiB alloc, 3904MiB reserved | gpu=5146MiB/16379MiB used
[14:37]   [ComfyUI] [worker:ComfyUI-SAM3DObjects] [DTYPE_DBG] _generate_noise_tensor: _compute_dtype=torch.bfloat16 shape=(1, 1, 6) device=cuda:0
[14:37]   [ComfyUI] [worker:ComfyUI-SAM3DObjects] [DTYPE_DBG] _generate_noise_tensor: _compute_dtype=torch.bfloat16 shape=(1, 1, 3) device=cuda:0
[14:37]   [ComfyUI] [worker:ComfyUI-SAM3DObjects] [DTYPE_DBG] _generate_noise_tensor: _compute_dtype=torch.bfloat16 shape=(1, 4096, 8) device=cuda:0
[14:37]   [ComfyUI] [worker:ComfyUI-SAM3DObjects] [DTYPE_DBG] _generate_noise_tensor: _compute_dtype=torch.bfloat16 shape=(1, 1, 3) device=cuda:0
[14:37]   [ComfyUI] [worker:ComfyUI-SAM3DObjects] [DTYPE_DBG] _generate_noise_tensor: _compute_dtype=torch.bfloat16 shape=(1, 1, 1) device=cuda:0
[14:38]   [ComfyUI] [SubprocessWorker] callback 'report_progress' from call_id=44
[14:38]   [ComfyUI] [worker:ComfyUI-SAM3DObjects] [VRAM] +219MB (now 3969MB) reserved=4224MB peak=4120MB
[14:39]   [ComfyUI] [SubprocessWorker] callback 'report_progress' from call_id=44
[14:39]   Frame 6 saved (frame_005.jpg, t=19.7s)
[14:39]   [capture-periodic] freeze=2ms shot=80ms unfreeze=2ms saved=True
[14:40]   [ComfyUI] [SubprocessWorker] callback 'report_progress' from call_id=44
[14:41]   [ComfyUI] [SubprocessWorker] callback 'report_progress' from call_id=44
[14:41]   Frame 7 saved (frame_006.jpg, t=21.9s)
[14:41]   [capture-periodic] freeze=2ms shot=70ms unfreeze=6ms saved=True
[14:42]   [ComfyUI] [SubprocessWorker] callback 'report_progress' from call_id=44
[14:42]   [capture-loop] iter=200 t=22.8s state={'complete': False, 'error': None, 'executedCount': 1, 'wsState': 1} eval_ms=3 ram=11.9/31.9GB (37%) swap=0.0/5.0GB (0%) cpu=13% browser_rss=0.83GB
[14:42]   [ComfyUI] [SubprocessWorker] callback 'report_progress' from call_id=44
[14:43]   [ComfyUI] [SubprocessWorker] callback 'report_progress' from call_id=44
[14:44]   Frame 8 saved (frame_007.jpg, t=24.0s)
[14:44]   [capture-periodic] freeze=2ms shot=68ms unfreeze=2ms saved=True
[14:44]   [ComfyUI] [SubprocessWorker] callback 'report_progress' from call_id=44
[14:45]   [ComfyUI] [SubprocessWorker] callback 'report_progress' from call_id=44
[14:46]   Frame 9 saved (frame_008.jpg, t=26.1s)
[14:46]   [capture-periodic] freeze=2ms shot=74ms unfreeze=2ms saved=True
[14:46]   [ComfyUI] [SubprocessWorker] callback 'report_progress' from call_id=44
[14:46]   [ComfyUI] [SubprocessWorker] callback 'report_progress' from call_id=44
[14:47]   [ComfyUI] [SubprocessWorker] callback 'report_progress' from call_id=44
[14:47]   [ComfyUI] [worker:ComfyUI-SAM3DObjects] [VRAM] Stage1: after inference: torch=3906MiB alloc, 4224MiB reserved | gpu=5466MiB/16379MiB used
[14:47]   [ComfyUI] [worker:ComfyUI-SAM3DObjects] [VRAM] -442MB (now 3528MB) reserved=4224MB peak=4124MB
[14:48]   [ComfyUI] [worker:ComfyUI-SAM3DObjects] [VRAM] Stage1: after model cleanup: torch=88MiB alloc, 256MiB reserved | gpu=1498MiB/16379MiB used
[14:48]   [ComfyUI] 2026-05-18 21:36:22.828 | WARNING  | nodes.sam3d.transforms:__post_init__:1359 - No rgb pointmap normalizer provided, using scale + shift
[14:48]   [ComfyUI] [worker:ComfyUI-SAM3DObjects] [VRAM] _load_condition_embedder(slat): before build: torch=37MiB alloc, 256MiB reserved | gpu=1498MiB/16379MiB used
[14:48]   Frame 10 saved (frame_009.jpg, t=28.3s)
[14:48]   [capture-periodic] freeze=3ms shot=89ms unfreeze=4ms saved=True
[14:48]   [capture-loop] iter=250 t=28.5s state={'complete': False, 'error': None, 'executedCount': 1, 'wsState': 1} eval_ms=3 ram=15.9/31.9GB (50%) swap=0.0/5.0GB (0%) cpu=15% browser_rss=0.76GB
[14:48]   [ComfyUI] [worker:ComfyUI-SAM3DObjects] [VRAM] -3492MB (now 37MB) reserved=256MB peak=4124MB
[14:51]   [ComfyUI] [worker:ComfyUI-SAM3DObjects] [VRAM] _load_condition_embedder(slat): after load_state_dict: torch=37MiB alloc, 256MiB reserved | gpu=1498MiB/16379MiB used
[14:51]   [ComfyUI] [SubprocessWorker] callback 'request_vram_budget' from call_id=44
[14:51]   [ComfyUI] [comfy-env] VRAM request: 2.50GB, free before eviction: 15.96GB
[14:51]   [ComfyUI] [comfy-env] VRAM after eviction: 15.96GB
[14:51]   [ComfyUI] [worker:ComfyUI-SAM3DObjects] [VRAM] +208MB (now 245MB) reserved=352MB peak=4124MB
[14:51]   [ComfyUI] [worker:ComfyUI-SAM3DObjects] [VRAM] Stage2: before embedding: torch=1264MiB alloc, 1312MiB reserved | gpu=2554MiB/16379MiB used
[14:52]   [ComfyUI] [worker:ComfyUI-SAM3DObjects] [VRAM] Stage2: after embedding: torch=1275MiB alloc, 1408MiB reserved | gpu=2650MiB/16379MiB used
[14:52]   [ComfyUI] [worker:ComfyUI-SAM3DObjects] [VRAM] +1029MB (now 1275MB) reserved=1408MB peak=4124MB
[14:52]   [ComfyUI] [worker:ComfyUI-SAM3DObjects] [VRAM] Stage2: after embedder unload: torch=48MiB alloc, 192MiB reserved | gpu=1434MiB/16379MiB used
[14:52]   [ComfyUI] [worker:ComfyUI-SAM3DObjects] [VRAM] _load_generator(slat): before build: torch=48MiB alloc, 192MiB reserved | gpu=1434MiB/16379MiB used
[14:53]   [ComfyUI] [worker:ComfyUI-SAM3DObjects] [VRAM] -1228MB (now 48MB) reserved=192MB peak=4124MB
[14:54]   [capture-loop] iter=300 t=34.0s state={'complete': False, 'error': None, 'executedCount': 1, 'wsState': 1} eval_ms=3 ram=16.9/31.9GB (53%) swap=0.0/5.0GB (0%) cpu=32% browser_rss=0.76GB
[14:56]   [ComfyUI] [worker:ComfyUI-SAM3DObjects] [VRAM] _load_generator(slat): after load_state_dict: torch=48MiB alloc, 192MiB reserved | gpu=1434MiB/16379MiB used
[14:56]   [ComfyUI] [SubprocessWorker] callback 'request_vram_budget' from call_id=44
[14:56]   [ComfyUI] [comfy-env] VRAM request: 2.40GB, free before eviction: 15.96GB
[14:56]   [ComfyUI] [comfy-env] VRAM after eviction: 15.96GB
[14:56]   [ComfyUI] [worker:ComfyUI-SAM3DObjects] [VRAM] +351MB (now 399MB) reserved=512MB peak=4124MB
[14:57]   [ComfyUI] [worker:ComfyUI-SAM3DObjects] [VRAM] Stage2: before inference: torch=2338MiB alloc, 2400MiB reserved | gpu=3642MiB/16379MiB used
[14:57]   [ComfyUI] [worker:ComfyUI-SAM3DObjects] [DTYPE_DBG] _generate_noise_tensor: _compute_dtype=torch.bfloat16 shape=(1, 8733, 8) device=cuda:0
[14:57]   [ComfyUI] W0518 21:36:32.495000 14264 site-packages\torch\fx\_symbolic_trace.py:53] is_fx_tracing will return true for both fx.symbolic_trace and torch.export. Please use is_fx_tracing_symbolic_tracing() for specifically fx.symbolic_trace or torch.compiler.is_compiling() for specifically torch.export/compile.
[14:57]   [ComfyUI] [worker:ComfyUI-SAM3DObjects] [VRAM] +1947MB (now 2347MB) reserved=2400MB peak=4124MB
[14:58]   [ComfyUI] [worker:ComfyUI-SAM3DObjects] [33m[comfy-attn] Varlen attention: sage2[0m
[14:59]   [ComfyUI] [SubprocessWorker] callback 'report_progress' from call_id=44
[14:59]   [capture-loop] iter=350 t=39.6s state={'complete': False, 'error': None, 'executedCount': 1, 'wsState': 1} eval_ms=3 ram=17.0/31.9GB (53%) swap=0.0/5.0GB (0%) cpu=19% browser_rss=0.76GB
[14:59]   [ComfyUI] [SubprocessWorker] callback 'report_progress' from call_id=44
[15:00]   [ComfyUI] [SubprocessWorker] callback 'report_progress' from call_id=44
[15:00]   [ComfyUI] [SubprocessWorker] callback 'report_progress' from call_id=44
[15:01]   Frame 11 saved (frame_010.jpg, t=41.0s)
[15:01]   [capture-periodic] freeze=2ms shot=79ms unfreeze=3ms saved=True
[15:01]   [ComfyUI] [SubprocessWorker] callback 'report_progress' from call_id=44
[15:01]   [ComfyUI] [SubprocessWorker] callback 'report_progress' from call_id=44
[15:02]   [ComfyUI] [SubprocessWorker] callback 'report_progress' from call_id=44
[15:02]   [ComfyUI] [SubprocessWorker] callback 'report_progress' from call_id=44
[15:02]   [ComfyUI] [SubprocessWorker] callback 'report_progress' from call_id=44
[15:03]   [ComfyUI] [SubprocessWorker] callback 'report_progress' from call_id=44
[15:03]   [ComfyUI] [SubprocessWorker] callback 'report_progress' from call_id=44
[15:03]   Frame 12 saved (frame_011.jpg, t=43.2s)
[15:03]   [capture-periodic] freeze=3ms shot=78ms unfreeze=5ms saved=True
[15:03]   [ComfyUI] [SubprocessWorker] callback 'report_progress' from call_id=44
[15:03]   [ComfyUI] [worker:ComfyUI-SAM3DObjects] [VRAM] Stage2: after inference: torch=2338MiB alloc, 2688MiB reserved | gpu=3934MiB/16379MiB used
[15:03]   [ComfyUI] [worker:ComfyUI-SAM3DObjects] [VRAM] -388MB (now 1959MB) reserved=2688MB peak=4124MB
[15:03]   [ComfyUI] [worker:ComfyUI-SAM3DObjects] [VRAM] Stage2: after model cleanup: torch=48MiB alloc, 256MiB reserved | gpu=1502MiB/16379MiB used
[15:03]   [ComfyUI] [worker:ComfyUI-SAM3DObjects] [VRAM] GenerateSLAT: done: torch=29MiB alloc, 256MiB reserved | gpu=1502MiB/16379MiB used
[15:03]   [ComfyUI] [SubprocessWorker] got response: ok
[15:03]   [ComfyUI] [comfy-env] Created 5 model patchers: ['EmbedderFuser_2', 'ShortCut_3', 'SparseStructureDecoderTdfyWrapper_4', 'EmbedderFuser_5', 'FlowMatching_6']
[15:03]   [ComfyUI] [comfy-env] SAM3DGenerateSLAT done (33.09s): result: NodeOutput
[15:03]   [ComfyUI] [VRAM] After SAM3DGenerateSLAT: 1156 / 16379 MB
[15:03]   [ComfyUI] [VRAM] Loaded: SubprocessModel (0 MB), SubprocessModel (0 MB), SubprocessModel (0 MB), SubprocessModel (0 MB), SubprocessModel (0 MB), SubprocessModel (0 MB)
[15:03]   [ComfyUI] [comfy-env] Running SAM3DGaussianDecode: up_axis: 'Y-up (standard)', world_coordinates: False, slat_decoder_gs: dict, slat: 'C:\\workspaces\\SAM3DObjects-2121\\ComfyUI\\output\\sam3...
[15:03]   [ComfyUI] [VRAM] Before SAM3DGaussianDecode: 1156 / 16379 MB
[15:03]   [ComfyUI] [VRAM] Loaded: SubprocessModel (0 MB), SubprocessModel (0 MB), SubprocessModel (0 MB), SubprocessModel (0 MB), SubprocessModel (0 MB), SubprocessModel (0 MB)
[15:03]   [ComfyUI] [SubprocessWorker] call_method: nodes.gaussian_decode.SAM3DGaussianDecode.EXECUTE_NORMALIZED
[15:03]   [ComfyUI] [SubprocessWorker] acquired lock, ensuring started...
[15:03]   [ComfyUI] [ComfyUI-SAM3DObjects] Health check: ping (timeout=5.0s)...
[15:03]   [ComfyUI] [ComfyUI-SAM3DObjects] Health check: ok
[15:03]   [ComfyUI] [SubprocessWorker] worker started/confirmed
[15:03]   [ComfyUI] [SubprocessWorker] serializing kwargs to shm...
[15:03]   [ComfyUI] [SubprocessWorker] created 0 shm blocks
[15:03]   [ComfyUI] [SubprocessWorker] sending request via socket...
[15:03]   [ComfyUI] [SubprocessWorker] call_id=45 sending call_method
[15:03]   [ComfyUI] [worker:ComfyUI-SAM3DObjects] [VRAM] GaussianDecode: start: torch=9MiB alloc, 256MiB reserved | gpu=1502MiB/16379MiB used
[15:03]   [ComfyUI] [SubprocessWorker] callback 'report_progress' from call_id=45
[15:03]   [ComfyUI] [worker:ComfyUI-SAM3DObjects] [VRAM] _load_decoder(slat_decoder_gs): before instantiate: torch=9MiB alloc, 256MiB reserved | gpu=1502MiB/16379MiB used
[15:04]   [ComfyUI] 2026-05-18 21:36:38.872 | DEBUG    | nodes.sam3d.image_ops:<module>:14 - image_operations: cv2 available, using OpenCV backend
[15:04]   [ComfyUI] [worker:ComfyUI-SAM3DObjects] [VRAM] _load_decoder(slat_decoder_gs): after load_state_dict: torch=9MiB alloc, 256MiB reserved | gpu=1502MiB/16379MiB used
[15:04]   [ComfyUI] [SubprocessWorker] callback 'request_vram_budget' from call_id=45
[15:04]   [ComfyUI] [comfy-env] VRAM request: 0.17GB, free before eviction: 15.96GB
[15:04]   [ComfyUI] [comfy-env] VRAM after eviction: 15.96GB
[15:04]   [ComfyUI] [worker:ComfyUI-SAM3DObjects] [VRAM] Decode(gaussian): after load_models_gpu: torch=172MiB alloc, 256MiB reserved | gpu=1502MiB/16379MiB used
[15:04]   [ComfyUI] [SubprocessWorker] callback 'report_progress' from call_id=45
[15:04]   [ComfyUI] [SubprocessWorker] callback 'report_progress' from call_id=45
[15:04]   [ComfyUI] [worker:ComfyUI-SAM3DObjects] [VRAM] -1912MB (now 47MB) reserved=512MB peak=4124MB
[15:04]   [ComfyUI] [worker:ComfyUI-SAM3DObjects] [VRAM] Decode(gaussian): after cleanup: torch=24MiB alloc, 128MiB reserved | gpu=1374MiB/16379MiB used
[15:05]   [capture-loop] iter=400 t=45.2s state={'complete': False, 'error': None, 'executedCount': 1, 'wsState': 1} eval_ms=2 ram=19.6/31.9GB (61%) swap=0.0/5.0GB (0%) cpu=45% browser_rss=0.77GB
[15:05]   Frame 13 saved (frame_012.jpg, t=45.4s)
[15:05]   [capture-periodic] freeze=2ms shot=72ms unfreeze=2ms saved=True
[15:10]   [capture-loop] iter=450 t=50.8s state={'complete': False, 'error': None, 'executedCount': 1, 'wsState': 1} eval_ms=2 ram=19.5/31.9GB (61%) swap=0.0/5.0GB (0%) cpu=12% browser_rss=0.76GB
[15:16]   [capture-loop] iter=500 t=56.3s state={'complete': False, 'error': None, 'executedCount': 1, 'wsState': 1} eval_ms=2 ram=19.5/31.9GB (61%) swap=0.0/5.0GB (0%) cpu=12% browser_rss=0.76GB
[15:19]   [ComfyUI] [SubprocessWorker] callback 'report_progress' from call_id=45
[15:19]   [ComfyUI] [worker:ComfyUI-SAM3DObjects] [VRAM] GaussianDecode: done: torch=9MiB alloc, 128MiB reserved | gpu=1374MiB/16379MiB used
[15:19]   [ComfyUI] [SubprocessWorker] got response: ok
[15:19]   [ComfyUI] [comfy-env] Created 1 model patchers: ['SLatGaussianDecoderTdfyWrapper_7']
[15:19]   [ComfyUI] [comfy-env] SAM3DGaussianDecode done (15.26s): result: NodeOutput
[15:19]   [ComfyUI] [VRAM] After SAM3DGaussianDecode: 1156 / 16379 MB
[15:19]   [ComfyUI] [VRAM] Loaded: SubprocessModel (0 MB), SubprocessModel (0 MB), SubprocessModel (0 MB), SubprocessModel (0 MB), SubprocessModel (0 MB), SubprocessModel (0 MB), SubprocessModel (0 MB)
[15:19]   [ComfyUI] [comfy-env] Running SAM3D_PreviewPointCloud: file_path: 'C:\\workspaces\\SAM3DObjects-2121\\ComfyUI\\output\\sam3...
[15:19]   [ComfyUI] [VRAM] Before SAM3D_PreviewPointCloud: 1156 / 16379 MB
[15:19]   [ComfyUI] [VRAM] Loaded: SubprocessModel (0 MB), SubprocessModel (0 MB), SubprocessModel (0 MB), SubprocessModel (0 MB), SubprocessModel (0 MB), SubprocessModel (0 MB), SubprocessModel (0 MB)
[15:19]   [ComfyUI] [SubprocessWorker] call_method: nodes.preview_nodes.SAM3D_PreviewPointCloud.EXECUTE_NORMALIZED
[15:19]   [ComfyUI] [SubprocessWorker] acquired lock, ensuring started...
[15:19]   [ComfyUI] [ComfyUI-SAM3DObjects] Health check: ping (timeout=5.0s)...
[15:19]   [ComfyUI] [ComfyUI-SAM3DObjects] Health check: ok
[15:19]   [ComfyUI] [SubprocessWorker] worker started/confirmed
[15:19]   [ComfyUI] [SubprocessWorker] serializing kwargs to shm...
[15:19]   [ComfyUI] [SubprocessWorker] created 0 shm blocks
[15:19]   [ComfyUI] [SubprocessWorker] sending request via socket...
[15:19]   [ComfyUI] [SubprocessWorker] call_id=46 sending call_method
[15:19]   [ComfyUI] [SubprocessWorker] got response: ok
[15:19]   [ComfyUI] [comfy-env] SAM3D_PreviewPointCloud done (0.02s): result: NodeOutput
[15:19]   [ComfyUI] [VRAM] After SAM3D_PreviewPointCloud: 1156 / 16379 MB
[15:19]   [ComfyUI] [VRAM] Loaded: SubprocessModel (0 MB), SubprocessModel (0 MB), SubprocessModel (0 MB), SubprocessModel (0 MB), SubprocessModel (0 MB), SubprocessModel (0 MB), SubprocessModel (0 MB)
[15:19]   [ComfyUI] Prompt executed in 58.99 seconds
[15:19]   Node executed (2 total), capturing...
[15:20]   Frame 14 saved (frame_013.jpg, t=59.5s)
[15:20]   [capture-node] freeze=10ms shot=1226ms unfreeze=0ms saved=True
[15:20]   Execution complete (t=59.5s)
[15:20]   [3d-wait] Phase 1: Waiting for 'Loading 3D Model' text to disappear...
[15:20]   [3d-wait] Phase 1 done in 0.0s
[15:20]   [3d-wait] Phase 2: iframes=1
[15:20]   [3d-wait] iframe viewer_ready=True (matched 1 console logs)
[15:20]   [3d-wait] Unfrozen in 0.002s, rendering for 5s...
[15:25]   [3d-wait] JS halted via CDP after 5.0s
[15:26]   [3d-wait] Re-frozen in 6.0s
[15:26]   [3d-wait] Total 3D wait: 6.0s
[15:26]   Captured 14 unique frames over 66.74s
[15:26]   [debug] iframes: 1
[15:26]   [debug]   iframe[0]: src=http://127.0.0.1:41894/extensions/ComfyUI-GeometryPack/viewer_vtk.html?v=1779132, canvas=486x405, rafFrozen=True
[15:26]   [timing] trigger_3d_previews: 0.0s
[15:28]   Saved high-quality screenshot: gaussian_generation_executed.png
[15:28]   [timing] final_screenshot: 0.1s
[15:28]   [ComfyUI] [comfy-env] [VRAM] Before offload 'ShortCut_3' (3677 MB) -> cpu: 1156 / 16379 MB
[15:28]   [ComfyUI] [ComfyUI-SAM3DObjects] Health check: ping (timeout=5.0s)...
[15:28] Capturing execution frames: mesh_generation.json
[15:28]   [ComfyUI] [ComfyUI-SAM3DObjects] Health check: failed
[15:28]   [ComfyUI] [ComfyUI-SAM3DObjects] Socket unhealthy, restarting worker...
[15:28]   [ComfyUI] [comfy-env] Invalidated 7 stale model patchers (will be cleaned up during next unload)
[15:29]   [ComfyUI] [comfy-env] sam3dobjects-nodes: Library/bin has 648 DLLs
[15:29]   [ComfyUI] [ComfyUI-SAM3DObjects] python: C:\Users\ContainerUser\AppData\Local\Programs\comfy-env\.pixi\envs\sam3dobjects-nodes\python.exe
[15:29]   [ComfyUI] [ComfyUI-SAM3DObjects] sys_path sent to worker: ['C:\\workspaces\\SAM3DObjects-2121\\ComfyUI', 'C:\\workspaces\\SAM3DObjects-2121\\ComfyUI\\custom_nodes\\ComfyUI-SAM3DObjects', 'C:\\Users\\ContainerUser\\AppData\\Local\\Programs\\comfy-env\\.pixi\\envs\\sam3dobjects-nodes\\Lib\\site-packages', 'C:\\workspaces\\SAM3DObjects-2121\\ComfyUI\\custom_nodes\\ComfyUI-SAM3DObjects']
[15:29]   [ComfyUI] [SubprocessWorker] is_pixi=True, python=C:\Users\ContainerUser\AppData\Local\Programs\comfy-env\.pixi\envs\sam3dobjects-nodes\python.exe
[15:29]   [ComfyUI] [SubprocessWorker] launching cmd=['C:\\Users\\ContainerUser\\.pixi\\bin\\pixi.exe', 'run', '--as-is', '--manifest-path', 'C:\\Users\\ContainerUser\\AppData\\Local\\Programs\\comfy-env\\pixi.toml', '-e', 'sam3dobjects-nodes', 'python', 'C:\\Users\\ContainerUser\\AppData\\Local\\Temp\\comfyui_pvenv_tt8d992t\\persistent_worker.py', 'tcp://127.0.0.1:51883']...
[15:31]   [ComfyUI] [worker:ComfyUI-SAM3DObjects] ERROR: Failed to import comfy_kitchen, Error: No module named 'comfy_kitchen', fp8 and fp4 support will not be available.
[15:31]   [ComfyUI] [SubprocessWorker] call_id=47 sending model_to_device
[15:31]   [ComfyUI] Model 'ShortCut_3' gone from worker (restarted?), treating as offloaded
[15:31]   [ComfyUI] [comfy-env] [VRAM] After offload 'ShortCut_3' (3677 MB): 1156 / 16379 MB
[15:31]   [ComfyUI] [comfy-env] [VRAM] Before offload 'FlowMatching_6' (2290 MB) -> cpu: 1156 / 16379 MB
[15:31]   [ComfyUI] [ComfyUI-SAM3DObjects] Health check: ping (timeout=5.0s)...
[15:31]   [ComfyUI] [ComfyUI-SAM3DObjects] Health check: ok
[15:31]   [ComfyUI] [SubprocessWorker] call_id=48 sending model_to_device
[15:31]   [ComfyUI] Model 'FlowMatching_6' gone from worker (restarted?), treating as offloaded
[15:31]   [ComfyUI] [comfy-env] [VRAM] After offload 'FlowMatching_6' (2290 MB): 1156 / 16379 MB
[15:31]   [ComfyUI] [comfy-env] [VRAM] Before offload 'EmbedderFuser_2' (1259 MB) -> cpu: 1156 / 16379 MB
[15:31]   [ComfyUI] [ComfyUI-SAM3DObjects] Health check: ping (timeout=5.0s)...
[15:31]   [ComfyUI] [ComfyUI-SAM3DObjects] Health check: ok
[15:31]   [ComfyUI] [SubprocessWorker] call_id=49 sending model_to_device
[15:31]   [ComfyUI] Model 'EmbedderFuser_2' gone from worker (restarted?), treating as offloaded
[15:31]   [ComfyUI] [comfy-env] [VRAM] After offload 'EmbedderFuser_2' (1259 MB): 1156 / 16379 MB
[15:31]   [ComfyUI] [comfy-env] [VRAM] Before offload 'EmbedderFuser_5' (1227 MB) -> cpu: 1156 / 16379 MB
[15:31]   [ComfyUI] [ComfyUI-SAM3DObjects] Health check: ping (timeout=5.0s)...
[15:31]   [ComfyUI] [ComfyUI-SAM3DObjects] Health check: ok
[15:31]   [ComfyUI] [SubprocessWorker] call_id=50 sending model_to_device
[15:31]   [ComfyUI] Model 'EmbedderFuser_5' gone from worker (restarted?), treating as offloaded
[15:31]   [ComfyUI] [comfy-env] [VRAM] After offload 'EmbedderFuser_5' (1227 MB): 1156 / 16379 MB
[15:31]   [ComfyUI] [comfy-env] [VRAM] Before offload 'MoGeModelV1_1' (599 MB) -> cpu: 1156 / 16379 MB
[15:31]   [ComfyUI] [ComfyUI-SAM3DObjects] Health check: ping (timeout=5.0s)...
[15:31]   [ComfyUI] [ComfyUI-SAM3DObjects] Health check: ok
[15:31]   [ComfyUI] [SubprocessWorker] call_id=51 sending model_to_device
[15:31]   [ComfyUI] Model 'MoGeModelV1_1' gone from worker (restarted?), treating as offloaded
[15:31]   [ComfyUI] [comfy-env] [VRAM] After offload 'MoGeModelV1_1' (599 MB): 1156 / 16379 MB
[15:31]   [ComfyUI] [comfy-env] [VRAM] Before offload 'SLatGaussianDecoderTdfyWrapper_7' (162 MB) -> cpu: 1156 / 16379 MB
[15:31]   [ComfyUI] [ComfyUI-SAM3DObjects] Health check: ping (timeout=5.0s)...
[15:31]   [ComfyUI] [ComfyUI-SAM3DObjects] Health check: ok
[15:31]   [ComfyUI] [SubprocessWorker] call_id=52 sending model_to_device
[15:31]   [ComfyUI] Model 'SLatGaussianDecoderTdfyWrapper_7' gone from worker (restarted?), treating as offloaded
[15:31]   [ComfyUI] [comfy-env] [VRAM] After offload 'SLatGaussianDecoderTdfyWrapper_7' (162 MB): 1156 / 16379 MB
[15:31]   [ComfyUI] [comfy-env] [VRAM] Before offload 'SparseStructureDecoderTdfyWrapper_4' (140 MB) -> cpu: 1156 / 16379 MB
[15:31]   [ComfyUI] [ComfyUI-SAM3DObjects] Health check: ping (timeout=5.0s)...
[15:31]   [ComfyUI] [ComfyUI-SAM3DObjects] Health check: ok
[15:31]   [ComfyUI] [SubprocessWorker] call_id=53 sending model_to_device
[15:31]   [ComfyUI] Model 'SparseStructureDecoderTdfyWrapper_4' gone from worker (restarted?), treating as offloaded
[15:31]   [ComfyUI] [comfy-env] [VRAM] After offload 'SparseStructureDecoderTdfyWrapper_4' (140 MB): 1156 / 16379 MB
[15:34]   Frame 1 saved (frame_000.jpg, t=0.0s)
[15:34]   Validating workflow...
[15:34]   [ComfyUI] === /validate endpoint called ===
[15:34]   [ComfyUI] Received JSON with keys: ['prompt']
[15:34]   [ComfyUI] Prompt has 8 nodes
[15:34]   Queuing workflow for execution...
[15:34]   [ComfyUI]   Node 4: LoadImage
[15:34]   [ComfyUI]     Inputs: {"image": "elephant.png"}
[15:34]   [ComfyUI]   Node 28: InvertMask
[15:34]   [ComfyUI]     Inputs: {"mask": ["4", 1]}
[15:34]   [ComfyUI]   Node 53: MaskPreview
[15:34]   [ComfyUI]     Inputs: {"mask": ["28", 0]}
[15:34]   [ComfyUI]   Node 59: SAM3D_DepthEstimate
[15:34]   [ComfyUI]     Inputs: {"depth_model": ["60", 0], "image": ["4", 0]}
[15:34]   [ComfyUI]   Node 60: LoadSAM3DModel
[15:34]   [ComfyUI]     Inputs: {"attn_backend": "flash_attn", "compile": false, "precision": "auto"}
[15:34]   [ComfyUI]   Node 61: SAM3DGenerateSLAT
[15:34]   [ComfyUI]     Inputs: {"seed": 42, "stage1_steps": 12, "stage1_cfg": 7.5, "stage1_cfg_pm": 0, "stage2_steps": 12, "stage2_cfg": 5, "use_distillation": true, "generator": ["60", 1], "image": ["4", 0], "mask": ["28", 0], "po
[15:34]   [ComfyUI]   Node 64: SAM3DMeshDecode
[15:34]   [ComfyUI]     Inputs: {"with_postprocess": false, "simplify": 0.95, "up_axis": "Y-up (standard)", "world_coordinates": false, "use_sparse_flexicubes": true, "slat_decoder_mesh": ["60", 3], "slat": ["61", 0]}
[15:34]   [ComfyUI]   Node 65: Preview3D
[15:34]   [ComfyUI]     Inputs: {"model_file": ["64", 0], "image": ""}
[15:34]   [ComfyUI] Generated prompt_id: 7d581da9-3144-452e-a922-b4ce17822766
[15:34]   [ComfyUI] Calling execution.validate_prompt()...
[15:34]   [ComfyUI] Validation result: valid=True
[15:34]   [ComfyUI] === Validation PASSED ===
[15:34]   [ComfyUI] got prompt
[15:34]   [ComfyUI] [comfy-env] Running LoadSAM3DModel: attn_backend: 'flash_attn', compile: False, precision: 'auto'
[15:34]   [ComfyUI] [VRAM] Before LoadSAM3DModel: 1156 / 16379 MB
[15:34]   [ComfyUI] [SubprocessWorker] call_method: nodes.load_model.LoadSAM3DModel.EXECUTE_NORMALIZED
[15:34]   [ComfyUI] [SubprocessWorker] acquired lock, ensuring started...
[15:34]   [ComfyUI] [ComfyUI-SAM3DObjects] Health check: ping (timeout=5.0s)...
[15:34]   [ComfyUI] [ComfyUI-SAM3DObjects] Health check: ok
[15:34]   [ComfyUI] [SubprocessWorker] worker started/confirmed
[15:34]   [ComfyUI] [SubprocessWorker] serializing kwargs to shm...
[15:34]   [ComfyUI] [SubprocessWorker] created 0 shm blocks
[15:34]   [ComfyUI] [SubprocessWorker] sending request via socket...
[15:34]   [ComfyUI] [SubprocessWorker] call_id=54 sending call_method
[15:34]   Node executed (1 total), capturing...
[15:34]   Frame 2 saved (frame_001.jpg, t=0.5s)
[15:34]   [capture-node] freeze=3ms shot=75ms unfreeze=2ms saved=True
[15:34]   [ComfyUI] [SubprocessWorker] got response: ok
[15:34]   [ComfyUI] [comfy-env] [VRAM] Before offload 'SLatGaussianDecoderTdfyWrapper_7' (162 MB) -> cpu: 1156 / 16379 MB
[15:34]   [ComfyUI] [ComfyUI-SAM3DObjects] Health check: ping (timeout=5.0s)...
[15:34]   [ComfyUI] [ComfyUI-SAM3DObjects] Health check: ok
[15:34]   [ComfyUI] [SubprocessWorker] call_id=55 sending model_to_device
[15:34]   [ComfyUI] Model 'SLatGaussianDecoderTdfyWrapper_7' gone from worker (restarted?), treating as offloaded
[15:34]   [ComfyUI] [comfy-env] [VRAM] After offload 'SLatGaussianDecoderTdfyWrapper_7' (162 MB): 1156 / 16379 MB
[15:34]   [ComfyUI] [comfy-env] [VRAM] Before offload 'FlowMatching_6' (2290 MB) -> cpu: 1156 / 16379 MB
[15:34]   [ComfyUI] [ComfyUI-SAM3DObjects] Health check: ping (timeout=5.0s)...
[15:34]   [ComfyUI] [ComfyUI-SAM3DObjects] Health check: ok
[15:34]   [ComfyUI] [SubprocessWorker] call_id=56 sending model_to_device
[15:34]   [ComfyUI] Model 'FlowMatching_6' gone from worker (restarted?), treating as offloaded
[15:34]   [ComfyUI] [comfy-env] [VRAM] After offload 'FlowMatching_6' (2290 MB): 1156 / 16379 MB
[15:34]   [ComfyUI] [comfy-env] [VRAM] Before offload 'EmbedderFuser_5' (1227 MB) -> cpu: 1156 / 16379 MB
[15:34]   [ComfyUI] [ComfyUI-SAM3DObjects] Health check: ping (timeout=5.0s)...
[15:34]   [ComfyUI] [ComfyUI-SAM3DObjects] Health check: ok
[15:34]   [ComfyUI] [SubprocessWorker] call_id=57 sending model_to_device
[15:34]   [ComfyUI] Model 'EmbedderFuser_5' gone from worker (restarted?), treating as offloaded
[15:34]   [ComfyUI] [comfy-env] [VRAM] After offload 'EmbedderFuser_5' (1227 MB): 1156 / 16379 MB
[15:34]   [ComfyUI] [comfy-env] [VRAM] Before offload 'SparseStructureDecoderTdfyWrapper_4' (140 MB) -> cpu: 1156 / 16379 MB
[15:34]   [ComfyUI] [ComfyUI-SAM3DObjects] Health check: ping (timeout=5.0s)...
[15:34]   [ComfyUI] [ComfyUI-SAM3DObjects] Health check: ok
[15:34]   [ComfyUI] [SubprocessWorker] call_id=58 sending model_to_device
[15:34]   [ComfyUI] Model 'SparseStructureDecoderTdfyWrapper_4' gone from worker (restarted?), treating as offloaded
[15:34]   [ComfyUI] [comfy-env] [VRAM] After offload 'SparseStructureDecoderTdfyWrapper_4' (140 MB): 1156 / 16379 MB
[15:34]   [ComfyUI] [comfy-env] [VRAM] Before offload 'ShortCut_3' (3677 MB) -> cpu: 1156 / 16379 MB
[15:34]   [ComfyUI] [ComfyUI-SAM3DObjects] Health check: ping (timeout=5.0s)...
[15:35]   [ComfyUI] [ComfyUI-SAM3DObjects] Health check: ok
[15:35]   [ComfyUI] [SubprocessWorker] call_id=59 sending model_to_device
[15:35]   [ComfyUI] Model 'ShortCut_3' gone from worker (restarted?), treating as offloaded
[15:35]   [ComfyUI] [comfy-env] [VRAM] After offload 'ShortCut_3' (3677 MB): 1156 / 16379 MB
[15:35]   [ComfyUI] [comfy-env] [VRAM] Before offload 'EmbedderFuser_2' (1259 MB) -> cpu: 1156 / 16379 MB
[15:35]   [ComfyUI] [ComfyUI-SAM3DObjects] Health check: ping (timeout=5.0s)...
[15:35]   [ComfyUI] [ComfyUI-SAM3DObjects] Health check: ok
[15:35]   [ComfyUI] [SubprocessWorker] call_id=60 sending model_to_device
[15:35]   [ComfyUI] Model 'EmbedderFuser_2' gone from worker (restarted?), treating as offloaded
[15:35]   [ComfyUI] [comfy-env] [VRAM] After offload 'EmbedderFuser_2' (1259 MB): 1156 / 16379 MB
[15:35]   [ComfyUI] [comfy-env] [VRAM] Before offload 'MoGeModelV1_1' (599 MB) -> cpu: 1156 / 16379 MB
[15:35]   [ComfyUI] [ComfyUI-SAM3DObjects] Health check: ping (timeout=5.0s)...
[15:35]   [ComfyUI] [ComfyUI-SAM3DObjects] Health check: ok
[15:35]   [ComfyUI] [SubprocessWorker] call_id=61 sending model_to_device
[15:35]   [ComfyUI] Model 'MoGeModelV1_1' gone from worker (restarted?), treating as offloaded
[15:35]   [ComfyUI] [comfy-env] [VRAM] After offload 'MoGeModelV1_1' (599 MB): 1156 / 16379 MB
[15:35]   [ComfyUI] [comfy-env] LoadSAM3DModel done (0.37s): result: NodeOutput
[15:35]   [ComfyUI] [VRAM] After LoadSAM3DModel: 1156 / 16379 MB
[15:35]   [ComfyUI] [comfy-env] Running SAM3D_DepthEstimate: depth_model: dict, image: torch.float32 [1,1062,1600,3] cpu
[15:35]   [ComfyUI] [VRAM] Before SAM3D_DepthEstimate: 1156 / 16379 MB
[15:35]   [ComfyUI] [SubprocessWorker] call_method: nodes.depth_estimate.SAM3D_DepthEstimate.EXECUTE_NORMALIZED
[15:35]   [ComfyUI] [SubprocessWorker] acquired lock, ensuring started...
[15:35]   [ComfyUI] [ComfyUI-SAM3DObjects] Health check: ping (timeout=5.0s)...
[15:35]   [ComfyUI] [ComfyUI-SAM3DObjects] Health check: ok
[15:35]   [ComfyUI] [SubprocessWorker] worker started/confirmed
[15:35]   [ComfyUI] [comfy-env] PRE-SERIALIZE 'image' shape: torch.Size([1, 1062, 1600, 3])
[15:35]   [ComfyUI] [SubprocessWorker] serializing kwargs to shm...
[15:35]   [ComfyUI] [SubprocessWorker] created 0 shm blocks
[15:35]   [ComfyUI] [SubprocessWorker] sending request via socket...
[15:35]   [ComfyUI] [SubprocessWorker] call_id=62 sending call_method
[15:35]   [ComfyUI] [worker:ComfyUI-SAM3DObjects] [comfy-env] _from_shm got dict with keys: ['__type__', 'strategy', 'manager_path', 'storage_key', 'storage_size']
[15:35]   [ComfyUI] [worker:ComfyUI-SAM3DObjects] [comfy-env] DESERIALIZE TensorRef: tensor_size=[1, 1062, 1600, 3]
[15:35]   [ComfyUI] [worker:ComfyUI-SAM3DObjects] [comfy-env] DESERIALIZED tensor shape: torch.Size([1, 1062, 1600, 3])
[15:35]   [ComfyUI] [worker:ComfyUI-SAM3DObjects] WARNING: No comfy kitchen, using old apply_rope functions.
[15:37]   Frame 3 saved (frame_002.jpg, t=2.6s)
[15:37]   [capture-periodic] freeze=2ms shot=78ms unfreeze=2ms saved=True
[15:38]   [ComfyUI] [worker:ComfyUI-SAM3DObjects] [VRAM] DepthEstimate: start: torch=0MiB alloc, 0MiB reserved | gpu=1156MiB/16379MiB used
[15:38]   [ComfyUI] [worker:ComfyUI-SAM3DObjects] [VRAM] DepthEstimate: before MoGe from_pretrained: torch=0MiB alloc, 0MiB reserved | gpu=1156MiB/16379MiB used
[15:38]   [ComfyUI] C:\workspaces\SAM3DObjects-2121\ComfyUI\custom_nodes\ComfyUI-SAM3DObjects\nodes\sam3d\moge.py:1012: UserWarning: Deprecated arguments ignored: {'output_mask': True, 'split_head': True}
[15:38]   [ComfyUI]   warnings.warn(f"Deprecated arguments ignored: {deprecated_kwargs}")
[15:38]   [ComfyUI] [worker:ComfyUI-SAM3DObjects] [VRAM] DepthEstimate: after MoGe from_pretrained: torch=0MiB alloc, 0MiB reserved | gpu=1156MiB/16379MiB used
[15:38]   [ComfyUI] [worker:ComfyUI-SAM3DObjects] [VRAM] DepthEstimate: before load_models_gpu: torch=0MiB alloc, 0MiB reserved | gpu=1156MiB/16379MiB used
[15:38]   [ComfyUI] [SubprocessWorker] callback 'request_vram_budget' from call_id=62
[15:38]   [ComfyUI] [comfy-env] VRAM request: 0.63GB, free before eviction: 15.96GB
[15:38]   [ComfyUI] [comfy-env] VRAM after eviction: 15.96GB
[15:39]   [ComfyUI] [worker:ComfyUI-SAM3DObjects] [VRAM] +390MB (now 390MB) reserved=416MB peak=390MB
[15:39]   [ComfyUI] [worker:ComfyUI-SAM3DObjects] [VRAM] DepthEstimate: after load_models_gpu: torch=599MiB alloc, 608MiB reserved | gpu=1776MiB/16379MiB used
[15:39]   Frame 4 saved (frame_003.jpg, t=4.7s)
[15:39]   [capture-periodic] freeze=2ms shot=98ms unfreeze=4ms saved=True
[15:40]   [ComfyUI] [worker:ComfyUI-SAM3DObjects] [VRAM] +208MB (now 599MB) reserved=608MB peak=599MB
[15:40]   [capture-loop] iter=50 t=5.9s state={'complete': False, 'error': None, 'executedCount': 1, 'wsState': 1} eval_ms=3 ram=9.0/31.9GB (28%) swap=0.0/5.0GB (0%) cpu=13% browser_rss=0.84GB
[15:40]   [ComfyUI] [SubprocessWorker] callback 'report_progress' from call_id=62
[15:40]   [ComfyUI] [worker:ComfyUI-SAM3DObjects] [VRAM] DepthEstimate: before MoGe inference: torch=599MiB alloc, 608MiB reserved | gpu=1776MiB/16379MiB used
[15:41]   Frame 5 saved (frame_004.jpg, t=6.9s)
[15:41]   [capture-periodic] freeze=2ms shot=87ms unfreeze=3ms saved=True
[15:41]   [ComfyUI] [worker:ComfyUI-SAM3DObjects] [VRAM] DepthEstimate: after MoGe inference: torch=642MiB alloc, 896MiB reserved | gpu=2100MiB/16379MiB used
[15:41]   [ComfyUI] [worker:ComfyUI-SAM3DObjects] [VRAM] -493MB (now 106MB) reserved=736MB peak=658MB
[15:42]   [ComfyUI] [worker:ComfyUI-SAM3DObjects] [VRAM] DepthEstimate: after cleanup: torch=43MiB alloc, 128MiB reserved | gpu=1332MiB/16379MiB used
[15:42]   [ComfyUI] [SubprocessWorker] callback 'report_progress' from call_id=62
[15:43]   [ComfyUI] [SubprocessWorker] callback 'report_progress' from call_id=62
[15:43]   [ComfyUI] [worker:ComfyUI-SAM3DObjects] [VRAM] DepthEstimate: done: torch=62MiB alloc, 160MiB reserved | gpu=1364MiB/16379MiB used
[15:43]   [ComfyUI] [SubprocessWorker] got response: ok
[15:43]   [ComfyUI] [comfy-env] Created 1 model patchers: ['MoGeModelV1_1']
[15:43]   [ComfyUI] [comfy-env] SAM3D_DepthEstimate done (8.41s): result: NodeOutput
[15:43]   [ComfyUI] [VRAM] After SAM3D_DepthEstimate: 1156 / 16379 MB
[15:43]   [ComfyUI] [VRAM] Loaded: SubprocessModel (0 MB)
[15:43]   [ComfyUI] [comfy-env] Running SAM3DGenerateSLAT: seed: 42, stage1_steps: 12, stage1_cfg: 7.5, stage1_cfg_pm: 0.0, stage2_steps: 12, stage2_cfg: 5.0, use_distillation: True, generator: dict, image: torch.float32 [1,1062,1600,3] cpu, mask: torch.float32 [1,1062,1600] cpu, pointmap: torch.float32 [1062,1600,3] cpu
[15:43]   [ComfyUI] [VRAM] Before SAM3DGenerateSLAT: 1156 / 16379 MB
[15:43]   [ComfyUI] [VRAM] Loaded: SubprocessModel (0 MB)
[15:43]   [ComfyUI] [SubprocessWorker] call_method: nodes.generate_slat.SAM3DGenerateSLAT.EXECUTE_NORMALIZED
[15:43]   [ComfyUI] [SubprocessWorker] acquired lock, ensuring started...
[15:43]   [ComfyUI] [ComfyUI-SAM3DObjects] Health check: ping (timeout=5.0s)...
[15:43]   [ComfyUI] [ComfyUI-SAM3DObjects] Health check: ok
[15:43]   [ComfyUI] [SubprocessWorker] worker started/confirmed
[15:43]   [ComfyUI] [comfy-env] PRE-SERIALIZE 'image' shape: torch.Size([1, 1062, 1600, 3])
[15:43]   [ComfyUI] [comfy-env] PRE-SERIALIZE 'mask' shape: torch.Size([1, 1062, 1600])
[15:43]   [ComfyUI] [comfy-env] PRE-SERIALIZE 'pointmap' shape: torch.Size([1062, 1600, 3])
[15:43]   [ComfyUI] [SubprocessWorker] serializing kwargs to shm...
[15:43]   [ComfyUI] [SubprocessWorker] created 0 shm blocks
[15:43]   [ComfyUI] [SubprocessWorker] sending request via socket...
[15:43]   [ComfyUI] [SubprocessWorker] call_id=63 sending call_method
[15:43]   [ComfyUI] [worker:ComfyUI-SAM3DObjects] [comfy-env] _from_shm got dict with keys: ['__type__', 'strategy', 'manager_path', 'storage_key', 'storage_size']
[15:43]   [ComfyUI] [worker:ComfyUI-SAM3DObjects] [comfy-env] DESERIALIZE TensorRef: tensor_size=[1, 1062, 1600, 3]
[15:43]   [ComfyUI] [worker:ComfyUI-SAM3DObjects] [comfy-env] DESERIALIZED tensor shape: torch.Size([1, 1062, 1600, 3])
[15:43]   [ComfyUI] [worker:ComfyUI-SAM3DObjects] [comfy-env] _from_shm got dict with keys: ['__type__', 'strategy', 'manager_path', 'storage_key', 'storage_size']
[15:43]   [ComfyUI] [worker:ComfyUI-SAM3DObjects] [comfy-env] DESERIALIZE TensorRef: tensor_size=[1, 1062, 1600]
[15:43]   [ComfyUI] [worker:ComfyUI-SAM3DObjects] [comfy-env] DESERIALIZED tensor shape: torch.Size([1, 1062, 1600])
[15:43]   [ComfyUI] [worker:ComfyUI-SAM3DObjects] [comfy-env] _from_shm got dict with keys: ['__type__', 'strategy', 'manager_path', 'storage_key', 'storage_size']
[15:43]   [ComfyUI] [worker:ComfyUI-SAM3DObjects] [comfy-env] DESERIALIZE TensorRef: tensor_size=[1062, 1600, 3]
[15:43]   [ComfyUI] [worker:ComfyUI-SAM3DObjects] [comfy-env] DESERIALIZED tensor shape: torch.Size([1062, 1600, 3])
[15:43]   [ComfyUI] [worker:ComfyUI-SAM3DObjects] [VRAM] GenerateSLAT: start: torch=9MiB alloc, 160MiB reserved | gpu=1364MiB/16379MiB used
[15:43]   [ComfyUI] 2026-05-18 21:37:18.137 | WARNING  | nodes.sam3d.transforms:__post_init__:1359 - No rgb pointmap normalizer provided, using scale + shift
[15:43]   Frame 6 saved (frame_005.jpg, t=9.0s)
[15:43]   [capture-periodic] freeze=3ms shot=107ms unfreeze=3ms saved=True
[15:43]   [ComfyUI] [worker:ComfyUI-SAM3DObjects] [VRAM] _load_condition_embedder(ss): before build: torch=42MiB alloc, 256MiB reserved | gpu=1496MiB/16379MiB used
[15:46]   [capture-loop] iter=100 t=11.6s state={'complete': False, 'error': None, 'executedCount': 1, 'wsState': 1} eval_ms=3 ram=12.5/31.9GB (39%) swap=0.0/5.0GB (0%) cpu=36% browser_rss=0.84GB
[15:46]   [ComfyUI] [worker:ComfyUI-SAM3DObjects] [VRAM] _load_condition_embedder(ss): after load_state_dict: torch=42MiB alloc, 256MiB reserved | gpu=1496MiB/16379MiB used
[15:46]   [ComfyUI] [SubprocessWorker] callback 'request_vram_budget' from call_id=63
[15:46]   [ComfyUI] [comfy-env] VRAM request: 2.54GB, free before eviction: 15.96GB
[15:46]   [ComfyUI] [comfy-env] VRAM after eviction: 15.96GB
[15:47]   [ComfyUI] [worker:ComfyUI-SAM3DObjects] [VRAM] +384MB (now 491MB) reserved=544MB peak=658MB
[15:47]   [ComfyUI] [worker:ComfyUI-SAM3DObjects] [VRAM] Stage1: before embedding: torch=1302MiB alloc, 1312MiB reserved | gpu=2552MiB/16379MiB used
[15:48]   [ComfyUI] [worker:ComfyUI-SAM3DObjects] [VRAM] Stage1: after embedding: torch=1331MiB alloc, 2432MiB reserved | gpu=3674MiB/16379MiB used
[15:48]   [ComfyUI] [worker:ComfyUI-SAM3DObjects] [VRAM] Stage1: after embedder unload: torch=72MiB alloc, 192MiB reserved | gpu=1434MiB/16379MiB used
[15:48]   [ComfyUI] [worker:ComfyUI-SAM3DObjects] [VRAM] _load_generator(ss): before build: torch=72MiB alloc, 192MiB reserved | gpu=1434MiB/16379MiB used
[15:48]   [ComfyUI] [worker:ComfyUI-SAM3DObjects] [VRAM] -419MB (now 72MB) reserved=192MB peak=1388MB
[15:48]   [ComfyUI] [worker:ComfyUI-SAM3DObjects] [VRAM] _load_generator(ss): after load_state_dict: torch=72MiB alloc, 192MiB reserved | gpu=1434MiB/16379MiB used
[15:48]   [ComfyUI] [SubprocessWorker] callback 'request_vram_budget' from call_id=63
[15:48]   [ComfyUI] [comfy-env] VRAM request: 3.86GB, free before eviction: 15.96GB
[15:48]   [ComfyUI] [comfy-env] VRAM after eviction: 15.96GB
[15:49]   [ComfyUI] [worker:ComfyUI-SAM3DObjects] [VRAM] +2329MB (now 2402MB) reserved=2432MB peak=2402MB
[15:50]   [ComfyUI] [worker:ComfyUI-SAM3DObjects] [VRAM] _load_decoder(ss): before instantiate: torch=3750MiB alloc, 3776MiB reserved | gpu=5018MiB/16379MiB used
[15:50]   [ComfyUI] [worker:ComfyUI-SAM3DObjects] [VRAM] _load_decoder(ss): after load_state_dict: torch=3750MiB alloc, 3776MiB reserved | gpu=5018MiB/16379MiB used
[15:50]   [ComfyUI] [worker:ComfyUI-SAM3DObjects] [VRAM] +1348MB (now 3750MB) reserved=3776MB peak=3750MB
[15:50]   [ComfyUI] [SubprocessWorker] callback 'request_vram_budget' from call_id=63
[15:50]   [ComfyUI] [comfy-env] VRAM request: 0.15GB, free before eviction: 15.96GB
[15:50]   [ComfyUI] [comfy-env] VRAM after eviction: 15.96GB
[15:50]   [ComfyUI] [worker:ComfyUI-SAM3DObjects] [VRAM] Stage1: before inference: torch=3890MiB alloc, 3904MiB reserved | gpu=5146MiB/16379MiB used
[15:50]   [ComfyUI] [worker:ComfyUI-SAM3DObjects] [DTYPE_DBG] _generate_noise_tensor: _compute_dtype=torch.bfloat16 shape=(1, 1, 6) device=cuda:0
[15:50]   [ComfyUI] [worker:ComfyUI-SAM3DObjects] [DTYPE_DBG] _generate_noise_tensor: _compute_dtype=torch.bfloat16 shape=(1, 1, 3) device=cuda:0
[15:50]   [ComfyUI] [worker:ComfyUI-SAM3DObjects] [DTYPE_DBG] _generate_noise_tensor: _compute_dtype=torch.bfloat16 shape=(1, 4096, 8) device=cuda:0
[15:50]   [ComfyUI] [worker:ComfyUI-SAM3DObjects] [DTYPE_DBG] _generate_noise_tensor: _compute_dtype=torch.bfloat16 shape=(1, 1, 3) device=cuda:0
[15:50]   [ComfyUI] [worker:ComfyUI-SAM3DObjects] [DTYPE_DBG] _generate_noise_tensor: _compute_dtype=torch.bfloat16 shape=(1, 1, 1) device=cuda:0
[15:51]   [ComfyUI] [SubprocessWorker] callback 'report_progress' from call_id=63
[15:51]   [ComfyUI] [worker:ComfyUI-SAM3DObjects] [VRAM] +251MB (now 4001MB) reserved=4224MB peak=4112MB
[15:51]   [capture-loop] iter=150 t=17.2s state={'complete': False, 'error': None, 'executedCount': 1, 'wsState': 1} eval_ms=3 ram=11.9/31.9GB (37%) swap=0.0/5.0GB (0%) cpu=21% browser_rss=0.84GB
[15:52]   [ComfyUI] [SubprocessWorker] callback 'report_progress' from call_id=63
[15:52]   Frame 7 saved (frame_006.jpg, t=17.6s)
[15:52]   [capture-periodic] freeze=2ms shot=90ms unfreeze=2ms saved=True
[15:52]   [ComfyUI] [SubprocessWorker] callback 'report_progress' from call_id=63
[15:53]   [ComfyUI] [SubprocessWorker] callback 'report_progress' from call_id=63
[15:54]   Frame 8 saved (frame_007.jpg, t=19.8s)
[15:54]   [capture-periodic] freeze=2ms shot=99ms unfreeze=2ms saved=True
[15:54]   [ComfyUI] [SubprocessWorker] callback 'report_progress' from call_id=63
[15:55]   [ComfyUI] [SubprocessWorker] callback 'report_progress' from call_id=63
[15:56]   Frame 9 saved (frame_008.jpg, t=21.9s)
[15:56]   [capture-periodic] freeze=2ms shot=74ms unfreeze=3ms saved=True
[15:56]   [ComfyUI] [SubprocessWorker] callback 'report_progress' from call_id=63
[15:57]   [capture-loop] iter=200 t=22.9s state={'complete': False, 'error': None, 'executedCount': 1, 'wsState': 1} eval_ms=2 ram=11.9/31.9GB (37%) swap=0.0/5.0GB (0%) cpu=11% browser_rss=0.85GB
[15:57]   [ComfyUI] [SubprocessWorker] callback 'report_progress' from call_id=63
[15:58]   [ComfyUI] [SubprocessWorker] callback 'report_progress' from call_id=63
[15:58]   Frame 10 saved (frame_009.jpg, t=24.1s)
[15:58]   [capture-periodic] freeze=2ms shot=90ms unfreeze=2ms saved=True
[15:59]   [ComfyUI] [SubprocessWorker] callback 'report_progress' from call_id=63
[15:59]   [ComfyUI] [SubprocessWorker] callback 'report_progress' from call_id=63
[15:59]   [ComfyUI] [SubprocessWorker] callback 'report_progress' from call_id=63
[16:00]   [ComfyUI] [worker:ComfyUI-SAM3DObjects] [VRAM] Stage1: after inference: torch=3906MiB alloc, 4224MiB reserved | gpu=5466MiB/16379MiB used
[16:00]   [ComfyUI] [worker:ComfyUI-SAM3DObjects] [VRAM] -766MB (now 3236MB) reserved=4224MB peak=4128MB
[16:00]   [ComfyUI] [worker:ComfyUI-SAM3DObjects] [VRAM] Stage1: after model cleanup: torch=88MiB alloc, 256MiB reserved | gpu=1498MiB/16379MiB used
[16:00]   Frame 11 saved (frame_010.jpg, t=26.3s)
[16:00]   [capture-periodic] freeze=2ms shot=91ms unfreeze=3ms saved=True
[16:00]   [ComfyUI] 2026-05-18 21:37:35.472 | WARNING  | nodes.sam3d.transforms:__post_init__:1359 - No rgb pointmap normalizer provided, using scale + shift
[16:00]   [ComfyUI] [worker:ComfyUI-SAM3DObjects] [VRAM] _load_condition_embedder(slat): before build: torch=37MiB alloc, 256MiB reserved | gpu=1498MiB/16379MiB used
[16:01]   [ComfyUI] [worker:ComfyUI-SAM3DObjects] [VRAM] -3199MB (now 37MB) reserved=256MB peak=4128MB
[16:03]   [capture-loop] iter=250 t=28.7s state={'complete': False, 'error': None, 'executedCount': 1, 'wsState': 1} eval_ms=3 ram=17.6/31.9GB (55%) swap=0.0/5.0GB (0%) cpu=28% browser_rss=0.76GB
[16:03]   [ComfyUI] [worker:ComfyUI-SAM3DObjects] [VRAM] _load_condition_embedder(slat): after load_state_dict: torch=37MiB alloc, 256MiB reserved | gpu=1498MiB/16379MiB used
[16:03]   [ComfyUI] [SubprocessWorker] callback 'request_vram_budget' from call_id=63
[16:03]   [ComfyUI] [comfy-env] VRAM request: 2.50GB, free before eviction: 15.96GB
[16:03]   [ComfyUI] [comfy-env] VRAM after eviction: 15.96GB
[16:04]   [ComfyUI] [worker:ComfyUI-SAM3DObjects] [VRAM] +432MB (now 469MB) reserved=576MB peak=4128MB
[16:04]   [ComfyUI] [worker:ComfyUI-SAM3DObjects] [VRAM] Stage2: before embedding: torch=1264MiB alloc, 1312MiB reserved | gpu=2554MiB/16379MiB used
[16:04]   [ComfyUI] [worker:ComfyUI-SAM3DObjects] [VRAM] Stage2: after embedding: torch=1275MiB alloc, 1408MiB reserved | gpu=2650MiB/16379MiB used
[16:05]   [ComfyUI] [worker:ComfyUI-SAM3DObjects] [VRAM] +290MB (now 760MB) reserved=1408MB peak=4128MB
[16:05]   [ComfyUI] [worker:ComfyUI-SAM3DObjects] [VRAM] Stage2: after embedder unload: torch=48MiB alloc, 192MiB reserved | gpu=1434MiB/16379MiB used
[16:05]   [ComfyUI] [worker:ComfyUI-SAM3DObjects] [VRAM] _load_generator(slat): before build: torch=48MiB alloc, 192MiB reserved | gpu=1434MiB/16379MiB used
[16:06]   [ComfyUI] [worker:ComfyUI-SAM3DObjects] [VRAM] -713MB (now 48MB) reserved=192MB peak=4128MB
[16:08]   [capture-loop] iter=300 t=34.2s state={'complete': False, 'error': None, 'executedCount': 1, 'wsState': 1} eval_ms=3 ram=16.9/31.9GB (53%) swap=0.0/5.0GB (0%) cpu=16% browser_rss=0.76GB
[16:09]   [ComfyUI] [worker:ComfyUI-SAM3DObjects] [VRAM] _load_generator(slat): after load_state_dict: torch=48MiB alloc, 192MiB reserved | gpu=1434MiB/16379MiB used
[16:09]   [ComfyUI] [SubprocessWorker] callback 'request_vram_budget' from call_id=63
[16:09]   [ComfyUI] [comfy-env] VRAM request: 2.40GB, free before eviction: 15.96GB
[16:09]   [ComfyUI] [comfy-env] VRAM after eviction: 15.96GB
[16:09]   [ComfyUI] [worker:ComfyUI-SAM3DObjects] [VRAM] +255MB (now 303MB) reserved=416MB peak=4128MB
[16:10]   [ComfyUI] [worker:ComfyUI-SAM3DObjects] [VRAM] +2035MB (now 2338MB) reserved=2400MB peak=4128MB
[16:10]   [ComfyUI] [worker:ComfyUI-SAM3DObjects] [VRAM] Stage2: before inference: torch=2338MiB alloc, 2400MiB reserved | gpu=3642MiB/16379MiB used
[16:10]   [ComfyUI] [worker:ComfyUI-SAM3DObjects] [DTYPE_DBG] _generate_noise_tensor: _compute_dtype=torch.bfloat16 shape=(1, 8733, 8) device=cuda:0
[16:10]   [ComfyUI] W0518 21:37:45.240000 15664 site-packages\torch\fx\_symbolic_trace.py:53] is_fx_tracing will return true for both fx.symbolic_trace and torch.export. Please use is_fx_tracing_symbolic_tracing() for specifically fx.symbolic_trace or torch.compiler.is_compiling() for specifically torch.export/compile.
[16:10]   [ComfyUI] [worker:ComfyUI-SAM3DObjects] [33m[comfy-attn] Varlen attention: sage2[0m
[16:11]   [ComfyUI] [SubprocessWorker] callback 'report_progress' from call_id=63
[16:12]   [ComfyUI] [SubprocessWorker] callback 'report_progress' from call_id=63
[16:12]   [ComfyUI] [SubprocessWorker] callback 'report_progress' from call_id=63
[16:13]   [ComfyUI] [SubprocessWorker] callback 'report_progress' from call_id=63
[16:13]   Frame 12 saved (frame_011.jpg, t=39.1s)
[16:13]   [capture-periodic] freeze=3ms shot=89ms unfreeze=3ms saved=True
[16:13]   [ComfyUI] [SubprocessWorker] callback 'report_progress' from call_id=63
[16:14]   [capture-loop] iter=350 t=39.9s state={'complete': False, 'error': None, 'executedCount': 1, 'wsState': 1} eval_ms=2 ram=17.0/31.9GB (53%) swap=0.0/5.0GB (0%) cpu=33% browser_rss=0.76GB
[16:14]   [ComfyUI] [SubprocessWorker] callback 'report_progress' from call_id=63
[16:14]   [ComfyUI] [SubprocessWorker] callback 'report_progress' from call_id=63
[16:15]   [ComfyUI] [SubprocessWorker] callback 'report_progress' from call_id=63
[16:15]   [ComfyUI] [SubprocessWorker] callback 'report_progress' from call_id=63
[16:15]   [ComfyUI] [SubprocessWorker] callback 'report_progress' from call_id=63
[16:15]   Frame 13 saved (frame_012.jpg, t=41.3s)
[16:15]   [capture-periodic] freeze=2ms shot=117ms unfreeze=2ms saved=True
[16:15]   [ComfyUI] [SubprocessWorker] callback 'report_progress' from call_id=63
[16:16]   [ComfyUI] [SubprocessWorker] callback 'report_progress' from call_id=63
[16:16]   [ComfyUI] [worker:ComfyUI-SAM3DObjects] [VRAM] Stage2: after inference: torch=2338MiB alloc, 2720MiB reserved | gpu=3966MiB/16379MiB used
[16:16]   [ComfyUI] [worker:ComfyUI-SAM3DObjects] [VRAM] -556MB (now 1783MB) reserved=2720MB peak=4128MB
[16:16]   [ComfyUI] [worker:ComfyUI-SAM3DObjects] [VRAM] Stage2: after model cleanup: torch=48MiB alloc, 224MiB reserved | gpu=1470MiB/16379MiB used
[16:16]   [ComfyUI] [worker:ComfyUI-SAM3DObjects] [VRAM] GenerateSLAT: done: torch=29MiB alloc, 224MiB reserved | gpu=1470MiB/16379MiB used
[16:16]   [ComfyUI] [SubprocessWorker] got response: ok
[16:16]   [ComfyUI] [comfy-env] Created 5 model patchers: ['EmbedderFuser_2', 'ShortCut_3', 'SparseStructureDecoderTdfyWrapper_4', 'EmbedderFuser_5', 'FlowMatching_6']
[16:16]   [ComfyUI] [comfy-env] SAM3DGenerateSLAT done (33.19s): result: NodeOutput
[16:16]   [ComfyUI] [VRAM] After SAM3DGenerateSLAT: 1156 / 16379 MB
[16:16]   [ComfyUI] [VRAM] Loaded: SubprocessModel (0 MB), SubprocessModel (0 MB), SubprocessModel (0 MB), SubprocessModel (0 MB), SubprocessModel (0 MB), SubprocessModel (0 MB)
[16:16]   [ComfyUI] [comfy-env] Running SAM3DMeshDecode: with_postprocess: False, simplify: 0.95, up_axis: 'Y-up (standard)', world_coordinates: False, use_sparse_flexicubes: True, slat_decoder_mesh: dict, slat: 'C:\\workspaces\\SAM3DObjects-2121\\ComfyUI\\output\\sam3...
[16:16]   [ComfyUI] [VRAM] Before SAM3DMeshDecode: 1156 / 16379 MB
[16:16]   [ComfyUI] [VRAM] Loaded: SubprocessModel (0 MB), SubprocessModel (0 MB), SubprocessModel (0 MB), SubprocessModel (0 MB), SubprocessModel (0 MB), SubprocessModel (0 MB)
[16:16]   [ComfyUI] [SubprocessWorker] call_method: nodes.mesh_decode.SAM3DMeshDecode.EXECUTE_NORMALIZED
[16:16]   [ComfyUI] [SubprocessWorker] acquired lock, ensuring started...
[16:16]   [ComfyUI] [ComfyUI-SAM3DObjects] Health check: ping (timeout=5.0s)...
[16:16]   [ComfyUI] [ComfyUI-SAM3DObjects] Health check: ok
[16:16]   [ComfyUI] [SubprocessWorker] worker started/confirmed
[16:16]   [ComfyUI] [SubprocessWorker] serializing kwargs to shm...
[16:16]   [ComfyUI] [SubprocessWorker] created 0 shm blocks
[16:16]   [ComfyUI] [SubprocessWorker] sending request via socket...
[16:16]   [ComfyUI] [SubprocessWorker] call_id=64 sending call_method
[16:16]   [ComfyUI] [worker:ComfyUI-SAM3DObjects] [VRAM] MeshDecode: start: torch=9MiB alloc, 224MiB reserved | gpu=1470MiB/16379MiB used
[16:16]   [ComfyUI] [SubprocessWorker] callback 'report_progress' from call_id=64
[16:16]   [ComfyUI] [worker:ComfyUI-SAM3DObjects] [VRAM] _load_decoder(slat_decoder_mesh): before instantiate: torch=9MiB alloc, 224MiB reserved | gpu=1470MiB/16379MiB used
[16:16]   [ComfyUI] [worker:ComfyUI-SAM3DObjects] [VRAM] _load_decoder(slat_decoder_mesh): after load_state_dict: torch=9MiB alloc, 416MiB reserved | gpu=1662MiB/16379MiB used
[16:16]   [ComfyUI] [SubprocessWorker] callback 'request_vram_budget' from call_id=64
[16:16]   [ComfyUI] [comfy-env] VRAM request: 0.18GB, free before eviction: 15.96GB
[16:16]   [ComfyUI] [comfy-env] VRAM after eviction: 15.96GB
[16:16]   [ComfyUI] [worker:ComfyUI-SAM3DObjects] [VRAM] Decode(mesh): after load_models_gpu: torch=182MiB alloc, 288MiB reserved | gpu=1534MiB/16379MiB used
[16:16]   [ComfyUI] [SubprocessWorker] callback 'report_progress' from call_id=64
[16:17]   [ComfyUI] [worker:ComfyUI-SAM3DObjects] [VRAM] -1347MB (now 436MB) reserved=544MB peak=4128MB
[16:18]   Frame 14 saved (frame_013.jpg, t=43.5s)
[16:18]   [capture-periodic] freeze=2ms shot=77ms unfreeze=2ms saved=True
[16:18]   [ComfyUI] [worker:ComfyUI-SAM3DObjects] [VRAM] +474MB (now 910MB) reserved=1728MB peak=4128MB
[16:18]   [ComfyUI] [worker:ComfyUI-SAM3DObjects] WARNING: [VRAM:mesh] start: 469 MiB | cubefeats torch.Size([558912, 101])
[16:19]   [ComfyUI] [worker:ComfyUI-SAM3DObjects] WARNING: [VRAM:mesh] after sparse_cube2verts: 502 MiB | v_pos torch.Size([663519, 3])
[16:19]   [ComfyUI] [worker:ComfyUI-SAM3DObjects] WARNING: [VRAM:mesh] after get_sparse_attrs + del: 267 MiB | verts 663519 cubes 558912
[16:19]   [ComfyUI] [worker:ComfyUI-SAM3DObjects] WARNING: [VRAM:mesh] after dilation: 293 MiB | verts 846680 cubes 742231
[16:19]   [ComfyUI] [worker:ComfyUI-SAM3DObjects] WARNING: [VRAM:mesh] after searchsorted: 329 MiB | reg_c torch.Size([742231, 8])
[16:19]   [ComfyUI] [worker:ComfyUI-SAM3DObjects] WARNING: [VRAM:fc] start: 329 MiB | verts torch.Size([846681, 3]) cubes torch.Size([742231, 8]) sdf torch.Size([846681])
[16:19]   [ComfyUI] [worker:ComfyUI-SAM3DObjects] WARNING: [VRAM:fc] after _identify_surf_cubes: 335 MiB | surf_cubes 195047/742231
[16:19]   [ComfyUI] [worker:ComfyUI-SAM3DObjects] WARNING: [VRAM:fc] after _get_case_id: 371 MiB
[16:19]   [ComfyUI] [worker:ComfyUI-SAM3DObjects] WARNING: [VRAM:fc] after _identify_surf_edges: 401 MiB | surf_edges torch.Size([195050, 2])
[16:19]   [ComfyUI] [worker:ComfyUI-SAM3DObjects] WARNING: [VRAM:fc] after _compute_vd: 430 MiB | vd torch.Size([195054, 3])
[16:19]   [ComfyUI] [worker:ComfyUI-SAM3DObjects] WARNING: [VRAM:fc] after _triangulate: 439 MiB | verts torch.Size([195054, 3]) faces torch.Size([390078, 3])
[16:19]   [ComfyUI] [worker:ComfyUI-SAM3DObjects] WARNING: [VRAM:mesh] after FlexiCubes: 343 MiB | verts torch.Size([195054, 3]) faces torch.Size([390078, 3])
[16:19]   [ComfyUI] [SubprocessWorker] callback 'report_progress' from call_id=64
[16:19]   [ComfyUI] [worker:ComfyUI-SAM3DObjects] [VRAM] Decode(mesh): after cleanup: torch=38MiB alloc, 224MiB reserved | gpu=1470MiB/16379MiB used
[16:19]   [ComfyUI] [SubprocessWorker] callback 'report_progress' from call_id=64
[16:19]   [ComfyUI] [worker:ComfyUI-SAM3DObjects] [VRAM] MeshDecode: done: torch=9MiB alloc, 224MiB reserved | gpu=1470MiB/16379MiB used
[16:19]   [ComfyUI] [SubprocessWorker] got response: ok
[16:19]   [ComfyUI] [comfy-env] Created 1 model patchers: ['SLatMeshDecoderTdfyWrapper_7']
[16:19]   [ComfyUI] [comfy-env] SAM3DMeshDecode done (2.73s): result: NodeOutput
[16:19]   [ComfyUI] [VRAM] After SAM3DMeshDecode: 1156 / 16379 MB
[16:19]   [ComfyUI] [VRAM] Loaded: SubprocessModel (0 MB), SubprocessModel (0 MB), SubprocessModel (0 MB), SubprocessModel (0 MB), SubprocessModel (0 MB), SubprocessModel (0 MB), SubprocessModel (0 MB)
[16:19]   [ComfyUI] Prompt executed in 44.81 seconds
[16:19]   [ComfyUI] [comfy-env] [VRAM] Before offload 'ShortCut_3' (3677 MB) -> cpu: 1156 / 16379 MB
[16:19]   [ComfyUI] [ComfyUI-SAM3DObjects] Health check: ping (timeout=5.0s)...
[16:19]   [ComfyUI] [ComfyUI-SAM3DObjects] Health check: ok
[16:19]   [ComfyUI] [SubprocessWorker] call_id=65 sending model_to_device
[16:19]   [ComfyUI] [comfy-env] [VRAM] After offload 'ShortCut_3' (3677 MB): 1156 / 16379 MB
[16:19]   [ComfyUI] [comfy-env] [VRAM] Before offload 'FlowMatching_6' (2290 MB) -> cpu: 1156 / 16379 MB
[16:19]   [ComfyUI] [ComfyUI-SAM3DObjects] Health check: ping (timeout=5.0s)...
[16:19]   [ComfyUI] [ComfyUI-SAM3DObjects] Health check: ok
[16:19]   [ComfyUI] [SubprocessWorker] call_id=66 sending model_to_device
[16:19]   [ComfyUI] [comfy-env] [VRAM] After offload 'FlowMatching_6' (2290 MB): 1156 / 16379 MB
[16:19]   [ComfyUI] [comfy-env] [VRAM] Before offload 'EmbedderFuser_2' (1259 MB) -> cpu: 1156 / 16379 MB
[16:19]   [ComfyUI] [ComfyUI-SAM3DObjects] Health check: ping (timeout=5.0s)...
[16:19]   [ComfyUI] [ComfyUI-SAM3DObjects] Health check: ok
[16:19]   [ComfyUI] [SubprocessWorker] call_id=67 sending model_to_device
[16:19]   [ComfyUI] [comfy-env] [VRAM] After offload 'EmbedderFuser_2' (1259 MB): 1156 / 16379 MB
[16:19]   [ComfyUI] [comfy-env] [VRAM] Before offload 'EmbedderFuser_5' (1227 MB) -> cpu: 1156 / 16379 MB
[16:19]   [ComfyUI] [ComfyUI-SAM3DObjects] Health check: ping (timeout=5.0s)...
[16:19]   [ComfyUI] [ComfyUI-SAM3DObjects] Health check: ok
[16:19]   [ComfyUI] [SubprocessWorker] call_id=68 sending model_to_device
[16:19]   [ComfyUI] [comfy-env] [VRAM] After offload 'EmbedderFuser_5' (1227 MB): 1156 / 16379 MB
[16:19]   [ComfyUI] [comfy-env] [VRAM] Before offload 'MoGeModelV1_1' (599 MB) -> cpu: 1156 / 16379 MB
[16:19]   [ComfyUI] [ComfyUI-SAM3DObjects] Health check: ping (timeout=5.0s)...
[16:19]   [ComfyUI] [ComfyUI-SAM3DObjects] Health check: ok
[16:19]   [ComfyUI] [SubprocessWorker] call_id=69 sending model_to_device
[16:19]   [ComfyUI] [comfy-env] [VRAM] After offload 'MoGeModelV1_1' (599 MB): 1156 / 16379 MB
[16:19]   [ComfyUI] [comfy-env] [VRAM] Before offload 'SLatMeshDecoderTdfyWrapper_7' (173 MB) -> cpu: 1156 / 16379 MB
[16:19]   [ComfyUI] [ComfyUI-SAM3DObjects] Health check: ping (timeout=5.0s)...
[16:19]   [ComfyUI] [ComfyUI-SAM3DObjects] Health check: ok
[16:19]   [ComfyUI] [SubprocessWorker] call_id=70 sending model_to_device
[16:19]   [ComfyUI] [comfy-env] [VRAM] After offload 'SLatMeshDecoderTdfyWrapper_7' (173 MB): 1156 / 16379 MB
[16:19]   [ComfyUI] [comfy-env] [VRAM] Before offload 'SparseStructureDecoderTdfyWrapper_4' (140 MB) -> cpu: 1156 / 16379 MB
[16:19]   [ComfyUI] [ComfyUI-SAM3DObjects] Health check: ping (timeout=5.0s)...
[16:19]   [ComfyUI] [ComfyUI-SAM3DObjects] Health check: ok
[16:19]   [ComfyUI] [SubprocessWorker] call_id=71 sending model_to_device
[16:19]   [ComfyUI] [comfy-env] [VRAM] After offload 'SparseStructureDecoderTdfyWrapper_4' (140 MB): 1156 / 16379 MB
[16:19]   Node executed (2 total), capturing...
[16:19]   Frame 15 saved (frame_014.jpg, t=45.1s)
[16:19]   [capture-node] freeze=46ms shot=274ms unfreeze=0ms saved=True
[16:19]   Execution complete (t=45.1s)
[16:19]   [3d-wait] Phase 1: Waiting for 'Loading 3D Model' text to disappear...
[17:19]   [3d-wait] Phase 1 exception after 60.0s: Page.wait_for_function: Timeout 60000ms exceeded.
[17:19]   [3d-wait] Phase 2: iframes=0
[17:19]   [3d-wait] Total 3D wait: 60.0s
[17:19]   Captured 15 unique frames over 105.55s
[17:19]   [debug] iframes: 0
[17:19]   [timing] trigger_3d_previews: 0.0s
[17:22]   Saved high-quality screenshot: mesh_generation_executed.png
[17:22]   [timing] final_screenshot: 0.2s
[17:22] Capturing execution frames: scene_generation.json
[17:27]   Frame 1 saved (frame_000.jpg, t=0.0s)
[17:27]   Validating workflow...
[17:27]   [ComfyUI] === /validate endpoint called ===
[17:27]   [ComfyUI] Received JSON with keys: ['prompt']
[17:27]   [ComfyUI] Prompt has 13 nodes
[17:27]   Queuing workflow for execution...
[17:27]   [ComfyUI]   Node 59: SAM3D_DepthEstimate
[17:27]   [ComfyUI]     Inputs: {"depth_model": ["74", 0], "image": ["77", 0]}
[17:27]   [ComfyUI]   Node 74: LoadSAM3DModel
[17:27]   [ComfyUI]     Inputs: {"attn_backend": "flash_attn", "compile": true, "precision": "auto"}
[17:27]   [ComfyUI]   Node 75: MultibandLoad
[17:27]   [ComfyUI]     Inputs: {"image": "scene_multiband.npz", "normalize": true}
[17:27]   [ComfyUI]   Node 77: MultibandToImage
[17:27]   [ComfyUI]     Inputs: {"channels": "0,1,2", "multiband": ["75", 0]}
[17:27]   [ComfyUI]   Node 78: MultibandToMasks
[17:27]   [ComfyUI]     Inputs: {"channels": "", "auto_detect_masks": true, "multiband": ["75", 0]}
[17:27]   [ComfyUI]   Node 80: SAM3DSceneGenerate
[17:27]   [ComfyUI]     Inputs: {"seed": 42, "stage1_steps": 12, "stage1_cfg": 7.5, "stage1_cfg_pm": 0, "stage2_steps": 12, "stage2_cfg": 5, "with_postprocess": false, "simplify": 0.95, "add_textures": false, "texture_mode": "fast",
[17:27]   [ComfyUI]   Node 82: SAM3D_ScenePoseOptimize
[17:27]   [ComfyUI]     Inputs: {"output_folder": ["80", 0], "optimization_mode": "pose_only"}
[17:27]   [ComfyUI]   Node 85: GeomPackPreviewMeshVTK
[17:27]   [ComfyUI]     Inputs: {"mode": "texture", "preview_vtk": "{\"show_edges\":false,\"camera_state\":\"{\\\"position\\\":[1.1789228144992419,1.3637070517428993,-0.6859388036148804],\\\"focalPoint\\\":[-0.29605234414339066,0.01
[17:27]   [ComfyUI]   Node 87: GeomPackCombineMeshesBatch
[17:27]   [ComfyUI]     Inputs: {"report_panel": "false", "meshes": ["106", 0]}
[17:27]   [ComfyUI]   Node 99: PreviewImage
[17:27]   [ComfyUI]     Inputs: {"images": ["77", 0]}
[17:27]   [ComfyUI]   Node 100: SAM3D_ProjectionOverlay
[17:27]   [ComfyUI]     Inputs: {"pose_opt_folder": ["82", 0], "render_mode": "3d_mesh_textured", "point_size": 2, "alpha": 0.6}
[17:27]   [ComfyUI]   Node 106: GeomPackLoadMeshBatch
[17:27]   [ComfyUI]     Inputs: {"folder_path": ["82", 0], "start_index": 0, "max_meshes": -1}
[17:27]   [ComfyUI]   Node 108: SaveImage
[17:27]   [ComfyUI]     Inputs: {"filename_prefix": "overlay", "images": ["100", 0]}
[17:27]   [ComfyUI] Generated prompt_id: 3a550dcd-fcf5-4426-911d-e56fa3fcb740
[17:27]   [ComfyUI] Calling execution.validate_prompt()...
[17:27]   [ComfyUI] Validation result: valid=True
[17:27]   [ComfyUI] === Validation PASSED ===
[17:27]   [ComfyUI] got prompt
[17:28]   [ComfyUI] LoadMultibandImage: Loaded C:\workspaces\SAM3DObjects-2121\ComfyUI\input\scene_multiband.npz
[17:28]   [ComfyUI]   Shape: (1, 10, 2240, 3360)
[17:28]   [ComfyUI]   Channels: 10
[17:28]   [ComfyUI]   Names: img_01_r,img_01_g,img_01_b,mask_01,mask_02,mask_03,mask_04,mask_05,mask_06,mask_07
[17:29]   [ComfyUI] [comfy-env] Running LoadSAM3DModel: attn_backend: 'flash_attn', compile: True, precision: 'auto'
[17:29]   [ComfyUI] [VRAM] Before LoadSAM3DModel: 1156 / 16379 MB
[17:29]   [ComfyUI] [SubprocessWorker] call_method: nodes.load_model.LoadSAM3DModel.EXECUTE_NORMALIZED
[17:29]   [ComfyUI] [SubprocessWorker] acquired lock, ensuring started...
[17:29]   [ComfyUI] [ComfyUI-SAM3DObjects] Health check: ping (timeout=5.0s)...
[17:29]   [ComfyUI] [ComfyUI-SAM3DObjects] Health check: failed
[17:29]   [ComfyUI] [ComfyUI-SAM3DObjects] Socket unhealthy, restarting worker...
[17:29]   [ComfyUI] [comfy-env] Invalidated 7 stale model patchers (will be cleaned up during next unload)
[17:29]   [ComfyUI] [comfy-env] sam3dobjects-nodes: Library/bin has 648 DLLs
[17:29]   [ComfyUI] [ComfyUI-SAM3DObjects] python: C:\Users\ContainerUser\AppData\Local\Programs\comfy-env\.pixi\envs\sam3dobjects-nodes\python.exe
[17:29]   [ComfyUI] [ComfyUI-SAM3DObjects] sys_path sent to worker: ['C:\\workspaces\\SAM3DObjects-2121\\ComfyUI', 'C:\\workspaces\\SAM3DObjects-2121\\ComfyUI\\custom_nodes\\ComfyUI-SAM3DObjects', 'C:\\Users\\ContainerUser\\AppData\\Local\\Programs\\comfy-env\\.pixi\\envs\\sam3dobjects-nodes\\Lib\\site-packages', 'C:\\workspaces\\SAM3DObjects-2121\\ComfyUI\\custom_nodes\\ComfyUI-SAM3DObjects']
[17:29]   [ComfyUI] [SubprocessWorker] is_pixi=True, python=C:\Users\ContainerUser\AppData\Local\Programs\comfy-env\.pixi\envs\sam3dobjects-nodes\python.exe
[17:29]   [ComfyUI] [SubprocessWorker] launching cmd=['C:\\Users\\ContainerUser\\.pixi\\bin\\pixi.exe', 'run', '--as-is', '--manifest-path', 'C:\\Users\\ContainerUser\\AppData\\Local\\Programs\\comfy-env\\pixi.toml', '-e', 'sam3dobjects-nodes', 'python', 'C:\\Users\\ContainerUser\\AppData\\Local\\Temp\\comfyui_pvenv_tt8d992t\\persistent_worker.py', 'tcp://127.0.0.1:50655']...
[17:29]   Node executed (1 total), capturing...
[17:29]   Frame 2 saved (frame_001.jpg, t=1.6s)
[17:29]   [capture-node] freeze=5ms shot=136ms unfreeze=5ms saved=True
[17:31]   [ComfyUI] [worker:ComfyUI-SAM3DObjects] ERROR: Failed to import comfy_kitchen, Error: No module named 'comfy_kitchen', fp8 and fp4 support will not be available.
[17:31]   [ComfyUI] [SubprocessWorker] worker started/confirmed
[17:31]   [ComfyUI] [SubprocessWorker] serializing kwargs to shm...
[17:31]   [ComfyUI] [SubprocessWorker] created 0 shm blocks
[17:31]   [ComfyUI] [SubprocessWorker] sending request via socket...
[17:31]   [ComfyUI] [SubprocessWorker] call_id=72 sending call_method
[17:31]   [ComfyUI] [SubprocessWorker] got response: ok
[17:31]   [ComfyUI] [comfy-env] [VRAM] Before offload 'SLatMeshDecoderTdfyWrapper_7' (173 MB) -> cpu: 1156 / 16379 MB
[17:31]   [ComfyUI] [ComfyUI-SAM3DObjects] Health check: ping (timeout=5.0s)...
[17:31]   [ComfyUI] [ComfyUI-SAM3DObjects] Health check: ok
[17:31]   [ComfyUI] [SubprocessWorker] call_id=73 sending model_to_device
[17:31]   [ComfyUI] Model 'SLatMeshDecoderTdfyWrapper_7' gone from worker (restarted?), treating as offloaded
[17:31]   [ComfyUI] [comfy-env] [VRAM] After offload 'SLatMeshDecoderTdfyWrapper_7' (173 MB): 1156 / 16379 MB
[17:31]   [ComfyUI] [comfy-env] [VRAM] Before offload 'FlowMatching_6' (2290 MB) -> cpu: 1156 / 16379 MB
[17:31]   [ComfyUI] [ComfyUI-SAM3DObjects] Health check: ping (timeout=5.0s)...
[17:31]   [ComfyUI] [ComfyUI-SAM3DObjects] Health check: ok
[17:31]   [ComfyUI] [SubprocessWorker] call_id=74 sending model_to_device
[17:31]   [ComfyUI] Model 'FlowMatching_6' gone from worker (restarted?), treating as offloaded
[17:31]   [ComfyUI] [comfy-env] [VRAM] After offload 'FlowMatching_6' (2290 MB): 1156 / 16379 MB
[17:31]   [ComfyUI] [comfy-env] [VRAM] Before offload 'EmbedderFuser_5' (1227 MB) -> cpu: 1156 / 16379 MB
[17:31]   [ComfyUI] [ComfyUI-SAM3DObjects] Health check: ping (timeout=5.0s)...
[17:31]   [ComfyUI] [ComfyUI-SAM3DObjects] Health check: ok
[17:31]   [ComfyUI] [SubprocessWorker] call_id=75 sending model_to_device
[17:31]   [ComfyUI] Model 'EmbedderFuser_5' gone from worker (restarted?), treating as offloaded
[17:31]   [ComfyUI] [comfy-env] [VRAM] After offload 'EmbedderFuser_5' (1227 MB): 1156 / 16379 MB
[17:31]   [ComfyUI] [comfy-env] [VRAM] Before offload 'SparseStructureDecoderTdfyWrapper_4' (140 MB) -> cpu: 1156 / 16379 MB
[17:31]   [ComfyUI] [ComfyUI-SAM3DObjects] Health check: ping (timeout=5.0s)...
[17:31]   [ComfyUI] [ComfyUI-SAM3DObjects] Health check: ok
[17:31]   [ComfyUI] [SubprocessWorker] call_id=76 sending model_to_device
[17:31]   [ComfyUI] Model 'SparseStructureDecoderTdfyWrapper_4' gone from worker (restarted?), treating as offloaded
[17:31]   [ComfyUI] [comfy-env] [VRAM] After offload 'SparseStructureDecoderTdfyWrapper_4' (140 MB): 1156 / 16379 MB
[17:31]   [ComfyUI] [comfy-env] [VRAM] Before offload 'ShortCut_3' (3677 MB) -> cpu: 1156 / 16379 MB
[17:31]   [ComfyUI] [ComfyUI-SAM3DObjects] Health check: ping (timeout=5.0s)...
[17:31]   [ComfyUI] [ComfyUI-SAM3DObjects] Health check: ok
[17:31]   [ComfyUI] [SubprocessWorker] call_id=77 sending model_to_device
[17:31]   [ComfyUI] Model 'ShortCut_3' gone from worker (restarted?), treating as offloaded
[17:31]   [ComfyUI] [comfy-env] [VRAM] After offload 'ShortCut_3' (3677 MB): 1156 / 16379 MB
[17:31]   [ComfyUI] [comfy-env] [VRAM] Before offload 'EmbedderFuser_2' (1259 MB) -> cpu: 1156 / 16379 MB
[17:31]   [ComfyUI] [ComfyUI-SAM3DObjects] Health check: ping (timeout=5.0s)...
[17:31]   [ComfyUI] [ComfyUI-SAM3DObjects] Health check: ok
[17:31]   [ComfyUI] [SubprocessWorker] call_id=78 sending model_to_device
[17:31]   [ComfyUI] Model 'EmbedderFuser_2' gone from worker (restarted?), treating as offloaded
[17:31]   [ComfyUI] [comfy-env] [VRAM] After offload 'EmbedderFuser_2' (1259 MB): 1156 / 16379 MB
[17:31]   [ComfyUI] [comfy-env] [VRAM] Before offload 'MoGeModelV1_1' (599 MB) -> cpu: 1156 / 16379 MB
[17:31]   [ComfyUI] [ComfyUI-SAM3DObjects] Health check: ping (timeout=5.0s)...
[17:31]   [ComfyUI] [ComfyUI-SAM3DObjects] Health check: ok
[17:31]   [ComfyUI] [SubprocessWorker] call_id=79 sending model_to_device
[17:31]   [ComfyUI] Model 'MoGeModelV1_1' gone from worker (restarted?), treating as offloaded
[17:31]   [ComfyUI] [comfy-env] [VRAM] After offload 'MoGeModelV1_1' (599 MB): 1156 / 16379 MB
[17:31]   [ComfyUI] [comfy-env] LoadSAM3DModel done (2.69s): result: NodeOutput
[17:31]   [ComfyUI] [VRAM] After LoadSAM3DModel: 1156 / 16379 MB
[17:31]   [ComfyUI] [comfy-env] Running SAM3D_DepthEstimate: depth_model: dict, image: torch.float32 [1,2240,3360,3] cpu
[17:31]   [ComfyUI] [VRAM] Before SAM3D_DepthEstimate: 1156 / 16379 MB
[17:31]   [ComfyUI] [SubprocessWorker] call_method: nodes.depth_estimate.SAM3D_DepthEstimate.EXECUTE_NORMALIZED
[17:31]   [ComfyUI] [SubprocessWorker] acquired lock, ensuring started...
[17:31]   [ComfyUI] [ComfyUI-SAM3DObjects] Health check: ping (timeout=5.0s)...
[17:31]   [ComfyUI] [ComfyUI-SAM3DObjects] Health check: ok
[17:31]   [ComfyUI] [SubprocessWorker] worker started/confirmed
[17:31]   [ComfyUI] [comfy-env] PRE-SERIALIZE 'image' shape: torch.Size([1, 2240, 3360, 3])
[17:31]   [ComfyUI] [SubprocessWorker] serializing kwargs to shm...
[17:31]   [ComfyUI] [SubprocessWorker] created 0 shm blocks
[17:31]   [ComfyUI] [SubprocessWorker] sending request via socket...
[17:31]   [ComfyUI] [SubprocessWorker] call_id=80 sending call_method
[17:31]   [ComfyUI] [worker:ComfyUI-SAM3DObjects] [comfy-env] _from_shm got dict with keys: ['__type__', 'strategy', 'manager_path', 'storage_key', 'storage_size']
[17:31]   [ComfyUI] [worker:ComfyUI-SAM3DObjects] [comfy-env] DESERIALIZE TensorRef: tensor_size=[1, 2240, 3360, 3]
[17:31]   [ComfyUI] [worker:ComfyUI-SAM3DObjects] [comfy-env] DESERIALIZED tensor shape: torch.Size([1, 2240, 3360, 3])
[17:32]   [ComfyUI] [worker:ComfyUI-SAM3DObjects] WARNING: No comfy kitchen, using old apply_rope functions.
[17:33]   [capture-loop] iter=50 t=6.0s state={'complete': False, 'error': None, 'executedCount': 1, 'wsState': 1} eval_ms=3 ram=9.4/31.9GB (29%) swap=0.0/5.0GB (0%) cpu=6% browser_rss=0.95GB
[17:33]   Frame 3 saved (frame_002.jpg, t=6.0s)
[17:33]   [capture-periodic] freeze=2ms shot=97ms unfreeze=2ms saved=True
[17:35]   [ComfyUI] [worker:ComfyUI-SAM3DObjects] [VRAM] DepthEstimate: start: torch=0MiB alloc, 0MiB reserved | gpu=1156MiB/16379MiB used
[17:35]   [ComfyUI] [worker:ComfyUI-SAM3DObjects] [VRAM] DepthEstimate: before MoGe from_pretrained: torch=0MiB alloc, 0MiB reserved | gpu=1156MiB/16379MiB used
[17:35]   [ComfyUI] C:\workspaces\SAM3DObjects-2121\ComfyUI\custom_nodes\ComfyUI-SAM3DObjects\nodes\sam3d\moge.py:1012: UserWarning: Deprecated arguments ignored: {'output_mask': True, 'split_head': True}
[17:35]   [ComfyUI]   warnings.warn(f"Deprecated arguments ignored: {deprecated_kwargs}")
[17:35]   [ComfyUI] [worker:ComfyUI-SAM3DObjects] [VRAM] DepthEstimate: after MoGe from_pretrained: torch=0MiB alloc, 0MiB reserved | gpu=1156MiB/16379MiB used
[17:35]   [ComfyUI] [worker:ComfyUI-SAM3DObjects] [VRAM] DepthEstimate: before load_models_gpu: torch=0MiB alloc, 0MiB reserved | gpu=1156MiB/16379MiB used
[17:35]   [ComfyUI] [SubprocessWorker] callback 'request_vram_budget' from call_id=80
[17:35]   [ComfyUI] [comfy-env] VRAM request: 0.63GB, free before eviction: 15.96GB
[17:35]   [ComfyUI] [comfy-env] VRAM after eviction: 15.96GB
[17:35]   [ComfyUI] [worker:ComfyUI-SAM3DObjects] [VRAM] +360MB (now 360MB) reserved=384MB peak=360MB
[17:35]   [ComfyUI] [worker:ComfyUI-SAM3DObjects] [VRAM] DepthEstimate: after load_models_gpu: torch=599MiB alloc, 608MiB reserved | gpu=1776MiB/16379MiB used
[17:36]   [ComfyUI] [worker:ComfyUI-SAM3DObjects] [VRAM] +239MB (now 599MB) reserved=608MB peak=599MB
[17:37]   [ComfyUI] [SubprocessWorker] callback 'report_progress' from call_id=80
[17:37]   [ComfyUI] [worker:ComfyUI-SAM3DObjects] [VRAM] DepthEstimate: before MoGe inference: torch=599MiB alloc, 608MiB reserved | gpu=1776MiB/16379MiB used
[17:38]   [ComfyUI] [worker:ComfyUI-SAM3DObjects] [VRAM] +234MB (now 833MB) reserved=896MB peak=833MB
[17:38]   Frame 4 saved (frame_003.jpg, t=10.3s)
[17:38]   [capture-periodic] freeze=2ms shot=106ms unfreeze=2ms saved=True
[17:38]   [ComfyUI] [worker:ComfyUI-SAM3DObjects] [VRAM] DepthEstimate: after MoGe inference: torch=759MiB alloc, 1024MiB reserved | gpu=2228MiB/16379MiB used
[17:38]   [ComfyUI] [worker:ComfyUI-SAM3DObjects] [VRAM] DepthEstimate: after cleanup: torch=159MiB alloc, 192MiB reserved | gpu=1396MiB/16379MiB used
[17:38]   [ComfyUI] [SubprocessWorker] callback 'report_progress' from call_id=80
[17:39]   [ComfyUI] [worker:ComfyUI-SAM3DObjects] [VRAM] -588MB (now 245MB) reserved=608MB peak=833MB
[17:39]   [capture-loop] iter=100 t=11.7s state={'complete': False, 'error': None, 'executedCount': 1, 'wsState': 1} eval_ms=2 ram=11.3/31.9GB (35%) swap=0.0/5.0GB (0%) cpu=19% browser_rss=0.93GB
[17:40]   Frame 5 saved (frame_004.jpg, t=12.5s)
[17:40]   [capture-periodic] freeze=2ms shot=103ms unfreeze=2ms saved=True
[17:45]   [capture-loop] iter=150 t=17.4s state={'complete': False, 'error': None, 'executedCount': 1, 'wsState': 1} eval_ms=2 ram=11.4/31.9GB (36%) swap=0.0/5.0GB (0%) cpu=11% browser_rss=0.93GB
[17:50]   [capture-loop] iter=200 t=23.0s state={'complete': False, 'error': None, 'executedCount': 1, 'wsState': 1} eval_ms=2 ram=11.4/31.9GB (36%) swap=0.0/5.0GB (0%) cpu=12% browser_rss=0.93GB
[17:56]   [capture-loop] iter=250 t=28.7s state={'complete': False, 'error': None, 'executedCount': 1, 'wsState': 1} eval_ms=2 ram=11.4/31.9GB (36%) swap=0.0/5.0GB (0%) cpu=12% browser_rss=0.87GB
[17:57]   [ComfyUI] [SubprocessWorker] callback 'report_progress' from call_id=80
[17:57]   [ComfyUI] [worker:ComfyUI-SAM3DObjects] [VRAM] DepthEstimate: done: torch=245MiB alloc, 608MiB reserved | gpu=1812MiB/16379MiB used
[17:57]   [ComfyUI] [SubprocessWorker] got response: ok
[17:57]   [ComfyUI] MultibandToMasks: Auto-detected 7 mask channels: ['mask_01', 'mask_02', 'mask_03', 'mask_04', 'mask_05', 'mask_06', 'mask_07']
[17:57]   [ComfyUI] [comfy-env] Created 1 model patchers: ['MoGeModelV1_1']
[17:57]   [ComfyUI] [comfy-env] SAM3D_DepthEstimate done (25.56s): result: NodeOutput
[17:57]   [ComfyUI] [VRAM] After SAM3D_DepthEstimate: 1156 / 16379 MB
[17:57]   [ComfyUI] [VRAM] Loaded: SubprocessModel (0 MB)
[17:57]   [ComfyUI] [comfy-env] Running SAM3DSceneGenerate: seed: 42, stage1_steps: 12, stage1_cfg: 7.5, stage1_cfg_pm: 0.0, stage2_steps: 12, stage2_cfg: 5.0, with_postprocess: False, simplify: 0.95, add_textures: False, texture_mode: 'fast', texture_size: 1024, stage1_batch_size: 1, generator: dict, slat_decoder_gs: dict, slat_decoder_mesh: dict, image: torch.float32 [1,2240,3360,3] cpu, masks: torch.float32 [7,2240,3360] cpu, intrinsics: float32 [3,3], pointmap: torch.float32 [2240,3360,3] cpu
[17:57]   [ComfyUI] [VRAM] Before SAM3DSceneGenerate: 1156 / 16379 MB
[17:57]   [ComfyUI] [VRAM] Loaded: SubprocessModel (0 MB)
[17:57]   [ComfyUI] [SubprocessWorker] call_method: nodes.scene_generate.SAM3DSceneGenerate.EXECUTE_NORMALIZED
[17:57]   [ComfyUI] [SubprocessWorker] acquired lock, ensuring started...
[17:57]   [ComfyUI] [ComfyUI-SAM3DObjects] Health check: ping (timeout=5.0s)...
[17:57]   [ComfyUI] [ComfyUI-SAM3DObjects] Health check: failed
[17:57]   [ComfyUI] [ComfyUI-SAM3DObjects] Socket unhealthy, restarting worker...
[17:57]   [ComfyUI] [comfy-env] Invalidated 1 stale model patchers (will be cleaned up during next unload)
[17:57]   [ComfyUI] [comfy-env] sam3dobjects-nodes: Library/bin has 648 DLLs
[17:57]   [ComfyUI] [ComfyUI-SAM3DObjects] python: C:\Users\ContainerUser\AppData\Local\Programs\comfy-env\.pixi\envs\sam3dobjects-nodes\python.exe
[17:57]   [ComfyUI] [ComfyUI-SAM3DObjects] sys_path sent to worker: ['C:\\workspaces\\SAM3DObjects-2121\\ComfyUI', 'C:\\workspaces\\SAM3DObjects-2121\\ComfyUI\\custom_nodes\\ComfyUI-SAM3DObjects', 'C:\\Users\\ContainerUser\\AppData\\Local\\Programs\\comfy-env\\.pixi\\envs\\sam3dobjects-nodes\\Lib\\site-packages', 'C:\\workspaces\\SAM3DObjects-2121\\ComfyUI\\custom_nodes\\ComfyUI-SAM3DObjects']
[17:57]   [ComfyUI] [SubprocessWorker] is_pixi=True, python=C:\Users\ContainerUser\AppData\Local\Programs\comfy-env\.pixi\envs\sam3dobjects-nodes\python.exe
[17:57]   [ComfyUI] [SubprocessWorker] launching cmd=['C:\\Users\\ContainerUser\\.pixi\\bin\\pixi.exe', 'run', '--as-is', '--manifest-path', 'C:\\Users\\ContainerUser\\AppData\\Local\\Programs\\comfy-env\\pixi.toml', '-e', 'sam3dobjects-nodes', 'python', 'C:\\Users\\ContainerUser\\AppData\\Local\\Temp\\comfyui_pvenv_tt8d992t\\persistent_worker.py', 'tcp://127.0.0.1:50658']...
[17:57]   Frame 6 saved (frame_005.jpg, t=29.7s)
[17:57]   [capture-periodic] freeze=3ms shot=114ms unfreeze=5ms saved=True
[17:59]   [ComfyUI] [worker:ComfyUI-SAM3DObjects] ERROR: Failed to import comfy_kitchen, Error: No module named 'comfy_kitchen', fp8 and fp4 support will not be available.
[17:59]   [ComfyUI] [SubprocessWorker] worker started/confirmed
[17:59]   [ComfyUI] [comfy-env] PRE-SERIALIZE 'image' shape: torch.Size([1, 2240, 3360, 3])
[17:59]   [ComfyUI] [comfy-env] PRE-SERIALIZE 'masks' shape: torch.Size([7, 2240, 3360])
[17:59]   [ComfyUI] [comfy-env] PRE-SERIALIZE 'intrinsics' shape: (3, 3)
[17:59]   [ComfyUI] [comfy-env] PRE-SERIALIZE 'pointmap' shape: torch.Size([2240, 3360, 3])
[17:59]   [ComfyUI] [SubprocessWorker] serializing kwargs to shm...
[17:59]   [ComfyUI] [SubprocessWorker] created 0 shm blocks
[17:59]   [ComfyUI] [SubprocessWorker] sending request via socket...
[17:59]   [ComfyUI] [SubprocessWorker] call_id=81 sending call_method
[17:59]   [ComfyUI] [worker:ComfyUI-SAM3DObjects] [comfy-env] _from_shm got dict with keys: ['__type__', 'strategy', 'manager_path', 'storage_key', 'storage_size']
[17:59]   [ComfyUI] [worker:ComfyUI-SAM3DObjects] [comfy-env] DESERIALIZE TensorRef: tensor_size=[1, 2240, 3360, 3]
[17:59]   [ComfyUI] [worker:ComfyUI-SAM3DObjects] [comfy-env] DESERIALIZED tensor shape: torch.Size([1, 2240, 3360, 3])
[17:59]   [ComfyUI] [worker:ComfyUI-SAM3DObjects] [comfy-env] _from_shm got dict with keys: ['__type__', 'strategy', 'manager_path', 'storage_key', 'storage_size']
[17:59]   [ComfyUI] [worker:ComfyUI-SAM3DObjects] [comfy-env] DESERIALIZE TensorRef: tensor_size=[7, 2240, 3360]
[17:59]   [ComfyUI] [worker:ComfyUI-SAM3DObjects] [comfy-env] DESERIALIZED tensor shape: torch.Size([7, 2240, 3360])
[17:59]   [ComfyUI] [worker:ComfyUI-SAM3DObjects] [comfy-env] _from_shm got dict with keys: ['__type__', 'strategy', 'manager_path', 'storage_key', 'storage_size']
[17:59]   [ComfyUI] [worker:ComfyUI-SAM3DObjects] [comfy-env] DESERIALIZE TensorRef: tensor_size=[3, 3]
[17:59]   [ComfyUI] [worker:ComfyUI-SAM3DObjects] [comfy-env] DESERIALIZED tensor shape: torch.Size([3, 3])
[17:59]   [ComfyUI] [worker:ComfyUI-SAM3DObjects] [comfy-env] _from_shm got dict with keys: ['__type__', 'strategy', 'manager_path', 'storage_key', 'storage_size']
[17:59]   [ComfyUI] [worker:ComfyUI-SAM3DObjects] [comfy-env] DESERIALIZE TensorRef: tensor_size=[2240, 3360, 3]
[17:59]   [ComfyUI] [worker:ComfyUI-SAM3DObjects] [comfy-env] DESERIALIZED tensor shape: torch.Size([2240, 3360, 3])
[17:59]   [ComfyUI] [worker:ComfyUI-SAM3DObjects] WARNING: No comfy kitchen, using old apply_rope functions.
[18:02]   [capture-loop] iter=300 t=34.4s state={'complete': False, 'error': None, 'executedCount': 1, 'wsState': 1} eval_ms=2 ram=9.9/31.9GB (31%) swap=0.0/5.0GB (0%) cpu=17% browser_rss=0.87GB
[18:02]   [ComfyUI] [worker:ComfyUI-SAM3DObjects] [VRAM] SceneGenerate: start: torch=0MiB alloc, 0MiB reserved | gpu=1156MiB/16379MiB used
[18:03]   [ComfyUI] [worker:ComfyUI-SAM3DObjects] [VRAM] SceneGenerate: PHASE 1 start: torch=0MiB alloc, 0MiB reserved | gpu=1156MiB/16379MiB used
[18:05]   [ComfyUI] 2026-05-18 21:39:40.335 | WARNING  | nodes.sam3d.transforms:__post_init__:1359 - No rgb pointmap normalizer provided, using scale + shift
[18:06]   [ComfyUI] [worker:ComfyUI-SAM3DObjects] [VRAM] _load_condition_embedder(ss): before build: torch=14MiB alloc, 32MiB reserved | gpu=1200MiB/16379MiB used
[18:07]   [capture-loop] iter=350 t=40.1s state={'complete': False, 'error': None, 'executedCount': 1, 'wsState': 1} eval_ms=3 ram=11.5/31.9GB (36%) swap=0.0/5.0GB (0%) cpu=31% browser_rss=0.86GB
[18:09]   [ComfyUI] [worker:ComfyUI-SAM3DObjects] [VRAM] _load_condition_embedder(ss): after load_state_dict: torch=14MiB alloc, 32MiB reserved | gpu=1200MiB/16379MiB used
[18:09]   [ComfyUI] [SubprocessWorker] callback 'request_vram_budget' from call_id=81
[18:09]   [ComfyUI] [comfy-env] VRAM request: 2.54GB, free before eviction: 15.96GB
[18:09]   [ComfyUI] [comfy-env] VRAM after eviction: 15.96GB
[18:09]   [ComfyUI] [worker:ComfyUI-SAM3DObjects] [VRAM] +206MB (now 206MB) reserved=224MB peak=206MB
[18:10]   [ComfyUI] [worker:ComfyUI-SAM3DObjects] [VRAM] Stage1: before embedding: torch=1273MiB alloc, 1280MiB reserved | gpu=2448MiB/16379MiB used
[18:10]   [ComfyUI] [worker:ComfyUI-SAM3DObjects] [VRAM] +1119MB (now 1326MB) reserved=1376MB peak=1331MB
[18:11]   [ComfyUI] [worker:ComfyUI-SAM3DObjects] [VRAM] Stage1: after embedding: torch=1312MiB alloc, 2368MiB reserved | gpu=3570MiB/16379MiB used
[18:11]   [ComfyUI] [worker:ComfyUI-SAM3DObjects] [VRAM] Stage1: after embedder unload: torch=52MiB alloc, 128MiB reserved | gpu=1330MiB/16379MiB used
[18:11]   [ComfyUI] [worker:ComfyUI-SAM3DObjects] [VRAM] _load_generator(ss): before build: torch=52MiB alloc, 128MiB reserved | gpu=1330MiB/16379MiB used
[18:11]   [ComfyUI] [worker:ComfyUI-SAM3DObjects] [VRAM] _load_generator(ss): after load_state_dict: torch=52MiB alloc, 128MiB reserved | gpu=1330MiB/16379MiB used
[18:11]   [ComfyUI] [SubprocessWorker] callback 'request_vram_budget' from call_id=81
[18:11]   [ComfyUI] [comfy-env] VRAM request: 3.86GB, free before eviction: 15.96GB
[18:11]   [ComfyUI] [comfy-env] VRAM after eviction: 15.96GB
[18:11]   [ComfyUI] [worker:ComfyUI-SAM3DObjects] [VRAM] -697MB (now 629MB) reserved=704MB peak=2208MB
[18:12]   [ComfyUI] [worker:ComfyUI-SAM3DObjects] [VRAM] +2810MB (now 3439MB) reserved=3456MB peak=3439MB
[18:13]   [ComfyUI] [worker:ComfyUI-SAM3DObjects] [VRAM] _load_decoder(ss): before instantiate: torch=3730MiB alloc, 3744MiB reserved | gpu=4946MiB/16379MiB used
[18:13]   [ComfyUI] [worker:ComfyUI-SAM3DObjects] [VRAM] _load_decoder(ss): after load_state_dict: torch=3730MiB alloc, 3744MiB reserved | gpu=4946MiB/16379MiB used
[18:13]   [ComfyUI] [SubprocessWorker] callback 'request_vram_budget' from call_id=81
[18:13]   [ComfyUI] [comfy-env] VRAM request: 0.15GB, free before eviction: 15.96GB
[18:13]   [ComfyUI] [comfy-env] VRAM after eviction: 15.96GB
[18:13]   [ComfyUI] [worker:ComfyUI-SAM3DObjects] [VRAM] Stage1: before inference: torch=3871MiB alloc, 3872MiB reserved | gpu=5074MiB/16379MiB used
[18:13]   [ComfyUI] [worker:ComfyUI-SAM3DObjects] [DTYPE_DBG] _generate_noise_tensor: _compute_dtype=torch.bfloat16 shape=(1, 1, 6) device=cuda:0
[18:13]   [ComfyUI] [worker:ComfyUI-SAM3DObjects] [DTYPE_DBG] _generate_noise_tensor: _compute_dtype=torch.bfloat16 shape=(1, 1, 3) device=cuda:0
[18:13]   [ComfyUI] [worker:ComfyUI-SAM3DObjects] [DTYPE_DBG] _generate_noise_tensor: _compute_dtype=torch.bfloat16 shape=(1, 4096, 8) device=cuda:0
[18:13]   [ComfyUI] [worker:ComfyUI-SAM3DObjects] [DTYPE_DBG] _generate_noise_tensor: _compute_dtype=torch.bfloat16 shape=(1, 1, 3) device=cuda:0
[18:13]   [ComfyUI] [worker:ComfyUI-SAM3DObjects] [DTYPE_DBG] _generate_noise_tensor: _compute_dtype=torch.bfloat16 shape=(1, 1, 1) device=cuda:0
[18:13]   [capture-loop] iter=400 t=45.8s state={'complete': False, 'error': None, 'executedCount': 1, 'wsState': 1} eval_ms=3 ram=12.1/31.9GB (38%) swap=0.0/5.0GB (0%) cpu=27% browser_rss=0.86GB
[18:13]   [ComfyUI] [worker:ComfyUI-SAM3DObjects] [VRAM] +650MB (now 4090MB) reserved=4192MB peak=4090MB
[18:14]   [ComfyUI] [SubprocessWorker] callback 'report_progress' from call_id=81
[18:14]   Frame 7 saved (frame_006.jpg, t=47.0s)
[18:14]   [capture-periodic] freeze=2ms shot=103ms unfreeze=2ms saved=True
[18:15]   [ComfyUI] [SubprocessWorker] callback 'report_progress' from call_id=81
[18:15]   [ComfyUI] [worker:ComfyUI-SAM3DObjects] [VRAM] -205MB (now 3886MB) reserved=4224MB peak=4090MB
[18:16]   [ComfyUI] [SubprocessWorker] callback 'report_progress' from call_id=81
[18:16]   [ComfyUI] [SubprocessWorker] callback 'report_progress' from call_id=81
[18:17]   Frame 8 saved (frame_007.jpg, t=49.2s)
[18:17]   [capture-periodic] freeze=2ms shot=112ms unfreeze=3ms saved=True
[18:17]   [ComfyUI] [worker:ComfyUI-SAM3DObjects] [VRAM] +207MB (now 4093MB) reserved=4224MB peak=4109MB
[18:17]   [ComfyUI] [SubprocessWorker] callback 'report_progress' from call_id=81
[18:18]   [ComfyUI] [SubprocessWorker] callback 'report_progress' from call_id=81
[18:18]   [ComfyUI] [worker:ComfyUI-SAM3DObjects] [VRAM] -208MB (now 3886MB) reserved=4192MB peak=4109MB
[18:19]   Frame 9 saved (frame_008.jpg, t=51.3s)
[18:19]   [capture-periodic] freeze=2ms shot=102ms unfreeze=3ms saved=True
[18:19]   [capture-loop] iter=450 t=51.6s state={'complete': False, 'error': None, 'executedCount': 1, 'wsState': 1} eval_ms=4 ram=12.1/31.9GB (38%) swap=0.0/5.0GB (0%) cpu=11% browser_rss=0.87GB
[18:19]   [ComfyUI] [SubprocessWorker] callback 'report_progress' from call_id=81
[18:19]   [ComfyUI] [worker:ComfyUI-SAM3DObjects] [VRAM] +204MB (now 4090MB) reserved=4224MB peak=4109MB
[18:20]   [ComfyUI] [SubprocessWorker] callback 'report_progress' from call_id=81
[18:21]   [ComfyUI] [SubprocessWorker] callback 'report_progress' from call_id=81
[18:21]   [ComfyUI] [worker:ComfyUI-SAM3DObjects] [VRAM] -205MB (now 3886MB) reserved=4224MB peak=4109MB
[18:21]   Frame 10 saved (frame_009.jpg, t=53.5s)
[18:21]   [capture-periodic] freeze=2ms shot=109ms unfreeze=2ms saved=True
[18:22]   [ComfyUI] [SubprocessWorker] callback 'report_progress' from call_id=81
[18:22]   [ComfyUI] [SubprocessWorker] callback 'report_progress' from call_id=81
[18:23]   [ComfyUI] [SubprocessWorker] callback 'report_progress' from call_id=81
[18:23]   [ComfyUI] [worker:ComfyUI-SAM3DObjects] [VRAM] Stage1: after inference: torch=3887MiB alloc, 4192MiB reserved | gpu=5396MiB/16379MiB used
[18:23]   [ComfyUI] [worker:ComfyUI-SAM3DObjects] [VRAM] -653MB (now 3233MB) reserved=4192MB peak=4109MB
[18:23]   Frame 11 saved (frame_010.jpg, t=55.7s)
[18:23]   [capture-periodic] freeze=2ms shot=116ms unfreeze=3ms saved=True
[18:23]   [ComfyUI] [worker:ComfyUI-SAM3DObjects] [VRAM] Stage1: after model cleanup: torch=69MiB alloc, 192MiB reserved | gpu=1396MiB/16379MiB used
[18:24]   [ComfyUI] 2026-05-18 21:39:58.674 | WARNING  | nodes.sam3d.transforms:__post_init__:1359 - No rgb pointmap normalizer provided, using scale + shift
[18:24]   [ComfyUI] [worker:ComfyUI-SAM3DObjects] [VRAM] -3223MB (now 10MB) reserved=128MB peak=4109MB
[18:24]   [ComfyUI] [SubprocessWorker] callback 'request_vram_budget' from call_id=81
[18:24]   [ComfyUI] [comfy-env] VRAM request: 2.54GB, free before eviction: 15.96GB
[18:24]   [ComfyUI] [comfy-env] VRAM after eviction: 15.96GB
[18:24]   [ComfyUI] [worker:ComfyUI-SAM3DObjects] [VRAM] Stage1: before embedding: torch=1283MiB alloc, 1376MiB reserved | gpu=2580MiB/16379MiB used
[18:25]   [capture-loop] iter=500 t=57.3s state={'complete': False, 'error': None, 'executedCount': 1, 'wsState': 1} eval_ms=2 ram=14.9/31.9GB (47%) swap=0.0/5.0GB (0%) cpu=17% browser_rss=0.87GB
[18:25]   [ComfyUI] [worker:ComfyUI-SAM3DObjects] [VRAM] Stage1: after embedding: torch=1313MiB alloc, 2464MiB reserved | gpu=3668MiB/16379MiB used
[18:25]   [ComfyUI] [worker:ComfyUI-SAM3DObjects] [VRAM] +1240MB (now 1251MB) reserved=2464MB peak=4109MB
[18:25]   [ComfyUI] [worker:ComfyUI-SAM3DObjects] [VRAM] Stage1: after embedder unload: torch=54MiB alloc, 192MiB reserved | gpu=1396MiB/16379MiB used
[18:25]   [ComfyUI] [SubprocessWorker] callback 'request_vram_budget' from call_id=81
[18:25]   [ComfyUI] [comfy-env] VRAM request: 3.86GB, free before eviction: 15.96GB
[18:25]   [ComfyUI] [comfy-env] VRAM after eviction: 15.96GB
[18:26]   [ComfyUI] [worker:ComfyUI-SAM3DObjects] [VRAM] +2464MB (now 3715MB) reserved=3744MB peak=4109MB
[18:26]   [ComfyUI] [SubprocessWorker] callback 'request_vram_budget' from call_id=81
[18:26]   [ComfyUI] [comfy-env] VRAM request: 0.15GB, free before eviction: 15.96GB
[18:26]   [ComfyUI] [comfy-env] VRAM after eviction: 15.96GB
[18:26]   [ComfyUI] [worker:ComfyUI-SAM3DObjects] [VRAM] Stage1: before inference: torch=3872MiB alloc, 3904MiB reserved | gpu=5108MiB/16379MiB used
[18:26]   [ComfyUI] [worker:ComfyUI-SAM3DObjects] [DTYPE_DBG] _generate_noise_tensor: _compute_dtype=torch.bfloat16 shape=(1, 1, 6) device=cuda:0
[18:26]   [ComfyUI] [worker:ComfyUI-SAM3DObjects] [DTYPE_DBG] _generate_noise_tensor: _compute_dtype=torch.bfloat16 shape=(1, 1, 3) device=cuda:0
[18:26]   [ComfyUI] [worker:ComfyUI-SAM3DObjects] [DTYPE_DBG] _generate_noise_tensor: _compute_dtype=torch.bfloat16 shape=(1, 4096, 8) device=cuda:0
[18:26]   [ComfyUI] [worker:ComfyUI-SAM3DObjects] [DTYPE_DBG] _generate_noise_tensor: _compute_dtype=torch.bfloat16 shape=(1, 1, 3) device=cuda:0
[18:26]   [ComfyUI] [worker:ComfyUI-SAM3DObjects] [DTYPE_DBG] _generate_noise_tensor: _compute_dtype=torch.bfloat16 shape=(1, 1, 1) device=cuda:0
[18:27]   [ComfyUI] [SubprocessWorker] callback 'report_progress' from call_id=81
[18:27]   [ComfyUI] [worker:ComfyUI-SAM3DObjects] [VRAM] +363MB (now 4079MB) reserved=4224MB peak=4109MB
[18:28]   Frame 12 saved (frame_011.jpg, t=60.0s)
[18:28]   [capture-periodic] freeze=2ms shot=105ms unfreeze=2ms saved=True
[18:28]   [ComfyUI] [SubprocessWorker] callback 'report_progress' from call_id=81
[18:28]   [ComfyUI] [SubprocessWorker] callback 'report_progress' from call_id=81
[18:29]   [ComfyUI] [SubprocessWorker] callback 'report_progress' from call_id=81
[18:30]   Frame 13 saved (frame_012.jpg, t=62.2s)
[18:30]   [capture-periodic] freeze=2ms shot=105ms unfreeze=2ms saved=True
[18:30]   [ComfyUI] [SubprocessWorker] callback 'report_progress' from call_id=81
[18:30]   [capture-loop] iter=550 t=63.1s state={'complete': False, 'error': None, 'executedCount': 1, 'wsState': 1} eval_ms=4 ram=12.4/31.9GB (39%) swap=0.0/5.0GB (0%) cpu=12% browser_rss=0.87GB
[18:31]   [ComfyUI] [SubprocessWorker] callback 'report_progress' from call_id=81
[18:32]   Frame 14 saved (frame_013.jpg, t=64.4s)
[18:32]   [capture-periodic] freeze=2ms shot=117ms unfreeze=4ms saved=True
[18:32]   [ComfyUI] [SubprocessWorker] callback 'report_progress' from call_id=81
[18:33]   [ComfyUI] [SubprocessWorker] callback 'report_progress' from call_id=81
[18:34]   [ComfyUI] [SubprocessWorker] callback 'report_progress' from call_id=81
[18:34]   Frame 15 saved (frame_014.jpg, t=66.6s)
[18:34]   [capture-periodic] freeze=4ms shot=111ms unfreeze=2ms saved=True
[18:35]   [ComfyUI] [SubprocessWorker] callback 'report_progress' from call_id=81
[18:35]   [ComfyUI] [SubprocessWorker] callback 'report_progress' from call_id=81
[18:35]   [ComfyUI] [SubprocessWorker] callback 'report_progress' from call_id=81
[18:36]   [ComfyUI] [worker:ComfyUI-SAM3DObjects] [VRAM] Stage1: after inference: torch=3889MiB alloc, 4224MiB reserved | gpu=5428MiB/16379MiB used
[18:36]   [ComfyUI] [worker:ComfyUI-SAM3DObjects] [VRAM] -405MB (now 3675MB) reserved=4224MB peak=4109MB
[18:36]   [capture-loop] iter=600 t=68.7s state={'complete': False, 'error': None, 'executedCount': 1, 'wsState': 1} eval_ms=3 ram=14.8/31.9GB (46%) swap=0.0/5.0GB (0%) cpu=12% browser_rss=0.87GB
[18:36]   Frame 16 saved (frame_015.jpg, t=68.7s)
[18:36]   [capture-periodic] freeze=3ms shot=113ms unfreeze=3ms saved=True
[18:36]   [ComfyUI] [worker:ComfyUI-SAM3DObjects] [VRAM] Stage1: after model cleanup: torch=71MiB alloc, 224MiB reserved | gpu=1428MiB/16379MiB used
[18:36]   [ComfyUI] 2026-05-18 21:40:11.497 | WARNING  | nodes.sam3d.transforms:__post_init__:1359 - No rgb pointmap normalizer provided, using scale + shift
[18:37]   [ComfyUI] [worker:ComfyUI-SAM3DObjects] [VRAM] -3664MB (now 12MB) reserved=128MB peak=4109MB
[18:37]   [ComfyUI] [SubprocessWorker] callback 'request_vram_budget' from call_id=81
[18:37]   [ComfyUI] [comfy-env] VRAM request: 2.54GB, free before eviction: 15.96GB
[18:37]   [ComfyUI] [comfy-env] VRAM after eviction: 15.96GB
[18:37]   [ComfyUI] [worker:ComfyUI-SAM3DObjects] [VRAM] Stage1: before embedding: torch=1285MiB alloc, 1376MiB reserved | gpu=2580MiB/16379MiB used
[18:38]   [ComfyUI] [worker:ComfyUI-SAM3DObjects] [VRAM] Stage1: after embedding: torch=1315MiB alloc, 2464MiB reserved | gpu=3668MiB/16379MiB used
[18:38]   [ComfyUI] [worker:ComfyUI-SAM3DObjects] [VRAM] +1192MB (now 1204MB) reserved=2464MB peak=4109MB
[18:38]   [ComfyUI] [worker:ComfyUI-SAM3DObjects] [VRAM] Stage1: after embedder unload: torch=55MiB alloc, 192MiB reserved | gpu=1396MiB/16379MiB used
[18:38]   [ComfyUI] [SubprocessWorker] callback 'request_vram_budget' from call_id=81
[18:38]   [ComfyUI] [comfy-env] VRAM request: 3.86GB, free before eviction: 15.96GB
[18:38]   [ComfyUI] [comfy-env] VRAM after eviction: 15.96GB
[18:39]   [ComfyUI] [SubprocessWorker] callback 'request_vram_budget' from call_id=81
[18:39]   [ComfyUI] [comfy-env] VRAM request: 0.15GB, free before eviction: 15.96GB
[18:39]   [ComfyUI] [comfy-env] VRAM after eviction: 15.96GB
[18:39]   [ComfyUI] [worker:ComfyUI-SAM3DObjects] [VRAM] Stage1: before inference: torch=3874MiB alloc, 3904MiB reserved | gpu=5108MiB/16379MiB used
[18:39]   [ComfyUI] [worker:ComfyUI-SAM3DObjects] [DTYPE_DBG] _generate_noise_tensor: _compute_dtype=torch.bfloat16 shape=(1, 1, 6) device=cuda:0
[18:39]   [ComfyUI] [worker:ComfyUI-SAM3DObjects] [DTYPE_DBG] _generate_noise_tensor: _compute_dtype=torch.bfloat16 shape=(1, 1, 3) device=cuda:0
[18:39]   [ComfyUI] [worker:ComfyUI-SAM3DObjects] [DTYPE_DBG] _generate_noise_tensor: _compute_dtype=torch.bfloat16 shape=(1, 4096, 8) device=cuda:0
[18:39]   [ComfyUI] [worker:ComfyUI-SAM3DObjects] [DTYPE_DBG] _generate_noise_tensor: _compute_dtype=torch.bfloat16 shape=(1, 1, 3) device=cuda:0
[18:39]   [ComfyUI] [worker:ComfyUI-SAM3DObjects] [DTYPE_DBG] _generate_noise_tensor: _compute_dtype=torch.bfloat16 shape=(1, 1, 1) device=cuda:0
[18:39]   [ComfyUI] [worker:ComfyUI-SAM3DObjects] [VRAM] +2864MB (now 4069MB) reserved=4192MB peak=4109MB
[18:39]   [ComfyUI] [SubprocessWorker] callback 'report_progress' from call_id=81
[18:40]   [ComfyUI] [SubprocessWorker] callback 'report_progress' from call_id=81
[18:41]   Frame 17 saved (frame_016.jpg, t=73.1s)
[18:41]   [capture-periodic] freeze=2ms shot=102ms unfreeze=2ms saved=True
[18:41]   [ComfyUI] [SubprocessWorker] callback 'report_progress' from call_id=81
[18:42]   [capture-loop] iter=650 t=74.5s state={'complete': False, 'error': None, 'executedCount': 1, 'wsState': 1} eval_ms=2 ram=12.3/31.9GB (39%) swap=0.0/5.0GB (0%) cpu=18% browser_rss=0.87GB
[18:42]   [ComfyUI] [SubprocessWorker] callback 'report_progress' from call_id=81
[18:43]   Frame 18 saved (frame_017.jpg, t=75.3s)
[18:43]   [capture-periodic] freeze=2ms shot=110ms unfreeze=3ms saved=True
[18:43]   [ComfyUI] [SubprocessWorker] callback 'report_progress' from call_id=81
[18:44]   [ComfyUI] [SubprocessWorker] callback 'report_progress' from call_id=81
[18:45]   [ComfyUI] [SubprocessWorker] callback 'report_progress' from call_id=81
[18:45]   Frame 19 saved (frame_018.jpg, t=77.5s)
[18:45]   [capture-periodic] freeze=4ms shot=103ms unfreeze=3ms saved=True
[18:46]   [ComfyUI] [SubprocessWorker] callback 'report_progress' from call_id=81
[18:46]   [ComfyUI] [SubprocessWorker] callback 'report_progress' from call_id=81
[18:47]   Frame 20 saved (frame_019.jpg, t=79.6s)
[18:47]   [capture-periodic] freeze=2ms shot=107ms unfreeze=2ms saved=True
[18:47]   [ComfyUI] [SubprocessWorker] callback 'report_progress' from call_id=81
[18:48]   [capture-loop] iter=700 t=80.3s state={'complete': False, 'error': None, 'executedCount': 1, 'wsState': 1} eval_ms=3 ram=12.3/31.9GB (39%) swap=0.0/5.0GB (0%) cpu=12% browser_rss=0.87GB
[18:48]   [ComfyUI] [SubprocessWorker] callback 'report_progress' from call_id=81
[18:48]   [ComfyUI] [SubprocessWorker] callback 'report_progress' from call_id=81
[18:48]   [ComfyUI] [worker:ComfyUI-SAM3DObjects] [VRAM] Stage1: after inference: torch=3890MiB alloc, 4224MiB reserved | gpu=5428MiB/16379MiB used
[18:49]   [ComfyUI] [worker:ComfyUI-SAM3DObjects] [VRAM] -622MB (now 3448MB) reserved=4224MB peak=4112MB
[18:49]   [ComfyUI] [worker:ComfyUI-SAM3DObjects] [VRAM] Stage1: after model cleanup: torch=72MiB alloc, 224MiB reserved | gpu=1428MiB/16379MiB used
[18:49]   [ComfyUI] 2026-05-18 21:40:24.249 | WARNING  | nodes.sam3d.transforms:__post_init__:1359 - No rgb pointmap normalizer provided, using scale + shift
[18:49]   Frame 21 saved (frame_020.jpg, t=81.8s)
[18:49]   [capture-periodic] freeze=2ms shot=156ms unfreeze=3ms saved=True
[18:50]   [ComfyUI] [worker:ComfyUI-SAM3DObjects] [VRAM] -3436MB (now 12MB) reserved=160MB peak=4112MB
[18:50]   [ComfyUI] [SubprocessWorker] callback 'request_vram_budget' from call_id=81
[18:50]   [ComfyUI] [comfy-env] VRAM request: 2.54GB, free before eviction: 15.96GB
[18:50]   [ComfyUI] [comfy-env] VRAM after eviction: 15.96GB
[18:50]   [ComfyUI] [worker:ComfyUI-SAM3DObjects] [VRAM] Stage1: before embedding: torch=1286MiB alloc, 1344MiB reserved | gpu=2548MiB/16379MiB used
[18:50]   [ComfyUI] [worker:ComfyUI-SAM3DObjects] [VRAM] Stage1: after embedding: torch=1315MiB alloc, 2400MiB reserved | gpu=3604MiB/16379MiB used
[18:51]   [ComfyUI] [worker:ComfyUI-SAM3DObjects] [VRAM] +1012MB (now 1025MB) reserved=2400MB peak=4112MB
[18:51]   [ComfyUI] [worker:ComfyUI-SAM3DObjects] [VRAM] Stage1: after embedder unload: torch=56MiB alloc, 224MiB reserved | gpu=1428MiB/16379MiB used
[18:51]   [ComfyUI] [SubprocessWorker] callback 'request_vram_budget' from call_id=81
[18:51]   [ComfyUI] [comfy-env] VRAM request: 3.86GB, free before eviction: 15.96GB
[18:51]   [ComfyUI] [comfy-env] VRAM after eviction: 15.96GB
[18:51]   [ComfyUI] [SubprocessWorker] callback 'request_vram_budget' from call_id=81
[18:51]   [ComfyUI] [comfy-env] VRAM request: 0.15GB, free before eviction: 15.96GB
[18:51]   [ComfyUI] [comfy-env] VRAM after eviction: 15.96GB
[18:52]   [ComfyUI] [worker:ComfyUI-SAM3DObjects] [VRAM] Stage1: before inference: torch=3875MiB alloc, 3904MiB reserved | gpu=5108MiB/16379MiB used
[18:52]   [ComfyUI] [worker:ComfyUI-SAM3DObjects] [DTYPE_DBG] _generate_noise_tensor: _compute_dtype=torch.bfloat16 shape=(1, 1, 6) device=cuda:0
[18:52]   [ComfyUI] [worker:ComfyUI-SAM3DObjects] [DTYPE_DBG] _generate_noise_tensor: _compute_dtype=torch.bfloat16 shape=(1, 1, 3) device=cuda:0
[18:52]   [ComfyUI] [worker:ComfyUI-SAM3DObjects] [DTYPE_DBG] _generate_noise_tensor: _compute_dtype=torch.bfloat16 shape=(1, 4096, 8) device=cuda:0
[18:52]   [ComfyUI] [worker:ComfyUI-SAM3DObjects] [DTYPE_DBG] _generate_noise_tensor: _compute_dtype=torch.bfloat16 shape=(1, 1, 3) device=cuda:0
[18:52]   [ComfyUI] [worker:ComfyUI-SAM3DObjects] [DTYPE_DBG] _generate_noise_tensor: _compute_dtype=torch.bfloat16 shape=(1, 1, 1) device=cuda:0
[18:52]   [ComfyUI] [worker:ComfyUI-SAM3DObjects] [VRAM] +2960MB (now 3985MB) reserved=4192MB peak=4112MB
[18:52]   [ComfyUI] [SubprocessWorker] callback 'report_progress' from call_id=81
[18:53]   [ComfyUI] [SubprocessWorker] callback 'report_progress' from call_id=81
[18:53]   [capture-loop] iter=750 t=86.1s state={'complete': False, 'error': None, 'executedCount': 1, 'wsState': 1} eval_ms=2 ram=12.3/31.9GB (39%) swap=0.0/5.0GB (0%) cpu=18% browser_rss=0.87GB
[18:54]   Frame 22 saved (frame_021.jpg, t=86.3s)
[18:54]   [capture-periodic] freeze=2ms shot=102ms unfreeze=4ms saved=True
[18:54]   [ComfyUI] [SubprocessWorker] callback 'report_progress' from call_id=81
[18:55]   [ComfyUI] [SubprocessWorker] callback 'report_progress' from call_id=81
[18:56]   [ComfyUI] [SubprocessWorker] callback 'report_progress' from call_id=81
[18:56]   Frame 23 saved (frame_022.jpg, t=88.6s)
[18:56]   [capture-periodic] freeze=2ms shot=109ms unfreeze=2ms saved=True
[18:57]   [ComfyUI] [SubprocessWorker] callback 'report_progress' from call_id=81
[18:57]   [ComfyUI] [worker:ComfyUI-SAM3DObjects]
[18:57]   [ComfyUI] === WATCHDOG TICK 1 ===
[18:57]   [ComfyUI] [worker:ComfyUI-SAM3DObjects] Thread 0x00004294 (most recent call first):
[18:57]   [ComfyUI]   File "C:\Users\ContainerUser\AppData\Local\Temp\comfyui_pvenv_tt8d992t\persistent_worker.py", line 106 in _vram_poller
[18:57]   [ComfyUI]   File "C:\Users\ContainerUser\AppData\Local\Programs\comfy-env\.pixi\envs\sam3dobjects-nodes\Lib\threading.py", line 1012 in run
[18:57]   [ComfyUI]   File "C:\Users\ContainerUser\AppData\Local\Programs\comfy-env\.pixi\envs\sam3dobjects-nodes\Lib\threading.py", line 1075 in _bootstrap_inner
[18:57]   [ComfyUI]   File "C:\Users\ContainerUser\AppData\Local\Programs\comfy-env\.pixi\envs\sam3dobjects-nodes\Lib\threading.py", line 1032 in _bootstrap
[18:57]   [ComfyUI] 
[18:57]   [ComfyUI] Current thread 0x000038c4 (most recent call first):
[18:57]   [ComfyUI]   File "C:\Users\ContainerUser\AppData\Local\Temp\comfyui_pvenv_tt8d992t\persistent_worker.py", line 52 in _watchdog
[18:57]   [ComfyUI]   File "C:\Users\ContainerUser\AppData\Local\Programs\comfy-env\.pixi\envs\sam3dobjects-nodes\Lib\threading.py", line 1012 in run
[18:57]   [ComfyUI]   File "C:\Users\ContainerUser\AppData\Local\Programs\comfy-env\.pixi\envs\sam3dobjects-nodes\Lib\threading.py", line 1075 in _bootstrap_inner
[18:57]   [ComfyUI]   File "C:\Users\ContainerUser\AppData\Local\Programs\comfy-env\.pixi\envs\sam3dobjects-nodes\Lib\threading.py", line 1032 in _bootstrap
[18:57]   [ComfyUI] 
[18:57]   [ComfyUI] Thread 0x00003af8 (most recent call first):
[18:57]   [ComfyUI]   File "C:\workspaces\SAM3DObjects-2121\ComfyUI\custom_nodes\ComfyUI-SAM3DObjects\nodes\sam3d\model.py", line 216 in timestep_embedding
[18:57]   [ComfyUI]   File "C:\workspaces\SAM3DObjects-2121\ComfyUI\custom_nodes\ComfyUI-SAM3DObjects\nodes\sam3d\model.py", line 230 in forward
[18:57]   [ComfyUI]   File "C:\Users\ContainerUser\AppData\Local\Programs\comfy-env\.pixi\envs\sam3dobjects-nodes\Lib\site-packages\torch\nn\modules\module.py", line 1787 in _call_impl
[18:57]   [ComfyUI]   File "C:\Users\ContainerUser\AppData\Local\Programs\comfy-env\.pixi\envs\sam3dobjects-nodes\Lib\site-packages\torch\nn\modules\module.py", line 1776 in _wrapped_call_impl
[18:57]   [ComfyUI]   File "C:\workspaces\SAM3DObjects-2121\ComfyUI\custom_nodes\ComfyUI-SAM3DObjects\nodes\sam3d\model.py", line 1440 in _forward
[18:57]   [ComfyUI]   File "C:\workspaces\SAM3DObjects-2121\ComfyUI\comfy\patcher_extension.py", line 112 in execute
[18:57]   [ComfyUI]   File "C:\workspaces\SAM3DObjects-2121\ComfyUI\custom_nodes\ComfyUI-SAM3DObjects\nodes\sam3d\model.py", line 1427 in forward
[18:57]   [ComfyUI]   File "C:\workspaces\SAM3DObjects-2121\ComfyUI\custom_nodes\ComfyUI-SAM3DObjects\nodes\sam3d\model.py", line 1504 in forward
[18:57]   [ComfyUI]   File "C:\Users\ContainerUser\AppData\Local\Programs\comfy-env\.pixi\envs\sam3dobjects-nodes\Lib\site-packages\torch\nn\modules\module.py", line 1787 in _call_impl
[18:57]   [ComfyUI]   File "C:\Users\ContainerUser\AppData\Local\Programs\comfy-env\.pixi\envs\sam3dobjects-nodes\Lib\site-packages\torch\nn\modules\module.py", line 1776 in _wrapped_call_impl
[18:57]   [ComfyUI]   File "C:\workspaces\SAM3DObjects-2121\ComfyUI\custom_nodes\ComfyUI-SAM3DObjects\nodes\sam3d\generators.py", line 674 in inner_forward
[18:57]   [ComfyUI]   File "C:\workspaces\SAM3DObjects-2121\ComfyUI\custom_nodes\ComfyUI-SAM3DObjects\nodes\sam3d\generators.py", line 814 in forward
[18:57]   [ComfyUI]   File "C:\Users\ContainerUser\AppData\Local\Programs\comfy-env\.pixi\envs\sam3dobjects-nodes\Lib\site-packages\torch\nn\modules\module.py", line 1787 in _call_impl
[18:57]   [ComfyUI]   File "C:\Users\ContainerUser\AppData\Local\Programs\comfy-env\.pixi\envs\sam3dobjects-nodes\Lib\site-packages\torch\nn\modules\module.py", line 1776 in _wrapped_call_impl
[18:57]   [ComfyUI]   File "C:\workspaces\SAM3DObjects-2121\ComfyUI\custom_nodes\ComfyUI-SAM3DObjects\nodes\sam3d\generators.py", line 1253 in _generate_dynamics
[18:57]   [ComfyUI]   File "C:\workspaces\SAM3DObjects-2121\ComfyUI\custom_nodes\ComfyUI-SAM3DObjects\nodes\sam3d\generators.py", line 133 in step
[18:57]   [ComfyUI]   File "C:\workspaces\SAM3DObjects-2121\ComfyUI\custom_nodes\ComfyUI-SAM3DObjects\nodes\sam3d\generators.py", line 121 in solve_iter
[18:57]   [ComfyUI]   File "C:\workspaces\SAM3DObjects-2121\ComfyUI\custom_nodes\ComfyUI-SAM3DObjects\nodes\sam3d\generators.py", line 1228 in generate_iter
[18:57]   [ComfyUI]   File "C:\workspaces\SAM3DObjects-2121\ComfyUI\custom_nodes\ComfyUI-SAM3DObjects\nodes\utils\stages.py", line 965 in run_stage1
[18:57]   [ComfyUI]   File "C:\workspaces\SAM3DObjects-2121\ComfyUI\custom_nodes\ComfyUI-SAM3DObjects\nodes\scene_generate.py", line 251 in execute
[18:57]   [ComfyUI]   File "C:\Users\ContainerUser\AppData\Local\Programs\comfy-env\.pixi\envs\sam3dobjects-nodes\Lib\site-packages\torch\utils\_contextlib.py", line 124 in decorate_context
[18:57]   [ComfyUI]   File "C:\workspaces\SAM3DObjects-2121\ComfyUI\comfy_api\latest\_io.py", line 1833 in EXECUTE_NORMALIZED
[18:57]   [ComfyUI]   File "C:\Users\ContainerUser\AppData\Local\Temp\comfyui_pvenv_tt8d992t\persistent_worker.py", line 1762 in main
[18:57]   [ComfyUI]   File "C:\Users\ContainerUser\AppData\Local\Temp\comfyui_pvenv_tt8d992t\persistent_worker.py", line 1807 in <module>
[18:57]   [ComfyUI] 
[18:57]   [ComfyUI] [worker:ComfyUI-SAM3DObjects] === END ===
[18:57]   [ComfyUI] 
[18:58]   [ComfyUI] [SubprocessWorker] callback 'report_progress' from call_id=81
[18:58]   Frame 24 saved (frame_023.jpg, t=90.7s)
[18:58]   [capture-periodic] freeze=2ms shot=108ms unfreeze=2ms saved=True
[18:58]   [ComfyUI] [SubprocessWorker] callback 'report_progress' from call_id=81
[18:59]   [ComfyUI] [SubprocessWorker] callback 'report_progress' from call_id=81
[18:59]   [capture-loop] iter=800 t=92.0s state={'complete': False, 'error': None, 'executedCount': 1, 'wsState': 1} eval_ms=2 ram=12.3/31.9GB (38%) swap=0.0/5.0GB (0%) cpu=11% browser_rss=0.87GB
[19:00]   [ComfyUI] [SubprocessWorker] callback 'report_progress' from call_id=81
[19:00]   Frame 25 saved (frame_024.jpg, t=92.9s)
[19:00]   [capture-periodic] freeze=2ms shot=101ms unfreeze=2ms saved=True
[19:01]   [ComfyUI] [SubprocessWorker] callback 'report_progress' from call_id=81
[19:01]   [ComfyUI] [SubprocessWorker] callback 'report_progress' from call_id=81
[19:01]   [ComfyUI] [worker:ComfyUI-SAM3DObjects] [VRAM] Stage1: after inference: torch=3892MiB alloc, 4224MiB reserved | gpu=5428MiB/16379MiB used
[19:01]   [ComfyUI] [worker:ComfyUI-SAM3DObjects] [VRAM] -269MB (now 3717MB) reserved=4224MB peak=4112MB
[19:02]   [ComfyUI] [worker:ComfyUI-SAM3DObjects] [VRAM] Stage1: after model cleanup: torch=73MiB alloc, 256MiB reserved | gpu=1460MiB/16379MiB used
[19:02]   [ComfyUI] 2026-05-18 21:40:37.041 | WARNING  | nodes.sam3d.transforms:__post_init__:1359 - No rgb pointmap normalizer provided, using scale + shift
[19:02]   [ComfyUI] [worker:ComfyUI-SAM3DObjects] [VRAM] -3704MB (now 14MB) reserved=192MB peak=4112MB
[19:03]   [ComfyUI] [SubprocessWorker] callback 'request_vram_budget' from call_id=81
[19:03]   [ComfyUI] [comfy-env] VRAM request: 2.54GB, free before eviction: 15.96GB
[19:03]   [ComfyUI] [comfy-env] VRAM after eviction: 15.96GB
[19:03]   Frame 26 saved (frame_025.jpg, t=95.1s)
[19:03]   [capture-periodic] freeze=3ms shot=135ms unfreeze=3ms saved=True
[19:03]   [ComfyUI] [worker:ComfyUI-SAM3DObjects] [VRAM] Stage1: before embedding: torch=1288MiB alloc, 1344MiB reserved | gpu=2548MiB/16379MiB used
[19:03]   [ComfyUI] [worker:ComfyUI-SAM3DObjects] [VRAM] Stage1: after embedding: torch=1317MiB alloc, 2400MiB reserved | gpu=3604MiB/16379MiB used
[19:03]   [ComfyUI] [worker:ComfyUI-SAM3DObjects] [VRAM] +1303MB (now 1317MB) reserved=2400MB peak=4112MB
[19:04]   [ComfyUI] [worker:ComfyUI-SAM3DObjects] [VRAM] Stage1: after embedder unload: torch=58MiB alloc, 256MiB reserved | gpu=1460MiB/16379MiB used
[19:04]   [ComfyUI] [SubprocessWorker] callback 'request_vram_budget' from call_id=81
[19:04]   [ComfyUI] [comfy-env] VRAM request: 3.86GB, free before eviction: 15.96GB
[19:04]   [ComfyUI] [comfy-env] VRAM after eviction: 15.96GB
[19:04]   [ComfyUI] [SubprocessWorker] callback 'request_vram_budget' from call_id=81
[19:04]   [ComfyUI] [comfy-env] VRAM request: 0.15GB, free before eviction: 15.96GB
[19:04]   [ComfyUI] [comfy-env] VRAM after eviction: 15.96GB
[19:04]   [ComfyUI] [worker:ComfyUI-SAM3DObjects] [VRAM] +2486MB (now 3803MB) reserved=3840MB peak=4112MB
[19:04]   [ComfyUI] [worker:ComfyUI-SAM3DObjects] [VRAM] Stage1: before inference: torch=3876MiB alloc, 3904MiB reserved | gpu=5108MiB/16379MiB used
[19:04]   [ComfyUI] [worker:ComfyUI-SAM3DObjects] [DTYPE_DBG] _generate_noise_tensor: _compute_dtype=torch.bfloat16 shape=(1, 1, 6) device=cuda:0
[19:04]   [ComfyUI] [worker:ComfyUI-SAM3DObjects] [DTYPE_DBG] _generate_noise_tensor: _compute_dtype=torch.bfloat16 shape=(1, 1, 3) device=cuda:0
[19:04]   [ComfyUI] [worker:ComfyUI-SAM3DObjects] [DTYPE_DBG] _generate_noise_tensor: _compute_dtype=torch.bfloat16 shape=(1, 4096, 8) device=cuda:0
[19:04]   [ComfyUI] [worker:ComfyUI-SAM3DObjects] [DTYPE_DBG] _generate_noise_tensor: _compute_dtype=torch.bfloat16 shape=(1, 1, 3) device=cuda:0
[19:04]   [ComfyUI] [worker:ComfyUI-SAM3DObjects] [DTYPE_DBG] _generate_noise_tensor: _compute_dtype=torch.bfloat16 shape=(1, 1, 1) device=cuda:0
[19:05]   [ComfyUI] [SubprocessWorker] callback 'report_progress' from call_id=81
[19:05]   [capture-loop] iter=850 t=97.8s state={'complete': False, 'error': None, 'executedCount': 1, 'wsState': 1} eval_ms=5 ram=12.3/31.9GB (38%) swap=0.0/5.0GB (0%) cpu=18% browser_rss=0.87GB
[19:05]   [ComfyUI] [worker:ComfyUI-SAM3DObjects] [VRAM] +256MB (now 4059MB) reserved=4224MB peak=4112MB
[19:06]   [ComfyUI] [SubprocessWorker] callback 'report_progress' from call_id=81
[19:07]   [ComfyUI] [SubprocessWorker] callback 'report_progress' from call_id=81
[19:07]   Frame 27 saved (frame_026.jpg, t=99.5s)
[19:07]   [capture-periodic] freeze=2ms shot=108ms unfreeze=2ms saved=True
[19:08]   [ComfyUI] [SubprocessWorker] callback 'report_progress' from call_id=81
[19:09]   [ComfyUI] [SubprocessWorker] callback 'report_progress' from call_id=81
[19:09]   Frame 28 saved (frame_027.jpg, t=101.7s)
[19:09]   [capture-periodic] freeze=2ms shot=107ms unfreeze=3ms saved=True
[19:09]   [ComfyUI] [SubprocessWorker] callback 'report_progress' from call_id=81
[19:10]   [ComfyUI] [SubprocessWorker] callback 'report_progress' from call_id=81
[19:11]   [capture-loop] iter=900 t=103.4s state={'complete': False, 'error': None, 'executedCount': 1, 'wsState': 1} eval_ms=2 ram=12.3/31.9GB (38%) swap=0.0/5.0GB (0%) cpu=12% browser_rss=0.87GB
[19:11]   [ComfyUI] [SubprocessWorker] callback 'report_progress' from call_id=81
[19:11]   Frame 29 saved (frame_028.jpg, t=103.9s)
[19:11]   [capture-periodic] freeze=2ms shot=101ms unfreeze=3ms saved=True
[19:12]   [ComfyUI] [SubprocessWorker] callback 'report_progress' from call_id=81
[19:13]   [ComfyUI] [SubprocessWorker] callback 'report_progress' from call_id=81
[19:13]   [ComfyUI] [SubprocessWorker] callback 'report_progress' from call_id=81
[19:13]   Frame 30 saved (frame_029.jpg, t=106.0s)
[19:13]   [capture-periodic] freeze=2ms shot=98ms unfreeze=2ms saved=True
[19:14]   [ComfyUI] [SubprocessWorker] callback 'report_progress' from call_id=81
[19:14]   [ComfyUI] [worker:ComfyUI-SAM3DObjects] [VRAM] Stage1: after inference: torch=3893MiB alloc, 4224MiB reserved | gpu=5428MiB/16379MiB used
[19:14]   [ComfyUI] [worker:ComfyUI-SAM3DObjects] [VRAM] -481MB (now 3578MB) reserved=4224MB peak=4114MB
[19:15]   [ComfyUI] [worker:ComfyUI-SAM3DObjects] [VRAM] Stage1: after model cleanup: torch=74MiB alloc, 288MiB reserved | gpu=1492MiB/16379MiB used
[19:15]   [ComfyUI] 2026-05-18 21:40:49.815 | WARNING  | nodes.sam3d.transforms:__post_init__:1359 - No rgb pointmap normalizer provided, using scale + shift
[19:15]   [ComfyUI] [worker:ComfyUI-SAM3DObjects] [VRAM] -3564MB (now 15MB) reserved=192MB peak=4114MB
[19:15]   [ComfyUI] [SubprocessWorker] callback 'request_vram_budget' from call_id=81
[19:15]   [ComfyUI] [comfy-env] VRAM request: 2.54GB, free before eviction: 15.96GB
[19:15]   [ComfyUI] [comfy-env] VRAM after eviction: 15.96GB
[19:16]   [ComfyUI] [worker:ComfyUI-SAM3DObjects] [VRAM] Stage1: before embedding: torch=1289MiB alloc, 1344MiB reserved | gpu=2548MiB/16379MiB used
[19:16]   Frame 31 saved (frame_030.jpg, t=108.3s)
[19:16]   [capture-periodic] freeze=2ms shot=102ms unfreeze=2ms saved=True
[19:16]   [ComfyUI] [worker:ComfyUI-SAM3DObjects] [VRAM] Stage1: after embedding: torch=1318MiB alloc, 2400MiB reserved | gpu=3604MiB/16379MiB used
[19:16]   [ComfyUI] [worker:ComfyUI-SAM3DObjects] [VRAM] +980MB (now 996MB) reserved=2400MB peak=4114MB
[19:16]   [ComfyUI] [worker:ComfyUI-SAM3DObjects] [VRAM] Stage1: after embedder unload: torch=59MiB alloc, 256MiB reserved | gpu=1460MiB/16379MiB used
[19:16]   [ComfyUI] [SubprocessWorker] callback 'request_vram_budget' from call_id=81
[19:16]   [ComfyUI] [comfy-env] VRAM request: 3.86GB, free before eviction: 15.96GB
[19:16]   [ComfyUI] [comfy-env] VRAM after eviction: 15.96GB
[19:17]   [capture-loop] iter=950 t=109.2s state={'complete': False, 'error': None, 'executedCount': 1, 'wsState': 1} eval_ms=5 ram=14.6/31.9GB (46%) swap=0.0/5.0GB (0%) cpu=17% browser_rss=0.87GB
[19:17]   [ComfyUI] [SubprocessWorker] callback 'request_vram_budget' from call_id=81
[19:17]   [ComfyUI] [comfy-env] VRAM request: 0.15GB, free before eviction: 15.96GB
[19:17]   [ComfyUI] [comfy-env] VRAM after eviction: 15.96GB
[19:17]   [ComfyUI] [worker:ComfyUI-SAM3DObjects] [VRAM] Stage1: before inference: torch=3877MiB alloc, 3904MiB reserved | gpu=5108MiB/16379MiB used
[19:17]   [ComfyUI] [worker:ComfyUI-SAM3DObjects] [DTYPE_DBG] _generate_noise_tensor: _compute_dtype=torch.bfloat16 shape=(1, 1, 6) device=cuda:0
[19:17]   [ComfyUI] [worker:ComfyUI-SAM3DObjects] [DTYPE_DBG] _generate_noise_tensor: _compute_dtype=torch.bfloat16 shape=(1, 1, 3) device=cuda:0
[19:17]   [ComfyUI] [worker:ComfyUI-SAM3DObjects] [DTYPE_DBG] _generate_noise_tensor: _compute_dtype=torch.bfloat16 shape=(1, 4096, 8) device=cuda:0
[19:17]   [ComfyUI] [worker:ComfyUI-SAM3DObjects] [DTYPE_DBG] _generate_noise_tensor: _compute_dtype=torch.bfloat16 shape=(1, 1, 3) device=cuda:0
[19:17]   [ComfyUI] [worker:ComfyUI-SAM3DObjects] [DTYPE_DBG] _generate_noise_tensor: _compute_dtype=torch.bfloat16 shape=(1, 1, 1) device=cuda:0
[19:17]   [ComfyUI] [worker:ComfyUI-SAM3DObjects] [VRAM] +3101MB (now 4097MB) reserved=4192MB peak=4114MB
[19:18]   [ComfyUI] [SubprocessWorker] callback 'report_progress' from call_id=81
[19:18]   Frame 32 saved (frame_031.jpg, t=110.4s)
[19:18]   [capture-periodic] freeze=2ms shot=107ms unfreeze=2ms saved=True
[19:19]   [ComfyUI] [SubprocessWorker] callback 'report_progress' from call_id=81
[19:19]   [ComfyUI] [worker:ComfyUI-SAM3DObjects] [VRAM] -205MB (now 3892MB) reserved=4224MB peak=4114MB
[19:20]   [ComfyUI] [SubprocessWorker] callback 'report_progress' from call_id=81
[19:20]   Frame 33 saved (frame_032.jpg, t=112.6s)
[19:20]   [capture-periodic] freeze=2ms shot=100ms unfreeze=2ms saved=True
[19:20]   [ComfyUI] [worker:ComfyUI-SAM3DObjects] [VRAM] +223MB (now 4116MB) reserved=4224MB peak=4116MB
[19:20]   [ComfyUI] [SubprocessWorker] callback 'report_progress' from call_id=81
[19:21]   [ComfyUI] [SubprocessWorker] callback 'report_progress' from call_id=81
[19:21]   [ComfyUI] [worker:ComfyUI-SAM3DObjects] [VRAM] -224MB (now 3892MB) reserved=4224MB peak=4116MB
[19:22]   [ComfyUI] [SubprocessWorker] callback 'report_progress' from call_id=81
[19:22]   Frame 34 saved (frame_033.jpg, t=114.8s)
[19:22]   [capture-periodic] freeze=2ms shot=103ms unfreeze=2ms saved=True
[19:22]   [capture-loop] iter=1000 t=115.0s state={'complete': False, 'error': None, 'executedCount': 1, 'wsState': 1} eval_ms=2 ram=12.3/31.9GB (38%) swap=0.0/5.0GB (0%) cpu=12% browser_rss=0.88GB
[19:23]   [ComfyUI] [worker:ComfyUI-SAM3DObjects] [VRAM] +223MB (now 4116MB) reserved=4224MB peak=4116MB
[19:23]   [ComfyUI] [SubprocessWorker] callback 'report_progress' from call_id=81
[19:24]   [ComfyUI] [SubprocessWorker] callback 'report_progress' from call_id=81
[19:24]   [ComfyUI] [worker:ComfyUI-SAM3DObjects] [VRAM] -224MB (now 3892MB) reserved=4224MB peak=4116MB
[19:24]   Frame 35 saved (frame_034.jpg, t=116.9s)
[19:24]   [capture-periodic] freeze=2ms shot=100ms unfreeze=3ms saved=True
[19:25]   [ComfyUI] [SubprocessWorker] callback 'report_progress' from call_id=81
[19:25]   [ComfyUI] [worker:ComfyUI-SAM3DObjects] [VRAM] +215MB (now 4107MB) reserved=4224MB peak=4116MB
[19:26]   [ComfyUI] [SubprocessWorker] callback 'report_progress' from call_id=81
[19:26]   [ComfyUI] [SubprocessWorker] callback 'report_progress' from call_id=81
[19:27]   Frame 36 saved (frame_035.jpg, t=119.1s)
[19:27]   [capture-periodic] freeze=2ms shot=111ms unfreeze=2ms saved=True
[19:27]   [ComfyUI] [SubprocessWorker] callback 'report_progress' from call_id=81
[19:27]   [ComfyUI] [worker:ComfyUI-SAM3DObjects] [VRAM] -214MB (now 3893MB) reserved=4224MB peak=4116MB
[19:27]   [ComfyUI] [worker:ComfyUI-SAM3DObjects] [VRAM] Stage1: after inference: torch=3893MiB alloc, 4224MiB reserved | gpu=5428MiB/16379MiB used
[19:27]   [ComfyUI] [worker:ComfyUI-SAM3DObjects] [VRAM] Stage1: after model cleanup: torch=75MiB alloc, 288MiB reserved | gpu=1492MiB/16379MiB used
[19:27]   [ComfyUI] 2026-05-18 21:41:02.553 | WARNING  | nodes.sam3d.transforms:__post_init__:1359 - No rgb pointmap normalizer provided, using scale + shift
[19:28]   [ComfyUI] [worker:ComfyUI-SAM3DObjects] [VRAM] -3878MB (now 16MB) reserved=192MB peak=4116MB
[19:28]   [capture-loop] iter=1050 t=120.7s state={'complete': False, 'error': None, 'executedCount': 1, 'wsState': 1} eval_ms=9 ram=16.6/31.9GB (52%) swap=0.0/5.0GB (0%) cpu=16% browser_rss=0.87GB
[19:28]   [ComfyUI] [SubprocessWorker] callback 'request_vram_budget' from call_id=81
[19:28]   [ComfyUI] [comfy-env] VRAM request: 2.54GB, free before eviction: 15.96GB
[19:28]   [ComfyUI] [comfy-env] VRAM after eviction: 15.96GB
[19:28]   [ComfyUI] [worker:ComfyUI-SAM3DObjects] [VRAM] Stage1: before embedding: torch=1289MiB alloc, 1344MiB reserved | gpu=2548MiB/16379MiB used
[19:29]   [ComfyUI] [worker:ComfyUI-SAM3DObjects] [VRAM] +1356MB (now 1372MB) reserved=1472MB peak=4116MB
[19:29]   [ComfyUI] [worker:ComfyUI-SAM3DObjects] [VRAM] Stage1: after embedding: torch=1319MiB alloc, 2400MiB reserved | gpu=3604MiB/16379MiB used
[19:29]   Frame 37 saved (frame_036.jpg, t=121.3s)
[19:29]   [capture-periodic] freeze=2ms shot=109ms unfreeze=2ms saved=True
[19:29]   [ComfyUI] [worker:ComfyUI-SAM3DObjects] [VRAM] Stage1: after embedder unload: torch=59MiB alloc, 256MiB reserved | gpu=1460MiB/16379MiB used
[19:29]   [ComfyUI] [SubprocessWorker] callback 'request_vram_budget' from call_id=81
[19:29]   [ComfyUI] [comfy-env] VRAM request: 3.86GB, free before eviction: 15.96GB
[19:29]   [ComfyUI] [comfy-env] VRAM after eviction: 15.96GB
[19:30]   [ComfyUI] [worker:ComfyUI-SAM3DObjects] [VRAM] +2174MB (now 3546MB) reserved=3584MB peak=4116MB
[19:30]   [ComfyUI] [SubprocessWorker] callback 'request_vram_budget' from call_id=81
[19:30]   [ComfyUI] [comfy-env] VRAM request: 0.15GB, free before eviction: 15.96GB
[19:30]   [ComfyUI] [comfy-env] VRAM after eviction: 15.96GB
[19:30]   [ComfyUI] [worker:ComfyUI-SAM3DObjects] [VRAM] Stage1: before inference: torch=3878MiB alloc, 3904MiB reserved | gpu=5108MiB/16379MiB used
[19:30]   [ComfyUI] [worker:ComfyUI-SAM3DObjects] [DTYPE_DBG] _generate_noise_tensor: _compute_dtype=torch.bfloat16 shape=(1, 1, 6) device=cuda:0
[19:30]   [ComfyUI] [worker:ComfyUI-SAM3DObjects] [DTYPE_DBG] _generate_noise_tensor: _compute_dtype=torch.bfloat16 shape=(1, 1, 3) device=cuda:0
[19:30]   [ComfyUI] [worker:ComfyUI-SAM3DObjects] [DTYPE_DBG] _generate_noise_tensor: _compute_dtype=torch.bfloat16 shape=(1, 4096, 8) device=cuda:0
[19:30]   [ComfyUI] [worker:ComfyUI-SAM3DObjects] [DTYPE_DBG] _generate_noise_tensor: _compute_dtype=torch.bfloat16 shape=(1, 1, 3) device=cuda:0
[19:30]   [ComfyUI] [worker:ComfyUI-SAM3DObjects] [DTYPE_DBG] _generate_noise_tensor: _compute_dtype=torch.bfloat16 shape=(1, 1, 1) device=cuda:0
[19:31]   [ComfyUI] [SubprocessWorker] callback 'report_progress' from call_id=81
[19:31]   [ComfyUI] [worker:ComfyUI-SAM3DObjects] [VRAM] +410MB (now 3957MB) reserved=4224MB peak=4116MB
[19:31]   Frame 38 saved (frame_037.jpg, t=123.5s)
[19:31]   [capture-periodic] freeze=2ms shot=99ms unfreeze=2ms saved=True
[19:31]   [ComfyUI] [SubprocessWorker] callback 'report_progress' from call_id=81
[19:32]   [ComfyUI] [SubprocessWorker] callback 'report_progress' from call_id=81
[19:33]   Frame 39 saved (frame_038.jpg, t=125.6s)
[19:33]   [capture-periodic] freeze=2ms shot=100ms unfreeze=2ms saved=True
[19:33]   [ComfyUI] [SubprocessWorker] callback 'report_progress' from call_id=81
[19:34]   [capture-loop] iter=1100 t=126.4s state={'complete': False, 'error': None, 'executedCount': 1, 'wsState': 1} eval_ms=2 ram=12.3/31.9GB (38%) swap=0.0/5.0GB (0%) cpu=15% browser_rss=0.87GB
[19:34]   [ComfyUI] [SubprocessWorker] callback 'report_progress' from call_id=81
[19:35]   [ComfyUI] [SubprocessWorker] callback 'report_progress' from call_id=81
[19:35]   Frame 40 saved (frame_039.jpg, t=127.8s)
[19:35]   [capture-periodic] freeze=2ms shot=107ms unfreeze=2ms saved=True
[19:36]   [ComfyUI] [SubprocessWorker] callback 'report_progress' from call_id=81
[19:37]   [ComfyUI] [SubprocessWorker] callback 'report_progress' from call_id=81
[19:37]   Frame 41 saved (frame_040.jpg, t=129.9s)
[19:37]   [capture-periodic] freeze=2ms shot=102ms unfreeze=3ms saved=True
[19:38]   [ComfyUI] [SubprocessWorker] callback 'report_progress' from call_id=81
[19:38]   [ComfyUI] [SubprocessWorker] callback 'report_progress' from call_id=81
[19:39]   [ComfyUI] [SubprocessWorker] callback 'report_progress' from call_id=81
[19:39]   [ComfyUI] [SubprocessWorker] callback 'report_progress' from call_id=81
[19:39]   [capture-loop] iter=1150 t=132.0s state={'complete': False, 'error': None, 'executedCount': 1, 'wsState': 1} eval_ms=4 ram=12.3/31.9GB (38%) swap=0.0/5.0GB (0%) cpu=11% browser_rss=0.87GB
[19:40]   [ComfyUI] [worker:ComfyUI-SAM3DObjects] [VRAM] Stage1: after inference: torch=3894MiB alloc, 4224MiB reserved | gpu=5428MiB/16379MiB used
[19:40]   Frame 42 saved (frame_041.jpg, t=132.1s)
[19:40]   [capture-periodic] freeze=2ms shot=109ms unfreeze=3ms saved=True
[19:40]   [ComfyUI] [worker:ComfyUI-SAM3DObjects] [VRAM] -425MB (now 3532MB) reserved=4224MB peak=4116MB
[19:40]   [ComfyUI] [worker:ComfyUI-SAM3DObjects] [VRAM] Stage1: after model cleanup: torch=76MiB alloc, 288MiB reserved | gpu=1492MiB/16379MiB used
[19:40]   [ComfyUI] [worker:ComfyUI-SAM3DObjects] [VRAM] SceneGenerate: PHASE 2 start: torch=17MiB alloc, 192MiB reserved | gpu=1396MiB/16379MiB used
[19:40]   [ComfyUI] 2026-05-18 21:41:15.303 | WARNING  | nodes.sam3d.transforms:__post_init__:1359 - No rgb pointmap normalizer provided, using scale + shift
[19:40]   [ComfyUI] [worker:ComfyUI-SAM3DObjects] [VRAM] _load_condition_embedder(slat): before build: torch=25MiB alloc, 192MiB reserved | gpu=1396MiB/16379MiB used
[19:41]   [ComfyUI] [worker:ComfyUI-SAM3DObjects] [VRAM] -3508MB (now 25MB) reserved=192MB peak=4116MB
[19:43]   [ComfyUI] [worker:ComfyUI-SAM3DObjects] [VRAM] _load_condition_embedder(slat): after load_state_dict: torch=25MiB alloc, 192MiB reserved | gpu=1396MiB/16379MiB used
[19:43]   [ComfyUI] [SubprocessWorker] callback 'request_vram_budget' from call_id=81
[19:43]   [ComfyUI] [comfy-env] VRAM request: 2.50GB, free before eviction: 15.96GB
[19:43]   [ComfyUI] [comfy-env] VRAM after eviction: 15.96GB
[19:44]   [ComfyUI] [worker:ComfyUI-SAM3DObjects] [VRAM] +336MB (now 361MB) reserved=448MB peak=4116MB
[19:44]   [ComfyUI] [worker:ComfyUI-SAM3DObjects] [VRAM] Stage2: before embedding: torch=1252MiB alloc, 1312MiB reserved | gpu=2516MiB/16379MiB used
[19:45]   [ComfyUI] [worker:ComfyUI-SAM3DObjects] [VRAM] Stage2: after embedding: torch=1263MiB alloc, 1376MiB reserved | gpu=2580MiB/16379MiB used
[19:45]   [ComfyUI] [worker:ComfyUI-SAM3DObjects] [VRAM] +819MB (now 1180MB) reserved=1376MB peak=4116MB
[19:45]   [ComfyUI] [worker:ComfyUI-SAM3DObjects] [VRAM] Stage2: after embedder unload: torch=35MiB alloc, 224MiB reserved | gpu=1428MiB/16379MiB used
[19:45]   [ComfyUI] [worker:ComfyUI-SAM3DObjects] [VRAM] _load_generator(slat): before build: torch=35MiB alloc, 224MiB reserved | gpu=1428MiB/16379MiB used
[19:45]   [capture-loop] iter=1200 t=137.8s state={'complete': False, 'error': None, 'executedCount': 1, 'wsState': 1} eval_ms=2 ram=17.3/31.9GB (54%) swap=0.0/5.0GB (0%) cpu=37% browser_rss=0.87GB
[19:46]   [ComfyUI] [worker:ComfyUI-SAM3DObjects] [VRAM] -1145MB (now 35MB) reserved=224MB peak=4116MB
[19:49]   [ComfyUI] [worker:ComfyUI-SAM3DObjects] [VRAM] _load_generator(slat): after load_state_dict: torch=35MiB alloc, 224MiB reserved | gpu=1428MiB/16379MiB used
[19:49]   [ComfyUI] [SubprocessWorker] callback 'request_vram_budget' from call_id=81
[19:49]   [ComfyUI] [comfy-env] VRAM request: 2.40GB, free before eviction: 15.96GB
[19:49]   [ComfyUI] [comfy-env] VRAM after eviction: 15.96GB
[19:49]   [ComfyUI] [worker:ComfyUI-SAM3DObjects] [VRAM] +303MB (now 339MB) reserved=448MB peak=4116MB
[19:50]   [ComfyUI] [worker:ComfyUI-SAM3DObjects] [VRAM] +1987MB (now 2326MB) reserved=2368MB peak=4116MB
[19:50]   [ComfyUI] [worker:ComfyUI-SAM3DObjects] [VRAM] Stage2: before inference: torch=2326MiB alloc, 2368MiB reserved | gpu=3572MiB/16379MiB used
[19:50]   [ComfyUI] [worker:ComfyUI-SAM3DObjects] [DTYPE_DBG] _generate_noise_tensor: _compute_dtype=torch.bfloat16 shape=(1, 26465, 8) device=cuda:0
[19:50]   [ComfyUI] W0518 21:41:25.259000 16820 site-packages\torch\fx\_symbolic_trace.py:53] is_fx_tracing will return true for both fx.symbolic_trace and torch.export. Please use is_fx_tracing_symbolic_tracing() for specifically fx.symbolic_trace or torch.compiler.is_compiling() for specifically torch.export/compile.
[19:51]   [ComfyUI] [worker:ComfyUI-SAM3DObjects] [33m[comfy-attn] Varlen attention: sage2[0m
[19:51]   [capture-loop] iter=1250 t=143.4s state={'complete': False, 'error': None, 'executedCount': 1, 'wsState': 1} eval_ms=3 ram=17.3/31.9GB (54%) swap=0.0/5.0GB (0%) cpu=17% browser_rss=0.87GB
[19:51]   [ComfyUI] [worker:ComfyUI-SAM3DObjects] [VRAM] +222MB (now 2548MB) reserved=2784MB peak=4116MB
[19:53]   [ComfyUI] [worker:ComfyUI-SAM3DObjects] [VRAM] +286MB (now 2834MB) reserved=3136MB peak=4116MB
[19:54]   [ComfyUI] [SubprocessWorker] callback 'report_progress' from call_id=81
[19:54]   [ComfyUI] [worker:ComfyUI-SAM3DObjects] [VRAM] -286MB (now 2549MB) reserved=3136MB peak=4116MB
[19:55]   Frame 43 saved (frame_042.jpg, t=147.2s)
[19:55]   [capture-periodic] freeze=2ms shot=110ms unfreeze=3ms saved=True
[19:55]   [ComfyUI] [SubprocessWorker] callback 'report_progress' from call_id=81
[19:56]   [ComfyUI] [SubprocessWorker] callback 'report_progress' from call_id=81
[19:56]   [capture-loop] iter=1300 t=149.0s state={'complete': False, 'error': None, 'executedCount': 1, 'wsState': 1} eval_ms=3 ram=17.3/31.9GB (54%) swap=0.0/5.0GB (0%) cpu=21% browser_rss=0.87GB
[19:57]   Frame 44 saved (frame_043.jpg, t=149.4s)
[19:57]   [capture-periodic] freeze=2ms shot=111ms unfreeze=2ms saved=True
[19:57]   [ComfyUI] [worker:ComfyUI-SAM3DObjects]
[19:57]   [ComfyUI] === WATCHDOG TICK 2 ===
[19:57]   [ComfyUI] [worker:ComfyUI-SAM3DObjects] Thread 0x00004294 (most recent call first):
[19:57]   [ComfyUI]   File "C:\Users\ContainerUser\AppData\Local\Temp\comfyui_pvenv_tt8d992t\persistent_worker.py", line 106 in _vram_poller
[19:57]   [ComfyUI]   File "C:\Users\ContainerUser\AppData\Local\Programs\comfy-env\.pixi\envs\sam3dobjects-nodes\Lib\threading.py", line 1012 in run
[19:57]   [ComfyUI]   File "C:\Users\ContainerUser\AppData\Local\Programs\comfy-env\.pixi\envs\sam3dobjects-nodes\Lib\threading.py", line 1075 in _bootstrap_inner
[19:57]   [ComfyUI]   File "C:\Users\ContainerUser\AppData\Local\Programs\comfy-env\.pixi\envs\sam3dobjects-nodes\Lib\threading.py", line 1032 in _bootstrap
[19:57]   [ComfyUI] 
[19:57]   [ComfyUI] Current thread 0x000038c4 (most recent call first):
[19:57]   [ComfyUI]   File "C:\Users\ContainerUser\AppData\Local\Temp\comfyui_pvenv_tt8d992t\persistent_worker.py", line 52 in _watchdog
[19:57]   [ComfyUI]   File "C:\Users\ContainerUser\AppData\Local\Programs\comfy-env\.pixi\envs\sam3dobjects-nodes\Lib\threading.py", line 1012 in run
[19:57]   [ComfyUI]   File "C:\Users\ContainerUser\AppData\Local\Programs\comfy-env\.pixi\envs\sam3dobjects-nodes\Lib\threading.py", line 1075 in _bootstrap_inner
[19:57]   [ComfyUI]   File "C:\Users\ContainerUser\AppData\Local\Programs\comfy-env\.pixi\envs\sam3dobjects-nodes\Lib\threading.py", line 1032 in _bootstrap
[19:57]   [ComfyUI] 
[19:57]   [ComfyUI] Thread 0x00003af8 (most recent call first):
[19:57]   [ComfyUI]   File "C:\workspaces\SAM3DObjects-2121\ComfyUI\custom_nodes\ComfyUI-SAM3DObjects\nodes\sam3d\attention.py", line 230 in sparse_scaled_dot_product_attention
[19:57]   [ComfyUI]   File "C:\workspaces\SAM3DObjects-2121\ComfyUI\custom_nodes\ComfyUI-SAM3DObjects\nodes\sam3d\model.py", line 615 in forward
[19:57]   [ComfyUI]   File "C:\Users\ContainerUser\AppData\Local\Programs\comfy-env\.pixi\envs\sam3dobjects-nodes\Lib\site-packages\torch\nn\modules\module.py", line 1787 in _call_impl
[19:57]   [ComfyUI]   File "C:\Users\ContainerUser\AppData\Local\Programs\comfy-env\.pixi\envs\sam3dobjects-nodes\Lib\site-packages\torch\nn\modules\module.py", line 1776 in _wrapped_call_impl
[19:57]   [ComfyUI]   File "C:\workspaces\SAM3DObjects-2121\ComfyUI\custom_nodes\ComfyUI-SAM3DObjects\nodes\sam3d\model.py", line 1132 in _forward
[19:57]   [ComfyUI]   File "C:\workspaces\SAM3DObjects-2121\ComfyUI\custom_nodes\ComfyUI-SAM3DObjects\nodes\sam3d\model.py", line 1144 in forward
[19:57]   [ComfyUI]   File "C:\Users\ContainerUser\AppData\Local\Programs\comfy-env\.pixi\envs\sam3dobjects-nodes\Lib\site-packages\torch\nn\modules\module.py", line 1787 in _call_impl
[19:57]   [ComfyUI]   File "C:\Users\ContainerUser\AppData\Local\Programs\comfy-env\.pixi\envs\sam3dobjects-nodes\Lib\site-packages\torch\nn\modules\module.py", line 1776 in _wrapped_call_impl
[19:57]   [ComfyUI]   File "C:\workspaces\SAM3DObjects-2121\ComfyUI\custom_nodes\ComfyUI-SAM3DObjects\nodes\sam3d\model.py", line 1699 in _forward
[19:57]   [ComfyUI]   File "C:\workspaces\SAM3DObjects-2121\ComfyUI\comfy\patcher_extension.py", line 112 in execute
[19:57]   [ComfyUI]   File "C:\workspaces\SAM3DObjects-2121\ComfyUI\custom_nodes\ComfyUI-SAM3DObjects\nodes\sam3d\model.py", line 1653 in forward
[19:57]   [ComfyUI]   File "C:\workspaces\SAM3DObjects-2121\ComfyUI\custom_nodes\ComfyUI-SAM3DObjects\nodes\sam3d\model.py", line 1745 in forward
[19:57]   [ComfyUI]   File "C:\Users\ContainerUser\AppData\Local\Programs\comfy-env\.pixi\envs\sam3dobjects-nodes\Lib\site-packages\torch\nn\modules\module.py", line 1787 in _call_impl
[19:57]   [ComfyUI]   File "C:\Users\ContainerUser\AppData\Local\Programs\comfy-env\.pixi\envs\sam3dobjects-nodes\Lib\site-packages\torch\nn\modules\module.py", line 1776 in _wrapped_call_impl
[19:57]   [ComfyUI]   File "C:\workspaces\SAM3DObjects-2121\ComfyUI\custom_nodes\ComfyUI-SAM3DObjects\nodes\sam3d\generators.py", line 674 in inner_forward
[19:57]   [ComfyUI]   File "C:\workspaces\SAM3DObjects-2121\ComfyUI\custom_nodes\ComfyUI-SAM3DObjects\nodes\sam3d\generators.py", line 698 in forward
[19:57]   [ComfyUI]   File "C:\Users\ContainerUser\AppData\Local\Programs\comfy-env\.pixi\envs\sam3dobjects-nodes\Lib\site-packages\torch\nn\modules\module.py", line 1787 in _call_impl
[19:57]   [ComfyUI]   File "C:\Users\ContainerUser\AppData\Local\Programs\comfy-env\.pixi\envs\sam3dobjects-nodes\Lib\site-packages\torch\nn\modules\module.py", line 1776 in _wrapped_call_impl
[19:57]   [ComfyUI]   File "C:\workspaces\SAM3DObjects-2121\ComfyUI\custom_nodes\ComfyUI-SAM3DObjects\nodes\sam3d\generators.py", line 426 in _generate_dynamics
[19:57]   [ComfyUI]   File "C:\workspaces\SAM3DObjects-2121\ComfyUI\custom_nodes\ComfyUI-SAM3DObjects\nodes\sam3d\generators.py", line 133 in step
[19:57]   [ComfyUI]   File "C:\workspaces\SAM3DObjects-2121\ComfyUI\custom_nodes\ComfyUI-SAM3DObjects\nodes\sam3d\generators.py", line 121 in solve_iter
[19:57]   [ComfyUI]   File "C:\workspaces\SAM3DObjects-2121\ComfyUI\custom_nodes\ComfyUI-SAM3DObjects\nodes\sam3d\generators.py", line 410 in generate_iter
[19:57]   [ComfyUI]   File "C:\workspaces\SAM3DObjects-2121\ComfyUI\custom_nodes\ComfyUI-SAM3DObjects\nodes\utils\stages.py", line 1213 in run_stage2
[19:57]   [ComfyUI]   File "C:\workspaces\SAM3DObjects-2121\ComfyUI\custom_nodes\ComfyUI-SAM3DObjects\nodes\scene_generate.py", line 279 in execute
[19:57]   [ComfyUI]   File "C:\Users\ContainerUser\AppData\Local\Programs\comfy-env\.pixi\envs\sam3dobjects-nodes\Lib\site-packages\torch\utils\_contextlib.py", line 124 in decorate_context
[19:57]   [ComfyUI]   File "C:\workspaces\SAM3DObjects-2121\ComfyUI\comfy_api\latest\_io.py", line 1833 in EXECUTE_NORMALIZED
[19:57]   [ComfyUI]   File "C:\Users\ContainerUser\AppData\Local\Temp\comfyui_pvenv_tt8d992t\persistent_worker.py", line 1762 in main
[19:57]   [ComfyUI]   File "C:\Users\ContainerUser\AppData\Local\Temp\comfyui_pvenv_tt8d992t\persistent_worker.py", line 1807 in <module>
[19:57]   [ComfyUI] 
[19:57]   [ComfyUI] [worker:ComfyUI-SAM3DObjects] === END ===
[19:57]   [ComfyUI] 
[19:57]   [ComfyUI] [SubprocessWorker] callback 'report_progress' from call_id=81
[19:59]   [ComfyUI] [SubprocessWorker] callback 'report_progress' from call_id=81
[19:59]   Frame 45 saved (frame_044.jpg, t=151.5s)
[19:59]   [capture-periodic] freeze=2ms shot=101ms unfreeze=2ms saved=True
[20:00]   [ComfyUI] [SubprocessWorker] callback 'report_progress' from call_id=81
[20:01]   [ComfyUI] [SubprocessWorker] callback 'report_progress' from call_id=81
[20:01]   Frame 46 saved (frame_045.jpg, t=153.7s)
[20:01]   [capture-periodic] freeze=2ms shot=109ms unfreeze=8ms saved=True
[20:02]   [ComfyUI] [SubprocessWorker] callback 'report_progress' from call_id=81
[20:02]   [capture-loop] iter=1350 t=154.8s state={'complete': False, 'error': None, 'executedCount': 1, 'wsState': 1} eval_ms=2 ram=17.3/31.9GB (54%) swap=0.0/5.0GB (0%) cpu=27% browser_rss=0.87GB
[20:02]   [ComfyUI] [SubprocessWorker] callback 'report_progress' from call_id=81
[20:03]   [ComfyUI] [SubprocessWorker] callback 'report_progress' from call_id=81
[20:03]   Frame 47 saved (frame_046.jpg, t=155.8s)
[20:03]   [capture-periodic] freeze=2ms shot=115ms unfreeze=2ms saved=True
[20:04]   [ComfyUI] [SubprocessWorker] callback 'report_progress' from call_id=81
[20:04]   [ComfyUI] [SubprocessWorker] callback 'report_progress' from call_id=81
[20:04]   [ComfyUI] [worker:ComfyUI-SAM3DObjects] [VRAM] Stage2: after inference: torch=2327MiB alloc, 3200MiB reserved | gpu=4406MiB/16379MiB used
[20:04]   [ComfyUI] [worker:ComfyUI-SAM3DObjects] [VRAM] -802MB (now 1747MB) reserved=3200MB peak=4116MB
[20:05]   [ComfyUI] [worker:ComfyUI-SAM3DObjects] [VRAM] Stage2: after model cleanup: torch=36MiB alloc, 256MiB reserved | gpu=1462MiB/16379MiB used
[20:05]   [ComfyUI] 2026-05-18 21:41:39.758 | WARNING  | nodes.sam3d.transforms:__post_init__:1359 - No rgb pointmap normalizer provided, using scale + shift
[20:05]   [ComfyUI] [SubprocessWorker] callback 'request_vram_budget' from call_id=81
[20:05]   [ComfyUI] [comfy-env] VRAM request: 2.50GB, free before eviction: 15.96GB
[20:05]   [ComfyUI] [comfy-env] VRAM after eviction: 15.96GB
[20:05]   [ComfyUI] [worker:ComfyUI-SAM3DObjects] [VRAM] Stage2: before embedding: torch=1252MiB alloc, 1312MiB reserved | gpu=2518MiB/16379MiB used
[20:05]   [ComfyUI] [worker:ComfyUI-SAM3DObjects] [VRAM] -444MB (now 1304MB) reserved=1408MB peak=4116MB
[20:05]   [ComfyUI] [worker:ComfyUI-SAM3DObjects] [VRAM] Stage2: after embedding: torch=1263MiB alloc, 1408MiB reserved | gpu=2614MiB/16379MiB used
[20:06]   Frame 48 saved (frame_047.jpg, t=158.1s)
[20:06]   [capture-periodic] freeze=2ms shot=99ms unfreeze=2ms saved=True
[20:06]   [ComfyUI] [worker:ComfyUI-SAM3DObjects] [VRAM] Stage2: after embedder unload: torch=36MiB alloc, 224MiB reserved | gpu=1430MiB/16379MiB used
[20:06]   [ComfyUI] [SubprocessWorker] callback 'request_vram_budget' from call_id=81
[20:06]   [ComfyUI] [comfy-env] VRAM request: 2.40GB, free before eviction: 15.96GB
[20:06]   [ComfyUI] [comfy-env] VRAM after eviction: 15.96GB
[20:06]   [ComfyUI] [worker:ComfyUI-SAM3DObjects] [VRAM] Stage2: before inference: torch=2326MiB alloc, 2336MiB reserved | gpu=3542MiB/16379MiB used
[20:06]   [ComfyUI] [worker:ComfyUI-SAM3DObjects] [DTYPE_DBG] _generate_noise_tensor: _compute_dtype=torch.bfloat16 shape=(1, 34372, 8) device=cuda:0
[20:06]   [ComfyUI] [worker:ComfyUI-SAM3DObjects] [VRAM] +1352MB (now 2656MB) reserved=2944MB peak=4116MB
[20:08]   [capture-loop] iter=1400 t=160.5s state={'complete': False, 'error': None, 'executedCount': 1, 'wsState': 1} eval_ms=2 ram=17.3/31.9GB (54%) swap=0.0/5.0GB (0%) cpu=25% browser_rss=0.87GB
[20:08]   [ComfyUI] [SubprocessWorker] callback 'report_progress' from call_id=81
[20:08]   [ComfyUI] [worker:ComfyUI-SAM3DObjects] [VRAM] -320MB (now 2336MB) reserved=3456MB peak=4116MB
[20:09]   [ComfyUI] [worker:ComfyUI-SAM3DObjects] [VRAM] +331MB (now 2667MB) reserved=3456MB peak=4116MB
[20:10]   Frame 49 saved (frame_048.jpg, t=162.3s)
[20:10]   [capture-periodic] freeze=2ms shot=107ms unfreeze=2ms saved=True
[20:10]   [ComfyUI] [SubprocessWorker] callback 'report_progress' from call_id=81
[20:11]   [ComfyUI] [worker:ComfyUI-SAM3DObjects] [VRAM] -225MB (now 2443MB) reserved=3456MB peak=4116MB
[20:12]   [ComfyUI] [worker:ComfyUI-SAM3DObjects] [VRAM] +301MB (now 2744MB) reserved=3456MB peak=4116MB
[20:12]   [ComfyUI] [SubprocessWorker] callback 'report_progress' from call_id=81
[20:12]   Frame 50 saved (frame_049.jpg, t=164.5s)
[20:12]   [capture-periodic] freeze=2ms shot=106ms unfreeze=4ms saved=True
[20:13]   [ComfyUI] [worker:ComfyUI-SAM3DObjects] [VRAM] -260MB (now 2485MB) reserved=3456MB peak=4116MB
[20:13]   [capture-loop] iter=1450 t=166.1s state={'complete': False, 'error': None, 'executedCount': 1, 'wsState': 1} eval_ms=2 ram=17.3/31.9GB (54%) swap=0.0/5.0GB (0%) cpu=22% browser_rss=0.87GB
[20:14]   [ComfyUI] [SubprocessWorker] callback 'report_progress' from call_id=81
[20:14]   Frame 51 saved (frame_050.jpg, t=166.7s)
[20:14]   [capture-periodic] freeze=2ms shot=107ms unfreeze=2ms saved=True
[20:14]   [ComfyUI] [worker:ComfyUI-SAM3DObjects] [VRAM] +262MB (now 2748MB) reserved=3456MB peak=4116MB
[20:16]   [ComfyUI] [SubprocessWorker] callback 'report_progress' from call_id=81
[20:16]   [ComfyUI] [worker:ComfyUI-SAM3DObjects] [VRAM] -274MB (now 2474MB) reserved=2912MB peak=4116MB
[20:16]   Frame 52 saved (frame_051.jpg, t=168.8s)
[20:16]   [capture-periodic] freeze=2ms shot=98ms unfreeze=3ms saved=True
[20:17]   [ComfyUI] [worker:ComfyUI-SAM3DObjects] [VRAM] +254MB (now 2728MB) reserved=3392MB peak=4116MB
[20:17]   [ComfyUI] [SubprocessWorker] callback 'report_progress' from call_id=81
[20:18]   [ComfyUI] [worker:ComfyUI-SAM3DObjects] [VRAM] -234MB (now 2495MB) reserved=3424MB peak=4116MB
[20:19]   Frame 53 saved (frame_052.jpg, t=171.0s)
[20:19]   [capture-periodic] freeze=2ms shot=118ms unfreeze=6ms saved=True
[20:19]   [capture-loop] iter=1500 t=171.9s state={'complete': False, 'error': None, 'executedCount': 1, 'wsState': 1} eval_ms=2 ram=17.3/31.9GB (54%) swap=0.0/5.0GB (0%) cpu=21% browser_rss=0.87GB
[20:19]   [ComfyUI] [SubprocessWorker] callback 'report_progress' from call_id=81
[20:20]   [ComfyUI] [SubprocessWorker] callback 'report_progress' from call_id=81
[20:20]   [ComfyUI] [worker:ComfyUI-SAM3DObjects] [VRAM] +237MB (now 2733MB) reserved=3424MB peak=4116MB
[20:21]   Frame 54 saved (frame_053.jpg, t=173.3s)
[20:21]   [capture-periodic] freeze=2ms shot=108ms unfreeze=2ms saved=True
[20:21]   [ComfyUI] [SubprocessWorker] callback 'report_progress' from call_id=81
[20:22]   [ComfyUI] [worker:ComfyUI-SAM3DObjects] [VRAM] -238MB (now 2495MB) reserved=3424MB peak=4116MB
[20:22]   [ComfyUI] [SubprocessWorker] callback 'report_progress' from call_id=81
[20:23]   Frame 55 saved (frame_054.jpg, t=175.4s)
[20:23]   [capture-periodic] freeze=2ms shot=108ms unfreeze=3ms saved=True
[20:23]   [ComfyUI] [worker:ComfyUI-SAM3DObjects] [VRAM] +489MB (now 2985MB) reserved=3328MB peak=4116MB
[20:23]   [ComfyUI] [SubprocessWorker] callback 'report_progress' from call_id=81
[20:24]   [ComfyUI] [SubprocessWorker] callback 'report_progress' from call_id=81
[20:24]   [ComfyUI] [worker:ComfyUI-SAM3DObjects] [VRAM] Stage2: after inference: torch=2327MiB alloc, 3392MiB reserved | gpu=4598MiB/16379MiB used
[20:24]   [ComfyUI] [worker:ComfyUI-SAM3DObjects] [VRAM] -1081MB (now 1904MB) reserved=3392MB peak=4116MB
[20:24]   [ComfyUI] [worker:ComfyUI-SAM3DObjects] [VRAM] Stage2: after model cleanup: torch=37MiB alloc, 256MiB reserved | gpu=1462MiB/16379MiB used
[20:25]   [ComfyUI] 2026-05-18 21:41:59.710 | WARNING  | nodes.sam3d.transforms:__post_init__:1359 - No rgb pointmap normalizer provided, using scale + shift
[20:25]   [ComfyUI] [SubprocessWorker] callback 'request_vram_budget' from call_id=81
[20:25]   [ComfyUI] [comfy-env] VRAM request: 2.50GB, free before eviction: 15.96GB
[20:25]   [ComfyUI] [comfy-env] VRAM after eviction: 15.96GB
[20:25]   [capture-loop] iter=1550 t=177.7s state={'complete': False, 'error': None, 'executedCount': 1, 'wsState': 1} eval_ms=3 ram=19.3/31.9GB (60%) swap=0.0/5.0GB (0%) cpu=23% browser_rss=0.88GB
[20:25]   Frame 56 saved (frame_055.jpg, t=177.7s)
[20:25]   [capture-periodic] freeze=3ms shot=109ms unfreeze=3ms saved=True
[20:25]   [ComfyUI] [worker:ComfyUI-SAM3DObjects] [VRAM] Stage2: before embedding: torch=1253MiB alloc, 1312MiB reserved | gpu=2518MiB/16379MiB used
[20:25]   [ComfyUI] [worker:ComfyUI-SAM3DObjects] [VRAM] -616MB (now 1288MB) reserved=1408MB peak=4116MB
[20:25]   [ComfyUI] [worker:ComfyUI-SAM3DObjects] [VRAM] Stage2: after embedding: torch=1264MiB alloc, 1408MiB reserved | gpu=2614MiB/16379MiB used
[20:26]   [ComfyUI] [worker:ComfyUI-SAM3DObjects] [VRAM] Stage2: after embedder unload: torch=36MiB alloc, 224MiB reserved | gpu=1430MiB/16379MiB used
[20:26]   [ComfyUI] [SubprocessWorker] callback 'request_vram_budget' from call_id=81
[20:26]   [ComfyUI] [comfy-env] VRAM request: 2.40GB, free before eviction: 15.96GB
[20:26]   [ComfyUI] [comfy-env] VRAM after eviction: 15.96GB
[20:26]   [ComfyUI] [worker:ComfyUI-SAM3DObjects] [VRAM] +898MB (now 2187MB) reserved=2240MB peak=4116MB
[20:26]   [ComfyUI] [worker:ComfyUI-SAM3DObjects] [VRAM] Stage2: before inference: torch=2327MiB alloc, 2336MiB reserved | gpu=3542MiB/16379MiB used
[20:26]   [ComfyUI] [worker:ComfyUI-SAM3DObjects] [DTYPE_DBG] _generate_noise_tensor: _compute_dtype=torch.bfloat16 shape=(1, 13640, 8) device=cuda:0
[20:27]   [ComfyUI] [SubprocessWorker] callback 'report_progress' from call_id=81
[20:27]   [ComfyUI] [worker:ComfyUI-SAM3DObjects] [VRAM] +256MB (now 2443MB) reserved=2816MB peak=4116MB
[20:27]   Frame 57 saved (frame_056.jpg, t=179.9s)
[20:27]   [capture-periodic] freeze=4ms shot=116ms unfreeze=3ms saved=True
[20:28]   [ComfyUI] [SubprocessWorker] callback 'report_progress' from call_id=81
[20:28]   [ComfyUI] [SubprocessWorker] callback 'report_progress' from call_id=81
[20:29]   [ComfyUI] [SubprocessWorker] callback 'report_progress' from call_id=81
[20:29]   [ComfyUI] [SubprocessWorker] callback 'report_progress' from call_id=81
[20:30]   Frame 58 saved (frame_057.jpg, t=182.1s)
[20:30]   [capture-periodic] freeze=2ms shot=126ms unfreeze=4ms saved=True
[20:30]   [ComfyUI] [SubprocessWorker] callback 'report_progress' from call_id=81
[20:31]   [ComfyUI] [SubprocessWorker] callback 'report_progress' from call_id=81
[20:31]   [capture-loop] iter=1600 t=183.5s state={'complete': False, 'error': None, 'executedCount': 1, 'wsState': 1} eval_ms=3 ram=17.3/31.9GB (54%) swap=0.0/5.0GB (0%) cpu=37% browser_rss=0.87GB
[20:31]   [ComfyUI] [SubprocessWorker] callback 'report_progress' from call_id=81
[20:31]   [ComfyUI] [SubprocessWorker] callback 'report_progress' from call_id=81
[20:32]   [ComfyUI] [SubprocessWorker] callback 'report_progress' from call_id=81
[20:32]   Frame 59 saved (frame_058.jpg, t=184.3s)
[20:32]   [capture-periodic] freeze=3ms shot=115ms unfreeze=4ms saved=True
[20:32]   [ComfyUI] [SubprocessWorker] callback 'report_progress' from call_id=81
[20:32]   [ComfyUI] [SubprocessWorker] callback 'report_progress' from call_id=81
[20:32]   [ComfyUI] [worker:ComfyUI-SAM3DObjects] [VRAM] Stage2: after inference: torch=2327MiB alloc, 2752MiB reserved | gpu=3958MiB/16379MiB used
[20:32]   [ComfyUI] [worker:ComfyUI-SAM3DObjects] [VRAM] -696MB (now 1747MB) reserved=2752MB peak=4116MB
[20:33]   [ComfyUI] [worker:ComfyUI-SAM3DObjects] [VRAM] Stage2: after model cleanup: torch=37MiB alloc, 256MiB reserved | gpu=1462MiB/16379MiB used
[20:33]   [ComfyUI] 2026-05-18 21:42:07.792 | WARNING  | nodes.sam3d.transforms:__post_init__:1359 - No rgb pointmap normalizer provided, using scale + shift
[20:33]   [ComfyUI] [SubprocessWorker] callback 'request_vram_budget' from call_id=81
[20:33]   [ComfyUI] [comfy-env] VRAM request: 2.50GB, free before eviction: 15.96GB
[20:33]   [ComfyUI] [comfy-env] VRAM after eviction: 15.96GB
[20:33]   [ComfyUI] [worker:ComfyUI-SAM3DObjects] [VRAM] Stage2: before embedding: torch=1253MiB alloc, 1312MiB reserved | gpu=2518MiB/16379MiB used
[20:33]   [ComfyUI] [worker:ComfyUI-SAM3DObjects] [VRAM] -438MB (now 1310MB) reserved=1408MB peak=4116MB
[20:33]   [ComfyUI] [worker:ComfyUI-SAM3DObjects] [VRAM] Stage2: after embedding: torch=1264MiB alloc, 1408MiB reserved | gpu=2614MiB/16379MiB used
[20:34]   [ComfyUI] [worker:ComfyUI-SAM3DObjects] [VRAM] Stage2: after embedder unload: torch=37MiB alloc, 224MiB reserved | gpu=1430MiB/16379MiB used
[20:34]   [ComfyUI] [SubprocessWorker] callback 'request_vram_budget' from call_id=81
[20:34]   [ComfyUI] [comfy-env] VRAM request: 2.40GB, free before eviction: 15.96GB
[20:34]   [ComfyUI] [comfy-env] VRAM after eviction: 15.96GB
[20:34]   Frame 60 saved (frame_059.jpg, t=186.5s)
[20:34]   [capture-periodic] freeze=2ms shot=116ms unfreeze=5ms saved=True
[20:34]   [ComfyUI] [worker:ComfyUI-SAM3DObjects] [VRAM] Stage2: before inference: torch=2327MiB alloc, 2336MiB reserved | gpu=3542MiB/16379MiB used
[20:34]   [ComfyUI] [worker:ComfyUI-SAM3DObjects] [DTYPE_DBG] _generate_noise_tensor: _compute_dtype=torch.bfloat16 shape=(1, 28032, 8) device=cuda:0
[20:34]   [ComfyUI] [worker:ComfyUI-SAM3DObjects] [VRAM] +1165MB (now 2475MB) reserved=2752MB peak=4116MB
[20:36]   [ComfyUI] [SubprocessWorker] callback 'report_progress' from call_id=81
[20:36]   Frame 61 saved (frame_060.jpg, t=188.7s)
[20:36]   [capture-periodic] freeze=2ms shot=114ms unfreeze=2ms saved=True
[20:37]   [capture-loop] iter=1650 t=189.4s state={'complete': False, 'error': None, 'executedCount': 1, 'wsState': 1} eval_ms=2 ram=17.3/31.9GB (54%) swap=0.0/5.0GB (0%) cpu=27% browser_rss=0.88GB
[20:37]   [ComfyUI] [worker:ComfyUI-SAM3DObjects] [VRAM] +201MB (now 2677MB) reserved=3232MB peak=4116MB
[20:38]   [ComfyUI] [SubprocessWorker] callback 'report_progress' from call_id=81
[20:38]   [ComfyUI] [worker:ComfyUI-SAM3DObjects] [VRAM] -202MB (now 2476MB) reserved=3232MB peak=4116MB
[20:38]   Frame 62 saved (frame_061.jpg, t=190.9s)
[20:38]   [capture-periodic] freeze=2ms shot=112ms unfreeze=3ms saved=True
[20:39]   [ComfyUI] [SubprocessWorker] callback 'report_progress' from call_id=81
[20:41]   Frame 63 saved (frame_062.jpg, t=193.1s)
[20:41]   [capture-periodic] freeze=2ms shot=107ms unfreeze=3ms saved=True
[20:41]   [ComfyUI] [SubprocessWorker] callback 'report_progress' from call_id=81
[20:41]   [ComfyUI] [worker:ComfyUI-SAM3DObjects] [VRAM] +229MB (now 2705MB) reserved=3264MB peak=4116MB
[20:42]   [ComfyUI] [worker:ComfyUI-SAM3DObjects] [VRAM] -219MB (now 2487MB) reserved=3264MB peak=4116MB
[20:42]   [ComfyUI] [SubprocessWorker] callback 'report_progress' from call_id=81
[20:42]   [capture-loop] iter=1700 t=195.1s state={'complete': False, 'error': None, 'executedCount': 1, 'wsState': 1} eval_ms=3 ram=17.3/31.9GB (54%) swap=0.0/5.0GB (0%) cpu=24% browser_rss=0.87GB
[20:43]   Frame 64 saved (frame_063.jpg, t=195.3s)
[20:43]   [capture-periodic] freeze=2ms shot=102ms unfreeze=3ms saved=True
[20:44]   [ComfyUI] [worker:ComfyUI-SAM3DObjects] [VRAM] +229MB (now 2717MB) reserved=3168MB peak=4116MB
[20:44]   [ComfyUI] [SubprocessWorker] callback 'report_progress' from call_id=81
[20:45]   [ComfyUI] [worker:ComfyUI-SAM3DObjects] [VRAM] -241MB (now 2476MB) reserved=3264MB peak=4116MB
[20:45]   Frame 65 saved (frame_064.jpg, t=197.5s)
[20:45]   [capture-periodic] freeze=2ms shot=102ms unfreeze=2ms saved=True
[20:46]   [ComfyUI] [SubprocessWorker] callback 'report_progress' from call_id=81
[20:46]   [ComfyUI] [SubprocessWorker] callback 'report_progress' from call_id=81
[20:47]   Frame 66 saved (frame_065.jpg, t=199.7s)
[20:47]   [capture-periodic] freeze=3ms shot=103ms unfreeze=2ms saved=True
[20:47]   [ComfyUI] [SubprocessWorker] callback 'report_progress' from call_id=81
[20:48]   [ComfyUI] [worker:ComfyUI-SAM3DObjects] [VRAM] +216MB (now 2692MB) reserved=3264MB peak=4116MB
[20:48]   [ComfyUI] [SubprocessWorker] callback 'report_progress' from call_id=81
[20:48]   [capture-loop] iter=1750 t=200.9s state={'complete': False, 'error': None, 'executedCount': 1, 'wsState': 1} eval_ms=5 ram=17.3/31.9GB (54%) swap=0.0/5.0GB (0%) cpu=25% browser_rss=0.87GB
[20:49]   [ComfyUI] [SubprocessWorker] callback 'report_progress' from call_id=81
[20:49]   [ComfyUI] [worker:ComfyUI-SAM3DObjects] [VRAM] -217MB (now 2476MB) reserved=3200MB peak=4116MB
[20:49]   Frame 67 saved (frame_066.jpg, t=201.9s)
[20:49]   [capture-periodic] freeze=2ms shot=108ms unfreeze=2ms saved=True
[20:50]   [ComfyUI] [SubprocessWorker] callback 'report_progress' from call_id=81
[20:50]   [ComfyUI] [worker:ComfyUI-SAM3DObjects] [VRAM] Stage2: after inference: torch=2328MiB alloc, 3200MiB reserved | gpu=4406MiB/16379MiB used
[20:50]   [ComfyUI] [worker:ComfyUI-SAM3DObjects] [VRAM] Stage2: after model cleanup: torch=37MiB alloc, 256MiB reserved | gpu=1462MiB/16379MiB used
[20:50]   [ComfyUI] [worker:ComfyUI-SAM3DObjects] [VRAM] -2439MB (now 37MB) reserved=256MB peak=4116MB
[20:50]   [ComfyUI] 2026-05-18 21:42:25.236 | WARNING  | nodes.sam3d.transforms:__post_init__:1359 - No rgb pointmap normalizer provided, using scale + shift
[20:50]   [ComfyUI] [SubprocessWorker] callback 'request_vram_budget' from call_id=81
[20:50]   [ComfyUI] [comfy-env] VRAM request: 2.50GB, free before eviction: 15.96GB
[20:50]   [ComfyUI] [comfy-env] VRAM after eviction: 15.96GB
[20:51]   [ComfyUI] [worker:ComfyUI-SAM3DObjects] [VRAM] Stage2: before embedding: torch=1253MiB alloc, 1312MiB reserved | gpu=2518MiB/16379MiB used
[20:51]   [ComfyUI] [worker:ComfyUI-SAM3DObjects] [VRAM] Stage2: after embedding: torch=1264MiB alloc, 1408MiB reserved | gpu=2614MiB/16379MiB used
[20:51]   [ComfyUI] [worker:ComfyUI-SAM3DObjects] [VRAM] +539MB (now 577MB) reserved=1408MB peak=4116MB
[20:51]   [ComfyUI] [worker:ComfyUI-SAM3DObjects] [VRAM] Stage2: after embedder unload: torch=37MiB alloc, 224MiB reserved | gpu=1430MiB/16379MiB used
[20:51]   [ComfyUI] [SubprocessWorker] callback 'request_vram_budget' from call_id=81
[20:51]   [ComfyUI] [comfy-env] VRAM request: 2.40GB, free before eviction: 15.96GB
[20:51]   [ComfyUI] [comfy-env] VRAM after eviction: 15.96GB
[20:52]   Frame 68 saved (frame_067.jpg, t=204.2s)
[20:52]   [capture-periodic] freeze=2ms shot=121ms unfreeze=7ms saved=True
[20:52]   [ComfyUI] [worker:ComfyUI-SAM3DObjects] [VRAM] Stage2: before inference: torch=2328MiB alloc, 2336MiB reserved | gpu=3542MiB/16379MiB used
[20:52]   [ComfyUI] [worker:ComfyUI-SAM3DObjects] [DTYPE_DBG] _generate_noise_tensor: _compute_dtype=torch.bfloat16 shape=(1, 26283, 8) device=cuda:0
[20:52]   [ComfyUI] [worker:ComfyUI-SAM3DObjects] [VRAM] +1973MB (now 2550MB) reserved=2752MB peak=4116MB
[20:53]   [ComfyUI] [SubprocessWorker] callback 'report_progress' from call_id=81
[20:54]   Frame 69 saved (frame_068.jpg, t=206.4s)
[20:54]   [capture-periodic] freeze=2ms shot=112ms unfreeze=2ms saved=True
[20:54]   [ComfyUI] [SubprocessWorker] callback 'report_progress' from call_id=81
[20:54]   [capture-loop] iter=1800 t=206.9s state={'complete': False, 'error': None, 'executedCount': 1, 'wsState': 1} eval_ms=2 ram=17.3/31.9GB (54%) swap=0.0/5.0GB (0%) cpu=24% browser_rss=0.87GB
[20:55]   [ComfyUI] [SubprocessWorker] callback 'report_progress' from call_id=81
[20:56]   Frame 70 saved (frame_069.jpg, t=208.6s)
[20:56]   [capture-periodic] freeze=2ms shot=101ms unfreeze=3ms saved=True
[20:57]   [ComfyUI] [SubprocessWorker] callback 'report_progress' from call_id=81
[20:57]   [ComfyUI] [worker:ComfyUI-SAM3DObjects]
[20:57]   [ComfyUI] === WATCHDOG TICK 3 ===
[20:57]   [ComfyUI] [worker:ComfyUI-SAM3DObjects] Thread 0x00004294 (most recent call first):
[20:57]   [ComfyUI]   File "C:\Users\ContainerUser\AppData\Local\Temp\comfyui_pvenv_tt8d992t\persistent_worker.py", line 106 in _vram_poller
[20:57]   [ComfyUI]   File "C:\Users\ContainerUser\AppData\Local\Programs\comfy-env\.pixi\envs\sam3dobjects-nodes\Lib\threading.py", line 1012 in run
[20:57]   [ComfyUI]   File "C:\Users\ContainerUser\AppData\Local\Programs\comfy-env\.pixi\envs\sam3dobjects-nodes\Lib\threading.py", line 1075 in _bootstrap_inner
[20:57]   [ComfyUI]   File "C:\Users\ContainerUser\AppData\Local\Programs\comfy-env\.pixi\envs\sam3dobjects-nodes\Lib\threading.py", line 1032 in _bootstrap
[20:57]   [ComfyUI] 
[20:57]   [ComfyUI] Current thread 0x000038c4 (most recent call first):
[20:57]   [ComfyUI]   File "C:\Users\ContainerUser\AppData\Local\Temp\comfyui_pvenv_tt8d992t\persistent_worker.py", line 52 in _watchdog
[20:57]   [ComfyUI]   File "C:\Users\ContainerUser\AppData\Local\Programs\comfy-env\.pixi\envs\sam3dobjects-nodes\Lib\threading.py", line 1012 in run
[20:57]   [ComfyUI]   File "C:\Users\ContainerUser\AppData\Local\Programs\comfy-env\.pixi\envs\sam3dobjects-nodes\Lib\threading.py", line 1075 in _bootstrap_inner
[20:57]   [ComfyUI]   File "C:\Users\ContainerUser\AppData\Local\Programs\comfy-env\.pixi\envs\sam3dobjects-nodes\Lib\threading.py", line 1032 in _bootstrap
[20:57]   [ComfyUI] 
[20:57]   [ComfyUI] Thread 0x00003af8 (most recent call first):
[20:57]   [ComfyUI]   File "C:\Users\ContainerUser\AppData\Local\Programs\comfy-env\.pixi\envs\sam3dobjects-nodes\Lib\site-packages\spconv\pytorch\core.py", line 168 in __init__
[20:57]   [ComfyUI]   File "C:\Users\ContainerUser\AppData\Local\Programs\comfy-env\.pixi\envs\sam3dobjects-nodes\Lib\site-packages\torch\fx\_symbolic_trace.py", line 127 in __call__
[20:57]   [ComfyUI]   File "C:\workspaces\SAM3DObjects-2121\ComfyUI\custom_nodes\ComfyUI-SAM3DObjects\nodes\sam3d\sparse.py", line 138 in __init__
[20:57]   [ComfyUI]   File "C:\workspaces\SAM3DObjects-2121\ComfyUI\custom_nodes\ComfyUI-SAM3DObjects\nodes\sam3d\sparse.py", line 619 in forward
[20:57]   [ComfyUI]   File "C:\Users\ContainerUser\AppData\Local\Programs\comfy-env\.pixi\envs\sam3dobjects-nodes\Lib\site-packages\torch\nn\modules\module.py", line 1787 in _call_impl
[20:57]   [ComfyUI]   File "C:\Users\ContainerUser\AppData\Local\Programs\comfy-env\.pixi\envs\sam3dobjects-nodes\Lib\site-packages\torch\nn\modules\module.py", line 1776 in _wrapped_call_impl
[20:57]   [ComfyUI]   File "C:\workspaces\SAM3DObjects-2121\ComfyUI\custom_nodes\ComfyUI-SAM3DObjects\nodes\sam3d\model.py", line 1185 in _updown
[20:57]   [ComfyUI]   File "C:\workspaces\SAM3DObjects-2121\ComfyUI\custom_nodes\ComfyUI-SAM3DObjects\nodes\sam3d\model.py", line 1192 in forward
[20:57]   [ComfyUI]   File "C:\Users\ContainerUser\AppData\Local\Programs\comfy-env\.pixi\envs\sam3dobjects-nodes\Lib\site-packages\torch\nn\modules\module.py", line 1787 in _call_impl
[20:57]   [ComfyUI]   File "C:\Users\ContainerUser\AppData\Local\Programs\comfy-env\.pixi\envs\sam3dobjects-nodes\Lib\site-packages\torch\nn\modules\module.py", line 1776 in _wrapped_call_impl
[20:57]   [ComfyUI]   File "C:\workspaces\SAM3DObjects-2121\ComfyUI\custom_nodes\ComfyUI-SAM3DObjects\nodes\sam3d\model.py", line 1703 in _forward
[20:57]   [ComfyUI]   File "C:\workspaces\SAM3DObjects-2121\ComfyUI\comfy\patcher_extension.py", line 112 in execute
[20:57]   [ComfyUI]   File "C:\workspaces\SAM3DObjects-2121\ComfyUI\custom_nodes\ComfyUI-SAM3DObjects\nodes\sam3d\model.py", line 1653 in forward
[20:57]   [ComfyUI]   File "C:\workspaces\SAM3DObjects-2121\ComfyUI\custom_nodes\ComfyUI-SAM3DObjects\nodes\sam3d\model.py", line 1745 in forward
[20:57]   [ComfyUI]   File "C:\Users\ContainerUser\AppData\Local\Programs\comfy-env\.pixi\envs\sam3dobjects-nodes\Lib\site-packages\torch\nn\modules\module.py", line 1787 in _call_impl
[20:57]   [ComfyUI]   File "C:\Users\ContainerUser\AppData\Local\Programs\comfy-env\.pixi\envs\sam3dobjects-nodes\Lib\site-packages\torch\nn\modules\module.py", line 1776 in _wrapped_call_impl
[20:57]   [ComfyUI]   File "C:\workspaces\SAM3DObjects-2121\ComfyUI\custom_nodes\ComfyUI-SAM3DObjects\nodes\sam3d\generators.py", line 666 in inner_forward
[20:57]   [ComfyUI]   File "C:\workspaces\SAM3DObjects-2121\ComfyUI\custom_nodes\ComfyUI-SAM3DObjects\nodes\sam3d\generators.py", line 698 in forward
[20:57]   [ComfyUI]   File "C:\Users\ContainerUser\AppData\Local\Programs\comfy-env\.pixi\envs\sam3dobjects-nodes\Lib\site-packages\torch\nn\modules\module.py", line 1787 in _call_impl
[20:57]   [ComfyUI]   File "C:\Users\ContainerUser\AppData\Local\Programs\comfy-env\.pixi\envs\sam3dobjects-nodes\Lib\site-packages\torch\nn\modules\module.py", line 1776 in _wrapped_call_impl
[20:57]   [ComfyUI]   File "C:\workspaces\SAM3DObjects-2121\ComfyUI\custom_nodes\ComfyUI-SAM3DObjects\nodes\sam3d\generators.py", line 426 in _generate_dynamics
[20:57]   [ComfyUI]   File "C:\workspaces\SAM3DObjects-2121\ComfyUI\custom_nodes\ComfyUI-SAM3DObjects\nodes\sam3d\generators.py", line 133 in step
[20:57]   [ComfyUI]   File "C:\workspaces\SAM3DObjects-2121\ComfyUI\custom_nodes\ComfyUI-SAM3DObjects\nodes\sam3d\generators.py", line 121 in solve_iter
[20:57]   [ComfyUI]   File "C:\workspaces\SAM3DObjects-2121\ComfyUI\custom_nodes\ComfyUI-SAM3DObjects\nodes\sam3d\generators.py", line 410 in generate_iter
[20:57]   [ComfyUI]   File "C:\workspaces\SAM3DObjects-2121\ComfyUI\custom_nodes\ComfyUI-SAM3DObjects\nodes\utils\stages.py", line 1213 in run_stage2
[20:57]   [ComfyUI]   File "C:\workspaces\SAM3DObjects-2121\ComfyUI\custom_nodes\ComfyUI-SAM3DObjects\nodes\scene_generate.py", line 279 in execute
[20:57]   [ComfyUI]   File "C:\Users\ContainerUser\AppData\Local\Programs\comfy-env\.pixi\envs\sam3dobjects-nodes\Lib\site-packages\torch\utils\_contextlib.py", line 124 in decorate_context
[20:57]   [ComfyUI]   File "C:\workspaces\SAM3DObjects-2121\ComfyUI\comfy_api\latest\_io.py", line 1833 in EXECUTE_NORMALIZED
[20:57]   [ComfyUI]   File "C:\Users\ContainerUser\AppData\Local\Temp\comfyui_pvenv_tt8d992t\persistent_worker.py", line 1762 in main
[20:57]   [ComfyUI]   File "C:\Users\ContainerUser\AppData\Local\Temp\comfyui_pvenv_tt8d992t\persistent_worker.py", line 1807 in <module>
[20:57]   [ComfyUI] 
[20:57]   [ComfyUI] [worker:ComfyUI-SAM3DObjects] === END ===
[20:57]   [ComfyUI] 
[20:58]   [ComfyUI] [SubprocessWorker] callback 'report_progress' from call_id=81
[20:58]   Frame 71 saved (frame_070.jpg, t=210.8s)
[20:58]   [capture-periodic] freeze=3ms shot=110ms unfreeze=4ms saved=True
[20:59]   [ComfyUI] [SubprocessWorker] callback 'report_progress' from call_id=81
[21:00]   [capture-loop] iter=1850 t=212.6s state={'complete': False, 'error': None, 'executedCount': 1, 'wsState': 1} eval_ms=2 ram=17.3/31.9GB (54%) swap=0.0/5.0GB (0%) cpu=28% browser_rss=0.87GB
[21:00]   [ComfyUI] [SubprocessWorker] callback 'report_progress' from call_id=81
[21:00]   Frame 72 saved (frame_071.jpg, t=213.0s)
[21:00]   [capture-periodic] freeze=2ms shot=123ms unfreeze=3ms saved=True
[21:01]   [ComfyUI] [SubprocessWorker] callback 'report_progress' from call_id=81
[21:02]   [ComfyUI] [SubprocessWorker] callback 'report_progress' from call_id=81
[21:02]   [ComfyUI] [SubprocessWorker] callback 'report_progress' from call_id=81
[21:03]   Frame 73 saved (frame_072.jpg, t=215.2s)
[21:03]   [capture-periodic] freeze=2ms shot=105ms unfreeze=2ms saved=True
[21:03]   [ComfyUI] [SubprocessWorker] callback 'report_progress' from call_id=81
[21:04]   [ComfyUI] [SubprocessWorker] callback 'report_progress' from call_id=81
[21:04]   [ComfyUI] [worker:ComfyUI-SAM3DObjects] [VRAM] Stage2: after inference: torch=2328MiB alloc, 3136MiB reserved | gpu=4342MiB/16379MiB used
[21:04]   [ComfyUI] [worker:ComfyUI-SAM3DObjects] [VRAM] -730MB (now 1821MB) reserved=3136MB peak=4116MB
[21:04]   [ComfyUI] [worker:ComfyUI-SAM3DObjects] [VRAM] Stage2: after model cleanup: torch=38MiB alloc, 256MiB reserved | gpu=1462MiB/16379MiB used
[21:04]   [ComfyUI] 2026-05-18 21:42:39.121 | WARNING  | nodes.sam3d.transforms:__post_init__:1359 - No rgb pointmap normalizer provided, using scale + shift
[21:04]   [ComfyUI] [SubprocessWorker] callback 'request_vram_budget' from call_id=81
[21:04]   [ComfyUI] [comfy-env] VRAM request: 2.50GB, free before eviction: 15.96GB
[21:04]   [ComfyUI] [comfy-env] VRAM after eviction: 15.96GB
[21:05]   [ComfyUI] [worker:ComfyUI-SAM3DObjects] [VRAM] Stage2: before embedding: torch=1254MiB alloc, 1280MiB reserved | gpu=2486MiB/16379MiB used
[21:05]   [ComfyUI] [worker:ComfyUI-SAM3DObjects] [VRAM] -497MB (now 1324MB) reserved=1376MB peak=4116MB
[21:05]   [ComfyUI] [worker:ComfyUI-SAM3DObjects] [VRAM] Stage2: after embedding: torch=1265MiB alloc, 1376MiB reserved | gpu=2582MiB/16379MiB used
[21:05]   Frame 74 saved (frame_073.jpg, t=217.4s)
[21:05]   [capture-periodic] freeze=2ms shot=106ms unfreeze=2ms saved=True
[21:05]   [ComfyUI] [worker:ComfyUI-SAM3DObjects] [VRAM] Stage2: after embedder unload: torch=37MiB alloc, 256MiB reserved | gpu=1462MiB/16379MiB used
[21:05]   [ComfyUI] [SubprocessWorker] callback 'request_vram_budget' from call_id=81
[21:05]   [ComfyUI] [comfy-env] VRAM request: 2.40GB, free before eviction: 15.96GB
[21:05]   [ComfyUI] [comfy-env] VRAM after eviction: 15.96GB
[21:06]   [ComfyUI] [worker:ComfyUI-SAM3DObjects] [VRAM] Stage2: before inference: torch=2328MiB alloc, 2368MiB reserved | gpu=3574MiB/16379MiB used
[21:06]   [ComfyUI] [worker:ComfyUI-SAM3DObjects] [DTYPE_DBG] _generate_noise_tensor: _compute_dtype=torch.bfloat16 shape=(1, 7248, 8) device=cuda:0
[21:06]   [ComfyUI] [worker:ComfyUI-SAM3DObjects] [VRAM] +1006MB (now 2330MB) reserved=2368MB peak=4116MB
[21:06]   [capture-loop] iter=1900 t=218.5s state={'complete': False, 'error': None, 'executedCount': 1, 'wsState': 1} eval_ms=2 ram=17.4/31.9GB (54%) swap=0.0/5.0GB (0%) cpu=24% browser_rss=0.87GB
[21:06]   [ComfyUI] [SubprocessWorker] callback 'report_progress' from call_id=81
[21:07]   [ComfyUI] [SubprocessWorker] callback 'report_progress' from call_id=81
[21:07]   Frame 75 saved (frame_074.jpg, t=219.6s)
[21:07]   [capture-periodic] freeze=3ms shot=103ms unfreeze=2ms saved=True
[21:07]   [ComfyUI] [SubprocessWorker] callback 'report_progress' from call_id=81
[21:08]   [ComfyUI] [SubprocessWorker] callback 'report_progress' from call_id=81
[21:08]   [ComfyUI] [SubprocessWorker] callback 'report_progress' from call_id=81
[21:09]   [ComfyUI] [SubprocessWorker] callback 'report_progress' from call_id=81
[21:09]   [ComfyUI] [SubprocessWorker] callback 'report_progress' from call_id=81
[21:09]   Frame 76 saved (frame_075.jpg, t=221.8s)
[21:09]   [capture-periodic] freeze=2ms shot=110ms unfreeze=2ms saved=True
[21:09]   [ComfyUI] [SubprocessWorker] callback 'report_progress' from call_id=81
[21:10]   [ComfyUI] [SubprocessWorker] callback 'report_progress' from call_id=81
[21:10]   [ComfyUI] [SubprocessWorker] callback 'report_progress' from call_id=81
[21:10]   [ComfyUI] [SubprocessWorker] callback 'report_progress' from call_id=81
[21:10]   [ComfyUI] [SubprocessWorker] callback 'report_progress' from call_id=81
[21:10]   [ComfyUI] [worker:ComfyUI-SAM3DObjects] [VRAM] Stage2: after inference: torch=2328MiB alloc, 2592MiB reserved | gpu=3798MiB/16379MiB used
[21:10]   [ComfyUI] [worker:ComfyUI-SAM3DObjects] [VRAM] -250MB (now 2081MB) reserved=2592MB peak=4116MB
[21:11]   [ComfyUI] [worker:ComfyUI-SAM3DObjects] [VRAM] Stage2: after model cleanup: torch=38MiB alloc, 288MiB reserved | gpu=1494MiB/16379MiB used
[21:11]   [ComfyUI] 2026-05-18 21:42:45.828 | WARNING  | nodes.sam3d.transforms:__post_init__:1359 - No rgb pointmap normalizer provided, using scale + shift
[21:11]   [ComfyUI] [SubprocessWorker] callback 'request_vram_budget' from call_id=81
[21:11]   [ComfyUI] [comfy-env] VRAM request: 2.50GB, free before eviction: 15.96GB
[21:11]   [ComfyUI] [comfy-env] VRAM after eviction: 15.96GB
[21:11]   [ComfyUI] [worker:ComfyUI-SAM3DObjects] [VRAM] Stage2: before embedding: torch=1254MiB alloc, 1280MiB reserved | gpu=2486MiB/16379MiB used
[21:11]   [ComfyUI] [worker:ComfyUI-SAM3DObjects] [VRAM] -770MB (now 1311MB) reserved=1376MB peak=4116MB
[21:11]   [ComfyUI] [worker:ComfyUI-SAM3DObjects] [VRAM] Stage2: after embedding: torch=1265MiB alloc, 1376MiB reserved | gpu=2582MiB/16379MiB used
[21:12]   Frame 77 saved (frame_076.jpg, t=224.1s)
[21:12]   [capture-periodic] freeze=2ms shot=113ms unfreeze=5ms saved=True
[21:12]   [capture-loop] iter=1950 t=224.3s state={'complete': False, 'error': None, 'executedCount': 1, 'wsState': 1} eval_ms=3 ram=18.9/31.9GB (59%) swap=0.0/5.0GB (0%) cpu=18% browser_rss=0.88GB
[21:12]   [ComfyUI] [worker:ComfyUI-SAM3DObjects] [VRAM] Stage2: after embedder unload: torch=38MiB alloc, 256MiB reserved | gpu=1462MiB/16379MiB used
[21:12]   [ComfyUI] [SubprocessWorker] callback 'request_vram_budget' from call_id=81
[21:12]   [ComfyUI] [comfy-env] VRAM request: 2.40GB, free before eviction: 15.96GB
[21:12]   [ComfyUI] [comfy-env] VRAM after eviction: 15.96GB
[21:12]   [ComfyUI] [worker:ComfyUI-SAM3DObjects] [VRAM] Stage2: before inference: torch=2328MiB alloc, 2368MiB reserved | gpu=3574MiB/16379MiB used
[21:12]   [ComfyUI] [worker:ComfyUI-SAM3DObjects] [DTYPE_DBG] _generate_noise_tensor: _compute_dtype=torch.bfloat16 shape=(1, 17879, 8) device=cuda:0
[21:12]   [ComfyUI] [worker:ComfyUI-SAM3DObjects] [VRAM] +1029MB (now 2341MB) reserved=2464MB peak=4116MB
[21:13]   [ComfyUI] [SubprocessWorker] callback 'report_progress' from call_id=81
[21:14]   Frame 78 saved (frame_077.jpg, t=226.3s)
[21:14]   [capture-periodic] freeze=2ms shot=109ms unfreeze=3ms saved=True
[21:14]   [ComfyUI] [SubprocessWorker] callback 'report_progress' from call_id=81
[21:15]   [ComfyUI] [SubprocessWorker] callback 'report_progress' from call_id=81
[21:16]   [ComfyUI] [worker:ComfyUI-SAM3DObjects] [VRAM] +206MB (now 2547MB) reserved=2944MB peak=4116MB
[21:16]   [ComfyUI] [SubprocessWorker] callback 'report_progress' from call_id=81
[21:16]   Frame 79 saved (frame_078.jpg, t=228.5s)
[21:16]   [capture-periodic] freeze=2ms shot=113ms unfreeze=3ms saved=True
[21:17]   [ComfyUI] [SubprocessWorker] callback 'report_progress' from call_id=81
[21:17]   [capture-loop] iter=2000 t=230.0s state={'complete': False, 'error': None, 'executedCount': 1, 'wsState': 1} eval_ms=2 ram=17.4/31.9GB (54%) swap=0.0/5.0GB (0%) cpu=32% browser_rss=0.88GB
[21:18]   [ComfyUI] [SubprocessWorker] callback 'report_progress' from call_id=81
[21:18]   Frame 80 saved (frame_079.jpg, t=230.7s)
[21:18]   [capture-periodic] freeze=2ms shot=108ms unfreeze=2ms saved=True
[21:19]   [ComfyUI] [SubprocessWorker] callback 'report_progress' from call_id=81
[21:19]   [ComfyUI] [SubprocessWorker] callback 'report_progress' from call_id=81
[21:19]   [ComfyUI] [SubprocessWorker] callback 'report_progress' from call_id=81
[21:20]   [ComfyUI] [SubprocessWorker] callback 'report_progress' from call_id=81
[21:20]   Frame 81 saved (frame_080.jpg, t=232.9s)
[21:20]   [capture-periodic] freeze=2ms shot=110ms unfreeze=4ms saved=True
[21:20]   [ComfyUI] [SubprocessWorker] callback 'report_progress' from call_id=81
[21:21]   [ComfyUI] [SubprocessWorker] callback 'report_progress' from call_id=81
[21:21]   [ComfyUI] [worker:ComfyUI-SAM3DObjects] [VRAM] Stage2: after inference: torch=2329MiB alloc, 2944MiB reserved | gpu=4150MiB/16379MiB used
[21:21]   [ComfyUI] [worker:ComfyUI-SAM3DObjects] [VRAM] -219MB (now 2329MB) reserved=2944MB peak=4116MB
[21:21]   [ComfyUI] [worker:ComfyUI-SAM3DObjects] [VRAM] Stage2: after model cleanup: torch=38MiB alloc, 288MiB reserved | gpu=1494MiB/16379MiB used
[21:21]   [ComfyUI] [worker:ComfyUI-SAM3DObjects] [VRAM] SceneGenerate: PHASE 3 start: torch=14MiB alloc, 288MiB reserved | gpu=1494MiB/16379MiB used
[21:21]   [ComfyUI] [SubprocessWorker] callback 'report_progress' from call_id=81
[21:21]   [ComfyUI] [worker:ComfyUI-SAM3DObjects] [VRAM] _load_decoder(slat_decoder_mesh): before instantiate: torch=14MiB alloc, 288MiB reserved | gpu=1494MiB/16379MiB used
[21:21]   [ComfyUI] [worker:ComfyUI-SAM3DObjects] [VRAM] _load_decoder(slat_decoder_mesh): after load_state_dict: torch=14MiB alloc, 448MiB reserved | gpu=1654MiB/16379MiB used
[21:21]   [ComfyUI] [SubprocessWorker] callback 'request_vram_budget' from call_id=81
[21:21]   [ComfyUI] [comfy-env] VRAM request: 0.18GB, free before eviction: 15.96GB
[21:21]   [ComfyUI] [comfy-env] VRAM after eviction: 15.96GB
[21:22]   [ComfyUI] [worker:ComfyUI-SAM3DObjects] [VRAM] Decode(mesh): after load_models_gpu: torch=187MiB alloc, 256MiB reserved | gpu=1462MiB/16379MiB used
[21:22]   [ComfyUI] [SubprocessWorker] callback 'report_progress' from call_id=81
[21:23]   Frame 82 saved (frame_081.jpg, t=235.1s)
[21:23]   [capture-periodic] freeze=2ms shot=103ms unfreeze=3ms saved=True
[21:23]   [capture-loop] iter=2050 t=235.9s state={'complete': False, 'error': None, 'executedCount': 1, 'wsState': 1} eval_ms=2 ram=19.6/31.9GB (61%) swap=0.0/5.0GB (0%) cpu=26% browser_rss=0.88GB
[21:24]   [ComfyUI] [worker:ComfyUI-SAM3DObjects] [VRAM] -1374MB (now 955MB) reserved=1056MB peak=4116MB
[21:28]   [ComfyUI] [worker:ComfyUI-SAM3DObjects] [VRAM] +1127MB (now 2082MB) reserved=2144MB peak=4116MB
[21:28]   [ComfyUI] [worker:ComfyUI-SAM3DObjects] WARNING: [VRAM:mesh] start: 1055 MiB | cubefeats torch.Size([1693760, 101])
[21:28]   [ComfyUI] [worker:ComfyUI-SAM3DObjects] [VRAM] -512MB (now 1571MB) reserved=1728MB peak=4116MB
[21:28]   [ComfyUI] [worker:ComfyUI-SAM3DObjects] WARNING: [VRAM:mesh] after sparse_cube2verts: 1151 MiB | v_pos torch.Size([1948990, 3])
[21:28]   [ComfyUI] [worker:ComfyUI-SAM3DObjects] WARNING: [VRAM:mesh] after get_sparse_attrs + del: 440 MiB | verts 1948990 cubes 1693760
[21:28]   [ComfyUI] [worker:ComfyUI-SAM3DObjects] WARNING: [VRAM:mesh] after dilation: 502 MiB | verts 2373242 cubes 2131960
[21:28]   [ComfyUI] [worker:ComfyUI-SAM3DObjects] WARNING: [VRAM:mesh] after searchsorted: 605 MiB | reg_c torch.Size([2131960, 8])
[21:28]   [ComfyUI] [worker:ComfyUI-SAM3DObjects] WARNING: [VRAM:fc] start: 605 MiB | verts torch.Size([2373243, 3]) cubes torch.Size([2131960, 8]) sdf torch.Size([2373243])
[21:28]   [ComfyUI] [worker:ComfyUI-SAM3DObjects] WARNING: [VRAM:fc] after _identify_surf_cubes: 623 MiB | surf_cubes 492678/2131960
[21:28]   [ComfyUI] [worker:ComfyUI-SAM3DObjects] WARNING: [VRAM:fc] after _get_case_id: 719 MiB
[21:29]   [ComfyUI] [worker:ComfyUI-SAM3DObjects] WARNING: [VRAM:fc] after _identify_surf_edges: 796 MiB | surf_edges torch.Size([493094, 2])
[21:29]   [ComfyUI] [worker:ComfyUI-SAM3DObjects] WARNING: [VRAM:fc] after _compute_vd: 867 MiB | vd torch.Size([493068, 3])
[21:29]   [ComfyUI] [worker:ComfyUI-SAM3DObjects] WARNING: [VRAM:fc] after _triangulate: 890 MiB | verts torch.Size([493068, 3]) faces torch.Size([986188, 3])
[21:29]   [ComfyUI] [worker:ComfyUI-SAM3DObjects] WARNING: [VRAM:mesh] after FlexiCubes: 640 MiB | verts torch.Size([493068, 3]) faces torch.Size([986188, 3])
[21:29]   [ComfyUI] [SubprocessWorker] callback 'report_progress' from call_id=81
[21:29]   [ComfyUI] [worker:ComfyUI-SAM3DObjects] [VRAM] Decode(mesh): after cleanup: torch=88MiB alloc, 384MiB reserved | gpu=1592MiB/16379MiB used
[21:29]   [capture-loop] iter=2100 t=241.4s state={'complete': False, 'error': None, 'executedCount': 1, 'wsState': 1} eval_ms=3 ram=19.9/31.9GB (62%) swap=0.0/5.0GB (0%) cpu=12% browser_rss=0.87GB
[21:29]   [ComfyUI] [SubprocessWorker] callback 'report_progress' from call_id=81
[21:29]   [ComfyUI] [SubprocessWorker] callback 'report_progress' from call_id=81
[21:29]   [ComfyUI] [SubprocessWorker] callback 'request_vram_budget' from call_id=81
[21:29]   [ComfyUI] [comfy-env] VRAM request: 0.18GB, free before eviction: 15.96GB
[21:29]   [ComfyUI] [comfy-env] VRAM after eviction: 15.96GB
[21:29]   [ComfyUI] [worker:ComfyUI-SAM3DObjects] [VRAM] Decode(mesh): after load_models_gpu: torch=188MiB alloc, 256MiB reserved | gpu=1464MiB/16379MiB used
[21:29]   Frame 83 saved (frame_082.jpg, t=241.5s)
[21:29]   [capture-periodic] freeze=2ms shot=111ms unfreeze=2ms saved=True
[21:29]   [ComfyUI] [worker:ComfyUI-SAM3DObjects] [VRAM] -1030MB (now 542MB) reserved=1184MB peak=4116MB
[21:30]   [ComfyUI] [worker:ComfyUI-SAM3DObjects] WARNING: [VRAM:mesh] start: 1314 MiB | cubefeats torch.Size([2199808, 101])
[21:30]   [ComfyUI] [worker:ComfyUI-SAM3DObjects] WARNING: [VRAM:mesh] after sparse_cube2verts: 1446 MiB | v_pos torch.Size([2648030, 3])
[21:30]   [ComfyUI] [worker:ComfyUI-SAM3DObjects] WARNING: [VRAM:mesh] after get_sparse_attrs + del: 523 MiB | verts 2648030 cubes 2199808
[21:30]   [ComfyUI] [worker:ComfyUI-SAM3DObjects] WARNING: [VRAM:mesh] after dilation: 634 MiB | verts 3417704 cubes 3001678
[21:30]   [ComfyUI] [worker:ComfyUI-SAM3DObjects] WARNING: [VRAM:mesh] after searchsorted: 778 MiB | reg_c torch.Size([3001678, 8])
[21:30]   [ComfyUI] [worker:ComfyUI-SAM3DObjects] WARNING: [VRAM:fc] start: 778 MiB | verts torch.Size([3417705, 3]) cubes torch.Size([3001678, 8]) sdf torch.Size([3417705])
[21:30]   [ComfyUI] [worker:ComfyUI-SAM3DObjects] WARNING: [VRAM:fc] after _identify_surf_cubes: 804 MiB | surf_cubes 775511/3001678
[21:30]   [ComfyUI] [worker:ComfyUI-SAM3DObjects] WARNING: [VRAM:fc] after _get_case_id: 947 MiB
[21:30]   [ComfyUI] [worker:ComfyUI-SAM3DObjects] WARNING: [VRAM:fc] after _identify_surf_edges: 1069 MiB | surf_edges torch.Size([777274, 2])
[21:30]   [ComfyUI] [worker:ComfyUI-SAM3DObjects] WARNING: [VRAM:fc] after _compute_vd: 1181 MiB | vd torch.Size([776829, 3])
[21:30]   [ComfyUI] [worker:ComfyUI-SAM3DObjects] WARNING: [VRAM:fc] after _triangulate: 1217 MiB | verts torch.Size([776829, 3]) faces torch.Size([1552988, 3])
[21:30]   [ComfyUI] [worker:ComfyUI-SAM3DObjects] WARNING: [VRAM:mesh] after FlexiCubes: 834 MiB | verts torch.Size([776829, 3]) faces torch.Size([1552988, 3])
[21:30]   [ComfyUI] [SubprocessWorker] callback 'report_progress' from call_id=81
[21:30]   [ComfyUI] [worker:ComfyUI-SAM3DObjects] [VRAM] -332MB (now 210MB) reserved=2176MB peak=4116MB
[21:30]   [ComfyUI] [worker:ComfyUI-SAM3DObjects] [VRAM] Decode(mesh): after cleanup: torch=131MiB alloc, 480MiB reserved | gpu=1688MiB/16379MiB used
[21:30]   [ComfyUI] [SubprocessWorker] callback 'report_progress' from call_id=81
[21:30]   [ComfyUI] [SubprocessWorker] callback 'report_progress' from call_id=81
[21:30]   [ComfyUI] [SubprocessWorker] callback 'request_vram_budget' from call_id=81
[21:30]   [ComfyUI] [comfy-env] VRAM request: 0.18GB, free before eviction: 15.96GB
[21:30]   [ComfyUI] [comfy-env] VRAM after eviction: 15.96GB
[21:30]   [ComfyUI] [worker:ComfyUI-SAM3DObjects] [VRAM] Decode(mesh): after load_models_gpu: torch=189MiB alloc, 288MiB reserved | gpu=1496MiB/16379MiB used
[21:31]   [ComfyUI] [worker:ComfyUI-SAM3DObjects] WARNING: [VRAM:mesh] start: 636 MiB | cubefeats torch.Size([872960, 101])
[21:31]   [ComfyUI] [worker:ComfyUI-SAM3DObjects] WARNING: [VRAM:mesh] after sparse_cube2verts: 687 MiB | v_pos torch.Size([1015973, 3])
[21:31]   [ComfyUI] [worker:ComfyUI-SAM3DObjects] WARNING: [VRAM:mesh] after get_sparse_attrs + del: 321 MiB | verts 1015973 cubes 872960
[21:31]   [ComfyUI] [worker:ComfyUI-SAM3DObjects] WARNING: [VRAM:mesh] after dilation: 358 MiB | verts 1275505 cubes 1137826
[21:31]   [ComfyUI] [worker:ComfyUI-SAM3DObjects] WARNING: [VRAM:mesh] after searchsorted: 412 MiB | reg_c torch.Size([1137826, 8])
[21:31]   [ComfyUI] [worker:ComfyUI-SAM3DObjects] WARNING: [VRAM:fc] start: 412 MiB | verts torch.Size([1275506, 3]) cubes torch.Size([1137826, 8]) sdf torch.Size([1275506])
[21:31]   [ComfyUI] [worker:ComfyUI-SAM3DObjects] WARNING: [VRAM:fc] after _identify_surf_cubes: 422 MiB | surf_cubes 279509/1137826
[21:31]   [ComfyUI] [worker:ComfyUI-SAM3DObjects] WARNING: [VRAM:fc] after _get_case_id: 475 MiB
[21:31]   [ComfyUI] [worker:ComfyUI-SAM3DObjects] WARNING: [VRAM:fc] after _identify_surf_edges: 519 MiB | surf_edges torch.Size([279590, 2])
[21:31]   [ComfyUI] [worker:ComfyUI-SAM3DObjects] WARNING: [VRAM:fc] after _compute_vd: 559 MiB | vd torch.Size([279568, 3])
[21:31]   [ComfyUI] [worker:ComfyUI-SAM3DObjects] WARNING: [VRAM:fc] after _triangulate: 572 MiB | verts torch.Size([279568, 3]) faces torch.Size([559180, 3])
[21:31]   [ComfyUI] [worker:ComfyUI-SAM3DObjects] WARNING: [VRAM:mesh] after FlexiCubes: 433 MiB | verts torch.Size([279568, 3]) faces torch.Size([559180, 3])
[21:31]   [ComfyUI] [SubprocessWorker] callback 'report_progress' from call_id=81
[21:31]   [ComfyUI] [worker:ComfyUI-SAM3DObjects] [VRAM] Decode(mesh): after cleanup: torch=58MiB alloc, 416MiB reserved | gpu=1624MiB/16379MiB used
[21:31]   [ComfyUI] [SubprocessWorker] callback 'report_progress' from call_id=81
[21:31]   [ComfyUI] [SubprocessWorker] callback 'report_progress' from call_id=81
[21:31]   [ComfyUI] [SubprocessWorker] callback 'request_vram_budget' from call_id=81
[21:31]   [ComfyUI] [comfy-env] VRAM request: 0.18GB, free before eviction: 15.96GB
[21:31]   [ComfyUI] [comfy-env] VRAM after eviction: 15.96GB
[21:31]   [ComfyUI] [worker:ComfyUI-SAM3DObjects] [VRAM] Decode(mesh): after load_models_gpu: torch=190MiB alloc, 288MiB reserved | gpu=1496MiB/16379MiB used
[21:31]   Frame 84 saved (frame_083.jpg, t=243.7s)
[21:31]   [capture-periodic] freeze=2ms shot=118ms unfreeze=3ms saved=True
[21:31]   [ComfyUI] [worker:ComfyUI-SAM3DObjects] [VRAM] +308MB (now 519MB) reserved=736MB peak=4116MB
[21:32]   [ComfyUI] [worker:ComfyUI-SAM3DObjects] WARNING: [VRAM:mesh] start: 1108 MiB | cubefeats torch.Size([1794048, 101])
[21:32]   [ComfyUI] [worker:ComfyUI-SAM3DObjects] WARNING: [VRAM:mesh] after sparse_cube2verts: 1218 MiB | v_pos torch.Size([2218169, 3])
[21:32]   [ComfyUI] [worker:ComfyUI-SAM3DObjects] WARNING: [VRAM:mesh] after get_sparse_attrs + del: 465 MiB | verts 2218169 cubes 1794048
[21:32]   [ComfyUI] [worker:ComfyUI-SAM3DObjects] WARNING: [VRAM:mesh] after dilation: 571 MiB | verts 2966865 cubes 2544555
[21:32]   [ComfyUI] [worker:ComfyUI-SAM3DObjects] WARNING: [VRAM:mesh] after searchsorted: 693 MiB | reg_c torch.Size([2544555, 8])
[21:32]   [ComfyUI] [worker:ComfyUI-SAM3DObjects] WARNING: [VRAM:fc] start: 693 MiB | verts torch.Size([2966866, 3]) cubes torch.Size([2544555, 8]) sdf torch.Size([2966866])
[21:32]   [ComfyUI] [worker:ComfyUI-SAM3DObjects] WARNING: [VRAM:fc] after _identify_surf_cubes: 714 MiB | surf_cubes 823581/2544555
[21:32]   [ComfyUI] [worker:ComfyUI-SAM3DObjects] WARNING: [VRAM:fc] after _get_case_id: 851 MiB
[21:32]   [ComfyUI] [worker:ComfyUI-SAM3DObjects] WARNING: [VRAM:fc] after _identify_surf_edges: 980 MiB | surf_edges torch.Size([825980, 2])
[21:32]   [ComfyUI] [worker:ComfyUI-SAM3DObjects] WARNING: [VRAM:fc] after _compute_vd: 1100 MiB | vd torch.Size([824658, 3])
[21:32]   [ComfyUI] [worker:ComfyUI-SAM3DObjects] WARNING: [VRAM:fc] after _triangulate: 1137 MiB | verts torch.Size([824658, 3]) faces torch.Size([1646364, 3])
[21:32]   [ComfyUI] [worker:ComfyUI-SAM3DObjects] WARNING: [VRAM:mesh] after FlexiCubes: 752 MiB | verts torch.Size([824658, 3]) faces torch.Size([1646364, 3])
[21:32]   [ComfyUI] [SubprocessWorker] callback 'report_progress' from call_id=81
[21:32]   [ComfyUI] [worker:ComfyUI-SAM3DObjects] [VRAM] Decode(mesh): after cleanup: torch=140MiB alloc, 480MiB reserved | gpu=1688MiB/16379MiB used
[21:32]   [ComfyUI] [worker:ComfyUI-SAM3DObjects] [VRAM] -380MB (now 140MB) reserved=480MB peak=4116MB
[21:32]   [ComfyUI] [SubprocessWorker] callback 'report_progress' from call_id=81
[21:32]   [ComfyUI] [SubprocessWorker] callback 'report_progress' from call_id=81
[21:32]   [ComfyUI] [SubprocessWorker] callback 'request_vram_budget' from call_id=81
[21:32]   [ComfyUI] [comfy-env] VRAM request: 0.18GB, free before eviction: 15.96GB
[21:32]   [ComfyUI] [comfy-env] VRAM after eviction: 15.96GB
[21:32]   [ComfyUI] [worker:ComfyUI-SAM3DObjects] [VRAM] Decode(mesh): after load_models_gpu: torch=191MiB alloc, 288MiB reserved | gpu=1496MiB/16379MiB used
[21:33]   [ComfyUI] [worker:ComfyUI-SAM3DObjects] WARNING: [VRAM:mesh] start: 1052 MiB | cubefeats torch.Size([1682112, 101])
[21:33]   [ComfyUI] [worker:ComfyUI-SAM3DObjects] WARNING: [VRAM:mesh] after sparse_cube2verts: 1148 MiB | v_pos torch.Size([1949370, 3])
[21:33]   [ComfyUI] [worker:ComfyUI-SAM3DObjects] WARNING: [VRAM:mesh] after get_sparse_attrs + del: 443 MiB | verts 1949370 cubes 1682112
[21:33]   [ComfyUI] [worker:ComfyUI-SAM3DObjects] [VRAM] +1066MB (now 1206MB) reserved=1504MB peak=4116MB
[21:33]   [ComfyUI] [worker:ComfyUI-SAM3DObjects] WARNING: [VRAM:mesh] after dilation: 507 MiB | verts 2401900 cubes 2142471
[21:33]   [ComfyUI] [worker:ComfyUI-SAM3DObjects] WARNING: [VRAM:mesh] after searchsorted: 610 MiB | reg_c torch.Size([2142471, 8])
[21:33]   [ComfyUI] [worker:ComfyUI-SAM3DObjects] WARNING: [VRAM:fc] start: 610 MiB | verts torch.Size([2401901, 3]) cubes torch.Size([2142471, 8]) sdf torch.Size([2401901])
[21:33]   [ComfyUI] [worker:ComfyUI-SAM3DObjects] WARNING: [VRAM:fc] after _identify_surf_cubes: 629 MiB | surf_cubes 504550/2142471
[21:33]   [ComfyUI] [worker:ComfyUI-SAM3DObjects] WARNING: [VRAM:fc] after _get_case_id: 726 MiB
[21:33]   Frame 85 saved (frame_084.jpg, t=245.9s)
[21:33]   [capture-periodic] freeze=2ms shot=106ms unfreeze=2ms saved=True
[21:33]   [ComfyUI] [worker:ComfyUI-SAM3DObjects] WARNING: [VRAM:fc] after _identify_surf_edges: 805 MiB | surf_edges torch.Size([504646, 2])
[21:33]   [ComfyUI] [worker:ComfyUI-SAM3DObjects] WARNING: [VRAM:fc] after _compute_vd: 878 MiB | vd torch.Size([504733, 3])
[21:33]   [ComfyUI] [worker:ComfyUI-SAM3DObjects] WARNING: [VRAM:fc] after _triangulate: 901 MiB | verts torch.Size([504733, 3]) faces torch.Size([1009264, 3])
[21:33]   [ComfyUI] [worker:ComfyUI-SAM3DObjects] WARNING: [VRAM:mesh] after FlexiCubes: 647 MiB | verts torch.Size([504733, 3]) faces torch.Size([1009264, 3])
[21:33]   [ComfyUI] [SubprocessWorker] callback 'report_progress' from call_id=81
[21:33]   [ComfyUI] [worker:ComfyUI-SAM3DObjects] [VRAM] Decode(mesh): after cleanup: torch=93MiB alloc, 480MiB reserved | gpu=1688MiB/16379MiB used
[21:34]   [ComfyUI] [SubprocessWorker] callback 'report_progress' from call_id=81
[21:34]   [ComfyUI] [SubprocessWorker] callback 'report_progress' from call_id=81
[21:34]   [ComfyUI] [SubprocessWorker] callback 'request_vram_budget' from call_id=81
[21:34]   [ComfyUI] [comfy-env] VRAM request: 0.18GB, free before eviction: 15.96GB
[21:34]   [ComfyUI] [comfy-env] VRAM after eviction: 15.96GB
[21:34]   [ComfyUI] [worker:ComfyUI-SAM3DObjects] [VRAM] Decode(mesh): after load_models_gpu: torch=191MiB alloc, 288MiB reserved | gpu=1496MiB/16379MiB used
[21:34]   [ComfyUI] [worker:ComfyUI-SAM3DObjects] WARNING: [VRAM:mesh] start: 429 MiB | cubefeats torch.Size([463872, 101])
[21:34]   [ComfyUI] [worker:ComfyUI-SAM3DObjects] WARNING: [VRAM:mesh] after sparse_cube2verts: 456 MiB | v_pos torch.Size([538689, 3])
[21:34]   [ComfyUI] [worker:ComfyUI-SAM3DObjects] WARNING: [VRAM:mesh] after get_sparse_attrs + del: 261 MiB | verts 538689 cubes 463872
[21:34]   [ComfyUI] [worker:ComfyUI-SAM3DObjects] WARNING: [VRAM:mesh] after dilation: 281 MiB | verts 675729 cubes 602864
[21:34]   [ComfyUI] [worker:ComfyUI-SAM3DObjects] WARNING: [VRAM:mesh] after searchsorted: 310 MiB | reg_c torch.Size([602864, 8])
[21:34]   [ComfyUI] [worker:ComfyUI-SAM3DObjects] WARNING: [VRAM:fc] start: 310 MiB | verts torch.Size([675730, 3]) cubes torch.Size([602864, 8]) sdf torch.Size([675730])
[21:34]   [ComfyUI] [worker:ComfyUI-SAM3DObjects] WARNING: [VRAM:fc] after _identify_surf_cubes: 315 MiB | surf_cubes 146038/602864
[21:34]   [ComfyUI] [worker:ComfyUI-SAM3DObjects] WARNING: [VRAM:fc] after _get_case_id: 343 MiB
[21:34]   [ComfyUI] [worker:ComfyUI-SAM3DObjects] WARNING: [VRAM:fc] after _identify_surf_edges: 366 MiB | surf_edges torch.Size([146048, 2])
[21:34]   [ComfyUI] [worker:ComfyUI-SAM3DObjects] WARNING: [VRAM:fc] after _compute_vd: 387 MiB | vd torch.Size([146045, 3])
[21:34]   [ComfyUI] [worker:ComfyUI-SAM3DObjects] WARNING: [VRAM:fc] after _triangulate: 393 MiB | verts torch.Size([146045, 3]) faces torch.Size([292070, 3])
[21:34]   [ComfyUI] [worker:ComfyUI-SAM3DObjects] WARNING: [VRAM:mesh] after FlexiCubes: 320 MiB | verts torch.Size([146045, 3]) faces torch.Size([292070, 3])
[21:34]   [ComfyUI] [SubprocessWorker] callback 'report_progress' from call_id=81
[21:34]   [ComfyUI] [worker:ComfyUI-SAM3DObjects] [VRAM] Decode(mesh): after cleanup: torch=40MiB alloc, 384MiB reserved | gpu=1592MiB/16379MiB used
[21:34]   [ComfyUI] [SubprocessWorker] callback 'report_progress' from call_id=81
[21:34]   [ComfyUI] [SubprocessWorker] callback 'report_progress' from call_id=81
[21:34]   [ComfyUI] [SubprocessWorker] callback 'request_vram_budget' from call_id=81
[21:34]   [ComfyUI] [comfy-env] VRAM request: 0.18GB, free before eviction: 15.96GB
[21:34]   [ComfyUI] [comfy-env] VRAM after eviction: 15.96GB
[21:34]   [ComfyUI] [worker:ComfyUI-SAM3DObjects] [VRAM] Decode(mesh): after load_models_gpu: torch=192MiB alloc, 288MiB reserved | gpu=1496MiB/16379MiB used
[21:34]   [ComfyUI] [worker:ComfyUI-SAM3DObjects] [VRAM] -944MB (now 263MB) reserved=1216MB peak=4116MB
[21:34]   [ComfyUI] [worker:ComfyUI-SAM3DObjects] WARNING: [VRAM:mesh] start: 778 MiB | cubefeats torch.Size([1144256, 101])
[21:35]   [ComfyUI] [worker:ComfyUI-SAM3DObjects] WARNING: [VRAM:mesh] after sparse_cube2verts: 845 MiB | v_pos torch.Size([1357114, 3])
[21:35]   [capture-loop] iter=2150 t=247.2s state={'complete': False, 'error': None, 'executedCount': 1, 'wsState': 1} eval_ms=2 ram=19.5/31.9GB (61%) swap=0.0/5.0GB (0%) cpu=25% browser_rss=0.88GB
[21:35]   [ComfyUI] [worker:ComfyUI-SAM3DObjects] WARNING: [VRAM:mesh] after get_sparse_attrs + del: 365 MiB | verts 1357114 cubes 1144256
[21:35]   [ComfyUI] [worker:ComfyUI-SAM3DObjects] WARNING: [VRAM:mesh] after dilation: 418 MiB | verts 1726925 cubes 1528438
[21:35]   [ComfyUI] [worker:ComfyUI-SAM3DObjects] WARNING: [VRAM:mesh] after searchsorted: 492 MiB | reg_c torch.Size([1528438, 8])
[21:35]   [ComfyUI] [worker:ComfyUI-SAM3DObjects] WARNING: [VRAM:fc] start: 492 MiB | verts torch.Size([1726926, 3]) cubes torch.Size([1528438, 8]) sdf torch.Size([1726926])
[21:35]   [ComfyUI] [worker:ComfyUI-SAM3DObjects] WARNING: [VRAM:fc] after _identify_surf_cubes: 505 MiB | surf_cubes 363671/1528438
[21:35]   [ComfyUI] [worker:ComfyUI-SAM3DObjects] WARNING: [VRAM:fc] after _get_case_id: 575 MiB
[21:35]   [ComfyUI] [worker:ComfyUI-SAM3DObjects] WARNING: [VRAM:fc] after _identify_surf_edges: 632 MiB | surf_edges torch.Size([363804, 2])
[21:35]   [ComfyUI] [worker:ComfyUI-SAM3DObjects] WARNING: [VRAM:fc] after _compute_vd: 685 MiB | vd torch.Size([363778, 3])
[21:35]   [ComfyUI] [worker:ComfyUI-SAM3DObjects] WARNING: [VRAM:fc] after _triangulate: 701 MiB | verts torch.Size([363778, 3]) faces torch.Size([727518, 3])
[21:35]   [ComfyUI] [worker:ComfyUI-SAM3DObjects] WARNING: [VRAM:mesh] after FlexiCubes: 518 MiB | verts torch.Size([363778, 3]) faces torch.Size([727518, 3])
[21:35]   [ComfyUI] [SubprocessWorker] callback 'report_progress' from call_id=81
[21:35]   [ComfyUI] [worker:ComfyUI-SAM3DObjects] [VRAM] Decode(mesh): after cleanup: torch=73MiB alloc, 384MiB reserved | gpu=1592MiB/16379MiB used
[21:35]   [ComfyUI] [SubprocessWorker] callback 'report_progress' from call_id=81
[21:35]   [ComfyUI] [worker:ComfyUI-SAM3DObjects] [VRAM] SceneGenerate: done: torch=10MiB alloc, 384MiB reserved | gpu=1592MiB/16379MiB used
[21:35]   [ComfyUI] [SubprocessWorker] got response: ok
[21:35]   [ComfyUI] [comfy-env] [VRAM] Before offload 'MoGeModelV1_1' (599 MB) -> cpu: 1156 / 16379 MB
[21:35]   [ComfyUI] [ComfyUI-SAM3DObjects] Health check: ping (timeout=5.0s)...
[21:35]   [ComfyUI] [ComfyUI-SAM3DObjects] Health check: ok
[21:35]   [ComfyUI] [SubprocessWorker] call_id=82 sending model_to_device
[21:35]   [ComfyUI] Model 'MoGeModelV1_1' gone from worker (restarted?), treating as offloaded
[21:35]   [ComfyUI] [comfy-env] [VRAM] After offload 'MoGeModelV1_1' (599 MB): 1156 / 16379 MB
[21:35]   [ComfyUI] [comfy-env] Created 6 model patchers: ['EmbedderFuser_1', 'ShortCut_2', 'SparseStructureDecoderTdfyWrapper_3', 'EmbedderFuser_4', 'FlowMatching_5', 'SLatMeshDecoderTdfyWrapper_6']
[21:35]   [ComfyUI] [comfy-env] SAM3DSceneGenerate done (217.95s): result: NodeOutput
[21:35]   [ComfyUI] [VRAM] After SAM3DSceneGenerate: 1156 / 16379 MB
[21:35]   [ComfyUI] [VRAM] Loaded: SubprocessModel (0 MB), SubprocessModel (0 MB), SubprocessModel (0 MB), SubprocessModel (0 MB), SubprocessModel (0 MB), SubprocessModel (0 MB)
[21:35]   [ComfyUI] [comfy-env] Running SAM3D_ScenePoseOptimize: output_folder: 'C:\\workspaces\\SAM3DObjects-2121\\ComfyUI\\output\\sam3..., optimization_mode: 'pose_only'
[21:35]   [ComfyUI] [VRAM] Before SAM3D_ScenePoseOptimize: 1156 / 16379 MB
[21:35]   [ComfyUI] [VRAM] Loaded: SubprocessModel (0 MB), SubprocessModel (0 MB), SubprocessModel (0 MB), SubprocessModel (0 MB), SubprocessModel (0 MB), SubprocessModel (0 MB)
[21:35]   [ComfyUI] [SubprocessWorker] call_method: nodes.scene_pose_optimize.SAM3D_ScenePoseOptimize.EXECUTE_NORMALIZED
[21:35]   [ComfyUI] [SubprocessWorker] acquired lock, ensuring started...
[21:35]   [ComfyUI] [ComfyUI-SAM3DObjects] Health check: ping (timeout=5.0s)...
[21:35]   [ComfyUI] [ComfyUI-SAM3DObjects] Health check: ok
[21:35]   [ComfyUI] [SubprocessWorker] worker started/confirmed
[21:35]   [ComfyUI] [SubprocessWorker] serializing kwargs to shm...
[21:35]   [ComfyUI] [SubprocessWorker] created 0 shm blocks
[21:35]   [ComfyUI] [SubprocessWorker] sending request via socket...
[21:35]   [ComfyUI] [SubprocessWorker] call_id=83 sending call_method
[21:35]   [ComfyUI] [worker:ComfyUI-SAM3DObjects] [VRAM] -254MB (now 9MB) reserved=384MB peak=4116MB
[21:36]   Frame 86 saved (frame_085.jpg, t=248.1s)
[21:36]   [capture-periodic] freeze=2ms shot=120ms unfreeze=4ms saved=True
[21:36]   [ComfyUI] [SubprocessWorker] got response: ok
[21:36]   [ComfyUI] [comfy-env] SubprocessWorker: C:\Users\ContainerUser\AppData\Local\Programs\comfy-env\.pixi\envs\geometrypack-nodes\python.exe
[21:36]   [ComfyUI] [comfy-env] SAM3D_ScenePoseOptimize done (0.89s): result: NodeOutput
[21:36]   [ComfyUI] [comfy-env] env_vars: {'KMP_DUPLICATE_LIB_OK': 'TRUE', 'OMP_NUM_THREADS': '1', 'COMFYUI_BASE': 'C:\\workspaces\\SAM3DObjects-2121\\ComfyUI'}
[21:36]   [ComfyUI] [VRAM] After SAM3D_ScenePoseOptimize: 1156 / 16379 MB
[21:36]   [ComfyUI] [VRAM] Loaded: SubprocessModel (0 MB), SubprocessModel (0 MB), SubprocessModel (0 MB), SubprocessModel (0 MB), SubprocessModel (0 MB), SubprocessModel (0 MB)
[21:36]   [ComfyUI] [comfy-env] Running GeomPackLoadMeshBatch: folder_path: 'C:\\workspaces\\SAM3DObjects-2121\\ComfyUI\\output\\sam3..., start_index: 0, max_meshes: -1
[21:36]   [ComfyUI] [ComfyUI-GeometryPack] python: C:\Users\ContainerUser\AppData\Local\Programs\comfy-env\.pixi\envs\geometrypack-nodes\python.exe
[21:36]   [ComfyUI] [VRAM] Before GeomPackLoadMeshBatch: 1156 / 16379 MB
[21:36]   [ComfyUI] [ComfyUI-GeometryPack] sys_path sent to worker: ['C:\\workspaces\\SAM3DObjects-2121\\ComfyUI', 'C:\\workspaces\\SAM3DObjects-2121\\ComfyUI\\custom_nodes\\ComfyUI-GeometryPack', 'C:\\Users\\ContainerUser\\AppData\\Local\\Programs\\comfy-env\\.pixi\\envs\\geometrypack-nodes\\Lib\\site-packages', 'C:\\workspaces\\SAM3DObjects-2121\\ComfyUI\\custom_nodes\\ComfyUI-GeometryPack']
[21:36]   [ComfyUI] [VRAM] Loaded: SubprocessModel (0 MB), SubprocessModel (0 MB), SubprocessModel (0 MB), SubprocessModel (0 MB), SubprocessModel (0 MB), SubprocessModel (0 MB)
[21:36]   [ComfyUI] [SubprocessWorker] is_pixi=True, python=C:\Users\ContainerUser\AppData\Local\Programs\comfy-env\.pixi\envs\geometrypack-nodes\python.exe
[21:36]   [ComfyUI] [SubprocessWorker] call_method: nodes.io.load_mesh_batch.LoadMeshBatch.EXECUTE_NORMALIZED
[21:36]   [ComfyUI] [SubprocessWorker] launching cmd=['C:\\Users\\ContainerUser\\.pixi\\bin\\pixi.exe', 'run', '--as-is', '--manifest-path', 'C:\\Users\\ContainerUser\\AppData\\Local\\Programs\\comfy-env\\pixi.toml', '-e', 'geometrypack-nodes', 'python', 'C:\\Users\\ContainerUser\\AppData\\Local\\Temp\\comfyui_pvenv_p70k3pte\\persistent_worker.py', 'tcp://127.0.0.1:50661']...
[21:36]   [ComfyUI] [SubprocessWorker] acquired lock, ensuring started...
[21:36]   [ComfyUI] [comfy-env] geometrypack-nodes: Library/bin has 611 DLLs
[21:38]   Frame 87 saved (frame_086.jpg, t=250.3s)
[21:38]   [capture-periodic] freeze=2ms shot=107ms unfreeze=2ms saved=True
[21:38]   [ComfyUI] [worker:ComfyUI-GeometryPack] ERROR: Failed to import comfy_kitchen, Error: No module named 'comfy_kitchen', fp8 and fp4 support will not be available.
[21:38]   [ComfyUI] [SubprocessWorker] worker started/confirmed
[21:38]   [ComfyUI] [SubprocessWorker] serializing kwargs to shm...
[21:38]   [ComfyUI] [SubprocessWorker] created 0 shm blocks
[21:38]   [ComfyUI] [SubprocessWorker] sending request via socket...
[21:38]   [ComfyUI] [SubprocessWorker] call_id=1 sending call_method
[21:40]   [ComfyUI] [worker:ComfyUI-GeometryPack] INFO: Found folder relative to ComfyUI root: C:\workspaces\SAM3DObjects-2121\ComfyUI\output\sam3d_scene_1_pose_optimized
[21:40]   [ComfyUI] [worker:ComfyUI-GeometryPack] INFO: Found 7 mesh files
[21:40]   [ComfyUI] [worker:ComfyUI-GeometryPack] INFO: Loading: C:\workspaces\SAM3DObjects-2121\ComfyUI\output\sam3d_scene_1_pose_optimized\object_0.glb
[21:40]   [ComfyUI] [worker:ComfyUI-GeometryPack] INFO: Converting Scene to single mesh (scene has 1 geometries)
[21:40]   [ComfyUI] [worker:ComfyUI-GeometryPack] INFO: Initial mesh: 493068 vertices, 986188 faces
[21:40]   [capture-loop] iter=2200 t=253.0s state={'complete': False, 'error': None, 'executedCount': 1, 'wsState': 1} eval_ms=3 ram=20.3/31.9GB (64%) swap=0.0/5.0GB (0%) cpu=22% browser_rss=0.88GB
[21:41]   [ComfyUI] [worker:ComfyUI-GeometryPack] INFO: Cleanup: 493068->493066 vertices, 986188->986184 faces
[21:41]   [ComfyUI] [worker:ComfyUI-GeometryPack] INFO: Removed: 2 duplicate vertices, 4 bad faces
[21:41]   [ComfyUI] [worker:ComfyUI-GeometryPack] INFO: Successfully loaded: 493066 vertices, 986184 faces
[21:41]   [ComfyUI] [worker:ComfyUI-GeometryPack] INFO: [1/7] Loaded object_0.glb: 493066 vertices, 986184 faces
[21:41]   [ComfyUI] [worker:ComfyUI-GeometryPack] INFO: Loading: C:\workspaces\SAM3DObjects-2121\ComfyUI\output\sam3d_scene_1_pose_optimized\object_1.glb
[21:41]   [ComfyUI] [worker:ComfyUI-GeometryPack] INFO: Converting Scene to single mesh (scene has 1 geometries)
[21:41]   [ComfyUI] [worker:ComfyUI-GeometryPack] INFO: Initial mesh: 776829 vertices, 1552988 faces
[21:42]   [ComfyUI] [worker:ComfyUI-GeometryPack] INFO: Cleanup: 776829->776826 vertices, 1552988->1552982 faces
[21:42]   [ComfyUI] [worker:ComfyUI-GeometryPack] INFO: Removed: 3 duplicate vertices, 6 bad faces
[21:42]   [ComfyUI] [worker:ComfyUI-GeometryPack] INFO: Successfully loaded: 776826 vertices, 1552982 faces
[21:42]   [ComfyUI] [worker:ComfyUI-GeometryPack] INFO: [2/7] Loaded object_1.glb: 776826 vertices, 1552982 faces
[21:42]   [ComfyUI] [worker:ComfyUI-GeometryPack] INFO: Loading: C:\workspaces\SAM3DObjects-2121\ComfyUI\output\sam3d_scene_1_pose_optimized\object_2.glb
[21:42]   [ComfyUI] [worker:ComfyUI-GeometryPack] INFO: Converting Scene to single mesh (scene has 1 geometries)
[21:42]   [ComfyUI] [worker:ComfyUI-GeometryPack] INFO: Initial mesh: 279568 vertices, 559180 faces
[21:42]   [ComfyUI] [worker:ComfyUI-GeometryPack] INFO: Successfully loaded: 279568 vertices, 559180 faces
[21:42]   [ComfyUI] [worker:ComfyUI-GeometryPack] INFO: [3/7] Loaded object_2.glb: 279568 vertices, 559180 faces
[21:42]   [ComfyUI] [worker:ComfyUI-GeometryPack] INFO: Loading: C:\workspaces\SAM3DObjects-2121\ComfyUI\output\sam3d_scene_1_pose_optimized\object_3.glb
[21:42]   [ComfyUI] [worker:ComfyUI-GeometryPack] INFO: Converting Scene to single mesh (scene has 1 geometries)
[21:43]   [ComfyUI] [worker:ComfyUI-GeometryPack] INFO: Initial mesh: 824658 vertices, 1646364 faces
[21:44]   [ComfyUI] [worker:ComfyUI-GeometryPack] INFO: Cleanup: 824658->824656 vertices, 1646364->1646362 faces
[21:44]   [ComfyUI] [worker:ComfyUI-GeometryPack] INFO: Removed: 2 duplicate vertices, 2 bad faces
[21:44]   [ComfyUI] [worker:ComfyUI-GeometryPack] INFO: Successfully loaded: 824656 vertices, 1646362 faces
[21:44]   [ComfyUI] [worker:ComfyUI-GeometryPack] INFO: [4/7] Loaded object_3.glb: 824656 vertices, 1646362 faces
[21:44]   [ComfyUI] [worker:ComfyUI-GeometryPack] INFO: Loading: C:\workspaces\SAM3DObjects-2121\ComfyUI\output\sam3d_scene_1_pose_optimized\object_4.glb
[21:44]   [ComfyUI] [worker:ComfyUI-GeometryPack] INFO: Converting Scene to single mesh (scene has 1 geometries)
[21:44]   [ComfyUI] [worker:ComfyUI-GeometryPack] INFO: Initial mesh: 504733 vertices, 1009264 faces
[21:45]   [ComfyUI] [worker:ComfyUI-GeometryPack] INFO: Successfully loaded: 504733 vertices, 1009264 faces
[21:45]   [ComfyUI] [worker:ComfyUI-GeometryPack] INFO: [5/7] Loaded object_4.glb: 504733 vertices, 1009264 faces
[21:45]   [ComfyUI] [worker:ComfyUI-GeometryPack] INFO: Loading: C:\workspaces\SAM3DObjects-2121\ComfyUI\output\sam3d_scene_1_pose_optimized\object_5.glb
[21:45]   [ComfyUI] [worker:ComfyUI-GeometryPack] INFO: Converting Scene to single mesh (scene has 1 geometries)
[21:45]   [ComfyUI] [worker:ComfyUI-GeometryPack] INFO: Initial mesh: 146045 vertices, 292070 faces
[21:45]   [ComfyUI] [worker:ComfyUI-GeometryPack] INFO: Cleanup: 146045->146044 vertices, 292070->292068 faces
[21:45]   [ComfyUI] [worker:ComfyUI-GeometryPack] INFO: Removed: 1 duplicate vertices, 2 bad faces
[21:45]   [ComfyUI] [worker:ComfyUI-GeometryPack] INFO: Successfully loaded: 146044 vertices, 292068 faces
[21:45]   [ComfyUI] [worker:ComfyUI-GeometryPack] INFO: [6/7] Loaded object_5.glb: 146044 vertices, 292068 faces
[21:45]   [ComfyUI] [worker:ComfyUI-GeometryPack] INFO: Loading: C:\workspaces\SAM3DObjects-2121\ComfyUI\output\sam3d_scene_1_pose_optimized\object_6.glb
[21:45]   [ComfyUI] [worker:ComfyUI-GeometryPack] INFO: Converting Scene to single mesh (scene has 1 geometries)
[21:45]   [ComfyUI] [worker:ComfyUI-GeometryPack] INFO: Initial mesh: 363778 vertices, 727518 faces
[21:46]   [ComfyUI] [worker:ComfyUI-GeometryPack] INFO: Cleanup: 363778->363776 vertices, 727518->727514 faces
[21:46]   [ComfyUI] [worker:ComfyUI-GeometryPack] INFO: Removed: 2 duplicate vertices, 4 bad faces
[21:46]   [ComfyUI] [worker:ComfyUI-GeometryPack] INFO: Successfully loaded: 363776 vertices, 727514 faces
[21:46]   [ComfyUI] [worker:ComfyUI-GeometryPack] INFO: [7/7] Loaded object_6.glb: 363776 vertices, 727514 faces
[21:46]   [ComfyUI] [worker:ComfyUI-GeometryPack] INFO: Successfully loaded 7 meshes
[21:46]   [capture-loop] iter=2250 t=258.6s state={'complete': False, 'error': None, 'executedCount': 1, 'wsState': 1} eval_ms=2 ram=21.6/31.9GB (68%) swap=0.0/5.0GB (0%) cpu=14% browser_rss=0.87GB
[21:47]   [ComfyUI] [SubprocessWorker] got response: ok
[21:49]   [ComfyUI] [comfy-env] GeomPackLoadMeshBatch done (13.32s): result: NodeOutput
[21:49]   [ComfyUI] [VRAM] After GeomPackLoadMeshBatch: 1156 / 16379 MB
[21:49]   [ComfyUI] [VRAM] Loaded: SubprocessModel (0 MB), SubprocessModel (0 MB), SubprocessModel (0 MB), SubprocessModel (0 MB), SubprocessModel (0 MB), SubprocessModel (0 MB)
[21:49]   [ComfyUI] [comfy-env] Running GeomPackCombineMeshesBatch: meshes: list[7]
[21:49]   [ComfyUI] [VRAM] Before GeomPackCombineMeshesBatch: 1156 / 16379 MB
[21:49]   [ComfyUI] [VRAM] Loaded: SubprocessModel (0 MB), SubprocessModel (0 MB), SubprocessModel (0 MB), SubprocessModel (0 MB), SubprocessModel (0 MB), SubprocessModel (0 MB)
[21:49]   [ComfyUI] [SubprocessWorker] call_method: nodes.combine.combine_meshes_batch.CombineMeshesBatchNode.EXECUTE_NORMALIZED
[21:49]   [ComfyUI] [SubprocessWorker] acquired lock, ensuring started...
[21:49]   [ComfyUI] [ComfyUI-GeometryPack] Health check: ping (timeout=5.0s)...
[21:49]   [ComfyUI] [ComfyUI-GeometryPack] Health check: ok
[21:49]   [ComfyUI] [SubprocessWorker] worker started/confirmed
[21:49]   [ComfyUI] [SubprocessWorker] serializing kwargs to shm...
[21:50]   [ComfyUI] [SubprocessWorker] created 7 shm blocks
[21:50]   [ComfyUI] [SubprocessWorker] sending request via socket...
[21:50]   [ComfyUI] [SubprocessWorker] call_id=2 sending call_method
[21:50]   [ComfyUI] [worker:ComfyUI-GeometryPack] INFO: Combining 7 meshes
[21:50]   [ComfyUI] [worker:ComfyUI-GeometryPack] INFO: Mesh 1: 493066 vertices, 986184 faces
[21:50]   [ComfyUI] [worker:ComfyUI-GeometryPack] INFO: Mesh 2: 776826 vertices, 1552982 faces
[21:50]   [ComfyUI] [worker:ComfyUI-GeometryPack] INFO: Mesh 3: 279568 vertices, 559180 faces
[21:50]   [ComfyUI] [worker:ComfyUI-GeometryPack] INFO: Mesh 4: 824656 vertices, 1646362 faces
[21:50]   [ComfyUI] [worker:ComfyUI-GeometryPack] INFO: Mesh 5: 504733 vertices, 1009264 faces
[21:50]   [ComfyUI] [worker:ComfyUI-GeometryPack] INFO: Mesh 6: 146044 vertices, 292068 faces
[21:50]   [ComfyUI] [worker:ComfyUI-GeometryPack] INFO: Mesh 7: 363776 vertices, 727514 faces
[21:51]   Frame 88 saved (frame_087.jpg, t=263.2s)
[21:51]   [capture-periodic] freeze=2ms shot=107ms unfreeze=6ms saved=True
[21:52]   [capture-loop] iter=2300 t=264.3s state={'complete': False, 'error': None, 'executedCount': 1, 'wsState': 1} eval_ms=3 ram=23.6/31.9GB (74%) swap=0.0/5.0GB (0%) cpu=14% browser_rss=0.87GB
[21:57]   [capture-loop] iter=2350 t=270.0s state={'complete': False, 'error': None, 'executedCount': 1, 'wsState': 1} eval_ms=3 ram=24.1/31.9GB (75%) swap=0.0/5.0GB (0%) cpu=15% browser_rss=0.87GB
[21:58]   [ComfyUI] [worker:ComfyUI-GeometryPack] INFO: Result: 3388669 vertices, 6773554 faces
[22:00]   [ComfyUI] [SubprocessWorker] got response: ok
[22:00]   [ComfyUI] [comfy-env] GeomPackCombineMeshesBatch done (10.66s): result: NodeOutput
[22:00]   [ComfyUI] [VRAM] After GeomPackCombineMeshesBatch: 1156 / 16379 MB
[22:00]   [ComfyUI] [VRAM] Loaded: SubprocessModel (0 MB), SubprocessModel (0 MB), SubprocessModel (0 MB), SubprocessModel (0 MB), SubprocessModel (0 MB), SubprocessModel (0 MB)
[22:00]   [ComfyUI] [comfy-env] Running GeomPackPreviewMeshVTK: mode: 'texture', trimesh: Trimesh
[22:00]   [ComfyUI] [VRAM] Before GeomPackPreviewMeshVTK: 1156 / 16379 MB
[22:00]   [ComfyUI] [VRAM] Loaded: SubprocessModel (0 MB), SubprocessModel (0 MB), SubprocessModel (0 MB), SubprocessModel (0 MB), SubprocessModel (0 MB), SubprocessModel (0 MB)
[22:00]   [ComfyUI] [SubprocessWorker] call_method: nodes.visualization.preview_mesh_vtk.PreviewMeshVTKNode.EXECUTE_NORMALIZED
[22:00]   [ComfyUI] [SubprocessWorker] acquired lock, ensuring started...
[22:00]   [ComfyUI] [ComfyUI-GeometryPack] Health check: ping (timeout=5.0s)...
[22:00]   [ComfyUI] [ComfyUI-GeometryPack] Health check: ok
[22:00]   [ComfyUI] [SubprocessWorker] worker started/confirmed
[22:00]   [ComfyUI] [SubprocessWorker] serializing kwargs to shm...
[22:00]   Node executed (2 total), capturing...
[22:00]   Frame 89 saved (frame_088.jpg, t=272.7s)
[22:00]   [capture-node] freeze=3ms shot=100ms unfreeze=2ms saved=True
[22:01]   [ComfyUI] [SubprocessWorker] created 1 shm blocks
[22:01]   [ComfyUI] [SubprocessWorker] sending request via socket...
[22:01]   [ComfyUI] [SubprocessWorker] call_id=3 sending call_method
[22:01]   [ComfyUI] [worker:ComfyUI-GeometryPack] INFO: Preparing preview: Mesh - 3388669 vertices, 6773554 faces
[22:01]   [ComfyUI] [worker:ComfyUI-GeometryPack] INFO: Mode: texture
[22:01]   [ComfyUI] [worker:ComfyUI-GeometryPack] INFO: Visual data - has_visual: True, kind: vertex, texture: False, vertex_colors: True
[22:01]   [ComfyUI] [worker:ComfyUI-GeometryPack] INFO: Using texture mode - GLB export
[22:03]   [capture-loop] iter=2400 t=275.9s state={'complete': False, 'error': None, 'executedCount': 2, 'wsState': 1} eval_ms=3 ram=24.5/31.9GB (77%) swap=0.0/5.0GB (0%) cpu=18% browser_rss=0.88GB
[22:05]   [ComfyUI] [worker:ComfyUI-GeometryPack] INFO: Exported GLB to: C:\workspaces\SAM3DObjects-2121\ComfyUI\output\preview_vtk_4ce0d32c.glb
[22:08]   [ComfyUI] [worker:ComfyUI-GeometryPack] INFO: Texture mode info: watertight=False, volume=None, area=3.1214197270884783, texture=False, vertex_colors=True
[22:08]   [ComfyUI] [SubprocessWorker] got response: ok
[22:08]   [ComfyUI] [comfy-env] GeomPackPreviewMeshVTK done (8.45s): result: NodeOutput
[22:08]   [ComfyUI] [VRAM] After GeomPackPreviewMeshVTK: 1156 / 16379 MB
[22:08]   [ComfyUI] [VRAM] Loaded: SubprocessModel (0 MB), SubprocessModel (0 MB), SubprocessModel (0 MB), SubprocessModel (0 MB), SubprocessModel (0 MB), SubprocessModel (0 MB)
[22:08]   [ComfyUI] [comfy-env] Running SAM3D_ProjectionOverlay: pose_opt_folder: 'C:\\workspaces\\SAM3DObjects-2121\\ComfyUI\\output\\sam3..., render_mode: '3d_mesh_textured', point_size: 2, alpha: 0.6
[22:08]   [ComfyUI] [VRAM] Before SAM3D_ProjectionOverlay: 1156 / 16379 MB
[22:08]   [ComfyUI] [VRAM] Loaded: SubprocessModel (0 MB), SubprocessModel (0 MB), SubprocessModel (0 MB), SubprocessModel (0 MB), SubprocessModel (0 MB), SubprocessModel (0 MB)
[22:08]   [ComfyUI] [SubprocessWorker] call_method: nodes.projection_overlay.SAM3D_ProjectionOverlay.EXECUTE_NORMALIZED
[22:08]   [ComfyUI] [SubprocessWorker] acquired lock, ensuring started...
[22:08]   [ComfyUI] [ComfyUI-SAM3DObjects] Health check: ping (timeout=5.0s)...
[22:08]   [ComfyUI] [ComfyUI-SAM3DObjects] Health check: failed
[22:08]   [ComfyUI] [ComfyUI-SAM3DObjects] Socket unhealthy, restarting worker...
[22:08]   [ComfyUI] [comfy-env] Invalidated 6 stale model patchers (will be cleaned up during next unload)
[22:08]   Node executed (3 total), capturing...
[22:08]   [ComfyUI] [comfy-env] sam3dobjects-nodes: Library/bin has 648 DLLs
[22:08]   [ComfyUI] [ComfyUI-SAM3DObjects] python: C:\Users\ContainerUser\AppData\Local\Programs\comfy-env\.pixi\envs\sam3dobjects-nodes\python.exe
[22:08]   [ComfyUI] [ComfyUI-SAM3DObjects] sys_path sent to worker: ['C:\\workspaces\\SAM3DObjects-2121\\ComfyUI', 'C:\\workspaces\\SAM3DObjects-2121\\ComfyUI\\custom_nodes\\ComfyUI-SAM3DObjects', 'C:\\Users\\ContainerUser\\AppData\\Local\\Programs\\comfy-env\\.pixi\\envs\\sam3dobjects-nodes\\Lib\\site-packages', 'C:\\workspaces\\SAM3DObjects-2121\\ComfyUI\\custom_nodes\\ComfyUI-SAM3DObjects']
[22:08]   [ComfyUI] [SubprocessWorker] is_pixi=True, python=C:\Users\ContainerUser\AppData\Local\Programs\comfy-env\.pixi\envs\sam3dobjects-nodes\python.exe
[22:08]   [ComfyUI] [SubprocessWorker] launching cmd=['C:\\Users\\ContainerUser\\.pixi\\bin\\pixi.exe', 'run', '--as-is', '--manifest-path', 'C:\\Users\\ContainerUser\\AppData\\Local\\Programs\\comfy-env\\pixi.toml', '-e', 'sam3dobjects-nodes', 'python', 'C:\\Users\\ContainerUser\\AppData\\Local\\Temp\\comfyui_pvenv_tt8d992t\\persistent_worker.py', 'tcp://127.0.0.1:50663']...
[22:09]   Frame 90 saved (frame_089.jpg, t=281.1s)
[22:09]   [capture-node] freeze=79ms shot=166ms unfreeze=12ms saved=True
[22:11]   [ComfyUI] [worker:ComfyUI-SAM3DObjects] ERROR: Failed to import comfy_kitchen, Error: No module named 'comfy_kitchen', fp8 and fp4 support will not be available.
[22:11]   [ComfyUI] [SubprocessWorker] worker started/confirmed
[22:11]   [ComfyUI] [SubprocessWorker] serializing kwargs to shm...
[22:11]   [ComfyUI] [SubprocessWorker] created 0 shm blocks
[22:11]   [ComfyUI] [SubprocessWorker] sending request via socket...
[22:11]   [ComfyUI] [SubprocessWorker] call_id=84 sending call_method
[22:14]   Frame 91 saved (frame_090.jpg, t=285.7s)
[22:14]   [capture-periodic] freeze=6ms shot=1189ms unfreeze=12ms saved=True
[22:14]   [capture-loop] iter=2450 t=287.0s state={'complete': False, 'error': None, 'executedCount': 3, 'wsState': 1} eval_ms=6 ram=17.5/31.9GB (55%) swap=0.0/5.0GB (0%) cpu=45% browser_rss=3.34GB
[22:20]   [capture-loop] iter=2500 t=293.0s state={'complete': False, 'error': None, 'executedCount': 3, 'wsState': 1} eval_ms=3 ram=18.9/31.9GB (59%) swap=0.0/5.0GB (0%) cpu=16% browser_rss=2.65GB
[22:22]   [ComfyUI] [SubprocessWorker] got response: ok
[22:22]   [ComfyUI] [comfy-env] [VRAM] Before offload 'SLatMeshDecoderTdfyWrapper_6' (173 MB) -> cpu: 1156 / 16379 MB
[22:22]   [ComfyUI] [ComfyUI-SAM3DObjects] Health check: ping (timeout=5.0s)...
[22:22]   [ComfyUI] [ComfyUI-SAM3DObjects] Health check: ok
[22:22]   [ComfyUI] [SubprocessWorker] call_id=85 sending model_to_device
[22:22]   [ComfyUI] Model 'SLatMeshDecoderTdfyWrapper_6' gone from worker (restarted?), treating as offloaded
[22:22]   [ComfyUI] [comfy-env] [VRAM] After offload 'SLatMeshDecoderTdfyWrapper_6' (173 MB): 1156 / 16379 MB
[22:22]   [ComfyUI] [comfy-env] [VRAM] Before offload 'FlowMatching_5' (2290 MB) -> cpu: 1156 / 16379 MB
[22:22]   [ComfyUI] [ComfyUI-SAM3DObjects] Health check: ping (timeout=5.0s)...
[22:22]   [ComfyUI] [ComfyUI-SAM3DObjects] Health check: ok
[22:22]   [ComfyUI] [SubprocessWorker] call_id=86 sending model_to_device
[22:22]   [ComfyUI] Model 'FlowMatching_5' gone from worker (restarted?), treating as offloaded
[22:22]   [ComfyUI] [comfy-env] [VRAM] After offload 'FlowMatching_5' (2290 MB): 1156 / 16379 MB
[22:22]   [ComfyUI] [comfy-env] [VRAM] Before offload 'EmbedderFuser_4' (1227 MB) -> cpu: 1156 / 16379 MB
[22:22]   [ComfyUI] [ComfyUI-SAM3DObjects] Health check: ping (timeout=5.0s)...
[22:22]   [ComfyUI] [ComfyUI-SAM3DObjects] Health check: ok
[22:22]   [ComfyUI] [SubprocessWorker] call_id=87 sending model_to_device
[22:22]   [ComfyUI] Model 'EmbedderFuser_4' gone from worker (restarted?), treating as offloaded
[22:22]   [ComfyUI] [comfy-env] [VRAM] After offload 'EmbedderFuser_4' (1227 MB): 1156 / 16379 MB
[22:22]   [ComfyUI] [comfy-env] [VRAM] Before offload 'SparseStructureDecoderTdfyWrapper_3' (140 MB) -> cpu: 1156 / 16379 MB
[22:22]   [ComfyUI] [ComfyUI-SAM3DObjects] Health check: ping (timeout=5.0s)...
[22:22]   [ComfyUI] [ComfyUI-SAM3DObjects] Health check: ok
[22:22]   [ComfyUI] [SubprocessWorker] call_id=88 sending model_to_device
[22:22]   [ComfyUI] Model 'SparseStructureDecoderTdfyWrapper_3' gone from worker (restarted?), treating as offloaded
[22:22]   [ComfyUI] [comfy-env] [VRAM] After offload 'SparseStructureDecoderTdfyWrapper_3' (140 MB): 1156 / 16379 MB
[22:22]   [ComfyUI] [comfy-env] [VRAM] Before offload 'ShortCut_2' (3677 MB) -> cpu: 1156 / 16379 MB
[22:22]   [ComfyUI] [ComfyUI-SAM3DObjects] Health check: ping (timeout=5.0s)...
[22:22]   [ComfyUI] [ComfyUI-SAM3DObjects] Health check: ok
[22:22]   [ComfyUI] [SubprocessWorker] call_id=89 sending model_to_device
[22:22]   [ComfyUI] Model 'ShortCut_2' gone from worker (restarted?), treating as offloaded
[22:22]   [ComfyUI] [comfy-env] [VRAM] After offload 'ShortCut_2' (3677 MB): 1156 / 16379 MB
[22:22]   [ComfyUI] [comfy-env] [VRAM] Before offload 'EmbedderFuser_1' (1259 MB) -> cpu: 1156 / 16379 MB
[22:22]   [ComfyUI] [ComfyUI-SAM3DObjects] Health check: ping (timeout=5.0s)...
[22:22]   [ComfyUI] [ComfyUI-SAM3DObjects] Health check: ok
[22:22]   [ComfyUI] [SubprocessWorker] call_id=90 sending model_to_device
[22:22]   [ComfyUI] Model 'EmbedderFuser_1' gone from worker (restarted?), treating as offloaded
[22:22]   [ComfyUI] [comfy-env] [VRAM] After offload 'EmbedderFuser_1' (1259 MB): 1156 / 16379 MB
[22:22]   [ComfyUI] [comfy-env] SAM3D_ProjectionOverlay done (13.32s): result: NodeOutput
[22:22]   [ComfyUI] [VRAM] After SAM3D_ProjectionOverlay: 1156 / 16379 MB
[22:22]   [ComfyUI] Prompt executed in 294.58 seconds
[22:22]   Node executed (4 total), capturing...
[22:22]   Frame 92 saved (frame_091.jpg, t=294.9s)
[22:22]   [capture-node] freeze=3ms shot=110ms unfreeze=0ms saved=True
[22:22]   Execution complete (t=294.9s)
[22:22]   [3d-wait] Phase 1: Waiting for 'Loading 3D Model' text to disappear...
[22:22]   [3d-wait] Phase 1 done in 0.0s
[22:22]   [3d-wait] Phase 2: iframes=1
[22:22]   [3d-wait] iframe viewer_ready=True (matched 1 console logs)
[22:22]   [3d-wait] Unfrozen in 0.002s, rendering for 5s...
[22:27]   [3d-wait] JS halted via CDP after 5.0s
[22:28]   [3d-wait] Re-frozen in 6.0s
[22:28]   [3d-wait] Total 3D wait: 6.0s
[22:28]   Captured 92 unique frames over 301.11s
[22:28]   [debug] iframes: 1
[22:28]   [debug]   iframe[0]: src=http://127.0.0.1:41894/extensions/ComfyUI-GeometryPack/viewer_vtk_textured.html?, canvas=486x356, rafFrozen=True
[22:28]   [timing] trigger_3d_previews: 0.0s
[22:31]   Saved high-quality screenshot: scene_generation_executed.png
[22:31]   [timing] final_screenshot: 0.2s
[22:31] Results saved to C:\logs\SAM3DObjects-2121\dev\windows-gpu\results.json
[22:31] Model report: 34 files, 13.9 GB -> C:\logs\SAM3DObjects-2121\dev\windows-gpu\models.json
[22:31] Saved: C:\logs\SAM3DObjects-2121\dev\windows-gpu\index.html
[22:31] [EXECUTION] PASSED
[22:31] 
windows: PASSED
[22:31] Stopping ComfyUI server...
