Capturing execution frames: debug_large_image_results.json
  Frame 1 saved (frame_000.jpg, t=0.0s)
  Validating workflow...
  [ComfyUI] === /validate endpoint called ===
  Queuing workflow for execution...
  [ComfyUI] Received JSON with keys: ['prompt']
  [ComfyUI] Prompt has 10 nodes
  [ComfyUI]   Node 59: SAM3D_DepthEstimate
  [ComfyUI]     Inputs: {"depth_model": ["74", 0], "image": ["77", 0]}
  [ComfyUI]   Node 74: LoadSAM3DModel
  [ComfyUI]     Inputs: {"attn_backend": "flash_attn", "compile": false, "precision": "auto"}
  [ComfyUI]   Node 75: MultibandLoad
  [ComfyUI]     Inputs: {"image": "scene_multiband.npz", "normalize": true}
  [ComfyUI]   Node 77: MultibandToImage
  [ComfyUI]     Inputs: {"channels": "0,1,2", "multiband": ["75", 0]}
  [ComfyUI]   Node 78: MultibandToMasks
  [ComfyUI]     Inputs: {"channels": "3", "auto_detect_masks": false, "multiband": ["75", 0]}
  [ComfyUI]   Node 88: PreviewImage
  [ComfyUI]     Inputs: {"images": ["77", 0]}
  [ComfyUI]   Node 92: SAM3DGenerateSLAT
  [ComfyUI]     Inputs: {"seed": 42, "stage1_steps": 12, "stage1_cfg": 7.5, "stage1_cfg_pm": 0, "stage2_steps": 12, "stage2_cfg": 5, "use_distillation": false, "generator": ["74", 1], "image": ["77", 0], "mask": ["78", 0], "
  [ComfyUI]   Node 93: SAM3DMeshDecode
  [ComfyUI]     Inputs: {"with_postprocess": false, "simplify": 0.95, "up_axis": "Y-up (standard)", "world_coordinates": false, "use_sparse_flexicubes": true, "slat_decoder_mesh": ["74", 3], "slat": ["92", 0]}
  [ComfyUI]   Node 94: Preview3D
  [ComfyUI]     Inputs: {"model_file": ["93", 0], "image": ""}
  [ComfyUI]   Node 95: MaskPreview
  [ComfyUI]     Inputs: {"mask": ["78", 0]}
  [ComfyUI] Generated prompt_id: d54b64ae-61b3-436a-86e7-30b470bd31e9
  [ComfyUI] Calling execution.validate_prompt()...
  [ComfyUI] Validation result: valid=True
  [ComfyUI] === Validation PASSED ===
  [ComfyUI] got prompt
  [ComfyUI] LoadMultibandImage: Loaded C:\workspaces\SAM3DObjects-1643\portable-comfyui\ComfyUI_windows_portable\ComfyUI\input\scene_multiband.npz
  [ComfyUI]   Shape: (1, 10, 2240, 3360)
  [ComfyUI]   Channels: 10
  [ComfyUI]   Names: img_01_r,img_01_g,img_01_b,mask_01,mask_02,mask_03,mask_04,mask_05,mask_06,mask_07
  Frame 2 saved (frame_001.jpg, t=2.4s)
  [capture-periodic] freeze=4ms shot=149ms unfreeze=7ms saved=True
  Node executed (1 total), capturing...
  [ComfyUI] [comfy-env] Running LoadSAM3DModel: attn_backend: 'flash_attn', compile: False, precision: 'auto'
  [ComfyUI] [comfy-env] SubprocessWorker: C:\workspaces\SAM3DObjects-1643\portable-comfyui\ComfyUI_windows_portable\ComfyUI\.ce\.pixi\envs\sam3dobjects-nodes\python.exe
  [ComfyUI] [VRAM] Before LoadSAM3DModel: 1042 / 12287 MB
  [ComfyUI] [comfy-env] env_vars: {'COMFYUI_BASE': 'C:\\workspaces\\SAM3DObjects-1643\\portable-comfyui\\ComfyUI_windows_portable\\ComfyUI'}
  [ComfyUI] [SubprocessWorker] call_method: nodes.load_model.LoadSAM3DModel.EXECUTE_NORMALIZED
  [ComfyUI] [SubprocessWorker] acquired lock, ensuring started...
  [ComfyUI] [comfy-env] sam3dobjects-nodes: Library/bin has 646 DLLs
  [ComfyUI] [ComfyUI-SAM3DObjects] python: C:\workspaces\SAM3DObjects-1643\portable-comfyui\ComfyUI_windows_portable\ComfyUI\.ce\.pixi\envs\sam3dobjects-nodes\python.exe
  [ComfyUI] [ComfyUI-SAM3DObjects] sys_path sent to worker: ['C:\\workspaces\\SAM3DObjects-1643\\portable-comfyui\\ComfyUI_windows_portable\\ComfyUI', 'C:\\workspaces\\SAM3DObjects-1643\\portable-comfyui\\ComfyUI_windows_portable\\ComfyUI\\custom_nodes\\ComfyUI-SAM3DObjects', 'C:\\workspaces\\SAM3DObjects-1643\\portable-comfyui\\ComfyUI_windows_portable\\ComfyUI\\.ce\\.pixi\\envs\\sam3dobjects-nodes\\Lib\\site-packages', 'C:\\workspaces\\SAM3DObjects-1643\\portable-comfyui\\ComfyUI_windows_portable\\ComfyUI\\custom_nodes\\ComfyUI-SAM3DObjects']
  [ComfyUI] [SubprocessWorker] is_pixi=True, python=C:\workspaces\SAM3DObjects-1643\portable-comfyui\ComfyUI_windows_portable\ComfyUI\.ce\.pixi\envs\sam3dobjects-nodes\python.exe
  [ComfyUI] [SubprocessWorker] launching cmd=['C:\\Users\\ContainerAdministrator\\.pixi\\bin\\pixi.exe', 'run', '--as-is', '--manifest-path', 'C:\\workspaces\\SAM3DObjects-1643\\portable-comfyui\\ComfyUI_windows_portable\\ComfyUI\\.ce\\pixi.toml', '-e', 'sam3dobjects-nodes', 'python', 'C:\\Users\\ContainerAdministrator\\AppData\\Local\\Temp\\comfyui_pvenv_i3zj6sa2\\persistent_worker.py', 'tcp://127.0.0.1:53651']...
  Frame 3 saved (frame_002.jpg, t=2.9s)
  [capture-node] freeze=5ms shot=176ms unfreeze=5ms saved=True
  Node executed (2 total), capturing...
  Frame 4 saved (frame_003.jpg, t=3.4s)
  [capture-node] freeze=5ms shot=144ms unfreeze=4ms saved=True
  Frame 5 saved (frame_004.jpg, t=5.7s)
  [capture-periodic] freeze=4ms shot=132ms unfreeze=5ms saved=True
  [capture-loop] iter=50 t=7.0s state={'complete': False, 'error': None, 'executedCount': 2, 'wsState': 1} eval_ms=4 ram=11.1/31.9GB (35%) swap=0.3/5.0GB (5%) cpu=6% browser_rss=0.84GB
  [capture-loop] iter=100 t=13.4s state={'complete': False, 'error': None, 'executedCount': 2, 'wsState': 1} eval_ms=4 ram=11.9/31.9GB (37%) swap=0.3/5.0GB (5%) cpu=4% browser_rss=0.84GB
  [capture-loop] iter=150 t=19.4s state={'complete': False, 'error': None, 'executedCount': 2, 'wsState': 1} eval_ms=4 ram=11.9/31.9GB (37%) swap=0.3/5.0GB (5%) cpu=4% browser_rss=0.84GB
  [capture-loop] iter=200 t=25.2s state={'complete': False, 'error': None, 'executedCount': 2, 'wsState': 1} eval_ms=4 ram=12.7/31.9GB (40%) swap=0.3/5.0GB (5%) cpu=4% browser_rss=0.76GB
  [ComfyUI] [worker:ComfyUI-SAM3DObjects] WARNING: WARNING: You need pytorch with cu130 or higher to use optimized CUDA operations.
  [ComfyUI] [SubprocessWorker] worker started/confirmed
  [ComfyUI] [SubprocessWorker] serializing kwargs to shm...
  [ComfyUI] [SubprocessWorker] created 0 shm blocks
  [ComfyUI] [SubprocessWorker] sending request via socket...
  [ComfyUI] [SubprocessWorker] call_id=1 sending call_method
  [ComfyUI] C:\workspaces\SAM3DObjects-1643\portable-comfyui\ComfyUI_windows_portable\ComfyUI\.ce\.pixi\envs\sam3dobjects-nodes\Lib\site-packages\huggingface_hub\utils\_validators.py:205: UserWarning: The `local_dir_use_symlinks` argument is deprecated and ignored in `hf_hub_download`. Downloading to a local directory does not use symlinks anymore.
  [ComfyUI]   warnings.warn(
  [ComfyUI] 
  [capture-loop] iter=250 t=31.2s state={'complete': False, 'error': None, 'executedCount': 2, 'wsState': 1} eval_ms=4 ram=11.1/31.9GB (35%) swap=0.3/5.0GB (5%) cpu=4% browser_rss=0.76GB
  [ComfyUI] slat_decoder_mesh.safetensors:   0%|          | 0.00/364M [00:00<?, ?B/s]
  [ComfyUI] slat_decoder_mesh.safetensors:   1%|          | 2.55M/364M [00:03<07:43, 779kB/s][SubprocessWorker] callback 'report_progress' from call_id=1
  Frame 6 saved (frame_005.jpg, t=34.5s)
  [capture-periodic] freeze=4ms shot=160ms unfreeze=5ms saved=True
  Frame 7 saved (frame_006.jpg, t=36.8s)
  [capture-periodic] freeze=4ms shot=158ms unfreeze=4ms saved=True
  [capture-loop] iter=300 t=37.3s state={'complete': False, 'error': None, 'executedCount': 2, 'wsState': 1} eval_ms=4 ram=11.2/31.9GB (35%) swap=0.3/5.0GB (5%) cpu=5% browser_rss=0.76GB
  [ComfyUI] 
  [ComfyUI] slat_decoder_mesh.safetensors:   3%|▎         | 9.47M/364M [00:09<05:37, 1.05MB/s][SubprocessWorker] callback 'report_progress' from call_id=1
  Frame 8 saved (frame_007.jpg, t=41.3s)
  [capture-periodic] freeze=4ms shot=168ms unfreeze=11ms saved=True
  [ComfyUI] 
  [ComfyUI] slat_decoder_mesh.safetensors:  60%|█████▉    | 217M/364M [00:12<00:06, 24.3MB/s] [SubprocessWorker] callback 'report_progress' from call_id=1
  [capture-loop] iter=350 t=43.2s state={'complete': False, 'error': None, 'executedCount': 2, 'wsState': 1} eval_ms=4 ram=11.5/31.9GB (36%) swap=0.3/5.0GB (5%) cpu=10% browser_rss=0.77GB
  [ComfyUI] 
  [ComfyUI] slat_decoder_mesh.safetensors:  94%|█████████▎| 340M/364M [00:13<00:00, 36.8MB/s][SubprocessWorker] callback 'report_progress' from call_id=1
  Frame 9 saved (frame_008.jpg, t=43.6s)
  [capture-periodic] freeze=4ms shot=147ms unfreeze=4ms saved=True
  [ComfyUI] 
  [ComfyUI] slat_decoder_mesh.safetensors: 100%|██████████| 364M/364M [00:13<00:00, 38.1MB/s][SubprocessWorker] callback 'report_progress' from call_id=1
  [ComfyUI] 
  [ComfyUI] slat_decoder_mesh.safetensors: 100%|██████████| 364M/364M [00:13<00:00, 26.1MB/s]
  [ComfyUI] 
  [ComfyUI] slat_decoder_gs_4.yaml:   0%|          | 0.00/575 [00:00<?, ?B/s][SubprocessWorker] callback 'report_progress' from call_id=1
  [ComfyUI] 
  [ComfyUI] slat_decoder_gs_4.yaml: 100%|██████████| 575/575 [00:00<00:00, 394kB/s]
  [ComfyUI] Warning: You are sending unauthenticated requests to the HF Hub. Please set a HF_TOKEN to enable higher rate limits and faster downloads.
  [ComfyUI] [worker:ComfyUI-SAM3DObjects] WARNING: Warning: You are sending unauthenticated requests to the HF Hub. Please set a HF_TOKEN to enable higher rate limits and faster downloads.
  [ComfyUI] 
  [ComfyUI] slat_decoder_mesh.yaml:   0%|          | 0.00/300 [00:00<?, ?B/s][SubprocessWorker] callback 'report_progress' from call_id=1
  [ComfyUI] 
  [ComfyUI] slat_decoder_mesh.yaml: 100%|██████████| 300/300 [00:00<00:00, 218kB/s]
  [ComfyUI] 
  [ComfyUI] pipeline.yaml: 0.00B [00:00, ?B/s]
  [ComfyUI] pipeline.yaml: 3.55kB [00:00, 3.68MB/s]
  [ComfyUI] 
  [ComfyUI] slat_generator.yaml: 0.00B [00:00, ?B/s]
  [ComfyUI] slat_generator.yaml: 1.99kB [00:00, 1.90MB/s]
  [ComfyUI] 
  Frame 10 saved (frame_009.jpg, t=45.9s)
  [capture-periodic] freeze=4ms shot=135ms unfreeze=4ms saved=True
  [ComfyUI] ss_generator.safetensors:   0%|          | 0.00/6.69G [00:00<?, ?B/s]
  [ComfyUI] ss_generator.safetensors:   0%|          | 326k/6.69G [00:01<7:08:34, 260kB/s][SubprocessWorker] callback 'report_progress' from call_id=1
  [ComfyUI] 
  [ComfyUI] ss_generator.safetensors:   1%|          | 54.9M/6.69G [00:02<04:17, 25.8MB/s][SubprocessWorker] callback 'report_progress' from call_id=1
  Frame 11 saved (frame_010.jpg, t=48.2s)
  [capture-periodic] freeze=5ms shot=165ms unfreeze=12ms saved=True
  [ComfyUI] 
  [capture-loop] iter=400 t=49.4s state={'complete': False, 'error': None, 'executedCount': 2, 'wsState': 1} eval_ms=5 ram=11.7/31.9GB (36%) swap=0.3/5.0GB (5%) cpu=8% browser_rss=0.77GB
  [ComfyUI] ss_generator.safetensors:   1%|          | 67.5M/6.69G [00:03<04:50, 22.8MB/s]
  [ComfyUI] ss_generator.safetensors:   2%|▏         | 156M/6.69G [00:04<02:15, 48.2MB/s] [SubprocessWorker] callback 'report_progress' from call_id=1
  [ComfyUI] 
  Frame 12 saved (frame_011.jpg, t=50.5s)
  [capture-periodic] freeze=5ms shot=179ms unfreeze=7ms saved=True
  [ComfyUI] ss_generator.safetensors:   3%|▎         | 168M/6.69G [00:05<02:47, 39.0MB/s]
  [ComfyUI] ss_generator.safetensors:   3%|▎         | 206M/6.69G [00:05<02:18, 47.0MB/s][SubprocessWorker] callback 'report_progress' from call_id=1
  [ComfyUI] 
  [ComfyUI] ss_generator.safetensors:   3%|▎         | 219M/6.69G [00:06<03:10, 33.9MB/s]
  [ComfyUI] ss_generator.safetensors:   7%|▋         | 454M/6.69G [00:07<00:48, 128MB/s] [SubprocessWorker] callback 'report_progress' from call_id=1
  [ComfyUI] 
  [ComfyUI] ss_generator.safetensors:   8%|▊         | 512M/6.69G [00:07<00:43, 142MB/s][SubprocessWorker] callback 'report_progress' from call_id=1
  Frame 13 saved (frame_012.jpg, t=52.9s)
  [capture-periodic] freeze=5ms shot=178ms unfreeze=5ms saved=True
  [ComfyUI] 
  [ComfyUI] ss_generator.safetensors:   9%|▊         | 571M/6.69G [00:07<00:45, 136MB/s][SubprocessWorker] callback 'report_progress' from call_id=1
  [ComfyUI] 
  [ComfyUI] ss_generator.safetensors:   9%|▉         | 622M/6.69G [00:08<00:48, 126MB/s][SubprocessWorker] callback 'report_progress' from call_id=1
  [ComfyUI] 
  [ComfyUI] ss_generator.safetensors:  10%|█         | 676M/6.69G [00:08<00:49, 121MB/s][SubprocessWorker] callback 'report_progress' from call_id=1
  [ComfyUI] 
  [ComfyUI] ss_generator.safetensors:  11%|█         | 726M/6.69G [00:09<00:51, 115MB/s][SubprocessWorker] callback 'report_progress' from call_id=1
  [ComfyUI] 
  [ComfyUI] ss_generator.safetensors:  12%|█▏        | 773M/6.69G [00:09<00:46, 127MB/s][SubprocessWorker] callback 'report_progress' from call_id=1
  Frame 14 saved (frame_013.jpg, t=55.1s)
  [capture-periodic] freeze=5ms shot=184ms unfreeze=13ms saved=True
  [ComfyUI] 
  [ComfyUI] ss_generator.safetensors:  13%|█▎        | 847M/6.69G [00:10<00:57, 101MB/s][SubprocessWorker] callback 'report_progress' from call_id=1
  [capture-loop] iter=450 t=56.1s state={'complete': False, 'error': None, 'executedCount': 2, 'wsState': 1} eval_ms=5 ram=12.1/31.9GB (38%) swap=0.3/5.0GB (5%) cpu=18% browser_rss=0.75GB
  [ComfyUI] 
  [ComfyUI] ss_generator.safetensors:  15%|█▌        | 1.02G/6.69G [00:10<00:29, 191MB/s][SubprocessWorker] callback 'report_progress' from call_id=1
  Frame 15 saved (frame_014.jpg, t=57.4s)
  [capture-periodic] freeze=4ms shot=164ms unfreeze=6ms saved=True
  [ComfyUI] 
  [ComfyUI] ss_generator.safetensors:  16%|█▌        | 1.08G/6.69G [00:15<02:02, 45.7MB/s][SubprocessWorker] callback 'report_progress' from call_id=1
  Frame 16 saved (frame_015.jpg, t=62.0s)
  [capture-periodic] freeze=4ms shot=179ms unfreeze=5ms saved=True
  [capture-loop] iter=500 t=62.5s state={'complete': False, 'error': None, 'executedCount': 2, 'wsState': 1} eval_ms=5 ram=12.2/31.9GB (38%) swap=0.3/5.0GB (5%) cpu=17% browser_rss=0.75GB
  [ComfyUI] [worker:ComfyUI-SAM3DObjects]
  [ComfyUI] === WATCHDOG TICK 1 ===
  [ComfyUI] [worker:ComfyUI-SAM3DObjects] Thread 0x00002850 (most recent call first):
  [ComfyUI]   File "C:\workspaces\SAM3DObjects-1643\portable-comfyui\ComfyUI_windows_portable\ComfyUI\.ce\.pixi\envs\sam3dobjects-nodes\Lib\threading.py", line 359 in wait
  [ComfyUI]   File "C:\workspaces\SAM3DObjects-1643\portable-comfyui\ComfyUI_windows_portable\ComfyUI\.ce\.pixi\envs\sam3dobjects-nodes\Lib\threading.py", line 655 in wait
  [ComfyUI]   File "C:\workspaces\SAM3DObjects-1643\portable-comfyui\ComfyUI_windows_portable\ComfyUI\.ce\.pixi\envs\sam3dobjects-nodes\Lib\site-packages\tqdm\_monitor.py", line 60 in run
  [ComfyUI]   File "C:\workspaces\SAM3DObjects-1643\portable-comfyui\ComfyUI_windows_portable\ComfyUI\.ce\.pixi\envs\sam3dobjects-nodes\Lib\threading.py", line 1075 in _bootstrap_inner
  [ComfyUI]   File "C:\workspaces\SAM3DObjects-1643\portable-comfyui\ComfyUI_windows_portable\ComfyUI\.ce\.pixi\envs\sam3dobjects-nodes\Lib\threading.py", line 1032 in _bootstrap
  [ComfyUI] 
  [ComfyUI] Thread 0x000034b4 (most recent call first):
  [ComfyUI]   File "C:\workspaces\SAM3DObjects-1643\portable-comfyui\ComfyUI_windows_portable\ComfyUI\.ce\.pixi\envs\sam3dobjects-nodes\Lib\threading.py", line 359 in wait
  [ComfyUI]   File "C:\workspaces\SAM3DObjects-1643\portable-comfyui\ComfyUI_windows_portable\ComfyUI\.ce\.pixi\envs\sam3dobjects-nodes\Lib\threading.py", line 655 in wait
  [ComfyUI]   File "C:\workspaces\SAM3DObjects-1643\portable-comfyui\ComfyUI_windows_portable\ComfyUI\.ce\.pixi\envs\sam3dobjects-nodes\Lib\site-packages\tqdm\_monitor.py", line 60 in run
  [ComfyUI]   File "C:\workspaces\SAM3DObjects-1643\portable-comfyui\ComfyUI_windows_portable\ComfyUI\.ce\.pixi\envs\sam3dobjects-nodes\Lib\threading.py", line 1075 in _bootstrap_inner
  [ComfyUI]   File "C:\workspaces\SAM3DObjects-1643\portable-comfyui\ComfyUI_windows_portable\ComfyUI\.ce\.pixi\envs\sam3dobjects-nodes\Lib\threading.py", line 1032 in _bootstrap
  [ComfyUI] 
  [ComfyUI] Thread 0x00003d0c (most recent call first):
  [ComfyUI]   File "C:\workspaces\SAM3DObjects-1643\portable-comfyui\ComfyUI_windows_portable\ComfyUI\.ce\.pixi\envs\sam3dobjects-nodes\Lib\threading.py", line 359 in wait
  [ComfyUI]   File "C:\workspaces\SAM3DObjects-1643\portable-comfyui\ComfyUI_windows_portable\ComfyUI\.ce\.pixi\envs\sam3dobjects-nodes\Lib\threading.py", line 655 in wait
  [ComfyUI]   File "C:\workspaces\SAM3DObjects-1643\portable-comfyui\ComfyUI_windows_portable\ComfyUI\.ce\.pixi\envs\sam3dobjects-nodes\Lib\site-packages\tqdm\_monitor.py", line 60 in run
  [ComfyUI]   File "C:\workspaces\SAM3DObjects-1643\portable-comfyui\ComfyUI_windows_portable\ComfyUI\.ce\.pixi\envs\sam3dobjects-nodes\Lib\threading.py", line 1075 in _bootstrap_inner
  [ComfyUI]   File "C:\workspaces\SAM3DObjects-1643\portable-comfyui\ComfyUI_windows_portable\ComfyUI\.ce\.pixi\envs\sam3dobjects-nodes\Lib\threading.py", line 1032 in _bootstrap
  [ComfyUI] 
  [ComfyUI] Thread 0x0000464c (most recent call first):
  [ComfyUI]   File "C:\workspaces\SAM3DObjects-1643\portable-comfyui\ComfyUI_windows_portable\ComfyUI\.ce\.pixi\envs\sam3dobjects-nodes\Lib\threading.py", line 359 in wait
  [ComfyUI]   File "C:\workspaces\SAM3DObjects-1643\portable-comfyui\ComfyUI_windows_portable\ComfyUI\.ce\.pixi\envs\sam3dobjects-nodes\Lib\threading.py", line 655 in wait
  [ComfyUI]   File "C:\workspaces\SAM3DObjects-1643\portable-comfyui\ComfyUI_windows_portable\ComfyUI\.ce\.pixi\envs\sam3dobjects-nodes\Lib\site-packages\tqdm\_monitor.py", line 60 in run
  [ComfyUI]   File "C:\workspaces\SAM3DObjects-1643\portable-comfyui\ComfyUI_windows_portable\ComfyUI\.ce\.pixi\envs\sam3dobjects-nodes\Lib\threading.py", line 1075 in _bootstrap_inner
  [ComfyUI]   File "C:\workspaces\SAM3DObjects-1643\portable-comfyui\ComfyUI_windows_portable\ComfyUI\.ce\.pixi\envs\sam3dobjects-nodes\Lib\threading.py", line 1032 in _bootstrap
  [ComfyUI] 
  [ComfyUI] Thread 0x00003b6c (most recent call first):
  [ComfyUI]   File "C:\workspaces\SAM3DObjects-1643\portable-comfyui\ComfyUI_windows_portable\ComfyUI\.ce\.pixi\envs\sam3dobjects-nodes\Lib\threading.py", line 359 in wait
  [ComfyUI]   File "C:\workspaces\SAM3DObjects-1643\portable-comfyui\ComfyUI_windows_portable\ComfyUI\.ce\.pixi\envs\sam3dobjects-nodes\Lib\threading.py", line 655 in wait
  [ComfyUI]   File "C:\workspaces\SAM3DObjects-1643\portable-comfyui\ComfyUI_windows_portable\ComfyUI\.ce\.pixi\envs\sam3dobjects-nodes\Lib\site-packages\tqdm\_monitor.py", line 60 in run
  [ComfyUI]   File "C:\workspaces\SAM3DObjects-1643\portable-comfyui\ComfyUI_windows_portable\ComfyUI\.ce\.pixi\envs\sam3dobjects-nodes\Lib\threading.py", line 1075 in _bootstrap_inner
  [ComfyUI]   File "C:\workspaces\SAM3DObjects-1643\portable-comfyui\ComfyUI_windows_portable\ComfyUI\.ce\.pixi\envs\sam3dobjects-nodes\Lib\threading.py", line 1032 in _bootstrap
  [ComfyUI] 
  [ComfyUI] Thread 0x00002604 (most recent call first):
  [ComfyUI]   File "C:\workspaces\SAM3DObjects-1643\portable-comfyui\ComfyUI_windows_portable\ComfyUI\.ce\.pixi\envs\sam3dobjects-nodes\Lib\threading.py", line 359 in wait
  [ComfyUI]   File "C:\workspaces\SAM3DObjects-1643\portable-comfyui\ComfyUI_windows_portable\ComfyUI\.ce\.pixi\envs\sam3dobjects-nodes\Lib\threading.py", line 655 in wait
  [ComfyUI]   File "C:\workspaces\SAM3DObjects-1643\portable-comfyui\ComfyUI_windows_portable\ComfyUI\.ce\.pixi\envs\sam3dobjects-nodes\Lib\site-packages\tqdm\_monitor.py", line 60 in run
  [ComfyUI]   File "C:\workspaces\SAM3DObjects-1643\portable-comfyui\ComfyUI_windows_portable\ComfyUI\.ce\.pixi\envs\sam3dobjects-nodes\Lib\threading.py", line 1075 in _bootstrap_inner
  [ComfyUI]   File "C:\workspaces\SAM3DObjects-1643\portable-comfyui\ComfyUI_windows_portable\ComfyUI\.ce\.pixi\envs\sam3dobjects-nodes\Lib\threading.py", line 1032 in _bootstrap
  [ComfyUI] 
  [ComfyUI] Thread 0x00001b50 (most recent call first):
  [ComfyUI]   File "C:\Users\ContainerAdministrator\AppData\Local\Temp\comfyui_pvenv_i3zj6sa2\persistent_worker.py", line 106 in _vram_poller
  [ComfyUI]   File "C:\workspaces\SAM3DObjects-1643\portable-comfyui\ComfyUI_windows_portable\ComfyUI\.ce\.pixi\envs\sam3dobjects-nodes\Lib\threading.py", line 1012 in run
  [ComfyUI]   File "C:\workspaces\SAM3DObjects-1643\portable-comfyui\ComfyUI_windows_portable\ComfyUI\.ce\.pixi\envs\sam3dobjects-nodes\Lib\threading.py", line 1075 in _bootstrap_inner
  [ComfyUI]   File "C:\workspaces\SAM3DObjects-1643\portable-comfyui\ComfyUI_windows_portable\ComfyUI\.ce\.pixi\envs\sam3dobjects-nodes\Lib\threading.py", line 1032 in _bootstrap
  [ComfyUI] 
  [ComfyUI] Current thread 0x00001414 (most recent call first):
  [ComfyUI]   File "C:\Users\ContainerAdministrator\AppData\Local\Temp\comfyui_pvenv_i3zj6sa2\persistent_worker.py", line 52 in _watchdog
  [ComfyUI]   File "C:\workspaces\SAM3DObjects-1643\portable-comfyui\ComfyUI_windows_portable\ComfyUI\.ce\.pixi\envs\sam3dobjects-nodes\Lib\threading.py", line 1012 in run
  [ComfyUI]   File "C:\workspaces\SAM3DObjects-1643\portable-comfyui\ComfyUI_windows_portable\ComfyUI\.ce\.pixi\envs\sam3dobjects-nodes\Lib\threading.py", line 1075 in _bootstrap_inner
  [ComfyUI]   File "C:\workspaces\SAM3DObjects-1643\portable-comfyui\ComfyUI_windows_portable\ComfyUI\.ce\.pixi\envs\sam3dobjects-nodes\Lib\threading.py", line 1032 in _bootstrap
  [ComfyUI] 
  [ComfyUI] Thread 0x00000918 (most recent call first):
  [ComfyUI]   File "C:\workspaces\SAM3DObjects-1643\portable-comfyui\ComfyUI_windows_portable\ComfyUI\.ce\.pixi\envs\sam3dobjects-nodes\Lib\site-packages\huggingface_hub\file_download.py", line 558 in xet_get
  [ComfyUI]   File "C:\workspaces\SAM3DObjects-1643\portable-comfyui\ComfyUI_windows_portable\ComfyUI\.ce\.pixi\envs\sam3dobjects-nodes\Lib\site-packages\huggingface_hub\file_download.py", line 1842 in _download_to_tmp_and_move
  [ComfyUI]   File "C:\workspaces\SAM3DObjects-1643\portable-comfyui\ComfyUI_windows_portable\ComfyUI\.ce\.pixi\envs\sam3dobjects-nodes\Lib\site-packages\huggingface_hub\file_download.py", line 1427 in _hf_hub_download_to_local_dir
  [ComfyUI]   File "C:\workspaces\SAM3DObjects-1643\portable-comfyui\ComfyUI_windows_portable\ComfyUI\.ce\.pixi\envs\sam3dobjects-nodes\Lib\site-packages\huggingface_hub\file_download.py", line 976 in hf_hub_download
  [ComfyUI]   File "C:\workspaces\SAM3DObjects-1643\portable-comfyui\ComfyUI_windows_portable\ComfyUI\.ce\.pixi\envs\sam3dobjects-nodes\Lib\site-packages\huggingface_hub\utils\_validators.py", line 88 in _inner_fn
  [ComfyUI]   File "C:\workspaces\SAM3DObjects-1643\portable-comfyui\ComfyUI_windows_portable\ComfyUI\custom_nodes\ComfyUI-SAM3DObjects\nodes\load_model.py", line 222 in _download_files
  [ComfyUI]   File "C:\workspaces\SAM3DObjects-1643\portable-comfyui\ComfyUI_windows_portable\ComfyUI\custom_nodes\ComfyUI-SAM3DObjects\nodes\load_model.py", line 185 in _get_or_download_checkpoint
  [ComfyUI]   File "C:\workspaces\SAM3DObjects-1643\portable-comfyui\ComfyUI_windows_portable\ComfyUI\custom_nodes\ComfyUI-SAM3DObjects\nodes\load_model.py", line 146 in execute
  [ComfyUI]   File "C:\workspaces\SAM3DObjects-1643\portable-comfyui\ComfyUI_windows_portable\ComfyUI\.ce\.pixi\envs\sam3dobjects-nodes\Lib\site-packages\torch\utils\_contextlib.py", line 120 in decorate_context
  [ComfyUI]   File "C:\workspaces\SAM3DObjects-1643\portable-comfyui\ComfyUI_windows_portable\ComfyUI\comfy_api\latest\_io.py", line 1826 in EXECUTE_NORMALIZED
  [ComfyUI]   File "C:\Users\ContainerAdministrator\AppData\Local\Temp\comfyui_pvenv_i3zj6sa2\persistent_worker.py", line 1762 in main
  [ComfyUI]   File "C:\Users\ContainerAdministrator\AppData\Local\Temp\comfyui_pvenv_i3zj6sa2\persistent_worker.py", line 1807 in <module>
  [ComfyUI] 
  [ComfyUI] [worker:ComfyUI-SAM3DObjects] === END ===
  [ComfyUI] 
  [ComfyUI] 
  [ComfyUI] ss_generator.safetensors:  17%|█▋        | 1.11G/6.69G [00:19<03:10, 29.2MB/s]
  [ComfyUI] ss_generator.safetensors:  18%|█▊        | 1.22G/6.69G [00:19<01:58, 46.2MB/s][SubprocessWorker] callback 'report_progress' from call_id=1
  Frame 17 saved (frame_016.jpg, t=66.6s)
  [capture-periodic] freeze=4ms shot=181ms unfreeze=5ms saved=True
  [capture-loop] iter=550 t=69.1s state={'complete': False, 'error': None, 'executedCount': 2, 'wsState': 1} eval_ms=5 ram=12.9/31.9GB (40%) swap=0.3/5.0GB (5%) cpu=23% browser_rss=0.74GB
  [ComfyUI] 
  [capture-loop] iter=600 t=75.6s state={'complete': False, 'error': None, 'executedCount': 2, 'wsState': 1} eval_ms=7 ram=13.4/31.9GB (42%) swap=0.3/5.0GB (5%) cpu=22% browser_rss=0.74GB
  [ComfyUI] ss_generator.safetensors:  18%|█▊        | 1.22G/6.69G [00:29<01:58, 46.2MB/s]
  [ComfyUI] ss_generator.safetensors:  23%|██▎       | 1.54G/6.69G [00:30<02:30, 34.2MB/s][SubprocessWorker] callback 'report_progress' from call_id=1
  [ComfyUI] 
  [ComfyUI] ss_generator.safetensors:  28%|██▊       | 1.91G/6.69G [00:30<01:10, 68.3MB/s][SubprocessWorker] callback 'report_progress' from call_id=1
  [ComfyUI] 
  [ComfyUI] ss_generator.safetensors:  30%|██▉       | 1.98G/6.69G [00:30<01:02, 75.4MB/s][SubprocessWorker] callback 'report_progress' from call_id=1
  [ComfyUI] 
  [ComfyUI] ss_generator.safetensors:  33%|███▎      | 2.19G/6.69G [00:31<00:40, 111MB/s] [SubprocessWorker] callback 'report_progress' from call_id=1
  [ComfyUI] 
  [ComfyUI] ss_generator.safetensors:  36%|███▋      | 2.44G/6.69G [00:31<00:26, 162MB/s][SubprocessWorker] callback 'report_progress' from call_id=1
  Frame 18 saved (frame_017.jpg, t=77.8s)
  [capture-periodic] freeze=4ms shot=172ms unfreeze=5ms saved=True
  Frame 19 saved (frame_018.jpg, t=80.1s)
  [capture-periodic] freeze=5ms shot=181ms unfreeze=5ms saved=True
  [capture-loop] iter=650 t=82.2s state={'complete': False, 'error': None, 'executedCount': 2, 'wsState': 1} eval_ms=5 ram=12.4/31.9GB (39%) swap=0.3/5.0GB (5%) cpu=23% browser_rss=0.74GB
  [ComfyUI] 
  [ComfyUI] ss_generator.safetensors:  40%|███▉      | 2.67G/6.69G [00:41<01:13, 54.7MB/s][SubprocessWorker] callback 'report_progress' from call_id=1
  [ComfyUI] 
  [ComfyUI] ss_generator.safetensors:  42%|████▏     | 2.78G/6.69G [00:41<01:00, 64.6MB/s][SubprocessWorker] callback 'report_progress' from call_id=1
  Frame 20 saved (frame_019.jpg, t=86.9s)
  [capture-periodic] freeze=5ms shot=190ms unfreeze=6ms saved=True
  [ComfyUI] 
  [ComfyUI] ss_generator.safetensors:  47%|████▋     | 3.15G/6.69G [00:42<00:34, 103MB/s] [SubprocessWorker] callback 'report_progress' from call_id=1
  [ComfyUI] 
  [ComfyUI] ss_generator.safetensors:  53%|█████▎    | 3.53G/6.69G [00:43<00:19, 165MB/s][SubprocessWorker] callback 'report_progress' from call_id=1
  [ComfyUI] 
  [ComfyUI] ss_generator.safetensors:  54%|█████▍    | 3.63G/6.69G [00:43<00:17, 179MB/s][SubprocessWorker] callback 'report_progress' from call_id=1
  [capture-loop] iter=700 t=88.8s state={'complete': False, 'error': None, 'executedCount': 2, 'wsState': 1} eval_ms=5 ram=12.8/31.9GB (40%) swap=0.3/5.0GB (5%) cpu=23% browser_rss=0.74GB
  Frame 21 saved (frame_020.jpg, t=89.2s)
  [capture-periodic] freeze=5ms shot=178ms unfreeze=10ms saved=True
  Frame 22 saved (frame_021.jpg, t=91.4s)
  [capture-periodic] freeze=6ms shot=187ms unfreeze=8ms saved=True
  [capture-loop] iter=750 t=95.4s state={'complete': False, 'error': None, 'executedCount': 2, 'wsState': 1} eval_ms=5 ram=13.1/31.9GB (41%) swap=0.3/5.0GB (5%) cpu=24% browser_rss=0.74GB
  [ComfyUI] 
  [ComfyUI] ss_generator.safetensors:  58%|█████▊    | 3.85G/6.69G [00:52<00:44, 63.8MB/s][SubprocessWorker] callback 'report_progress' from call_id=1
  [ComfyUI] 
  [ComfyUI] ss_generator.safetensors:  63%|██████▎   | 4.21G/6.69G [00:52<00:23, 104MB/s] [SubprocessWorker] callback 'report_progress' from call_id=1
  [ComfyUI] 
  [ComfyUI] ss_generator.safetensors:  67%|██████▋   | 4.50G/6.69G [00:52<00:14, 148MB/s][SubprocessWorker] callback 'report_progress' from call_id=1
  [ComfyUI] 
  [ComfyUI] ss_generator.safetensors:  72%|███████▏  | 4.84G/6.69G [00:52<00:08, 214MB/s][SubprocessWorker] callback 'report_progress' from call_id=1
  [ComfyUI] 
  [ComfyUI] ss_generator.safetensors:  77%|███████▋  | 5.18G/6.69G [00:53<00:05, 296MB/s][SubprocessWorker] callback 'report_progress' from call_id=1
  Frame 23 saved (frame_022.jpg, t=98.2s)
  [capture-periodic] freeze=6ms shot=194ms unfreeze=6ms saved=True
  [ComfyUI] 
  [ComfyUI] ss_generator.safetensors:  82%|████████▏ | 5.49G/6.69G [00:53<00:03, 388MB/s][SubprocessWorker] callback 'report_progress' from call_id=1
  [ComfyUI] 
  [ComfyUI] ss_generator.safetensors:  87%|████████▋ | 5.80G/6.69G [00:53<00:01, 485MB/s][SubprocessWorker] callback 'report_progress' from call_id=1
  [ComfyUI] 
  [ComfyUI] ss_generator.safetensors:  91%|█████████ | 6.10G/6.69G [00:53<00:01, 590MB/s][SubprocessWorker] callback 'report_progress' from call_id=1
  [ComfyUI] [SubprocessWorker] callback 'report_progress' from call_id=1
  Frame 24 saved (frame_023.jpg, t=100.6s)
  [capture-periodic] freeze=4ms shot=171ms unfreeze=5ms saved=True
  [ComfyUI] [SubprocessWorker] callback 'report_progress' from call_id=1
  [capture-loop] iter=800 t=102.0s state={'complete': False, 'error': None, 'executedCount': 2, 'wsState': 1} eval_ms=5 ram=11.6/31.9GB (36%) swap=0.3/5.0GB (5%) cpu=21% browser_rss=0.74GB
  [ComfyUI] 
  [ComfyUI] ss_generator.safetensors: 100%|█████████▉| 6.66G/6.69G [00:56<00:00, 302MB/s][SubprocessWorker] callback 'report_progress' from call_id=1
  [ComfyUI] [SubprocessWorker] callback 'report_progress' from call_id=1
  [ComfyUI] 
  [ComfyUI] ss_generator.safetensors: 100%|██████████| 6.69G/6.69G [00:56<00:00, 118MB/s]
  [ComfyUI] 
  Frame 25 saved (frame_024.jpg, t=102.9s)
  [capture-periodic] freeze=4ms shot=143ms unfreeze=4ms saved=True
  [ComfyUI] slat_decoder_gs_4.safetensors:   0%|          | 0.00/170M [00:00<?, ?B/s]
  [ComfyUI] slat_decoder_gs_4.safetensors:   6%|▌         | 9.67M/170M [00:01<00:16, 9.63MB/s][SubprocessWorker] callback 'report_progress' from call_id=1
  [ComfyUI] 
  [ComfyUI] slat_decoder_gs_4.safetensors:   9%|▉         | 15.6M/170M [00:01<00:11, 13.3MB/s][SubprocessWorker] callback 'report_progress' from call_id=1
  [ComfyUI] 
  [ComfyUI] slat_decoder_gs_4.safetensors:  11%|█         | 19.2M/170M [00:01<00:14, 10.7MB/s][SubprocessWorker] callback 'report_progress' from call_id=1
  [ComfyUI] 
  [ComfyUI] slat_decoder_gs_4.safetensors:  53%|█████▎    | 90.1M/170M [00:02<00:01, 74.7MB/s][SubprocessWorker] callback 'report_progress' from call_id=1
  [ComfyUI] [SubprocessWorker] callback 'report_progress' from call_id=1
  [ComfyUI] 
  [ComfyUI] slat_decoder_gs_4.safetensors:  67%|██████▋   | 115M/170M [00:02<00:00, 64.6MB/s] [SubprocessWorker] callback 'report_progress' from call_id=1
  [ComfyUI] 
  [ComfyUI] slat_decoder_gs_4.safetensors: 100%|██████████| 170M/170M [00:02<00:00, 109MB/s] [SubprocessWorker] callback 'report_progress' from call_id=1
  [ComfyUI] 
  [ComfyUI] slat_decoder_gs_4.safetensors: 100%|██████████| 170M/170M [00:02<00:00, 64.1MB/s]
  [ComfyUI] 
  [ComfyUI] ss_decoder.yaml:   0%|          | 0.00/244 [00:00<?, ?B/s][SubprocessWorker] callback 'report_progress' from call_id=1
  [ComfyUI] 
  [ComfyUI] ss_decoder.yaml: 100%|██████████| 244/244 [00:00<00:00, 135kB/s]
  [ComfyUI] 
  [ComfyUI] ss_generator.yaml: 0.00B [00:00, ?B/s]
  [ComfyUI] ss_generator.yaml: 5.08kB [00:00, 5.41MB/s]
  [ComfyUI] 
  [ComfyUI] slat_generator.safetensors:   0%|          | 0.00/4.91G [00:00<?, ?B/s]
  [ComfyUI] slat_generator.safetensors:   1%|          | 25.2M/4.91G [00:01<05:40, 14.3MB/s][SubprocessWorker] callback 'report_progress' from call_id=1
  Frame 26 saved (frame_025.jpg, t=107.4s)
  [capture-periodic] freeze=6ms shot=167ms unfreeze=5ms saved=True
  [ComfyUI] 
  [ComfyUI] slat_generator.safetensors:   1%|          | 59.0M/4.91G [00:02<03:06, 26.0MB/s][SubprocessWorker] callback 'report_progress' from call_id=1
  [ComfyUI] 
  [capture-loop] iter=850 t=108.3s state={'complete': False, 'error': None, 'executedCount': 2, 'wsState': 1} eval_ms=9 ram=11.4/31.9GB (36%) swap=0.3/5.0GB (5%) cpu=10% browser_rss=0.75GB
  Frame 27 saved (frame_026.jpg, t=109.7s)
  [capture-periodic] freeze=5ms shot=175ms unfreeze=5ms saved=True
  [ComfyUI] slat_generator.safetensors:   2%|▏         | 78.1M/4.91G [00:02<02:23, 33.7MB/s]
  [ComfyUI] slat_generator.safetensors:   6%|▌         | 279M/4.91G [00:04<01:00, 76.2MB/s] [SubprocessWorker] callback 'report_progress' from call_id=1
  [ComfyUI] 
  [ComfyUI] slat_generator.safetensors:   7%|▋         | 319M/4.91G [00:05<00:54, 84.8MB/s][SubprocessWorker] callback 'report_progress' from call_id=1
  [ComfyUI] 
  [ComfyUI] slat_generator.safetensors:   8%|▊         | 370M/4.91G [00:06<01:08, 66.1MB/s][SubprocessWorker] callback 'report_progress' from call_id=1
  Frame 28 saved (frame_027.jpg, t=112.0s)
  [capture-periodic] freeze=5ms shot=173ms unfreeze=6ms saved=True
  [ComfyUI] 
  [ComfyUI] slat_generator.safetensors:   9%|▊         | 420M/4.91G [00:07<01:19, 56.4MB/s][SubprocessWorker] callback 'report_progress' from call_id=1
  Frame 29 saved (frame_028.jpg, t=114.2s)
  [capture-periodic] freeze=5ms shot=188ms unfreeze=6ms saved=True
  [ComfyUI] 
  [ComfyUI] slat_generator.safetensors:  12%|█▏        | 571M/4.91G [00:09<01:02, 69.3MB/s][SubprocessWorker] callback 'report_progress' from call_id=1
  [capture-loop] iter=900 t=115.0s state={'complete': False, 'error': None, 'executedCount': 2, 'wsState': 1} eval_ms=9 ram=11.6/31.9GB (36%) swap=0.3/5.0GB (5%) cpu=19% browser_rss=0.75GB
  [ComfyUI] 
  [ComfyUI] slat_generator.safetensors:  13%|█▎        | 622M/4.91G [00:10<01:06, 64.4MB/s][SubprocessWorker] callback 'report_progress' from call_id=1
  Frame 30 saved (frame_029.jpg, t=116.6s)
  [capture-periodic] freeze=4ms shot=183ms unfreeze=5ms saved=True
  [ComfyUI] 
  [ComfyUI] slat_generator.safetensors:  14%|█▍        | 682M/4.91G [00:11<01:15, 55.6MB/s][SubprocessWorker] callback 'report_progress' from call_id=1
  [ComfyUI] 
  [ComfyUI] slat_generator.safetensors:  16%|█▌        | 773M/4.91G [00:12<00:51, 79.9MB/s][SubprocessWorker] callback 'report_progress' from call_id=1
  [ComfyUI] 
  [ComfyUI] slat_generator.safetensors:  20%|█▉        | 975M/4.91G [00:13<00:36, 109MB/s] [SubprocessWorker] callback 'report_progress' from call_id=1
  Frame 31 saved (frame_030.jpg, t=118.9s)
  [capture-periodic] freeze=5ms shot=185ms unfreeze=12ms saved=True
  [ComfyUI] 
  [ComfyUI] slat_generator.safetensors:  21%|██        | 1.02G/4.91G [00:14<00:39, 99.2MB/s][SubprocessWorker] callback 'report_progress' from call_id=1
  Frame 32 saved (frame_031.jpg, t=121.2s)
  [capture-periodic] freeze=5ms shot=190ms unfreeze=7ms saved=True
  [capture-loop] iter=950 t=121.8s state={'complete': False, 'error': None, 'executedCount': 2, 'wsState': 1} eval_ms=5 ram=11.8/31.9GB (37%) swap=0.3/5.0GB (5%) cpu=21% browser_rss=0.74GB
  [ComfyUI] [worker:ComfyUI-SAM3DObjects]
  [ComfyUI] === WATCHDOG TICK 2 ===
  [ComfyUI] [worker:ComfyUI-SAM3DObjects] Thread 0x00000b18 (most recent call first):
  [ComfyUI]   File "C:\workspaces\SAM3DObjects-1643\portable-comfyui\ComfyUI_windows_portable\ComfyUI\.ce\.pixi\envs\sam3dobjects-nodes\Lib\threading.py", line 359 in wait
  [ComfyUI]   File "C:\workspaces\SAM3DObjects-1643\portable-comfyui\ComfyUI_windows_portable\ComfyUI\.ce\.pixi\envs\sam3dobjects-nodes\Lib\threading.py", line 655 in wait
  [ComfyUI]   File "C:\workspaces\SAM3DObjects-1643\portable-comfyui\ComfyUI_windows_portable\ComfyUI\.ce\.pixi\envs\sam3dobjects-nodes\Lib\site-packages\tqdm\_monitor.py", line 60 in run
  [ComfyUI]   File "C:\workspaces\SAM3DObjects-1643\portable-comfyui\ComfyUI_windows_portable\ComfyUI\.ce\.pixi\envs\sam3dobjects-nodes\Lib\threading.py", line 1075 in _bootstrap_inner
  [ComfyUI]   File "C:\workspaces\SAM3DObjects-1643\portable-comfyui\ComfyUI_windows_portable\ComfyUI\.ce\.pixi\envs\sam3dobjects-nodes\Lib\threading.py", line 1032 in _bootstrap
  [ComfyUI] 
  [ComfyUI] Thread 0x00001144 (most recent call first):
  [ComfyUI]   File "C:\workspaces\SAM3DObjects-1643\portable-comfyui\ComfyUI_windows_portable\ComfyUI\.ce\.pixi\envs\sam3dobjects-nodes\Lib\threading.py", line 359 in wait
  [ComfyUI]   File "C:\workspaces\SAM3DObjects-1643\portable-comfyui\ComfyUI_windows_portable\ComfyUI\.ce\.pixi\envs\sam3dobjects-nodes\Lib\threading.py", line 655 in wait
  [ComfyUI]   File "C:\workspaces\SAM3DObjects-1643\portable-comfyui\ComfyUI_windows_portable\ComfyUI\.ce\.pixi\envs\sam3dobjects-nodes\Lib\site-packages\tqdm\_monitor.py", line 60 in run
  [ComfyUI]   File "C:\workspaces\SAM3DObjects-1643\portable-comfyui\ComfyUI_windows_portable\ComfyUI\.ce\.pixi\envs\sam3dobjects-nodes\Lib\threading.py", line 1075 in _bootstrap_inner
  [ComfyUI]   File "C:\workspaces\SAM3DObjects-1643\portable-comfyui\ComfyUI_windows_portable\ComfyUI\.ce\.pixi\envs\sam3dobjects-nodes\Lib\threading.py", line 1032 in _bootstrap
  [ComfyUI] 
  [ComfyUI] Thread 0x00001acc (most recent call first):
  [ComfyUI]   File "C:\workspaces\SAM3DObjects-1643\portable-comfyui\ComfyUI_windows_portable\ComfyUI\.ce\.pixi\envs\sam3dobjects-nodes\Lib\threading.py", line 359 in wait
  [ComfyUI]   File "C:\workspaces\SAM3DObjects-1643\portable-comfyui\ComfyUI_windows_portable\ComfyUI\.ce\.pixi\envs\sam3dobjects-nodes\Lib\threading.py", line 655 in wait
  [ComfyUI]   File "C:\workspaces\SAM3DObjects-1643\portable-comfyui\ComfyUI_windows_portable\ComfyUI\.ce\.pixi\envs\sam3dobjects-nodes\Lib\site-packages\tqdm\_monitor.py", line 60 in run
  [ComfyUI]   File "C:\workspaces\SAM3DObjects-1643\portable-comfyui\ComfyUI_windows_portable\ComfyUI\.ce\.pixi\envs\sam3dobjects-nodes\Lib\threading.py", line 1075 in _bootstrap_inner
  [ComfyUI]   File "C:\workspaces\SAM3DObjects-1643\portable-comfyui\ComfyUI_windows_portable\ComfyUI\.ce\.pixi\envs\sam3dobjects-nodes\Lib\threading.py", line 1032 in _bootstrap
  [ComfyUI] 
  [ComfyUI] Thread 0x00000fe0 (most recent call first):
  [ComfyUI]   File "C:\workspaces\SAM3DObjects-1643\portable-comfyui\ComfyUI_windows_portable\ComfyUI\.ce\.pixi\envs\sam3dobjects-nodes\Lib\threading.py", line 359 in wait
  [ComfyUI]   File "C:\workspaces\SAM3DObjects-1643\portable-comfyui\ComfyUI_windows_portable\ComfyUI\.ce\.pixi\envs\sam3dobjects-nodes\Lib\threading.py", line 655 in wait
  [ComfyUI]   File "C:\workspaces\SAM3DObjects-1643\portable-comfyui\ComfyUI_windows_portable\ComfyUI\.ce\.pixi\envs\sam3dobjects-nodes\Lib\site-packages\tqdm\_monitor.py", line 60 in run
  [ComfyUI]   File "C:\workspaces\SAM3DObjects-1643\portable-comfyui\ComfyUI_windows_portable\ComfyUI\.ce\.pixi\envs\sam3dobjects-nodes\Lib\threading.py", line 1075 in _bootstrap_inner
  [ComfyUI]   File "C:\workspaces\SAM3DObjects-1643\portable-comfyui\ComfyUI_windows_portable\ComfyUI\.ce\.pixi\envs\sam3dobjects-nodes\Lib\threading.py", line 1032 in _bootstrap
  [ComfyUI] 
  [ComfyUI] Thread 0x00002850 (most recent call first):
  [ComfyUI]   File "C:\workspaces\SAM3DObjects-1643\portable-comfyui\ComfyUI_windows_portable\ComfyUI\.ce\.pixi\envs\sam3dobjects-nodes\Lib\threading.py", line 359 in wait
  [ComfyUI]   File "C:\workspaces\SAM3DObjects-1643\portable-comfyui\ComfyUI_windows_portable\ComfyUI\.ce\.pixi\envs\sam3dobjects-nodes\Lib\threading.py", line 655 in wait
  [ComfyUI]   File "C:\workspaces\SAM3DObjects-1643\portable-comfyui\ComfyUI_windows_portable\ComfyUI\.ce\.pixi\envs\sam3dobjects-nodes\Lib\site-packages\tqdm\_monitor.py", line 60 in run
  [ComfyUI]   File "C:\workspaces\SAM3DObjects-1643\portable-comfyui\ComfyUI_windows_portable\ComfyUI\.ce\.pixi\envs\sam3dobjects-nodes\Lib\threading.py", line 1075 in _bootstrap_inner
  [ComfyUI]   File "C:\workspaces\SAM3DObjects-1643\portable-comfyui\ComfyUI_windows_portable\ComfyUI\.ce\.pixi\envs\sam3dobjects-nodes\Lib\threading.py", line 1032 in _bootstrap
  [ComfyUI] 
  [ComfyUI] Thread 0x000034b4 (most recent call first):
  [ComfyUI]   File "C:\workspaces\SAM3DObjects-1643\portable-comfyui\ComfyUI_windows_portable\ComfyUI\.ce\.pixi\envs\sam3dobjects-nodes\Lib\threading.py", line 359 in wait
  [ComfyUI]   File "C:\workspaces\SAM3DObjects-1643\portable-comfyui\ComfyUI_windows_portable\ComfyUI\.ce\.pixi\envs\sam3dobjects-nodes\Lib\threading.py", line 655 in wait
  [ComfyUI]   File "C:\workspaces\SAM3DObjects-1643\portable-comfyui\ComfyUI_windows_portable\ComfyUI\.ce\.pixi\envs\sam3dobjects-nodes\Lib\site-packages\tqdm\_monitor.py", line 60 in run
  [ComfyUI]   File "C:\workspaces\SAM3DObjects-1643\portable-comfyui\ComfyUI_windows_portable\ComfyUI\.ce\.pixi\envs\sam3dobjects-nodes\Lib\threading.py", line 1075 in _bootstrap_inner
  [ComfyUI]   File "C:\workspaces\SAM3DObjects-1643\portable-comfyui\ComfyUI_windows_portable\ComfyUI\.ce\.pixi\envs\sam3dobjects-nodes\Lib\threading.py", line 1032 in _bootstrap
  [ComfyUI] 
  [ComfyUI] Thread 0x00003d0c (most recent call first):
  [ComfyUI]   File "C:\workspaces\SAM3DObjects-1643\portable-comfyui\ComfyUI_windows_portable\ComfyUI\.ce\.pixi\envs\sam3dobjects-nodes\Lib\threading.py", line 359 in wait
  [ComfyUI]   File "C:\workspaces\SAM3DObjects-1643\portable-comfyui\ComfyUI_windows_portable\ComfyUI\.ce\.pixi\envs\sam3dobjects-nodes\Lib\threading.py", line 655 in wait
  [ComfyUI]   File "C:\workspaces\SAM3DObjects-1643\portable-comfyui\ComfyUI_windows_portable\ComfyUI\.ce\.pixi\envs\sam3dobjects-nodes\Lib\site-packages\tqdm\_monitor.py", line 60 in run
  [ComfyUI]   File "C:\workspaces\SAM3DObjects-1643\portable-comfyui\ComfyUI_windows_portable\ComfyUI\.ce\.pixi\envs\sam3dobjects-nodes\Lib\threading.py", line 1075 in _bootstrap_inner
  [ComfyUI]   File "C:\workspaces\SAM3DObjects-1643\portable-comfyui\ComfyUI_windows_portable\ComfyUI\.ce\.pixi\envs\sam3dobjects-nodes\Lib\threading.py", line 1032 in _bootstrap
  [ComfyUI] 
  [ComfyUI] Thread 0x0000464c (most recent call first):
  [ComfyUI]   File "C:\workspaces\SAM3DObjects-1643\portable-comfyui\ComfyUI_windows_portable\ComfyUI\.ce\.pixi\envs\sam3dobjects-nodes\Lib\threading.py", line 359 in wait
  [ComfyUI]   File "C:\workspaces\SAM3DObjects-1643\portable-comfyui\ComfyUI_windows_portable\ComfyUI\.ce\.pixi\envs\sam3dobjects-nodes\Lib\threading.py", line 655 in wait
  [ComfyUI]   File "C:\workspaces\SAM3DObjects-1643\portable-comfyui\ComfyUI_windows_portable\ComfyUI\.ce\.pixi\envs\sam3dobjects-nodes\Lib\site-packages\tqdm\_monitor.py", line 60 in run
  [ComfyUI]   File "C:\workspaces\SAM3DObjects-1643\portable-comfyui\ComfyUI_windows_portable\ComfyUI\.ce\.pixi\envs\sam3dobjects-nodes\Lib\threading.py", line 1075 in _bootstrap_inner
  [ComfyUI]   File "C:\workspaces\SAM3DObjects-1643\portable-comfyui\ComfyUI_windows_portable\ComfyUI\.ce\.pixi\envs\sam3dobjects-nodes\Lib\threading.py", line 1032 in _bootstrap
  [ComfyUI] 
  [ComfyUI] Thread 0x00003b6c (most recent call first):
  [ComfyUI]   File "C:\workspaces\SAM3DObjects-1643\portable-comfyui\ComfyUI_windows_portable\ComfyUI\.ce\.pixi\envs\sam3dobjects-nodes\Lib\threading.py", line 359 in wait
  [ComfyUI]   File "C:\workspaces\SAM3DObjects-1643\portable-comfyui\ComfyUI_windows_portable\ComfyUI\.ce\.pixi\envs\sam3dobjects-nodes\Lib\threading.py", line 655 in wait
  [ComfyUI]   File "C:\workspaces\SAM3DObjects-1643\portable-comfyui\ComfyUI_windows_portable\ComfyUI\.ce\.pixi\envs\sam3dobjects-nodes\Lib\site-packages\tqdm\_monitor.py", line 60 in run
  [ComfyUI]   File "C:\workspaces\SAM3DObjects-1643\portable-comfyui\ComfyUI_windows_portable\ComfyUI\.ce\.pixi\envs\sam3dobjects-nodes\Lib\threading.py", line 1075 in _bootstrap_inner
  [ComfyUI]   File "C:\workspaces\SAM3DObjects-1643\portable-comfyui\ComfyUI_windows_portable\ComfyUI\.ce\.pixi\envs\sam3dobjects-nodes\Lib\threading.py", line 1032 in _bootstrap
  [ComfyUI] 
  [ComfyUI] Thread 0x00002604 (most recent call first):
  [ComfyUI]   File "C:\workspaces\SAM3DObjects-1643\portable-comfyui\ComfyUI_windows_portable\ComfyUI\.ce\.pixi\envs\sam3dobjects-nodes\Lib\threading.py", line 359 in wait
  [ComfyUI]   File "C:\workspaces\SAM3DObjects-1643\portable-comfyui\ComfyUI_windows_portable\ComfyUI\.ce\.pixi\envs\sam3dobjects-nodes\Lib\threading.py", line 655 in wait
  [ComfyUI]   File "C:\workspaces\SAM3DObjects-1643\portable-comfyui\ComfyUI_windows_portable\ComfyUI\.ce\.pixi\envs\sam3dobjects-nodes\Lib\site-packages\tqdm\_monitor.py", line 60 in run
  [ComfyUI]   File "C:\workspaces\SAM3DObjects-1643\portable-comfyui\ComfyUI_windows_portable\ComfyUI\.ce\.pixi\envs\sam3dobjects-nodes\Lib\threading.py", line 1075 in _bootstrap_inner
  [ComfyUI]   File "C:\workspaces\SAM3DObjects-1643\portable-comfyui\ComfyUI_windows_portable\ComfyUI\.ce\.pixi\envs\sam3dobjects-nodes\Lib\threading.py", line 1032 in _bootstrap
  [ComfyUI] 
  [ComfyUI] Thread 0x00001b50 (most recent call first):
  [ComfyUI]   File "C:\Users\ContainerAdministrator\AppData\Local\Temp\comfyui_pvenv_i3zj6sa2\persistent_worker.py", line 106 in _vram_poller
  [ComfyUI]   File "C:\workspaces\SAM3DObjects-1643\portable-comfyui\ComfyUI_windows_portable\ComfyUI\.ce\.pixi\envs\sam3dobjects-nodes\Lib\threading.py", line 1012 in run
  [ComfyUI]   File "C:\workspaces\SAM3DObjects-1643\portable-comfyui\ComfyUI_windows_portable\ComfyUI\.ce\.pixi\envs\sam3dobjects-nodes\Lib\threading.py", line 1075 in _bootstrap_inner
  [ComfyUI]   File "C:\workspaces\SAM3DObjects-1643\portable-comfyui\ComfyUI_windows_portable\ComfyUI\.ce\.pixi\envs\sam3dobjects-nodes\Lib\threading.py", line 1032 in _bootstrap
  [ComfyUI] 
  [ComfyUI] Current thread 0x00001414 (most recent call first):
  [ComfyUI]   File "C:\Users\ContainerAdministrator\AppData\Local\Temp\comfyui_pvenv_i3zj6sa2\persistent_worker.py", line 52 in _watchdog
  [ComfyUI]   File "C:\workspaces\SAM3DObjects-1643\portable-comfyui\ComfyUI_windows_portable\ComfyUI\.ce\.pixi\envs\sam3dobjects-nodes\Lib\threading.py", line 1012 in run
  [ComfyUI]   File "C:\workspaces\SAM3DObjects-1643\portable-comfyui\ComfyUI_windows_portable\ComfyUI\.ce\.pixi\envs\sam3dobjects-nodes\Lib\threading.py", line 1075 in _bootstrap_inner
  [ComfyUI]   File "C:\workspaces\SAM3DObjects-1643\portable-comfyui\ComfyUI_windows_portable\ComfyUI\.ce\.pixi\envs\sam3dobjects-nodes\Lib\threading.py", line 1032 in _bootstrap
  [ComfyUI] 
  [ComfyUI] Thread 0x00000918 (most recent call first):
  [ComfyUI]   File "C:\workspaces\SAM3DObjects-1643\portable-comfyui\ComfyUI_windows_portable\ComfyUI\.ce\.pixi\envs\sam3dobjects-nodes\Lib\site-packages\huggingface_hub\file_download.py", line 558 in xet_get
  [ComfyUI]   File "C:\workspaces\SAM3DObjects-1643\portable-comfyui\ComfyUI_windows_portable\ComfyUI\.ce\.pixi\envs\sam3dobjects-nodes\Lib\site-packages\huggingface_hub\file_download.py", line 1842 in _download_to_tmp_and_move
  [ComfyUI]   File "C:\workspaces\SAM3DObjects-1643\portable-comfyui\ComfyUI_windows_portable\ComfyUI\.ce\.pixi\envs\sam3dobjects-nodes\Lib\site-packages\huggingface_hub\file_download.py", line 1427 in _hf_hub_download_to_local_dir
  [ComfyUI]   File "C:\workspaces\SAM3DObjects-1643\portable-comfyui\ComfyUI_windows_portable\ComfyUI\.ce\.pixi\envs\sam3dobjects-nodes\Lib\site-packages\huggingface_hub\file_download.py", line 976 in hf_hub_download
  [ComfyUI]   File "C:\workspaces\SAM3DObjects-1643\portable-comfyui\ComfyUI_windows_portable\ComfyUI\.ce\.pixi\envs\sam3dobjects-nodes\Lib\site-packages\huggingface_hub\utils\_validators.py", line 88 in _inner_fn
  [ComfyUI]   File "C:\workspaces\SAM3DObjects-1643\portable-comfyui\ComfyUI_windows_portable\ComfyUI\custom_nodes\ComfyUI-SAM3DObjects\nodes\load_model.py", line 222 in _download_files
  [ComfyUI]   File "C:\workspaces\SAM3DObjects-1643\portable-comfyui\ComfyUI_windows_portable\ComfyUI\custom_nodes\ComfyUI-SAM3DObjects\nodes\load_model.py", line 185 in _get_or_download_checkpoint
  [ComfyUI]   File "C:\workspaces\SAM3DObjects-1643\portable-comfyui\ComfyUI_windows_portable\ComfyUI\custom_nodes\ComfyUI-SAM3DObjects\nodes\load_model.py", line 146 in execute
  [ComfyUI]   File "C:\workspaces\SAM3DObjects-1643\portable-comfyui\ComfyUI_windows_portable\ComfyUI\.ce\.pixi\envs\sam3dobjects-nodes\Lib\site-packages\torch\utils\_contextlib.py", line 120 in decorate_context
  [ComfyUI]   File "C:\workspaces\SAM3DObjects-1643\portable-comfyui\ComfyUI_windows_portable\ComfyUI\comfy_api\latest\_io.py", line 1826 in EXECUTE_NORMALIZED
  [ComfyUI]   File "C:\Users\ContainerAdministrator\AppData\Local\Temp\comfyui_pvenv_i3zj6sa2\persistent_worker.py", line 1762 in main
  [ComfyUI]   File "C:\Users\ContainerAdministrator\AppData\Local\Temp\comfyui_pvenv_i3zj6sa2\persistent_worker.py", line 1807 in <module>
  [ComfyUI] 
  [ComfyUI] [worker:ComfyUI-SAM3DObjects] === END ===
  [ComfyUI] 
  [capture-loop] iter=1000 t=128.4s state={'complete': False, 'error': None, 'executedCount': 2, 'wsState': 1} eval_ms=5 ram=12.3/31.9GB (38%) swap=0.3/5.0GB (5%) cpu=23% browser_rss=0.74GB
  [ComfyUI] 
  [ComfyUI] slat_generator.safetensors:  21%|██        | 1.02G/4.91G [00:24<00:39, 99.2MB/s]
  [ComfyUI] slat_generator.safetensors:  22%|██▏       | 1.08G/4.91G [00:27<03:30, 18.1MB/s][SubprocessWorker] callback 'report_progress' from call_id=1
  [ComfyUI] 
  [ComfyUI] slat_generator.safetensors:  28%|██▊       | 1.39G/4.91G [00:27<01:18, 44.9MB/s][SubprocessWorker] callback 'report_progress' from call_id=1
  [ComfyUI] 
  [ComfyUI] slat_generator.safetensors:  33%|███▎      | 1.64G/4.91G [00:27<00:43, 75.0MB/s][SubprocessWorker] callback 'report_progress' from call_id=1
  [ComfyUI] 
  [ComfyUI] slat_generator.safetensors:  35%|███▌      | 1.74G/4.91G [00:28<00:35, 89.0MB/s][SubprocessWorker] callback 'report_progress' from call_id=1
  Frame 33 saved (frame_032.jpg, t=134.8s)
  [capture-periodic] freeze=5ms shot=187ms unfreeze=10ms saved=True
  [capture-loop] iter=1050 t=135.2s state={'complete': False, 'error': None, 'executedCount': 2, 'wsState': 1} eval_ms=5 ram=12.8/31.9GB (40%) swap=0.3/5.0GB (5%) cpu=23% browser_rss=0.75GB
  [ComfyUI] 
  [ComfyUI] slat_generator.safetensors:  37%|███▋      | 1.84G/4.91G [00:30<00:41, 73.3MB/s][SubprocessWorker] callback 'report_progress' from call_id=1
  [ComfyUI] 
  [ComfyUI] slat_generator.safetensors:  43%|████▎     | 2.13G/4.91G [00:30<00:21, 131MB/s] [SubprocessWorker] callback 'report_progress' from call_id=1
  [ComfyUI] 
  [ComfyUI] slat_generator.safetensors:  49%|████▉     | 2.39G/4.91G [00:30<00:12, 197MB/s][SubprocessWorker] callback 'report_progress' from call_id=1
  [ComfyUI] 
  [ComfyUI] slat_generator.safetensors:  55%|█████▌    | 2.72G/4.91G [00:31<00:07, 299MB/s][SubprocessWorker] callback 'report_progress' from call_id=1
  [ComfyUI] 
  [ComfyUI] slat_generator.safetensors:  61%|██████▏   | 3.01G/4.91G [00:31<00:04, 397MB/s][SubprocessWorker] callback 'report_progress' from call_id=1
  [ComfyUI] [SubprocessWorker] callback 'report_progress' from call_id=1
  Frame 34 saved (frame_033.jpg, t=137.2s)
  [capture-periodic] freeze=5ms shot=185ms unfreeze=11ms saved=True
  Frame 35 saved (frame_034.jpg, t=139.4s)
  [capture-periodic] freeze=5ms shot=185ms unfreeze=6ms saved=True
  [capture-loop] iter=1100 t=141.7s state={'complete': False, 'error': None, 'executedCount': 2, 'wsState': 1} eval_ms=5 ram=12.4/31.9GB (39%) swap=0.3/5.0GB (5%) cpu=24% browser_rss=0.74GB
  [ComfyUI] 
  [ComfyUI] slat_generator.safetensors:  66%|██████▌   | 3.24G/4.91G [00:37<00:14, 111MB/s][SubprocessWorker] callback 'report_progress' from call_id=1
  [ComfyUI] [SubprocessWorker] callback 'report_progress' from call_id=1
  Frame 36 saved (frame_035.jpg, t=144.0s)
  [capture-periodic] freeze=5ms shot=184ms unfreeze=12ms saved=True
  [ComfyUI] 
  [ComfyUI] slat_generator.safetensors:  75%|███████▌  | 3.69G/4.91G [00:38<00:07, 152MB/s][SubprocessWorker] callback 'report_progress' from call_id=1
  [ComfyUI] 
  [ComfyUI] slat_generator.safetensors:  83%|████████▎ | 4.07G/4.91G [00:39<00:03, 222MB/s][SubprocessWorker] callback 'report_progress' from call_id=1
  [ComfyUI] 
  [ComfyUI] slat_generator.safetensors:  91%|█████████ | 4.44G/4.91G [00:39<00:01, 306MB/s][SubprocessWorker] callback 'report_progress' from call_id=1
  [ComfyUI] 
  [ComfyUI] slat_generator.safetensors:  97%|█████████▋| 4.74G/4.91G [00:39<00:00, 383MB/s][SubprocessWorker] callback 'report_progress' from call_id=1
  [ComfyUI] 
  [ComfyUI] slat_generator.safetensors: 100%|█████████▉| 4.90G/4.91G [00:39<00:00, 410MB/s][SubprocessWorker] callback 'report_progress' from call_id=1
  [ComfyUI] [SubprocessWorker] callback 'report_progress' from call_id=1
  [ComfyUI] 
  [ComfyUI] slat_generator.safetensors: 100%|██████████| 4.91G/4.91G [00:39<00:00, 123MB/s]
  [ComfyUI] 
  Frame 37 saved (frame_036.jpg, t=146.3s)
  [capture-periodic] freeze=4ms shot=128ms unfreeze=5ms saved=True
  [capture-loop] iter=1150 t=148.0s state={'complete': False, 'error': None, 'executedCount': 2, 'wsState': 1} eval_ms=4 ram=10.5/31.9GB (33%) swap=0.3/5.0GB (5%) cpu=15% browser_rss=0.75GB
  [ComfyUI] slat_decoder_gs.safetensors:   0%|          | 0.00/171M [00:00<?, ?B/s]
  [ComfyUI] slat_decoder_gs.safetensors:  39%|███▉      | 67.1M/171M [00:02<00:03, 26.8MB/s][SubprocessWorker] callback 'report_progress' from call_id=1
  [ComfyUI] [SubprocessWorker] callback 'report_progress' from call_id=1
  [ComfyUI] 
  [ComfyUI] slat_decoder_gs.safetensors: 100%|██████████| 171M/171M [00:02<00:00, 66.8MB/s]
  [ComfyUI] 
  [ComfyUI] slat_decoder_gs.yaml:   0%|          | 0.00/576 [00:00<?, ?B/s][SubprocessWorker] callback 'report_progress' from call_id=1
  [ComfyUI] 
  [ComfyUI] slat_decoder_gs.yaml: 100%|██████████| 576/576 [00:00<00:00, 344kB/s]
  Frame 38 saved (frame_037.jpg, t=148.5s)
  [capture-periodic] freeze=7ms shot=126ms unfreeze=7ms saved=True
  [ComfyUI] 
  [ComfyUI] ss_decoder.safetensors:   0%|          | 0.00/148M [00:00<?, ?B/s]
  [ComfyUI] ss_decoder.safetensors:   0%|          | 532k/148M [00:00<02:19, 1.06MB/s][SubprocessWorker] callback 'report_progress' from call_id=1
  [ComfyUI] 
  [ComfyUI] ss_decoder.safetensors:  10%|▉         | 14.8M/148M [00:01<00:07, 17.1MB/s][SubprocessWorker] callback 'report_progress' from call_id=1
  [ComfyUI] 
  [ComfyUI] ss_decoder.safetensors:  39%|███▊      | 57.1M/148M [00:01<00:01, 48.0MB/s][SubprocessWorker] callback 'report_progress' from call_id=1
  [ComfyUI] 
  [ComfyUI] ss_decoder.safetensors: 100%|██████████| 148M/148M [00:01<00:00, 105MB/s]  [SubprocessWorker] callback 'report_progress' from call_id=1
  [ComfyUI] 
  [ComfyUI] ss_decoder.safetensors: 100%|██████████| 148M/148M [00:01<00:00, 75.9MB/s]
  Frame 39 saved (frame_038.jpg, t=150.7s)
  [capture-periodic] freeze=4ms shot=139ms unfreeze=5ms saved=True
  [ComfyUI] 
  [ComfyUI] dinov2_vitl14_reg.safetensors:   0%|          | 0.00/1.22G [00:00<?, ?B/s]
  [ComfyUI] dinov2_vitl14_reg.safetensors:   1%|          | 8.33M/1.22G [00:00<01:49, 11.1MB/s][SubprocessWorker] callback 'report_progress' from call_id=1
  [ComfyUI] 
  [ComfyUI] dinov2_vitl14_reg.safetensors:   2%|▏         | 25.0M/1.22G [00:01<00:54, 21.9MB/s][SubprocessWorker] callback 'report_progress' from call_id=1
  Frame 40 saved (frame_039.jpg, t=152.9s)
  [capture-periodic] freeze=5ms shot=187ms unfreeze=5ms saved=True
  [ComfyUI] 
  [ComfyUI] dinov2_vitl14_reg.safetensors:   6%|▋         | 78.0M/1.22G [00:02<00:36, 31.0MB/s][SubprocessWorker] callback 'report_progress' from call_id=1
  [ComfyUI] 
  [ComfyUI] dinov2_vitl14_reg.safetensors:  18%|█▊        | 219M/1.22G [00:03<00:10, 92.0MB/s] [SubprocessWorker] callback 'report_progress' from call_id=1
  [ComfyUI] 
  [ComfyUI] dinov2_vitl14_reg.safetensors:  23%|██▎       | 279M/1.22G [00:03<00:08, 114MB/s] [SubprocessWorker] callback 'report_progress' from call_id=1
  [capture-loop] iter=1200 t=154.5s state={'complete': False, 'error': None, 'executedCount': 2, 'wsState': 1} eval_ms=8 ram=10.6/31.9GB (33%) swap=0.3/5.0GB (5%) cpu=14% browser_rss=0.75GB
  Frame 41 saved (frame_040.jpg, t=155.2s)
  [capture-periodic] freeze=4ms shot=184ms unfreeze=8ms saved=True
  [ComfyUI] 
  [ComfyUI] dinov2_vitl14_reg.safetensors:  26%|██▌       | 319M/1.22G [00:04<00:12, 72.0MB/s][SubprocessWorker] callback 'report_progress' from call_id=1
  [ComfyUI] 
  [ComfyUI] dinov2_vitl14_reg.safetensors:  30%|███       | 370M/1.22G [00:05<00:10, 78.5MB/s][SubprocessWorker] callback 'report_progress' from call_id=1
  Frame 42 saved (frame_041.jpg, t=157.5s)
  [capture-periodic] freeze=4ms shot=177ms unfreeze=7ms saved=True
  [ComfyUI] 
  [ComfyUI] dinov2_vitl14_reg.safetensors:  43%|████▎     | 521M/1.22G [00:07<00:08, 82.7MB/s][SubprocessWorker] callback 'report_progress' from call_id=1
  [ComfyUI] 
  [ComfyUI] dinov2_vitl14_reg.safetensors:  47%|████▋     | 571M/1.22G [00:07<00:06, 94.3MB/s][SubprocessWorker] callback 'report_progress' from call_id=1
  [ComfyUI] 
  [ComfyUI] dinov2_vitl14_reg.safetensors:  51%|█████     | 622M/1.22G [00:07<00:06, 95.7MB/s][SubprocessWorker] callback 'report_progress' from call_id=1
  Frame 43 saved (frame_042.jpg, t=159.8s)
  [capture-periodic] freeze=5ms shot=182ms unfreeze=5ms saved=True
  [ComfyUI] 
  [ComfyUI] dinov2_vitl14_reg.safetensors:  59%|█████▉    | 722M/1.22G [00:09<00:06, 82.0MB/s][SubprocessWorker] callback 'report_progress' from call_id=1
  [ComfyUI] 
  [ComfyUI] dinov2_vitl14_reg.safetensors:  68%|██████▊   | 823M/1.22G [00:09<00:03, 104MB/s] [SubprocessWorker] callback 'report_progress' from call_id=1
  [ComfyUI] 
  [ComfyUI] dinov2_vitl14_reg.safetensors:  80%|████████  | 974M/1.22G [00:10<00:01, 146MB/s][SubprocessWorker] callback 'report_progress' from call_id=1
  [capture-loop] iter=1250 t=161.2s state={'complete': False, 'error': None, 'executedCount': 2, 'wsState': 1} eval_ms=8 ram=11.0/31.9GB (35%) swap=0.3/5.0GB (5%) cpu=21% browser_rss=0.75GB
  [ComfyUI] 
  [ComfyUI] dinov2_vitl14_reg.safetensors: 100%|██████████| 1.22G/1.22G [00:10<00:00, 233MB/s][SubprocessWorker] callback 'report_progress' from call_id=1
  [ComfyUI] 
  [ComfyUI] dinov2_vitl14_reg.safetensors: 100%|██████████| 1.22G/1.22G [00:10<00:00, 114MB/s]
  [ComfyUI] 
  Frame 44 saved (frame_043.jpg, t=162.1s)
  [capture-periodic] freeze=4ms shot=129ms unfreeze=6ms saved=True
  [ComfyUI] moge_vitl.safetensors:   0%|          | 0.00/1.26G [00:00<?, ?B/s]
  [ComfyUI] moge_vitl.safetensors:   0%|          | 70.2k/1.26G [00:02<9:57:44, 35.0kB/s][SubprocessWorker] callback 'report_progress' from call_id=1
  [ComfyUI] 
  [ComfyUI] moge_vitl.safetensors:   9%|▉         | 113M/1.26G [00:02<00:21, 52.5MB/s]   [SubprocessWorker] callback 'report_progress' from call_id=1
  Frame 45 saved (frame_044.jpg, t=164.3s)
  [capture-periodic] freeze=4ms shot=178ms unfreeze=4ms saved=True
  [ComfyUI] 
  [ComfyUI] moge_vitl.safetensors:  11%|█         | 135M/1.26G [00:03<00:19, 57.3MB/s][SubprocessWorker] callback 'report_progress' from call_id=1
  [ComfyUI] 
  [ComfyUI] moge_vitl.safetensors:  13%|█▎        | 162M/1.26G [00:03<00:16, 66.2MB/s][SubprocessWorker] callback 'report_progress' from call_id=1
  [ComfyUI] 
  [ComfyUI] moge_vitl.safetensors:  15%|█▍        | 184M/1.26G [00:03<00:15, 69.9MB/s][SubprocessWorker] callback 'report_progress' from call_id=1
  [ComfyUI] 
  [ComfyUI] moge_vitl.safetensors:  17%|█▋        | 211M/1.26G [00:03<00:13, 78.9MB/s][SubprocessWorker] callback 'report_progress' from call_id=1
  [ComfyUI] 
  [ComfyUI] moge_vitl.safetensors:  20%|█▉        | 245M/1.26G [00:04<00:10, 92.5MB/s][SubprocessWorker] callback 'report_progress' from call_id=1
  [ComfyUI] 
  [ComfyUI] moge_vitl.safetensors:  23%|██▎       | 285M/1.26G [00:04<00:08, 109MB/s] [SubprocessWorker] callback 'report_progress' from call_id=1
  [ComfyUI] 
  [ComfyUI] moge_vitl.safetensors:  24%|██▍       | 302M/1.26G [00:04<00:12, 78.1MB/s][SubprocessWorker] callback 'report_progress' from call_id=1
  Frame 46 saved (frame_045.jpg, t=166.6s)
  [capture-periodic] freeze=7ms shot=166ms unfreeze=5ms saved=True
  [ComfyUI] 
  [ComfyUI] moge_vitl.safetensors:  30%|███       | 383M/1.26G [00:05<00:07, 109MB/s] [SubprocessWorker] callback 'report_progress' from call_id=1
  [ComfyUI] 
  [ComfyUI] moge_vitl.safetensors:  32%|███▏      | 407M/1.26G [00:05<00:07, 107MB/s][SubprocessWorker] callback 'report_progress' from call_id=1
  [capture-loop] iter=1300 t=167.5s state={'complete': False, 'error': None, 'executedCount': 2, 'wsState': 1} eval_ms=8 ram=11.1/31.9GB (35%) swap=0.3/5.0GB (5%) cpu=13% browser_rss=0.75GB
  [ComfyUI] 
  [ComfyUI] moge_vitl.safetensors:  36%|███▌      | 450M/1.26G [00:05<00:06, 121MB/s][SubprocessWorker] callback 'report_progress' from call_id=1
  [ComfyUI] 
  [ComfyUI] moge_vitl.safetensors:  37%|███▋      | 464M/1.26G [00:06<00:07, 105MB/s][SubprocessWorker] callback 'report_progress' from call_id=1
  [ComfyUI] 
  [ComfyUI] moge_vitl.safetensors:  42%|████▏     | 528M/1.26G [00:06<00:06, 115MB/s][SubprocessWorker] callback 'report_progress' from call_id=1
  [ComfyUI] 
  [ComfyUI] moge_vitl.safetensors:  44%|████▎     | 548M/1.26G [00:06<00:06, 107MB/s][SubprocessWorker] callback 'report_progress' from call_id=1
  [ComfyUI] 
  [ComfyUI] moge_vitl.safetensors:  47%|████▋     | 594M/1.26G [00:07<00:05, 126MB/s][SubprocessWorker] callback 'report_progress' from call_id=1
  [ComfyUI] 
  [ComfyUI] moge_vitl.safetensors:  50%|█████     | 634M/1.26G [00:07<00:04, 135MB/s][SubprocessWorker] callback 'report_progress' from call_id=1
  Frame 47 saved (frame_046.jpg, t=168.9s)
  [capture-periodic] freeze=5ms shot=168ms unfreeze=5ms saved=True
  [ComfyUI] 
  [ComfyUI] moge_vitl.safetensors:  54%|█████▎    | 674M/1.26G [00:07<00:05, 112MB/s][SubprocessWorker] callback 'report_progress' from call_id=1
  [ComfyUI] 
  [ComfyUI] moge_vitl.safetensors:  58%|█████▊    | 727M/1.26G [00:08<00:04, 109MB/s][SubprocessWorker] callback 'report_progress' from call_id=1
  [ComfyUI] 
  [ComfyUI] moge_vitl.safetensors:  61%|██████▏   | 773M/1.26G [00:08<00:03, 125MB/s][SubprocessWorker] callback 'report_progress' from call_id=1
  [ComfyUI] 
  [ComfyUI] moge_vitl.safetensors:  64%|██████▍   | 808M/1.26G [00:08<00:03, 128MB/s][SubprocessWorker] callback 'report_progress' from call_id=1
  [ComfyUI] 
  [ComfyUI] moge_vitl.safetensors:  70%|███████   | 884M/1.26G [00:09<00:02, 138MB/s][SubprocessWorker] callback 'report_progress' from call_id=1
  Frame 48 saved (frame_047.jpg, t=171.2s)
  [capture-periodic] freeze=5ms shot=188ms unfreeze=6ms saved=True
  [ComfyUI] 
  [ComfyUI] moge_vitl.safetensors:  76%|███████▌  | 954M/1.26G [00:10<00:02, 117MB/s][SubprocessWorker] callback 'report_progress' from call_id=1
  [ComfyUI] 
  [ComfyUI] moge_vitl.safetensors:  78%|███████▊  | 986M/1.26G [00:10<00:02, 119MB/s][SubprocessWorker] callback 'report_progress' from call_id=1
  [ComfyUI] 
  [ComfyUI] moge_vitl.safetensors:  81%|████████  | 1.02G/1.26G [00:10<00:02, 102MB/s][SubprocessWorker] callback 'report_progress' from call_id=1
  [ComfyUI] 
  [ComfyUI] moge_vitl.safetensors:  86%|████████▌ | 1.08G/1.26G [00:11<00:01, 105MB/s][SubprocessWorker] callback 'report_progress' from call_id=1
  [ComfyUI] 
  [ComfyUI] moge_vitl.safetensors:  89%|████████▉ | 1.12G/1.26G [00:11<00:01, 120MB/s][SubprocessWorker] callback 'report_progress' from call_id=1
  [ComfyUI] 
  [ComfyUI] moge_vitl.safetensors:  90%|█████████ | 1.13G/1.26G [00:11<00:01, 106MB/s][SubprocessWorker] callback 'report_progress' from call_id=1
  Frame 49 saved (frame_048.jpg, t=173.4s)
  [capture-periodic] freeze=5ms shot=193ms unfreeze=6ms saved=True
  [ComfyUI] [SubprocessWorker] callback 'report_progress' from call_id=1
  [ComfyUI] 
  [ComfyUI] moge_vitl.safetensors: 100%|██████████| 1.26G/1.26G [00:12<00:00, 163MB/s][SubprocessWorker] callback 'report_progress' from call_id=1
  [ComfyUI] 
  [ComfyUI] moge_vitl.safetensors: 100%|██████████| 1.26G/1.26G [00:12<00:00, 103MB/s]
  [capture-loop] iter=1350 t=174.1s state={'complete': False, 'error': None, 'executedCount': 2, 'wsState': 1} eval_ms=4 ram=11.3/31.9GB (35%) swap=0.3/5.0GB (5%) cpu=20% browser_rss=0.76GB
  [ComfyUI] 
  [ComfyUI] moge_vitl_config.json:   0%|          | 0.00/343 [00:00<?, ?B/s][SubprocessWorker] callback 'report_progress' from call_id=1
  [ComfyUI] 
  [ComfyUI] moge_vitl_config.json: 100%|██████████| 343/343 [00:00<00:00, 218kB/s]
  [ComfyUI] [SubprocessWorker] got response: ok
  [ComfyUI] [comfy-env] LoadSAM3DModel done (171.34s): result: NodeOutput
  [ComfyUI] [VRAM] After LoadSAM3DModel: 1042 / 12287 MB
  [ComfyUI] [comfy-env] Running SAM3D_DepthEstimate: depth_model: dict, image: torch.float32 [1,2240,3360,3] cpu
  [ComfyUI] [VRAM] Before SAM3D_DepthEstimate: 1042 / 12287 MB
  [ComfyUI] [SubprocessWorker] call_method: nodes.depth_estimate.SAM3D_DepthEstimate.EXECUTE_NORMALIZED
  [ComfyUI] [SubprocessWorker] acquired lock, ensuring started...
  [ComfyUI] [ComfyUI-SAM3DObjects] Health check: ping (timeout=5.0s)...
  [ComfyUI] [ComfyUI-SAM3DObjects] Health check: ok
  [ComfyUI] [SubprocessWorker] worker started/confirmed
  [ComfyUI] [comfy-env] PRE-SERIALIZE 'image' shape: torch.Size([1, 2240, 3360, 3])
  [ComfyUI] [SubprocessWorker] serializing kwargs to shm...
  [ComfyUI] [SubprocessWorker] created 0 shm blocks
  [ComfyUI] [SubprocessWorker] sending request via socket...
  [ComfyUI] [SubprocessWorker] call_id=2 sending call_method
  [ComfyUI] [worker:ComfyUI-SAM3DObjects] [comfy-env] _from_shm got dict with keys: ['__type__', 'strategy', 'manager_path', 'storage_key', 'storage_size']
  [ComfyUI] [worker:ComfyUI-SAM3DObjects] [comfy-env] DESERIALIZE TensorRef: tensor_size=[1, 2240, 3360, 3]
  [ComfyUI] [worker:ComfyUI-SAM3DObjects] [comfy-env] DESERIALIZED tensor shape: torch.Size([1, 2240, 3360, 3])
  Frame 50 saved (frame_049.jpg, t=175.7s)
  [capture-periodic] freeze=4ms shot=138ms unfreeze=5ms saved=True
  Frame 51 saved (frame_050.jpg, t=178.0s)
  [capture-periodic] freeze=4ms shot=147ms unfreeze=5ms saved=True
  [capture-loop] iter=1400 t=180.0s state={'complete': False, 'error': None, 'executedCount': 2, 'wsState': 1} eval_ms=4 ram=11.0/31.9GB (34%) swap=0.3/5.0GB (5%) cpu=8% browser_rss=0.76GB
  [ComfyUI] [worker:ComfyUI-SAM3DObjects] [VRAM] DepthEstimate: start: torch=0MiB alloc, 0MiB reserved | gpu=1042MiB/12287MiB used
  [ComfyUI] [worker:ComfyUI-SAM3DObjects] [VRAM] DepthEstimate: before MoGe from_pretrained: torch=0MiB alloc, 0MiB reserved | gpu=1042MiB/12287MiB used
  [ComfyUI] C:\workspaces\SAM3DObjects-1643\portable-comfyui\ComfyUI_windows_portable\ComfyUI\custom_nodes\ComfyUI-SAM3DObjects\nodes\sam3d\moge.py:1012: UserWarning: Deprecated arguments ignored: {'output_mask': True, 'split_head': True}
  [ComfyUI]   warnings.warn(f"Deprecated arguments ignored: {deprecated_kwargs}")
  [ComfyUI] [worker:ComfyUI-SAM3DObjects] [VRAM] DepthEstimate: after MoGe from_pretrained: torch=0MiB alloc, 0MiB reserved | gpu=1042MiB/12287MiB used
  [ComfyUI] [worker:ComfyUI-SAM3DObjects] [VRAM] DepthEstimate: before load_models_gpu: torch=0MiB alloc, 0MiB reserved | gpu=1042MiB/12287MiB used
  [ComfyUI] [SubprocessWorker] callback 'request_vram_budget' from call_id=2
  [ComfyUI] [comfy-env] VRAM request: 0.63GB, free before eviction: 11.79GB
  [ComfyUI] [comfy-env] VRAM after eviction: 11.79GB
  [ComfyUI] [worker:ComfyUI-SAM3DObjects] [VRAM] +240MB (now 240MB) reserved=256MB peak=240MB
  [ComfyUI] [worker:ComfyUI-SAM3DObjects] [VRAM] DepthEstimate: after load_models_gpu: torch=599MiB alloc, 608MiB reserved | gpu=1662MiB/12287MiB used
  [ComfyUI] [worker:ComfyUI-SAM3DObjects]
  [ComfyUI] === WATCHDOG TICK 3 ===
  [ComfyUI] [worker:ComfyUI-SAM3DObjects] Thread 0x00000dd8 (most recent call first):
  [ComfyUI]   File "C:\workspaces\SAM3DObjects-1643\portable-comfyui\ComfyUI_windows_portable\ComfyUI\.ce\.pixi\envs\sam3dobjects-nodes\Lib\threading.py", line 359 in wait
  [ComfyUI]   File "C:\workspaces\SAM3DObjects-1643\portable-comfyui\ComfyUI_windows_portable\ComfyUI\.ce\.pixi\envs\sam3dobjects-nodes\Lib\threading.py", line 655 in wait
  [ComfyUI]   File "C:\workspaces\SAM3DObjects-1643\portable-comfyui\ComfyUI_windows_portable\ComfyUI\.ce\.pixi\envs\sam3dobjects-nodes\Lib\site-packages\tqdm\_monitor.py", line 60 in run
  [ComfyUI]   File "C:\workspaces\SAM3DObjects-1643\portable-comfyui\ComfyUI_windows_portable\ComfyUI\.ce\.pixi\envs\sam3dobjects-nodes\Lib\threading.py", line 1075 in _bootstrap_inner
  [ComfyUI]   File "C:\workspaces\SAM3DObjects-1643\portable-comfyui\ComfyUI_windows_portable\ComfyUI\.ce\.pixi\envs\sam3dobjects-nodes\Lib\threading.py", line 1032 in _bootstrap
  [ComfyUI] 
  [ComfyUI] Thread 0x0000436c (most recent call first):
  [ComfyUI]   File "C:\workspaces\SAM3DObjects-1643\portable-comfyui\ComfyUI_windows_portable\ComfyUI\.ce\.pixi\envs\sam3dobjects-nodes\Lib\threading.py", line 359 in wait
  [ComfyUI]   File "C:\workspaces\SAM3DObjects-1643\portable-comfyui\ComfyUI_windows_portable\ComfyUI\.ce\.pixi\envs\sam3dobjects-nodes\Lib\threading.py", line 655 in wait
  [ComfyUI]   File "C:\workspaces\SAM3DObjects-1643\portable-comfyui\ComfyUI_windows_portable\ComfyUI\.ce\.pixi\envs\sam3dobjects-nodes\Lib\site-packages\tqdm\_monitor.py", line 60 in run
  [ComfyUI]   File "C:\workspaces\SAM3DObjects-1643\portable-comfyui\ComfyUI_windows_portable\ComfyUI\.ce\.pixi\envs\sam3dobjects-nodes\Lib\threading.py", line 1075 in _bootstrap_inner
  [ComfyUI]   File "C:\workspaces\SAM3DObjects-1643\portable-comfyui\ComfyUI_windows_portable\ComfyUI\.ce\.pixi\envs\sam3dobjects-nodes\Lib\threading.py", line 1032 in _bootstrap
  [ComfyUI] 
  [ComfyUI] Thread 0x00001024 (most recent call first):
  [ComfyUI]   File "C:\workspaces\SAM3DObjects-1643\portable-comfyui\ComfyUI_windows_portable\ComfyUI\.ce\.pixi\envs\sam3dobjects-nodes\Lib\threading.py", line 359 in wait
  [ComfyUI]   File "C:\workspaces\SAM3DObjects-1643\portable-comfyui\ComfyUI_windows_portable\ComfyUI\.ce\.pixi\envs\sam3dobjects-nodes\Lib\threading.py", line 655 in wait
  [ComfyUI]   File "C:\workspaces\SAM3DObjects-1643\portable-comfyui\ComfyUI_windows_portable\ComfyUI\.ce\.pixi\envs\sam3dobjects-nodes\Lib\site-packages\tqdm\_monitor.py", line 60 in run
  [ComfyUI]   File "C:\workspaces\SAM3DObjects-1643\portable-comfyui\ComfyUI_windows_portable\ComfyUI\.ce\.pixi\envs\sam3dobjects-nodes\Lib\threading.py", line 1075 in _bootstrap_inner
  [ComfyUI]   File "C:\workspaces\SAM3DObjects-1643\portable-comfyui\ComfyUI_windows_portable\ComfyUI\.ce\.pixi\envs\sam3dobjects-nodes\Lib\threading.py", line 1032 in _bootstrap
  [ComfyUI] 
  [ComfyUI] Thread 0x00003498 (most recent call first):
  [ComfyUI]   File "C:\workspaces\SAM3DObjects-1643\portable-comfyui\ComfyUI_windows_portable\ComfyUI\.ce\.pixi\envs\sam3dobjects-nodes\Lib\threading.py", line 359 in wait
  [ComfyUI]   File "C:\workspaces\SAM3DObjects-1643\portable-comfyui\ComfyUI_windows_portable\ComfyUI\.ce\.pixi\envs\sam3dobjects-nodes\Lib\threading.py", line 655 in wait
  [ComfyUI]   File "C:\workspaces\SAM3DObjects-1643\portable-comfyui\ComfyUI_windows_portable\ComfyUI\.ce\.pixi\envs\sam3dobjects-nodes\Lib\site-packages\tqdm\_monitor.py", line 60 in run
  [ComfyUI]   File "C:\workspaces\SAM3DObjects-1643\portable-comfyui\ComfyUI_windows_portable\ComfyUI\.ce\.pixi\envs\sam3dobjects-nodes\Lib\threading.py", line 1075 in _bootstrap_inner
  [ComfyUI]   File "C:\workspaces\SAM3DObjects-1643\portable-comfyui\ComfyUI_windows_portable\ComfyUI\.ce\.pixi\envs\sam3dobjects-nodes\Lib\threading.py", line 1032 in _bootstrap
  [ComfyUI] 
  [ComfyUI] Thread 0x000032bc (most recent call first):
  [ComfyUI]   File "C:\workspaces\SAM3DObjects-1643\portable-comfyui\ComfyUI_windows_portable\ComfyUI\.ce\.pixi\envs\sam3dobjects-nodes\Lib\threading.py", line 359 in wait
  [ComfyUI]   File "C:\workspaces\SAM3DObjects-1643\portable-comfyui\ComfyUI_windows_portable\ComfyUI\.ce\.pixi\envs\sam3dobjects-nodes\Lib\threading.py", line 655 in wait
  [ComfyUI]   File "C:\workspaces\SAM3DObjects-1643\portable-comfyui\ComfyUI_windows_portable\ComfyUI\.ce\.pixi\envs\sam3dobjects-nodes\Lib\site-packages\tqdm\_monitor.py", line 60 in run
  [ComfyUI]   File "C:\workspaces\SAM3DObjects-1643\portable-comfyui\ComfyUI_windows_portable\ComfyUI\.ce\.pixi\envs\sam3dobjects-nodes\Lib\threading.py", line 1075 in _bootstrap_inner
  [ComfyUI]   File "C:\workspaces\SAM3DObjects-1643\portable-comfyui\ComfyUI_windows_portable\ComfyUI\.ce\.pixi\envs\sam3dobjects-nodes\Lib\threading.py", line 1032 in _bootstrap
  [ComfyUI] 
  [ComfyUI] Thread 0x00002908 (most recent call first):
  [ComfyUI]   File "C:\workspaces\SAM3DObjects-1643\portable-comfyui\ComfyUI_windows_portable\ComfyUI\.ce\.pixi\envs\sam3dobjects-nodes\Lib\threading.py", line 359 in wait
  [ComfyUI]   File "C:\workspaces\SAM3DObjects-1643\portable-comfyui\ComfyUI_windows_portable\ComfyUI\.ce\.pixi\envs\sam3dobjects-nodes\Lib\threading.py", line 655 in wait
  [ComfyUI]   File "C:\workspaces\SAM3DObjects-1643\portable-comfyui\ComfyUI_windows_portable\ComfyUI\.ce\.pixi\envs\sam3dobjects-nodes\Lib\site-packages\tqdm\_monitor.py", line 60 in run
  [ComfyUI]   File "C:\workspaces\SAM3DObjects-1643\portable-comfyui\ComfyUI_windows_portable\ComfyUI\.ce\.pixi\envs\sam3dobjects-nodes\Lib\threading.py", line 1075 in _bootstrap_inner
  [ComfyUI]   File "C:\workspaces\SAM3DObjects-1643\portable-comfyui\ComfyUI_windows_portable\ComfyUI\.ce\.pixi\envs\sam3dobjects-nodes\Lib\threading.py", line 1032 in _bootstrap
  [ComfyUI] 
  [ComfyUI] Thread 0x00000b18 (most recent call first):
  [ComfyUI]   File "C:\workspaces\SAM3DObjects-1643\portable-comfyui\ComfyUI_windows_portable\ComfyUI\.ce\.pixi\envs\sam3dobjects-nodes\Lib\threading.py", line 359 in wait
  [ComfyUI]   File "C:\workspaces\SAM3DObjects-1643\portable-comfyui\ComfyUI_windows_portable\ComfyUI\.ce\.pixi\envs\sam3dobjects-nodes\Lib\threading.py", line 655 in wait
  [ComfyUI]   File "C:\workspaces\SAM3DObjects-1643\portable-comfyui\ComfyUI_windows_portable\ComfyUI\.ce\.pixi\envs\sam3dobjects-nodes\Lib\site-packages\tqdm\_monitor.py", line 60 in run
  [ComfyUI]   File "C:\workspaces\SAM3DObjects-1643\portable-comfyui\ComfyUI_windows_portable\ComfyUI\.ce\.pixi\envs\sam3dobjects-nodes\Lib\threading.py", line 1075 in _bootstrap_inner
  [ComfyUI]   File "C:\workspaces\SAM3DObjects-1643\portable-comfyui\ComfyUI_windows_portable\ComfyUI\.ce\.pixi\envs\sam3dobjects-nodes\Lib\threading.py", line 1032 in _bootstrap
  [ComfyUI] 
  [ComfyUI] Thread 0x00001144 (most recent call first):
  [ComfyUI]   File "C:\workspaces\SAM3DObjects-1643\portable-comfyui\ComfyUI_windows_portable\ComfyUI\.ce\.pixi\envs\sam3dobjects-nodes\Lib\threading.py", line 359 in wait
  [ComfyUI]   File "C:\workspaces\SAM3DObjects-1643\portable-comfyui\ComfyUI_windows_portable\ComfyUI\.ce\.pixi\envs\sam3dobjects-nodes\Lib\threading.py", line 655 in wait
  [ComfyUI]   File "C:\workspaces\SAM3DObjects-1643\portable-comfyui\ComfyUI_windows_portable\ComfyUI\.ce\.pixi\envs\sam3dobjects-nodes\Lib\site-packages\tqdm\_monitor.py", line 60 in run
  [ComfyUI]   File "C:\workspaces\SAM3DObjects-1643\portable-comfyui\ComfyUI_windows_portable\ComfyUI\.ce\.pixi\envs\sam3dobjects-nodes\Lib\threading.py", line 1075 in _bootstrap_inner
  [ComfyUI]   File "C:\workspaces\SAM3DObjects-1643\portable-comfyui\ComfyUI_windows_portable\ComfyUI\.ce\.pixi\envs\sam3dobjects-nodes\Lib\threading.py", line 1032 in _bootstrap
  [ComfyUI] 
  [ComfyUI] Thread 0x00001acc (most recent call first):
  [ComfyUI]   File "C:\workspaces\SAM3DObjects-1643\portable-comfyui\ComfyUI_windows_portable\ComfyUI\.ce\.pixi\envs\sam3dobjects-nodes\Lib\threading.py", line 359 in wait
  [ComfyUI]   File "C:\workspaces\SAM3DObjects-1643\portable-comfyui\ComfyUI_windows_portable\ComfyUI\.ce\.pixi\envs\sam3dobjects-nodes\Lib\threading.py", line 655 in wait
  [ComfyUI]   File "C:\workspaces\SAM3DObjects-1643\portable-comfyui\ComfyUI_windows_portable\ComfyUI\.ce\.pixi\envs\sam3dobjects-nodes\Lib\site-packages\tqdm\_monitor.py", line 60 in run
  [ComfyUI]   File "C:\workspaces\SAM3DObjects-1643\portable-comfyui\ComfyUI_windows_portable\ComfyUI\.ce\.pixi\envs\sam3dobjects-nodes\Lib\threading.py", line 1075 in _bootstrap_inner
  [ComfyUI]   File "C:\workspaces\SAM3DObjects-1643\portable-comfyui\ComfyUI_windows_portable\ComfyUI\.ce\.pixi\envs\sam3dobjects-nodes\Lib\threading.py", line 1032 in _bootstrap
  [ComfyUI] 
  [ComfyUI] Thread 0x00000fe0 (most recent call first):
  [ComfyUI]   File "C:\workspaces\SAM3DObjects-1643\portable-comfyui\ComfyUI_windows_portable\ComfyUI\.ce\.pixi\envs\sam3dobjects-nodes\Lib\threading.py", line 359 in wait
  [ComfyUI]   File "C:\workspaces\SAM3DObjects-1643\portable-comfyui\ComfyUI_windows_portable\ComfyUI\.ce\.pixi\envs\sam3dobjects-nodes\Lib\threading.py", line 655 in wait
  [ComfyUI]   File "C:\workspaces\SAM3DObjects-1643\portable-comfyui\ComfyUI_windows_portable\ComfyUI\.ce\.pixi\envs\sam3dobjects-nodes\Lib\site-packages\tqdm\_monitor.py", line 60 in run
  [ComfyUI]   File "C:\workspaces\SAM3DObjects-1643\portable-comfyui\ComfyUI_windows_portable\ComfyUI\.ce\.pixi\envs\sam3dobjects-nodes\Lib\threading.py", line 1075 in _bootstrap_inner
  [ComfyUI]   File "C:\workspaces\SAM3DObjects-1643\portable-comfyui\ComfyUI_windows_portable\ComfyUI\.ce\.pixi\envs\sam3dobjects-nodes\Lib\threading.py", line 1032 in _bootstrap
  [ComfyUI] 
  [ComfyUI] Thread 0x00002850 (most recent call first):
  [ComfyUI]   File "C:\workspaces\SAM3DObjects-1643\portable-comfyui\ComfyUI_windows_portable\ComfyUI\.ce\.pixi\envs\sam3dobjects-nodes\Lib\threading.py", line 359 in wait
  [ComfyUI]   File "C:\workspaces\SAM3DObjects-1643\portable-comfyui\ComfyUI_windows_portable\ComfyUI\.ce\.pixi\envs\sam3dobjects-nodes\Lib\threading.py", line 655 in wait
  [ComfyUI]   File "C:\workspaces\SAM3DObjects-1643\portable-comfyui\ComfyUI_windows_portable\ComfyUI\.ce\.pixi\envs\sam3dobjects-nodes\Lib\site-packages\tqdm\_monitor.py", line 60 in run
  [ComfyUI]   File "C:\workspaces\SAM3DObjects-1643\portable-comfyui\ComfyUI_windows_portable\ComfyUI\.ce\.pixi\envs\sam3dobjects-nodes\Lib\threading.py", line 1075 in _bootstrap_inner
  [ComfyUI]   File "C:\workspaces\SAM3DObjects-1643\portable-comfyui\ComfyUI_windows_portable\ComfyUI\.ce\.pixi\envs\sam3dobjects-nodes\Lib\threading.py", line 1032 in _bootstrap
  [ComfyUI] 
  [ComfyUI] Thread 0x000034b4 (most recent call first):
  [ComfyUI]   File "C:\workspaces\SAM3DObjects-1643\portable-comfyui\ComfyUI_windows_portable\ComfyUI\.ce\.pixi\envs\sam3dobjects-nodes\Lib\threading.py", line 359 in wait
  [ComfyUI]   File "C:\workspaces\SAM3DObjects-1643\portable-comfyui\ComfyUI_windows_portable\ComfyUI\.ce\.pixi\envs\sam3dobjects-nodes\Lib\threading.py", line 655 in wait
  [ComfyUI]   File "C:\workspaces\SAM3DObjects-1643\portable-comfyui\ComfyUI_windows_portable\ComfyUI\.ce\.pixi\envs\sam3dobjects-nodes\Lib\site-packages\tqdm\_monitor.py", line 60 in run
  [ComfyUI]   File "C:\workspaces\SAM3DObjects-1643\portable-comfyui\ComfyUI_windows_portable\ComfyUI\.ce\.pixi\envs\sam3dobjects-nodes\Lib\threading.py", line 1075 in _bootstrap_inner
  [ComfyUI]   File "C:\workspaces\SAM3DObjects-1643\portable-comfyui\ComfyUI_windows_portable\ComfyUI\.ce\.pixi\envs\sam3dobjects-nodes\Lib\threading.py", line 1032 in _bootstrap
  [ComfyUI] 
  [ComfyUI] Thread 0x00003d0c (most recent call first):
  [ComfyUI]   File "C:\workspaces\SAM3DObjects-1643\portable-comfyui\ComfyUI_windows_portable\ComfyUI\.ce\.pixi\envs\sam3dobjects-nodes\Lib\threading.py", line 359 in wait
  [ComfyUI]   File "C:\workspaces\SAM3DObjects-1643\portable-comfyui\ComfyUI_windows_portable\ComfyUI\.ce\.pixi\envs\sam3dobjects-nodes\Lib\threading.py", line 655 in wait
  [ComfyUI]   File "C:\workspaces\SAM3DObjects-1643\portable-comfyui\ComfyUI_windows_portable\ComfyUI\.ce\.pixi\envs\sam3dobjects-nodes\Lib\site-packages\tqdm\_monitor.py", line 60 in run
  [ComfyUI]   File "C:\workspaces\SAM3DObjects-1643\portable-comfyui\ComfyUI_windows_portable\ComfyUI\.ce\.pixi\envs\sam3dobjects-nodes\Lib\threading.py", line 1075 in _bootstrap_inner
  [ComfyUI]   File "C:\workspaces\SAM3DObjects-1643\portable-comfyui\ComfyUI_windows_portable\ComfyUI\.ce\.pixi\envs\sam3dobjects-nodes\Lib\threading.py", line 1032 in _bootstrap
  [ComfyUI] 
  [ComfyUI] Thread 0x0000464c (most recent call first):
  [ComfyUI]   File "C:\workspaces\SAM3DObjects-1643\portable-comfyui\ComfyUI_windows_portable\ComfyUI\.ce\.pixi\envs\sam3dobjects-nodes\Lib\threading.py", line 359 in wait
  [ComfyUI]   File "C:\workspaces\SAM3DObjects-1643\portable-comfyui\ComfyUI_windows_portable\ComfyUI\.ce\.pixi\envs\sam3dobjects-nodes\Lib\threading.py", line 655 in wait
  [ComfyUI]   File "C:\workspaces\SAM3DObjects-1643\portable-comfyui\ComfyUI_windows_portable\ComfyUI\.ce\.pixi\envs\sam3dobjects-nodes\Lib\site-packages\tqdm\_monitor.py", line 60 in run
  [ComfyUI]   File "C:\workspaces\SAM3DObjects-1643\portable-comfyui\ComfyUI_windows_portable\ComfyUI\.ce\.pixi\envs\sam3dobjects-nodes\Lib\threading.py", line 1075 in _bootstrap_inner
  [ComfyUI]   File "C:\workspaces\SAM3DObjects-1643\portable-comfyui\ComfyUI_windows_portable\ComfyUI\.ce\.pixi\envs\sam3dobjects-nodes\Lib\threading.py", line 1032 in _bootstrap
  [ComfyUI] 
  [ComfyUI] Thread 0x00003b6c (most recent call first):
  [ComfyUI]   File "C:\workspaces\SAM3DObjects-1643\portable-comfyui\ComfyUI_windows_portable\ComfyUI\.ce\.pixi\envs\sam3dobjects-nodes\Lib\threading.py", line 359 in wait
  [ComfyUI]   File "C:\workspaces\SAM3DObjects-1643\portable-comfyui\ComfyUI_windows_portable\ComfyUI\.ce\.pixi\envs\sam3dobjects-nodes\Lib\threading.py", line 655 in wait
  [ComfyUI]   File "C:\workspaces\SAM3DObjects-1643\portable-comfyui\ComfyUI_windows_portable\ComfyUI\.ce\.pixi\envs\sam3dobjects-nodes\Lib\site-packages\tqdm\_monitor.py", line 60 in run
  [ComfyUI]   File "C:\workspaces\SAM3DObjects-1643\portable-comfyui\ComfyUI_windows_portable\ComfyUI\.ce\.pixi\envs\sam3dobjects-nodes\Lib\threading.py", line 1075 in _bootstrap_inner
  [ComfyUI]   File "C:\workspaces\SAM3DObjects-1643\portable-comfyui\ComfyUI_windows_portable\ComfyUI\.ce\.pixi\envs\sam3dobjects-nodes\Lib\threading.py", line 1032 in _bootstrap
  [ComfyUI] 
  [ComfyUI] Thread 0x00002604 (most recent call first):
  [ComfyUI]   File "C:\workspaces\SAM3DObjects-1643\portable-comfyui\ComfyUI_windows_portable\ComfyUI\.ce\.pixi\envs\sam3dobjects-nodes\Lib\threading.py", line 359 in wait
  [ComfyUI]   File "C:\workspaces\SAM3DObjects-1643\portable-comfyui\ComfyUI_windows_portable\ComfyUI\.ce\.pixi\envs\sam3dobjects-nodes\Lib\threading.py", line 655 in wait
  [ComfyUI]   File "C:\workspaces\SAM3DObjects-1643\portable-comfyui\ComfyUI_windows_portable\ComfyUI\.ce\.pixi\envs\sam3dobjects-nodes\Lib\site-packages\tqdm\_monitor.py", line 60 in run
  [ComfyUI]   File "C:\workspaces\SAM3DObjects-1643\portable-comfyui\ComfyUI_windows_portable\ComfyUI\.ce\.pixi\envs\sam3dobjects-nodes\Lib\threading.py", line 1075 in _bootstrap_inner
  [ComfyUI]   File "C:\workspaces\SAM3DObjects-1643\portable-comfyui\ComfyUI_windows_portable\ComfyUI\.ce\.pixi\envs\sam3dobjects-nodes\Lib\threading.py", line 1032 in _bootstrap
  [ComfyUI] 
  [ComfyUI] Thread 0x00001b50 (most recent call first):
  [ComfyUI]   File "C:\Users\ContainerAdministrator\AppData\Local\Temp\comfyui_pvenv_i3zj6sa2\persistent_worker.py", line 106 in _vram_poller
  [ComfyUI]   File "C:\workspaces\SAM3DObjects-1643\portable-comfyui\ComfyUI_windows_portable\ComfyUI\.ce\.pixi\envs\sam3dobjects-nodes\Lib\threading.py", line 1012 in run
  [ComfyUI]   File "C:\workspaces\SAM3DObjects-1643\portable-comfyui\ComfyUI_windows_portable\ComfyUI\.ce\.pixi\envs\sam3dobjects-nodes\Lib\threading.py", line 1075 in _bootstrap_inner
  [ComfyUI]   File "C:\workspaces\SAM3DObjects-1643\portable-comfyui\ComfyUI_windows_portable\ComfyUI\.ce\.pixi\envs\sam3dobjects-nodes\Lib\threading.py", line 1032 in _bootstrap
  [ComfyUI] 
  [ComfyUI] Current thread 0x00001414 (most recent call first):
  [ComfyUI]   File "C:\Users\ContainerAdministrator\AppData\Local\Temp\comfyui_pvenv_i3zj6sa2\persistent_worker.py", line 52 in _watchdog
  [ComfyUI]   File "C:\workspaces\SAM3DObjects-1643\portable-comfyui\ComfyUI_windows_portable\ComfyUI\.ce\.pixi\envs\sam3dobjects-nodes\Lib\threading.py", line 1012 in run
  [ComfyUI]   File "C:\workspaces\SAM3DObjects-1643\portable-comfyui\ComfyUI_windows_portable\ComfyUI\.ce\.pixi\envs\sam3dobjects-nodes\Lib\threading.py", line 1075 in _bootstrap_inner
  [ComfyUI]   File "C:\workspaces\SAM3DObjects-1643\portable-comfyui\ComfyUI_windows_portable\ComfyUI\.ce\.pixi\envs\sam3dobjects-nodes\Lib\threading.py", line 1032 in _bootstrap
  [ComfyUI] 
  [ComfyUI] Thread 0x00000918 (most recent call first):
  [ComfyUI]   File "<frozen importlib._bootstrap>", line 488 in _call_with_frames_removed
  [ComfyUI]   File "<frozen importlib._bootstrap_external>", line 1293 in create_module
  [ComfyUI]   File "<frozen importlib._bootstrap>", line 813 in module_from_spec
  [ComfyUI]   File "<frozen importlib._bootstrap>", line 921 in _load_unlocked
  [ComfyUI]   File "<frozen importlib._bootstrap>", line 1331 in _find_and_load_unlocked
  [ComfyUI]   File "<frozen importlib._bootstrap>", line 1360 in _find_and_load
  [ComfyUI]   File "<frozen importlib._bootstrap>", line 488 in _call_with_frames_removed
  [ComfyUI]   File "<frozen importlib._bootstrap>", line 1415 in _handle_fromlist
  [ComfyUI]   File "C:\workspaces\SAM3DObjects-1643\portable-comfyui\ComfyUI_windows_portable\ComfyUI\.ce\.pixi\envs\sam3dobjects-nodes\Lib\site-packages\scipy\linalg\lapack.py", line 874 in <module>
  [ComfyUI]   File "<frozen importlib._bootstrap>", line 488 in _call_with_frames_removed
  [ComfyUI]   File "<frozen importlib._bootstrap_external>", line 999 in exec_module
  [ComfyUI]   File "<frozen importlib._bootstrap>", line 935 in _load_unlocked
  [ComfyUI]   File "<frozen importlib._bootstrap>", line 1331 in _find_and_load_unlocked
  [ComfyUI]   File "<frozen importlib._bootstrap>", line 1360 in _find_and_load
  [ComfyUI]   File "C:\workspaces\SAM3DObjects-1643\portable-comfyui\ComfyUI_windows_portable\ComfyUI\.ce\.pixi\envs\sam3dobjects-nodes\Lib\site-packages\scipy\linalg\_misc.py", line 4 in <module>
  [ComfyUI]   File "<frozen importlib._bootstrap>", line 488 in _call_with_frames_removed
  [ComfyUI]   File "<frozen importlib._bootstrap_external>", line 999 in exec_module
  [ComfyUI]   File "<frozen importlib._bootstrap>", line 935 in _load_unlocked
  [ComfyUI]   File "<frozen importlib._bootstrap>", line 1331 in _find_and_load_unlocked
  [ComfyUI]   File "<frozen importlib._bootstrap>", line 1360 in _find_and_load
  [ComfyUI]   File "C:\workspaces\SAM3DObjects-1643\portable-comfyui\ComfyUI_windows_portable\ComfyUI\.ce\.pixi\envs\sam3dobjects-nodes\Lib\site-packages\scipy\linalg\__init__.py", line 201 in <module>
  [ComfyUI]   File "<frozen importlib._bootstrap>", line 488 in _call_with_frames_removed
  [ComfyUI]   File "<frozen importlib._bootstrap_external>", line 999 in exec_module
  [ComfyUI]   File "<frozen importlib._bootstrap>", line 935 in _load_unlocked
  [ComfyUI]   File "<frozen importlib._bootstrap>", line 1331 in _find_and_load_unlocked
  [ComfyUI]   File "<frozen importlib._bootstrap>", line 1360 in _find_and_load
  [ComfyUI]   File "<frozen importlib._bootstrap>", line 488 in _call_with_frames_removed
  [ComfyUI]   File "<frozen importlib._bootstrap>", line 1310 in _find_and_load_unlocked
  [ComfyUI]   File "<frozen importlib._bootstrap>", line 1360 in _find_and_load
  [ComfyUI]   File "<frozen importlib._bootstrap>", line 488 in _call_with_frames_removed
  [ComfyUI]   File "<frozen importlib._bootstrap_external>", line 1301 in exec_module
  [ComfyUI]   File "<frozen importlib._bootstrap>", line 935 in _load_unlocked
  [ComfyUI]   File "<frozen importlib._bootstrap>", line 1331 in _find_and_load_unlocked
  [ComfyUI]   File "<frozen importlib._bootstrap>", line 1360 in _find_and_load
  [ComfyUI]   File "C:\workspaces\SAM3DObjects-1643\portable-comfyui\ComfyUI_windows_portable\ComfyUI\.ce\.pixi\envs\sam3dobjects-nodes\Lib\site-packages\scipy\spatial\__init__.py", line 113 in <module>
  [ComfyUI]   File "<frozen importlib._bootstrap>", line 488 in _call_with_frames_removed
  [ComfyUI]   File "<frozen importlib._bootstrap_external>", line 999 in exec_module
  [ComfyUI]   File "<frozen importlib._bootstrap>", line 935 in _load_unlocked
  [ComfyUI]   File "<frozen importlib._bootstrap>", line 1331 in _find_and_load_unlocked
  [ComfyUI]   File "<frozen importlib._bootstrap>", line 1360 in _find_and_load
  [ComfyUI]   File "C:\workspaces\SAM3DObjects-1643\portable-comfyui\ComfyUI_windows_portable\ComfyUI\.ce\.pixi\envs\sam3dobjects-nodes\Lib\site-packages\trimesh\grouping.py", line 15 in <module>
  [ComfyUI]   File "<frozen importlib._bootstrap>", line 488 in _call_with_frames_removed
  [ComfyUI]   File "<frozen importlib._bootstrap_external>", line 999 in exec_module
  [ComfyUI]   File "<frozen importlib._bootstrap>", line 935 in _load_unlocked
  [ComfyUI]   File "<frozen importlib._bootstrap>", line 1331 in _find_and_load_unlocked
  [ComfyUI]   File "<frozen importlib._bootstrap>", line 1360 in _find_and_load
  [ComfyUI]   File "<frozen importlib._bootstrap>", line 488 in _call_with_frames_removed
  [ComfyUI]   File "<frozen importlib._bootstrap>", line 1415 in _handle_fromlist
  [ComfyUI]   File "C:\workspaces\SAM3DObjects-1643\portable-comfyui\ComfyUI_windows_portable\ComfyUI\.ce\.pixi\envs\sam3dobjects-nodes\Lib\site-packages\trimesh\points.py", line 14 in <module>
  [ComfyUI]   File "<frozen importlib._bootstrap>", line 488 in _call_with_frames_removed
  [ComfyUI]   File "<frozen importlib._bootstrap_external>", line 999 in exec_module
  [ComfyUI]   File "<frozen importlib._bootstrap>", line 935 in _load_unlocked
  [ComfyUI]   File "<frozen importlib._bootstrap>", line 1331 in _find_and_load_unlocked
  [ComfyUI]   File "<frozen importlib._bootstrap>", line 1360 in _find_and_load
  [ComfyUI]   File "C:\workspaces\SAM3DObjects-1643\portable-comfyui\ComfyUI_windows_portable\ComfyUI\.ce\.pixi\envs\sam3dobjects-nodes\Lib\site-packages\trimesh\triangles.py", line 15 in <module>
  [ComfyUI]   File "<frozen importlib._bootstrap>", line 488 in _call_with_frames_removed
  [ComfyUI]   File "<frozen importlib._bootstrap_external>", line 999 in exec_module
  [ComfyUI]   File "<frozen importlib._bootstrap>", line 935 in _load_unlocked
  [ComfyUI]   File "<frozen importlib._bootstrap>", line 1331 in _find_and_load_unlocked
  [ComfyUI]   File "<frozen importlib._bootstrap>", line 1360 in _find_and_load
  [ComfyUI]   File "<frozen importlib._bootstrap>", line 488 in _call_with_frames_removed
  [ComfyUI]   File "<frozen importlib._bootstrap>", line 1415 in _handle_fromlist
  [ComfyUI]   File "C:\workspaces\SAM3DObjects-1643\portable-comfyui\ComfyUI_windows_portable\ComfyUI\.ce\.pixi\envs\sam3dobjects-nodes\Lib\site-packages\trimesh\convex.py", line 16 in <module>
  [ComfyUI]   File "<frozen importlib._bootstrap>", line 488 in _call_with_frames_removed
  [ComfyUI]   File "<frozen importlib._bootstrap_external>", line 999 in exec_module
  [ComfyUI]   File "<frozen importlib._bootstrap>", line 935 in _load_unlocked
  [ComfyUI]   File "<frozen importlib._bootstrap>", line 1331 in _find_and_load_unlocked
  [ComfyUI]   File "<frozen importlib._bootstrap>", line 1360 in _find_and_load
  [ComfyUI]   File "<frozen importlib._bootstrap>", line 488 in _call_with_frames_removed
  [ComfyUI]   File "<frozen importlib._bootstrap>", line 1415 in _handle_fromlist
  [ComfyUI]   File "C:\workspaces\SAM3DObjects-1643\portable-comfyui\ComfyUI_windows_portable\ComfyUI\.ce\.pixi\envs\sam3dobjects-nodes\Lib\site-packages\trimesh\bounds.py", line 3 in <module>
  [ComfyUI]   File "<frozen importlib._bootstrap>", line 488 in _call_with_frames_removed
  [ComfyUI]   File "<frozen importlib._bootstrap_external>", line 999 in exec_module
  [ComfyUI]   File "<frozen importlib._bootstrap>", line 935 in _load_unlocked
  [ComfyUI]   File "<frozen importlib._bootstrap>", line 1331 in _find_and_load_unlocked
  [ComfyUI]   File "<frozen importlib._bootstrap>", line 1360 in _find_and_load
  [ComfyUI]   File "<frozen importlib._bootstrap>", line 488 in _call_with_frames_removed
  [ComfyUI]   File "<frozen importlib._bootstrap>", line 1415 in _handle_fromlist
  [ComfyUI]   File "C:\workspaces\SAM3DObjects-1643\portable-comfyui\ComfyUI_windows_portable\ComfyUI\.ce\.pixi\envs\sam3dobjects-nodes\Lib\site-packages\trimesh\__init__.py", line 12 in <module>
  [ComfyUI]   File "<frozen importlib._bootstrap>", line 488 in _call_with_frames_removed
  [ComfyUI]   File "<frozen importlib._bootstrap_external>", line 999 in exec_module
  [ComfyUI]   File "<frozen importlib._bootstrap>", line 935 in _load_unlocked
  [ComfyUI]   File "<frozen importlib._bootstrap>", line 1331 in _find_and_load_unlocked
  [ComfyUI]   File "<frozen importlib._bootstrap>", line 1360 in _find_and_load
  [ComfyUI]   File "C:\workspaces\SAM3DObjects-1643\portable-comfyui\ComfyUI_windows_portable\ComfyUI\custom_nodes\ComfyUI-SAM3DObjects\nodes\sam3d\pipeline.py", line 25 in <module>
  [ComfyUI]   File "<frozen importlib._bootstrap>", line 488 in _call_with_frames_removed
  [ComfyUI]   File "<frozen importlib._bootstrap_external>", line 999 in exec_module
  [ComfyUI]   File "<frozen importlib._bootstrap>", line 935 in _load_unlocked
  [ComfyUI]   File "<frozen importlib._bootstrap>", line 1331 in _find_and_load_unlocked
  [ComfyUI]   File "<frozen importlib._bootstrap>", line 1360 in _find_and_load
  [ComfyUI]   File "C:\workspaces\SAM3DObjects-1643\portable-comfyui\ComfyUI_windows_portable\ComfyUI\custom_nodes\ComfyUI-SAM3DObjects\nodes\depth_estimate.py", line 149 in execute
  [ComfyUI]   File "C:\workspaces\SAM3DObjects-1643\portable-comfyui\ComfyUI_windows_portable\ComfyUI\.ce\.pixi\envs\sam3dobjects-nodes\Lib\site-packages\torch\utils\_contextlib.py", line 120 in decorate_context
  [ComfyUI]   File "C:\workspaces\SAM3DObjects-1643\portable-comfyui\ComfyUI_windows_portable\ComfyUI\comfy_api\latest\_io.py", line 1826 in EXECUTE_NORMALIZED
  [ComfyUI]   File "C:\Users\ContainerAdministrator\AppData\Local\Temp\comfyui_pvenv_i3zj6sa2\persistent_worker.py", line 1762 in main
  [ComfyUI]   File "C:\Users\ContainerAdministrator\AppData\Local\Temp\comfyui_pvenv_i3zj6sa2\persistent_worker.py", line 1807 in <module>
  [ComfyUI] 
  [ComfyUI] [worker:ComfyUI-SAM3DObjects] === END ===
  [ComfyUI] 
  [ComfyUI] [worker:ComfyUI-SAM3DObjects] [VRAM] +359MB (now 599MB) reserved=608MB peak=599MB
  [capture-loop] iter=1450 t=186.1s state={'complete': False, 'error': None, 'executedCount': 2, 'wsState': 1} eval_ms=4 ram=10.8/31.9GB (34%) swap=0.3/5.0GB (5%) cpu=8% browser_rss=0.76GB
  [capture-loop] iter=1500 t=192.0s state={'complete': False, 'error': None, 'executedCount': 2, 'wsState': 1} eval_ms=4 ram=10.9/31.9GB (34%) swap=0.3/5.0GB (5%) cpu=4% browser_rss=0.76GB
  [capture-loop] iter=1550 t=197.9s state={'complete': False, 'error': None, 'executedCount': 2, 'wsState': 1} eval_ms=4 ram=10.7/31.9GB (34%) swap=0.3/5.0GB (5%) cpu=5% browser_rss=0.76GB
  [ComfyUI] [SubprocessWorker] callback 'report_progress' from call_id=2
  [ComfyUI] [worker:ComfyUI-SAM3DObjects] [VRAM] DepthEstimate: before MoGe inference: torch=599MiB alloc, 608MiB reserved | gpu=1662MiB/12287MiB used
  Frame 52 saved (frame_051.jpg, t=200.4s)
  [capture-periodic] freeze=4ms shot=131ms unfreeze=4ms saved=True
  Frame 53 saved (frame_052.jpg, t=202.6s)
  [capture-periodic] freeze=4ms shot=146ms unfreeze=4ms saved=True
  [capture-loop] iter=1600 t=203.9s state={'complete': False, 'error': None, 'executedCount': 2, 'wsState': 1} eval_ms=4 ram=11.1/31.9GB (35%) swap=0.3/5.0GB (5%) cpu=6% browser_rss=0.76GB
  [ComfyUI] [worker:ComfyUI-SAM3DObjects] [VRAM] +230MB (now 829MB) reserved=1184MB peak=829MB
  [ComfyUI] [worker:ComfyUI-SAM3DObjects] [VRAM] DepthEstimate: after MoGe inference: torch=758MiB alloc, 1184MiB reserved | gpu=2272MiB/12287MiB used
  [ComfyUI] [worker:ComfyUI-SAM3DObjects] [VRAM] DepthEstimate: after cleanup: torch=158MiB alloc, 224MiB reserved | gpu=1312MiB/12287MiB used
  [ComfyUI] [SubprocessWorker] callback 'report_progress' from call_id=2
  [ComfyUI] [SubprocessWorker] callback 'report_progress' from call_id=2
  Frame 54 saved (frame_053.jpg, t=204.8s)
  [capture-periodic] freeze=4ms shot=149ms unfreeze=12ms saved=True
  [ComfyUI] [worker:ComfyUI-SAM3DObjects] [VRAM] -585MB (now 244MB) reserved=640MB peak=829MB
  Frame 55 saved (frame_054.jpg, t=207.1s)
  [capture-periodic] freeze=4ms shot=150ms unfreeze=4ms saved=True
  [capture-loop] iter=1650 t=210.0s state={'complete': False, 'error': None, 'executedCount': 2, 'wsState': 1} eval_ms=4 ram=12.2/31.9GB (38%) swap=0.3/5.0GB (5%) cpu=5% browser_rss=0.76GB
  [capture-loop] iter=1700 t=215.9s state={'complete': False, 'error': None, 'executedCount': 2, 'wsState': 1} eval_ms=4 ram=12.2/31.9GB (38%) swap=0.3/5.0GB (5%) cpu=4% browser_rss=0.76GB
  [capture-loop] iter=1750 t=221.8s state={'complete': False, 'error': None, 'executedCount': 2, 'wsState': 1} eval_ms=4 ram=12.2/31.9GB (38%) swap=0.3/5.0GB (5%) cpu=4% browser_rss=0.76GB
  [capture-loop] iter=1800 t=227.8s state={'complete': False, 'error': None, 'executedCount': 2, 'wsState': 1} eval_ms=4 ram=12.2/31.9GB (38%) swap=0.3/5.0GB (5%) cpu=4% browser_rss=0.76GB
  [capture-loop] iter=1850 t=233.6s state={'complete': False, 'error': None, 'executedCount': 2, 'wsState': 1} eval_ms=3 ram=12.1/31.9GB (38%) swap=0.3/5.0GB (5%) cpu=4% browser_rss=0.76GB
  [ComfyUI] [SubprocessWorker] callback 'report_progress' from call_id=2
  [ComfyUI] [worker:ComfyUI-SAM3DObjects] [VRAM] DepthEstimate: done: torch=244MiB alloc, 640MiB reserved | gpu=1728MiB/12287MiB used
  [ComfyUI] [SubprocessWorker] got response: ok
  [ComfyUI] [comfy-env] Created 1 model patchers: ['MoGeModelV1_1']
  [ComfyUI] [comfy-env] SAM3D_DepthEstimate done (63.51s): result: NodeOutput
  [ComfyUI] [VRAM] After SAM3D_DepthEstimate: 1042 / 12287 MB
  [ComfyUI] [VRAM] Loaded: SubprocessModel (0 MB)
  [ComfyUI] [comfy-env] Running SAM3DGenerateSLAT: seed: 42, stage1_steps: 12, stage1_cfg: 7.5, stage1_cfg_pm: 0.0, stage2_steps: 12, stage2_cfg: 5.0, use_distillation: False, generator: dict, image: torch.float32 [1,2240,3360,3] cpu, mask: torch.float32 [1,2240,3360] cpu, pointmap: torch.float32 [2240,3360,3] cpu
  [ComfyUI] [VRAM] Before SAM3DGenerateSLAT: 1042 / 12287 MB
  [ComfyUI] [VRAM] Loaded: SubprocessModel (0 MB)
  [ComfyUI] [SubprocessWorker] call_method: nodes.generate_slat.SAM3DGenerateSLAT.EXECUTE_NORMALIZED
  [ComfyUI] [SubprocessWorker] acquired lock, ensuring started...
  [ComfyUI] [ComfyUI-SAM3DObjects] Health check: ping (timeout=5.0s)...
  [ComfyUI] [ComfyUI-SAM3DObjects] Health check: ok
  [ComfyUI] [SubprocessWorker] worker started/confirmed
  [ComfyUI] [comfy-env] PRE-SERIALIZE 'image' shape: torch.Size([1, 2240, 3360, 3])
  [ComfyUI] [comfy-env] PRE-SERIALIZE 'mask' shape: torch.Size([1, 2240, 3360])
  [ComfyUI] [comfy-env] PRE-SERIALIZE 'pointmap' shape: torch.Size([2240, 3360, 3])
  [ComfyUI] [SubprocessWorker] serializing kwargs to shm...
  [ComfyUI] [SubprocessWorker] created 0 shm blocks
  [ComfyUI] [SubprocessWorker] sending request via socket...
  [ComfyUI] [SubprocessWorker] call_id=3 sending call_method
  [ComfyUI] [worker:ComfyUI-SAM3DObjects] [VRAM] -237MB (now 8MB) reserved=640MB peak=829MB
  [ComfyUI] [worker:ComfyUI-SAM3DObjects] [comfy-env] _from_shm got dict with keys: ['__type__', 'strategy', 'manager_path', 'storage_key', 'storage_size']
  [ComfyUI] [worker:ComfyUI-SAM3DObjects] [comfy-env] DESERIALIZE TensorRef: tensor_size=[1, 2240, 3360, 3]
  [ComfyUI] [worker:ComfyUI-SAM3DObjects] [comfy-env] DESERIALIZED tensor shape: torch.Size([1, 2240, 3360, 3])
  [ComfyUI] [worker:ComfyUI-SAM3DObjects] [comfy-env] _from_shm got dict with keys: ['__type__', 'strategy', 'manager_path', 'storage_key', 'storage_size']
  [ComfyUI] [worker:ComfyUI-SAM3DObjects] [comfy-env] DESERIALIZE TensorRef: tensor_size=[1, 2240, 3360]
  [ComfyUI] [worker:ComfyUI-SAM3DObjects] [comfy-env] DESERIALIZED tensor shape: torch.Size([1, 2240, 3360])
  [ComfyUI] [worker:ComfyUI-SAM3DObjects] [comfy-env] _from_shm got dict with keys: ['__type__', 'strategy', 'manager_path', 'storage_key', 'storage_size']
  [ComfyUI] [worker:ComfyUI-SAM3DObjects] [comfy-env] DESERIALIZE TensorRef: tensor_size=[2240, 3360, 3]
  [ComfyUI] [worker:ComfyUI-SAM3DObjects] [comfy-env] DESERIALIZED tensor shape: torch.Size([2240, 3360, 3])
  [ComfyUI] [worker:ComfyUI-SAM3DObjects] [VRAM] GenerateSLAT: start: torch=8MiB alloc, 640MiB reserved | gpu=1728MiB/12287MiB used
  [ComfyUI] 2026-05-10 16:58:42.796 | WARNING  | nodes.sam3d.transforms:__post_init__:1359 - No rgb pointmap normalizer provided, using scale + shift
  Frame 56 saved (frame_055.jpg, t=238.4s)
  [capture-periodic] freeze=4ms shot=166ms unfreeze=9ms saved=True
  [ComfyUI] [worker:ComfyUI-SAM3DObjects] [VRAM] +261MB (now 269MB) reserved=640MB peak=829MB
  [ComfyUI] [worker:ComfyUI-SAM3DObjects] [VRAM] _load_condition_embedder(ss): before build: torch=108MiB alloc, 864MiB reserved | gpu=1988MiB/12287MiB used
  [capture-loop] iter=1900 t=239.8s state={'complete': False, 'error': None, 'executedCount': 2, 'wsState': 1} eval_ms=6 ram=12.9/31.9GB (40%) swap=0.3/5.0GB (5%) cpu=18% browser_rss=0.76GB
  Frame 57 saved (frame_056.jpg, t=240.7s)
  [capture-periodic] freeze=5ms shot=176ms unfreeze=12ms saved=True
  [ComfyUI] [worker:ComfyUI-SAM3DObjects]
  [ComfyUI] === WATCHDOG TICK 4 ===
  [ComfyUI] [worker:ComfyUI-SAM3DObjects] Thread 0x00000dd8 (most recent call first):
  [ComfyUI]   File "C:\workspaces\SAM3DObjects-1643\portable-comfyui\ComfyUI_windows_portable\ComfyUI\.ce\.pixi\envs\sam3dobjects-nodes\Lib\threading.py", line 359 in wait
  [ComfyUI]   File "C:\workspaces\SAM3DObjects-1643\portable-comfyui\ComfyUI_windows_portable\ComfyUI\.ce\.pixi\envs\sam3dobjects-nodes\Lib\threading.py", line 655 in wait
  [ComfyUI]   File "C:\workspaces\SAM3DObjects-1643\portable-comfyui\ComfyUI_windows_portable\ComfyUI\.ce\.pixi\envs\sam3dobjects-nodes\Lib\site-packages\tqdm\_monitor.py", line 60 in run
  [ComfyUI]   File "C:\workspaces\SAM3DObjects-1643\portable-comfyui\ComfyUI_windows_portable\ComfyUI\.ce\.pixi\envs\sam3dobjects-nodes\Lib\threading.py", line 1075 in _bootstrap_inner
  [ComfyUI]   File "C:\workspaces\SAM3DObjects-1643\portable-comfyui\ComfyUI_windows_portable\ComfyUI\.ce\.pixi\envs\sam3dobjects-nodes\Lib\threading.py", line 1032 in _bootstrap
  [ComfyUI] 
  [ComfyUI] Thread 0x0000436c (most recent call first):
  [ComfyUI]   File "C:\workspaces\SAM3DObjects-1643\portable-comfyui\ComfyUI_windows_portable\ComfyUI\.ce\.pixi\envs\sam3dobjects-nodes\Lib\threading.py", line 359 in wait
  [ComfyUI]   File "C:\workspaces\SAM3DObjects-1643\portable-comfyui\ComfyUI_windows_portable\ComfyUI\.ce\.pixi\envs\sam3dobjects-nodes\Lib\threading.py", line 655 in wait
  [ComfyUI]   File "C:\workspaces\SAM3DObjects-1643\portable-comfyui\ComfyUI_windows_portable\ComfyUI\.ce\.pixi\envs\sam3dobjects-nodes\Lib\site-packages\tqdm\_monitor.py", line 60 in run
  [ComfyUI]   File "C:\workspaces\SAM3DObjects-1643\portable-comfyui\ComfyUI_windows_portable\ComfyUI\.ce\.pixi\envs\sam3dobjects-nodes\Lib\threading.py", line 1075 in _bootstrap_inner
  [ComfyUI]   File "C:\workspaces\SAM3DObjects-1643\portable-comfyui\ComfyUI_windows_portable\ComfyUI\.ce\.pixi\envs\sam3dobjects-nodes\Lib\threading.py", line 1032 in _bootstrap
  [ComfyUI] 
  [ComfyUI] Thread 0x00001024 (most recent call first):
  [ComfyUI]   File "C:\workspaces\SAM3DObjects-1643\portable-comfyui\ComfyUI_windows_portable\ComfyUI\.ce\.pixi\envs\sam3dobjects-nodes\Lib\threading.py", line 359 in wait
  [ComfyUI]   File "C:\workspaces\SAM3DObjects-1643\portable-comfyui\ComfyUI_windows_portable\ComfyUI\.ce\.pixi\envs\sam3dobjects-nodes\Lib\threading.py", line 655 in wait
  [ComfyUI]   File "C:\workspaces\SAM3DObjects-1643\portable-comfyui\ComfyUI_windows_portable\ComfyUI\.ce\.pixi\envs\sam3dobjects-nodes\Lib\site-packages\tqdm\_monitor.py", line 60 in run
  [ComfyUI]   File "C:\workspaces\SAM3DObjects-1643\portable-comfyui\ComfyUI_windows_portable\ComfyUI\.ce\.pixi\envs\sam3dobjects-nodes\Lib\threading.py", line 1075 in _bootstrap_inner
  [ComfyUI]   File "C:\workspaces\SAM3DObjects-1643\portable-comfyui\ComfyUI_windows_portable\ComfyUI\.ce\.pixi\envs\sam3dobjects-nodes\Lib\threading.py", line 1032 in _bootstrap
  [ComfyUI] 
  [ComfyUI] Thread 0x00003498 (most recent call first):
  [ComfyUI]   File "C:\workspaces\SAM3DObjects-1643\portable-comfyui\ComfyUI_windows_portable\ComfyUI\.ce\.pixi\envs\sam3dobjects-nodes\Lib\threading.py", line 359 in wait
  [ComfyUI]   File "C:\workspaces\SAM3DObjects-1643\portable-comfyui\ComfyUI_windows_portable\ComfyUI\.ce\.pixi\envs\sam3dobjects-nodes\Lib\threading.py", line 655 in wait
  [ComfyUI]   File "C:\workspaces\SAM3DObjects-1643\portable-comfyui\ComfyUI_windows_portable\ComfyUI\.ce\.pixi\envs\sam3dobjects-nodes\Lib\site-packages\tqdm\_monitor.py", line 60 in run
  [ComfyUI]   File "C:\workspaces\SAM3DObjects-1643\portable-comfyui\ComfyUI_windows_portable\ComfyUI\.ce\.pixi\envs\sam3dobjects-nodes\Lib\threading.py", line 1075 in _bootstrap_inner
  [ComfyUI]   File "C:\workspaces\SAM3DObjects-1643\portable-comfyui\ComfyUI_windows_portable\ComfyUI\.ce\.pixi\envs\sam3dobjects-nodes\Lib\threading.py", line 1032 in _bootstrap
  [ComfyUI] 
  [ComfyUI] Thread 0x000032bc (most recent call first):
  [ComfyUI]   File "C:\workspaces\SAM3DObjects-1643\portable-comfyui\ComfyUI_windows_portable\ComfyUI\.ce\.pixi\envs\sam3dobjects-nodes\Lib\threading.py", line 359 in wait
  [ComfyUI]   File "C:\workspaces\SAM3DObjects-1643\portable-comfyui\ComfyUI_windows_portable\ComfyUI\.ce\.pixi\envs\sam3dobjects-nodes\Lib\threading.py", line 655 in wait
  [ComfyUI]   File "C:\workspaces\SAM3DObjects-1643\portable-comfyui\ComfyUI_windows_portable\ComfyUI\.ce\.pixi\envs\sam3dobjects-nodes\Lib\site-packages\tqdm\_monitor.py", line 60 in run
  [ComfyUI]   File "C:\workspaces\SAM3DObjects-1643\portable-comfyui\ComfyUI_windows_portable\ComfyUI\.ce\.pixi\envs\sam3dobjects-nodes\Lib\threading.py", line 1075 in _bootstrap_inner
  [ComfyUI]   File "C:\workspaces\SAM3DObjects-1643\portable-comfyui\ComfyUI_windows_portable\ComfyUI\.ce\.pixi\envs\sam3dobjects-nodes\Lib\threading.py", line 1032 in _bootstrap
  [ComfyUI] 
  [ComfyUI] Thread 0x00002908 (most recent call first):
  [ComfyUI]   File "C:\workspaces\SAM3DObjects-1643\portable-comfyui\ComfyUI_windows_portable\ComfyUI\.ce\.pixi\envs\sam3dobjects-nodes\Lib\threading.py", line 359 in wait
  [ComfyUI]   File "C:\workspaces\SAM3DObjects-1643\portable-comfyui\ComfyUI_windows_portable\ComfyUI\.ce\.pixi\envs\sam3dobjects-nodes\Lib\threading.py", line 655 in wait
  [ComfyUI]   File "C:\workspaces\SAM3DObjects-1643\portable-comfyui\ComfyUI_windows_portable\ComfyUI\.ce\.pixi\envs\sam3dobjects-nodes\Lib\site-packages\tqdm\_monitor.py", line 60 in run
  [ComfyUI]   File "C:\workspaces\SAM3DObjects-1643\portable-comfyui\ComfyUI_windows_portable\ComfyUI\.ce\.pixi\envs\sam3dobjects-nodes\Lib\threading.py", line 1075 in _bootstrap_inner
  [ComfyUI]   File "C:\workspaces\SAM3DObjects-1643\portable-comfyui\ComfyUI_windows_portable\ComfyUI\.ce\.pixi\envs\sam3dobjects-nodes\Lib\threading.py", line 1032 in _bootstrap
  [ComfyUI] 
  [ComfyUI] Thread 0x00000b18 (most recent call first):
  [ComfyUI]   File "C:\workspaces\SAM3DObjects-1643\portable-comfyui\ComfyUI_windows_portable\ComfyUI\.ce\.pixi\envs\sam3dobjects-nodes\Lib\threading.py", line 359 in wait
  [ComfyUI]   File "C:\workspaces\SAM3DObjects-1643\portable-comfyui\ComfyUI_windows_portable\ComfyUI\.ce\.pixi\envs\sam3dobjects-nodes\Lib\threading.py", line 655 in wait
  [ComfyUI]   File "C:\workspaces\SAM3DObjects-1643\portable-comfyui\ComfyUI_windows_portable\ComfyUI\.ce\.pixi\envs\sam3dobjects-nodes\Lib\site-packages\tqdm\_monitor.py", line 60 in run
  [ComfyUI]   File "C:\workspaces\SAM3DObjects-1643\portable-comfyui\ComfyUI_windows_portable\ComfyUI\.ce\.pixi\envs\sam3dobjects-nodes\Lib\threading.py", line 1075 in _bootstrap_inner
  [ComfyUI]   File "C:\workspaces\SAM3DObjects-1643\portable-comfyui\ComfyUI_windows_portable\ComfyUI\.ce\.pixi\envs\sam3dobjects-nodes\Lib\threading.py", line 1032 in _bootstrap
  [ComfyUI] 
  [ComfyUI] Thread 0x00001144 (most recent call first):
  [ComfyUI]   File "C:\workspaces\SAM3DObjects-1643\portable-comfyui\ComfyUI_windows_portable\ComfyUI\.ce\.pixi\envs\sam3dobjects-nodes\Lib\threading.py", line 359 in wait
  [ComfyUI]   File "C:\workspaces\SAM3DObjects-1643\portable-comfyui\ComfyUI_windows_portable\ComfyUI\.ce\.pixi\envs\sam3dobjects-nodes\Lib\threading.py", line 655 in wait
  [ComfyUI]   File "C:\workspaces\SAM3DObjects-1643\portable-comfyui\ComfyUI_windows_portable\ComfyUI\.ce\.pixi\envs\sam3dobjects-nodes\Lib\site-packages\tqdm\_monitor.py", line 60 in run
  [ComfyUI]   File "C:\workspaces\SAM3DObjects-1643\portable-comfyui\ComfyUI_windows_portable\ComfyUI\.ce\.pixi\envs\sam3dobjects-nodes\Lib\threading.py", line 1075 in _bootstrap_inner
  [ComfyUI]   File "C:\workspaces\SAM3DObjects-1643\portable-comfyui\ComfyUI_windows_portable\ComfyUI\.ce\.pixi\envs\sam3dobjects-nodes\Lib\threading.py", line 1032 in _bootstrap
  [ComfyUI] 
  [ComfyUI] Thread 0x00001acc (most recent call first):
  [ComfyUI]   File "C:\workspaces\SAM3DObjects-1643\portable-comfyui\ComfyUI_windows_portable\ComfyUI\.ce\.pixi\envs\sam3dobjects-nodes\Lib\threading.py", line 359 in wait
  [ComfyUI]   File "C:\workspaces\SAM3DObjects-1643\portable-comfyui\ComfyUI_windows_portable\ComfyUI\.ce\.pixi\envs\sam3dobjects-nodes\Lib\threading.py", line 655 in wait
  [ComfyUI]   File "C:\workspaces\SAM3DObjects-1643\portable-comfyui\ComfyUI_windows_portable\ComfyUI\.ce\.pixi\envs\sam3dobjects-nodes\Lib\site-packages\tqdm\_monitor.py", line 60 in run
  [ComfyUI]   File "C:\workspaces\SAM3DObjects-1643\portable-comfyui\ComfyUI_windows_portable\ComfyUI\.ce\.pixi\envs\sam3dobjects-nodes\Lib\threading.py", line 1075 in _bootstrap_inner
  [ComfyUI]   File "C:\workspaces\SAM3DObjects-1643\portable-comfyui\ComfyUI_windows_portable\ComfyUI\.ce\.pixi\envs\sam3dobjects-nodes\Lib\threading.py", line 1032 in _bootstrap
  [ComfyUI] 
  [ComfyUI] Thread 0x00000fe0 (most recent call first):
  [ComfyUI]   File "C:\workspaces\SAM3DObjects-1643\portable-comfyui\ComfyUI_windows_portable\ComfyUI\.ce\.pixi\envs\sam3dobjects-nodes\Lib\threading.py", line 359 in wait
  [ComfyUI]   File "C:\workspaces\SAM3DObjects-1643\portable-comfyui\ComfyUI_windows_portable\ComfyUI\.ce\.pixi\envs\sam3dobjects-nodes\Lib\threading.py", line 655 in wait
  [ComfyUI]   File "C:\workspaces\SAM3DObjects-1643\portable-comfyui\ComfyUI_windows_portable\ComfyUI\.ce\.pixi\envs\sam3dobjects-nodes\Lib\site-packages\tqdm\_monitor.py", line 60 in run
  [ComfyUI]   File "C:\workspaces\SAM3DObjects-1643\portable-comfyui\ComfyUI_windows_portable\ComfyUI\.ce\.pixi\envs\sam3dobjects-nodes\Lib\threading.py", line 1075 in _bootstrap_inner
  [ComfyUI]   File "C:\workspaces\SAM3DObjects-1643\portable-comfyui\ComfyUI_windows_portable\ComfyUI\.ce\.pixi\envs\sam3dobjects-nodes\Lib\threading.py", line 1032 in _bootstrap
  [ComfyUI] 
  [ComfyUI] Thread 0x00002850 (most recent call first):
  [ComfyUI]   File "C:\workspaces\SAM3DObjects-1643\portable-comfyui\ComfyUI_windows_portable\ComfyUI\.ce\.pixi\envs\sam3dobjects-nodes\Lib\threading.py", line 359 in wait
  [ComfyUI]   File "C:\workspaces\SAM3DObjects-1643\portable-comfyui\ComfyUI_windows_portable\ComfyUI\.ce\.pixi\envs\sam3dobjects-nodes\Lib\threading.py", line 655 in wait
  [ComfyUI]   File "C:\workspaces\SAM3DObjects-1643\portable-comfyui\ComfyUI_windows_portable\ComfyUI\.ce\.pixi\envs\sam3dobjects-nodes\Lib\site-packages\tqdm\_monitor.py", line 60 in run
  [ComfyUI]   File "C:\workspaces\SAM3DObjects-1643\portable-comfyui\ComfyUI_windows_portable\ComfyUI\.ce\.pixi\envs\sam3dobjects-nodes\Lib\threading.py", line 1075 in _bootstrap_inner
  [ComfyUI]   File "C:\workspaces\SAM3DObjects-1643\portable-comfyui\ComfyUI_windows_portable\ComfyUI\.ce\.pixi\envs\sam3dobjects-nodes\Lib\threading.py", line 1032 in _bootstrap
  [ComfyUI] 
  [ComfyUI] Thread 0x000034b4 (most recent call first):
  [ComfyUI]   File "C:\workspaces\SAM3DObjects-1643\portable-comfyui\ComfyUI_windows_portable\ComfyUI\.ce\.pixi\envs\sam3dobjects-nodes\Lib\threading.py", line 359 in wait
  [ComfyUI]   File "C:\workspaces\SAM3DObjects-1643\portable-comfyui\ComfyUI_windows_portable\ComfyUI\.ce\.pixi\envs\sam3dobjects-nodes\Lib\threading.py", line 655 in wait
  [ComfyUI]   File "C:\workspaces\SAM3DObjects-1643\portable-comfyui\ComfyUI_windows_portable\ComfyUI\.ce\.pixi\envs\sam3dobjects-nodes\Lib\site-packages\tqdm\_monitor.py", line 60 in run
  [ComfyUI]   File "C:\workspaces\SAM3DObjects-1643\portable-comfyui\ComfyUI_windows_portable\ComfyUI\.ce\.pixi\envs\sam3dobjects-nodes\Lib\threading.py", line 1075 in _bootstrap_inner
  [ComfyUI]   File "C:\workspaces\SAM3DObjects-1643\portable-comfyui\ComfyUI_windows_portable\ComfyUI\.ce\.pixi\envs\sam3dobjects-nodes\Lib\threading.py", line 1032 in _bootstrap
  [ComfyUI] 
  [ComfyUI] Thread 0x00003d0c (most recent call first):
  [ComfyUI]   File "C:\workspaces\SAM3DObjects-1643\portable-comfyui\ComfyUI_windows_portable\ComfyUI\.ce\.pixi\envs\sam3dobjects-nodes\Lib\threading.py", line 359 in wait
  [ComfyUI]   File "C:\workspaces\SAM3DObjects-1643\portable-comfyui\ComfyUI_windows_portable\ComfyUI\.ce\.pixi\envs\sam3dobjects-nodes\Lib\threading.py", line 655 in wait
  [ComfyUI]   File "C:\workspaces\SAM3DObjects-1643\portable-comfyui\ComfyUI_windows_portable\ComfyUI\.ce\.pixi\envs\sam3dobjects-nodes\Lib\site-packages\tqdm\_monitor.py", line 60 in run
  [ComfyUI]   File "C:\workspaces\SAM3DObjects-1643\portable-comfyui\ComfyUI_windows_portable\ComfyUI\.ce\.pixi\envs\sam3dobjects-nodes\Lib\threading.py", line 1075 in _bootstrap_inner
  [ComfyUI]   File "C:\workspaces\SAM3DObjects-1643\portable-comfyui\ComfyUI_windows_portable\ComfyUI\.ce\.pixi\envs\sam3dobjects-nodes\Lib\threading.py", line 1032 in _bootstrap
  [ComfyUI] 
  [ComfyUI] Thread 0x0000464c (most recent call first):
  [ComfyUI]   File "C:\workspaces\SAM3DObjects-1643\portable-comfyui\ComfyUI_windows_portable\ComfyUI\.ce\.pixi\envs\sam3dobjects-nodes\Lib\threading.py", line 359 in wait
  [ComfyUI]   File "C:\workspaces\SAM3DObjects-1643\portable-comfyui\ComfyUI_windows_portable\ComfyUI\.ce\.pixi\envs\sam3dobjects-nodes\Lib\threading.py", line 655 in wait
  [ComfyUI]   File "C:\workspaces\SAM3DObjects-1643\portable-comfyui\ComfyUI_windows_portable\ComfyUI\.ce\.pixi\envs\sam3dobjects-nodes\Lib\site-packages\tqdm\_monitor.py", line 60 in run
  [ComfyUI]   File "C:\workspaces\SAM3DObjects-1643\portable-comfyui\ComfyUI_windows_portable\ComfyUI\.ce\.pixi\envs\sam3dobjects-nodes\Lib\threading.py", line 1075 in _bootstrap_inner
  [ComfyUI]   File "C:\workspaces\SAM3DObjects-1643\portable-comfyui\ComfyUI_windows_portable\ComfyUI\.ce\.pixi\envs\sam3dobjects-nodes\Lib\threading.py", line 1032 in _bootstrap
  [ComfyUI] 
  [ComfyUI] Thread 0x00003b6c (most recent call first):
  [ComfyUI]   File "C:\workspaces\SAM3DObjects-1643\portable-comfyui\ComfyUI_windows_portable\ComfyUI\.ce\.pixi\envs\sam3dobjects-nodes\Lib\threading.py", line 359 in wait
  [ComfyUI]   File "C:\workspaces\SAM3DObjects-1643\portable-comfyui\ComfyUI_windows_portable\ComfyUI\.ce\.pixi\envs\sam3dobjects-nodes\Lib\threading.py", line 655 in wait
  [ComfyUI]   File "C:\workspaces\SAM3DObjects-1643\portable-comfyui\ComfyUI_windows_portable\ComfyUI\.ce\.pixi\envs\sam3dobjects-nodes\Lib\site-packages\tqdm\_monitor.py", line 60 in run
  [ComfyUI]   File "C:\workspaces\SAM3DObjects-1643\portable-comfyui\ComfyUI_windows_portable\ComfyUI\.ce\.pixi\envs\sam3dobjects-nodes\Lib\threading.py", line 1075 in _bootstrap_inner
  [ComfyUI]   File "C:\workspaces\SAM3DObjects-1643\portable-comfyui\ComfyUI_windows_portable\ComfyUI\.ce\.pixi\envs\sam3dobjects-nodes\Lib\threading.py", line 1032 in _bootstrap
  [ComfyUI] 
  [ComfyUI] Thread 0x00002604 (most recent call first):
  [ComfyUI]   File "C:\workspaces\SAM3DObjects-1643\portable-comfyui\ComfyUI_windows_portable\ComfyUI\.ce\.pixi\envs\sam3dobjects-nodes\Lib\threading.py", line 359 in wait
  [ComfyUI]   File "C:\workspaces\SAM3DObjects-1643\portable-comfyui\ComfyUI_windows_portable\ComfyUI\.ce\.pixi\envs\sam3dobjects-nodes\Lib\threading.py", line 655 in wait
  [ComfyUI]   File "C:\workspaces\SAM3DObjects-1643\portable-comfyui\ComfyUI_windows_portable\ComfyUI\.ce\.pixi\envs\sam3dobjects-nodes\Lib\site-packages\tqdm\_monitor.py", line 60 in run
  [ComfyUI]   File "C:\workspaces\SAM3DObjects-1643\portable-comfyui\ComfyUI_windows_portable\ComfyUI\.ce\.pixi\envs\sam3dobjects-nodes\Lib\threading.py", line 1075 in _bootstrap_inner
  [ComfyUI]   File "C:\workspaces\SAM3DObjects-1643\portable-comfyui\ComfyUI_windows_portable\ComfyUI\.ce\.pixi\envs\sam3dobjects-nodes\Lib\threading.py", line 1032 in _bootstrap
  [ComfyUI] 
  [ComfyUI] Thread 0x00001b50 (most recent call first):
  [ComfyUI]   File "C:\Users\ContainerAdministrator\AppData\Local\Temp\comfyui_pvenv_i3zj6sa2\persistent_worker.py", line 106 in _vram_poller
  [ComfyUI]   File "C:\workspaces\SAM3DObjects-1643\portable-comfyui\ComfyUI_windows_portable\ComfyUI\.ce\.pixi\envs\sam3dobjects-nodes\Lib\threading.py", line 1012 in run
  [ComfyUI]   File "C:\workspaces\SAM3DObjects-1643\portable-comfyui\ComfyUI_windows_portable\ComfyUI\.ce\.pixi\envs\sam3dobjects-nodes\Lib\threading.py", line 1075 in _bootstrap_inner
  [ComfyUI]   File "C:\workspaces\SAM3DObjects-1643\portable-comfyui\ComfyUI_windows_portable\ComfyUI\.ce\.pixi\envs\sam3dobjects-nodes\Lib\threading.py", line 1032 in _bootstrap
  [ComfyUI] 
  [ComfyUI] Current thread 0x00001414 (most recent call first):
  [ComfyUI]   File "C:\Users\ContainerAdministrator\AppData\Local\Temp\comfyui_pvenv_i3zj6sa2\persistent_worker.py", line 52 in _watchdog
  [ComfyUI]   File "C:\workspaces\SAM3DObjects-1643\portable-comfyui\ComfyUI_windows_portable\ComfyUI\.ce\.pixi\envs\sam3dobjects-nodes\Lib\threading.py", line 1012 in run
  [ComfyUI]   File "C:\workspaces\SAM3DObjects-1643\portable-comfyui\ComfyUI_windows_portable\ComfyUI\.ce\.pixi\envs\sam3dobjects-nodes\Lib\threading.py", line 1075 in _bootstrap_inner
  [ComfyUI]   File "C:\workspaces\SAM3DObjects-1643\portable-comfyui\ComfyUI_windows_portable\ComfyUI\.ce\.pixi\envs\sam3dobjects-nodes\Lib\threading.py", line 1032 in _bootstrap
  [ComfyUI] 
  [ComfyUI] Thread 0x00000918 (most recent call first):
  [ComfyUI]   File "C:\workspaces\SAM3DObjects-1643\portable-comfyui\ComfyUI_windows_portable\ComfyUI\.ce\.pixi\envs\sam3dobjects-nodes\Lib\site-packages\torch\nn\init.py", line 114 in _no_grad_trunc_normal_
  [ComfyUI]   File "C:\workspaces\SAM3DObjects-1643\portable-comfyui\ComfyUI_windows_portable\ComfyUI\.ce\.pixi\envs\sam3dobjects-nodes\Lib\site-packages\torch\nn\init.py", line 295 in trunc_normal_
  [ComfyUI]   File "C:\workspaces\SAM3DObjects-1643\portable-comfyui\ComfyUI_windows_portable\ComfyUI\custom_nodes\ComfyUI-SAM3DObjects\nodes\sam3d\moge.py", line 520 in init_weights_vit_timm
  [ComfyUI]   File "C:\workspaces\SAM3DObjects-1643\portable-comfyui\ComfyUI_windows_portable\ComfyUI\custom_nodes\ComfyUI-SAM3DObjects\nodes\sam3d\moge.py", line 513 in named_apply
  [ComfyUI]   File "C:\workspaces\SAM3DObjects-1643\portable-comfyui\ComfyUI_windows_portable\ComfyUI\custom_nodes\ComfyUI-SAM3DObjects\nodes\sam3d\moge.py", line 511 in named_apply
  [ComfyUI]   File "C:\workspaces\SAM3DObjects-1643\portable-comfyui\ComfyUI_windows_portable\ComfyUI\custom_nodes\ComfyUI-SAM3DObjects\nodes\sam3d\moge.py", line 511 in named_apply
  [ComfyUI]   File "C:\workspaces\SAM3DObjects-1643\portable-comfyui\ComfyUI_windows_portable\ComfyUI\custom_nodes\ComfyUI-SAM3DObjects\nodes\sam3d\moge.py", line 511 in named_apply
  [ComfyUI]   File "C:\workspaces\SAM3DObjects-1643\portable-comfyui\ComfyUI_windows_portable\ComfyUI\custom_nodes\ComfyUI-SAM3DObjects\nodes\sam3d\moge.py", line 511 in named_apply
  [ComfyUI]   File "C:\workspaces\SAM3DObjects-1643\portable-comfyui\ComfyUI_windows_portable\ComfyUI\custom_nodes\ComfyUI-SAM3DObjects\nodes\sam3d\moge.py", line 626 in init_weights
  [ComfyUI]   File "C:\workspaces\SAM3DObjects-1643\portable-comfyui\ComfyUI_windows_portable\ComfyUI\custom_nodes\ComfyUI-SAM3DObjects\nodes\sam3d\moge.py", line 617 in __init__
  [ComfyUI]   File "C:\workspaces\SAM3DObjects-1643\portable-comfyui\ComfyUI_windows_portable\ComfyUI\custom_nodes\ComfyUI-SAM3DObjects\nodes\sam3d\moge.py", line 772 in vit_large
  [ComfyUI]   File "C:\workspaces\SAM3DObjects-1643\portable-comfyui\ComfyUI_windows_portable\ComfyUI\custom_nodes\ComfyUI-SAM3DObjects\nodes\sam3d\moge.py", line 825 in _make_dinov2_model
  [ComfyUI]   File "C:\workspaces\SAM3DObjects-1643\portable-comfyui\ComfyUI_windows_portable\ComfyUI\custom_nodes\ComfyUI-SAM3DObjects\nodes\sam3d\moge.py", line 838 in dinov2_vitl14_reg
  [ComfyUI]   File "C:\workspaces\SAM3DObjects-1643\portable-comfyui\ComfyUI_windows_portable\ComfyUI\custom_nodes\ComfyUI-SAM3DObjects\nodes\sam3d\moge.py", line 856 in get_dinov2_backbone
  [ComfyUI]   File "C:\workspaces\SAM3DObjects-1643\portable-comfyui\ComfyUI_windows_portable\ComfyUI\custom_nodes\ComfyUI-SAM3DObjects\nodes\sam3d\model.py", line 2001 in __init__
  [ComfyUI]   File "C:\workspaces\SAM3DObjects-1643\portable-comfyui\ComfyUI_windows_portable\ComfyUI\custom_nodes\ComfyUI-SAM3DObjects\nodes\utils\stages.py", line 275 in _instantiate
  [ComfyUI]   File "C:\workspaces\SAM3DObjects-1643\portable-comfyui\ComfyUI_windows_portable\ComfyUI\custom_nodes\ComfyUI-SAM3DObjects\nodes\utils\stages.py", line 279 in _instantiate
  [ComfyUI]   File "C:\workspaces\SAM3DObjects-1643\portable-comfyui\ComfyUI_windows_portable\ComfyUI\custom_nodes\ComfyUI-SAM3DObjects\nodes\utils\stages.py", line 279 in _instantiate
  [ComfyUI]   File "C:\workspaces\SAM3DObjects-1643\portable-comfyui\ComfyUI_windows_portable\ComfyUI\custom_nodes\ComfyUI-SAM3DObjects\nodes\utils\stages.py", line 272 in _instantiate
  [ComfyUI]   File "C:\workspaces\SAM3DObjects-1643\portable-comfyui\ComfyUI_windows_portable\ComfyUI\custom_nodes\ComfyUI-SAM3DObjects\nodes\utils\stages.py", line 575 in _load_condition_embedder
  [ComfyUI]   File "C:\workspaces\SAM3DObjects-1643\portable-comfyui\ComfyUI_windows_portable\ComfyUI\custom_nodes\ComfyUI-SAM3DObjects\nodes\utils\stages.py", line 876 in run_stage1
  [ComfyUI]   File "C:\workspaces\SAM3DObjects-1643\portable-comfyui\ComfyUI_windows_portable\ComfyUI\custom_nodes\ComfyUI-SAM3DObjects\nodes\generate_slat.py", line 237 in execute
  [ComfyUI]   File "C:\workspaces\SAM3DObjects-1643\portable-comfyui\ComfyUI_windows_portable\ComfyUI\.ce\.pixi\envs\sam3dobjects-nodes\Lib\site-packages\torch\utils\_contextlib.py", line 120 in decorate_context
  [ComfyUI]   File "C:\workspaces\SAM3DObjects-1643\portable-comfyui\ComfyUI_windows_portable\ComfyUI\comfy_api\latest\_io.py", line 1826 in EXECUTE_NORMALIZED
  [ComfyUI]   File "C:\Users\ContainerAdministrator\AppData\Local\Temp\comfyui_pvenv_i3zj6sa2\persistent_worker.py", line 1762 in main
  [ComfyUI]   File "C:\Users\ContainerAdministrator\AppData\Local\Temp\comfyui_pvenv_i3zj6sa2\persistent_worker.py", line 1807 in <module>
  [ComfyUI] 
  [ComfyUI] [worker:ComfyUI-SAM3DObjects] === END ===
  [ComfyUI] 
  [capture-loop] iter=1950 t=246.4s state={'complete': False, 'error': None, 'executedCount': 2, 'wsState': 1} eval_ms=5 ram=14.9/31.9GB (47%) swap=0.3/5.0GB (5%) cpu=39% browser_rss=0.76GB
  [ComfyUI] [worker:ComfyUI-SAM3DObjects] [VRAM] _load_condition_embedder(ss): after load_state_dict: torch=108MiB alloc, 864MiB reserved | gpu=1988MiB/12287MiB used
  [ComfyUI] [SubprocessWorker] callback 'request_vram_budget' from call_id=3
  [ComfyUI] [comfy-env] VRAM request: 2.54GB, free before eviction: 11.79GB
  [ComfyUI] [comfy-env] VRAM after eviction: 11.79GB
  [ComfyUI] [worker:ComfyUI-SAM3DObjects] [VRAM] +319MB (now 588MB) reserved=640MB peak=829MB
  [ComfyUI] [worker:ComfyUI-SAM3DObjects] [VRAM] Stage1: before embedding: torch=1367MiB alloc, 1376MiB reserved | gpu=2500MiB/12287MiB used
  [ComfyUI] [worker:ComfyUI-SAM3DObjects] [VRAM] +806MB (now 1395MB) reserved=1472MB peak=1395MB
  [ComfyUI] [worker:ComfyUI-SAM3DObjects] [VRAM] Stage1: after embedding: torch=1397MiB alloc, 2464MiB reserved | gpu=3590MiB/12287MiB used
  [ComfyUI] [worker:ComfyUI-SAM3DObjects] [VRAM] -465MB (now 930MB) reserved=2464MB peak=2293MB
  [ComfyUI] [worker:ComfyUI-SAM3DObjects] [VRAM] Stage1: after embedder unload: torch=137MiB alloc, 256MiB reserved | gpu=1382MiB/12287MiB used
  [ComfyUI] [worker:ComfyUI-SAM3DObjects] [VRAM] _load_generator(ss): before build: torch=137MiB alloc, 256MiB reserved | gpu=1382MiB/12287MiB used
  [ComfyUI] [worker:ComfyUI-SAM3DObjects] [VRAM] _load_generator(ss): after load_state_dict: torch=137MiB alloc, 256MiB reserved | gpu=1382MiB/12287MiB used
  [ComfyUI] [SubprocessWorker] callback 'request_vram_budget' from call_id=3
  [ComfyUI] [comfy-env] VRAM request: 3.86GB, free before eviction: 11.79GB
  [ComfyUI] [comfy-env] VRAM after eviction: 11.79GB
  [ComfyUI] [worker:ComfyUI-SAM3DObjects] [VRAM] -697MB (now 234MB) reserved=352MB peak=2293MB
  [ComfyUI] [worker:ComfyUI-SAM3DObjects] [VRAM] +1377MB (now 1611MB) reserved=1664MB peak=2293MB
  [capture-loop] iter=2000 t=252.5s state={'complete': False, 'error': None, 'executedCount': 2, 'wsState': 1} eval_ms=5 ram=16.7/31.9GB (52%) swap=0.3/5.0GB (5%) cpu=9% browser_rss=0.76GB
  [ComfyUI] [worker:ComfyUI-SAM3DObjects] [VRAM] +1504MB (now 3116MB) reserved=3136MB peak=3116MB
  [ComfyUI] [worker:ComfyUI-SAM3DObjects] [VRAM] +699MB (now 3815MB) reserved=3840MB peak=3815MB
  [ComfyUI] [worker:ComfyUI-SAM3DObjects] [VRAM] _load_decoder(ss): before instantiate: torch=3815MiB alloc, 3840MiB reserved | gpu=4966MiB/12287MiB used
  [ComfyUI] [worker:ComfyUI-SAM3DObjects] [VRAM] _load_decoder(ss): after load_state_dict: torch=3815MiB alloc, 3840MiB reserved | gpu=4966MiB/12287MiB used
  [ComfyUI] [SubprocessWorker] callback 'request_vram_budget' from call_id=3
  [ComfyUI] [comfy-env] VRAM request: 0.15GB, free before eviction: 11.79GB
  [ComfyUI] [comfy-env] VRAM after eviction: 11.79GB
  [ComfyUI] [worker:ComfyUI-SAM3DObjects] [VRAM] Stage1: before inference: torch=3956MiB alloc, 3968MiB reserved | gpu=5094MiB/12287MiB used
  [ComfyUI] [worker:ComfyUI-SAM3DObjects] [DTYPE_DBG] _generate_noise_tensor: _compute_dtype=torch.bfloat16 shape=(1, 1, 6) device=cuda:0
  [ComfyUI] [worker:ComfyUI-SAM3DObjects] [DTYPE_DBG] _generate_noise_tensor: _compute_dtype=torch.bfloat16 shape=(1, 1, 3) device=cuda:0
  [ComfyUI] [worker:ComfyUI-SAM3DObjects] [DTYPE_DBG] _generate_noise_tensor: _compute_dtype=torch.bfloat16 shape=(1, 4096, 8) device=cuda:0
  [ComfyUI] [worker:ComfyUI-SAM3DObjects] [DTYPE_DBG] _generate_noise_tensor: _compute_dtype=torch.bfloat16 shape=(1, 1, 3) device=cuda:0
  [ComfyUI] [worker:ComfyUI-SAM3DObjects] [DTYPE_DBG] _generate_noise_tensor: _compute_dtype=torch.bfloat16 shape=(1, 1, 1) device=cuda:0
  [ComfyUI] [worker:ComfyUI-SAM3DObjects] [VRAM] +315MB (now 4131MB) reserved=4160MB peak=4131MB
  [capture-loop] iter=2050 t=258.3s state={'complete': False, 'error': None, 'executedCount': 2, 'wsState': 1} eval_ms=4 ram=13.9/31.9GB (44%) swap=0.3/5.0GB (5%) cpu=6% browser_rss=0.76GB
  [ComfyUI] [SubprocessWorker] callback 'report_progress' from call_id=3
  Frame 58 saved (frame_057.jpg, t=258.7s)
  [capture-periodic] freeze=7ms shot=130ms unfreeze=5ms saved=True
  [ComfyUI] [SubprocessWorker] callback 'report_progress' from call_id=3
  Frame 59 saved (frame_058.jpg, t=260.9s)
  [capture-periodic] freeze=4ms shot=141ms unfreeze=6ms saved=True
  [ComfyUI] [SubprocessWorker] callback 'report_progress' from call_id=3
  [ComfyUI] [SubprocessWorker] callback 'report_progress' from call_id=3
  Frame 60 saved (frame_059.jpg, t=263.2s)
  [capture-periodic] freeze=4ms shot=139ms unfreeze=8ms saved=True
  [ComfyUI] [SubprocessWorker] callback 'report_progress' from call_id=3
  [capture-loop] iter=2100 t=264.4s state={'complete': False, 'error': None, 'executedCount': 2, 'wsState': 1} eval_ms=4 ram=13.9/31.9GB (44%) swap=0.3/5.0GB (5%) cpu=4% browser_rss=0.76GB
  [ComfyUI] [SubprocessWorker] callback 'report_progress' from call_id=3
  Frame 61 saved (frame_060.jpg, t=265.4s)
  [capture-periodic] freeze=4ms shot=138ms unfreeze=6ms saved=True
  [ComfyUI] [SubprocessWorker] callback 'report_progress' from call_id=3
  Frame 62 saved (frame_061.jpg, t=267.7s)
  [capture-periodic] freeze=3ms shot=139ms unfreeze=5ms saved=True
  [ComfyUI] [SubprocessWorker] callback 'report_progress' from call_id=3
  [ComfyUI] [SubprocessWorker] callback 'report_progress' from call_id=3
  Frame 63 saved (frame_062.jpg, t=269.9s)
  [capture-periodic] freeze=4ms shot=146ms unfreeze=4ms saved=True
  [capture-loop] iter=2150 t=270.6s state={'complete': False, 'error': None, 'executedCount': 2, 'wsState': 1} eval_ms=4 ram=13.9/31.9GB (44%) swap=0.3/5.0GB (5%) cpu=4% browser_rss=0.76GB
  [ComfyUI] [SubprocessWorker] callback 'report_progress' from call_id=3
  [ComfyUI] [SubprocessWorker] callback 'report_progress' from call_id=3
  Frame 64 saved (frame_063.jpg, t=272.1s)
  [capture-periodic] freeze=4ms shot=132ms unfreeze=7ms saved=True
  [ComfyUI] [SubprocessWorker] callback 'report_progress' from call_id=3
  [ComfyUI] [worker:ComfyUI-SAM3DObjects] [VRAM] Stage1: after inference: torch=3973MiB alloc, 4288MiB reserved | gpu=5414MiB/12287MiB used
  [ComfyUI] [worker:ComfyUI-SAM3DObjects] [VRAM] -365MB (now 3766MB) reserved=4288MB peak=4199MB
  [ComfyUI] [worker:ComfyUI-SAM3DObjects] [VRAM] -2503MB (now 1264MB) reserved=4288MB peak=4199MB
  [ComfyUI] [worker:ComfyUI-SAM3DObjects] [VRAM] Stage1: after model cleanup: torch=154MiB alloc, 352MiB reserved | gpu=1478MiB/12287MiB used
  Frame 65 saved (frame_064.jpg, t=274.4s)
  [capture-periodic] freeze=4ms shot=147ms unfreeze=6ms saved=True
  [ComfyUI] 2026-05-10 16:59:19.478 | WARNING  | nodes.sam3d.transforms:__post_init__:1359 - No rgb pointmap normalizer provided, using scale + shift
  [ComfyUI] [worker:ComfyUI-SAM3DObjects] [VRAM] -1169MB (now 95MB) reserved=352MB peak=4199MB
  [ComfyUI] [worker:ComfyUI-SAM3DObjects] [VRAM] _load_condition_embedder(slat): before build: torch=104MiB alloc, 352MiB reserved | gpu=1480MiB/12287MiB used
  [capture-loop] iter=2200 t=276.7s state={'complete': False, 'error': None, 'executedCount': 2, 'wsState': 1} eval_ms=6 ram=18.1/31.9GB (57%) swap=0.3/5.0GB (5%) cpu=18% browser_rss=0.76GB
  Frame 66 saved (frame_065.jpg, t=276.7s)
  [capture-periodic] freeze=6ms shot=209ms unfreeze=6ms saved=True
  [ComfyUI] [worker:ComfyUI-SAM3DObjects] [VRAM] _load_condition_embedder(slat): after load_state_dict: torch=104MiB alloc, 352MiB reserved | gpu=1480MiB/12287MiB used
  [ComfyUI] [SubprocessWorker] callback 'request_vram_budget' from call_id=3
  [ComfyUI] [comfy-env] VRAM request: 2.50GB, free before eviction: 11.79GB
  [ComfyUI] [comfy-env] VRAM after eviction: 11.79GB
  [ComfyUI] [worker:ComfyUI-SAM3DObjects] [VRAM] +296MB (now 392MB) reserved=448MB peak=4199MB
  [ComfyUI] [worker:ComfyUI-SAM3DObjects] [VRAM] +866MB (now 1258MB) reserved=1280MB peak=4199MB
  [capture-loop] iter=2250 t=283.3s state={'complete': False, 'error': None, 'executedCount': 2, 'wsState': 1} eval_ms=4 ram=18.7/31.9GB (59%) swap=0.3/5.0GB (5%) cpu=37% browser_rss=0.76GB
  [ComfyUI] [worker:ComfyUI-SAM3DObjects] [VRAM] Stage2: before embedding: torch=1331MiB alloc, 1376MiB reserved | gpu=2504MiB/12287MiB used
  [ComfyUI] [worker:ComfyUI-SAM3DObjects] [VRAM] Stage2: after embedding: torch=1341MiB alloc, 1440MiB reserved | gpu=2568MiB/12287MiB used
  [ComfyUI] [worker:ComfyUI-SAM3DObjects] [VRAM] -448MB (now 810MB) reserved=1440MB peak=4199MB
  [ComfyUI] [worker:ComfyUI-SAM3DObjects] [VRAM] Stage2: after embedder unload: torch=114MiB alloc, 256MiB reserved | gpu=1384MiB/12287MiB used
  [ComfyUI] [worker:ComfyUI-SAM3DObjects] [VRAM] _load_generator(slat): before build: torch=114MiB alloc, 256MiB reserved | gpu=1384MiB/12287MiB used
  [ComfyUI] [worker:ComfyUI-SAM3DObjects] [VRAM] -697MB (now 114MB) reserved=256MB peak=4199MB
  [capture-loop] iter=2300 t=289.3s state={'complete': False, 'error': None, 'executedCount': 2, 'wsState': 1} eval_ms=4 ram=19.3/31.9GB (60%) swap=0.3/5.0GB (5%) cpu=4% browser_rss=0.76GB
  [capture-loop] iter=2350 t=295.2s state={'complete': False, 'error': None, 'executedCount': 2, 'wsState': 1} eval_ms=5 ram=18.7/31.9GB (59%) swap=0.3/5.0GB (5%) cpu=4% browser_rss=0.76GB
  [ComfyUI] [worker:ComfyUI-SAM3DObjects] [VRAM] _load_generator(slat): after load_state_dict: torch=114MiB alloc, 256MiB reserved | gpu=1384MiB/12287MiB used
  [ComfyUI] [SubprocessWorker] callback 'request_vram_budget' from call_id=3
  [ComfyUI] [comfy-env] VRAM request: 2.40GB, free before eviction: 11.79GB
  [ComfyUI] [comfy-env] VRAM after eviction: 11.79GB
  [ComfyUI] [worker:ComfyUI-SAM3DObjects] [VRAM] +279MB (now 393MB) reserved=480MB peak=4199MB
  [capture-loop] iter=2400 t=301.1s state={'complete': False, 'error': None, 'executedCount': 2, 'wsState': 1} eval_ms=5 ram=19.1/31.9GB (60%) swap=0.3/7.5GB (4%) cpu=10% browser_rss=0.76GB
  [ComfyUI] [worker:ComfyUI-SAM3DObjects] [VRAM] +1394MB (now 1788MB) reserved=1856MB peak=4199MB
  [ComfyUI] [worker:ComfyUI-SAM3DObjects] [VRAM] Stage2: before inference: torch=2405MiB alloc, 2432MiB reserved | gpu=3560MiB/12287MiB used
  [ComfyUI] [worker:ComfyUI-SAM3DObjects] [DTYPE_DBG] _generate_noise_tensor: _compute_dtype=torch.bfloat16 shape=(1, 26512, 8) device=cuda:0
  [ComfyUI] [worker:ComfyUI-SAM3DObjects]
  [ComfyUI] === WATCHDOG TICK 5 ===
  [ComfyUI] [worker:ComfyUI-SAM3DObjects] [VRAM] +640MB (now 2429MB) reserved=2464MB peak=4199MB
  [ComfyUI] [worker:ComfyUI-SAM3DObjects] Thread 0x00000dd8 (most recent call first):
  [ComfyUI]   File "C:\workspaces\SAM3DObjects-1643\portable-comfyui\ComfyUI_windows_portable\ComfyUI\.ce\.pixi\envs\sam3dobjects-nodes\Lib\threading.py", line 359 in wait
  [ComfyUI]   File "C:\workspaces\SAM3DObjects-1643\portable-comfyui\ComfyUI_windows_portable\ComfyUI\.ce\.pixi\envs\sam3dobjects-nodes\Lib\threading.py", line 655 in wait
  [ComfyUI]   File "C:\workspaces\SAM3DObjects-1643\portable-comfyui\ComfyUI_windows_portable\ComfyUI\.ce\.pixi\envs\sam3dobjects-nodes\Lib\site-packages\tqdm\_monitor.py", line 60 in run
  [ComfyUI]   File "C:\workspaces\SAM3DObjects-1643\portable-comfyui\ComfyUI_windows_portable\ComfyUI\.ce\.pixi\envs\sam3dobjects-nodes\Lib\threading.py", line 1075 in _bootstrap_inner
  [ComfyUI]   File "C:\workspaces\SAM3DObjects-1643\portable-comfyui\ComfyUI_windows_portable\ComfyUI\.ce\.pixi\envs\sam3dobjects-nodes\Lib\threading.py", line 1032 in _bootstrap
  [ComfyUI] 
  [ComfyUI] Thread 0x0000436c (most recent call first):
  [ComfyUI]   File "C:\workspaces\SAM3DObjects-1643\portable-comfyui\ComfyUI_windows_portable\ComfyUI\.ce\.pixi\envs\sam3dobjects-nodes\Lib\threading.py", line 359 in wait
  [ComfyUI]   File "C:\workspaces\SAM3DObjects-1643\portable-comfyui\ComfyUI_windows_portable\ComfyUI\.ce\.pixi\envs\sam3dobjects-nodes\Lib\threading.py", line 655 in wait
  [ComfyUI]   File "C:\workspaces\SAM3DObjects-1643\portable-comfyui\ComfyUI_windows_portable\ComfyUI\.ce\.pixi\envs\sam3dobjects-nodes\Lib\site-packages\tqdm\_monitor.py", line 60 in run
  [ComfyUI]   File "C:\workspaces\SAM3DObjects-1643\portable-comfyui\ComfyUI_windows_portable\ComfyUI\.ce\.pixi\envs\sam3dobjects-nodes\Lib\threading.py", line 1075 in _bootstrap_inner
  [ComfyUI]   File "C:\workspaces\SAM3DObjects-1643\portable-comfyui\ComfyUI_windows_portable\ComfyUI\.ce\.pixi\envs\sam3dobjects-nodes\Lib\threading.py", line 1032 in _bootstrap
  [ComfyUI] 
  [ComfyUI] Thread 0x00001024 (most recent call first):
  [ComfyUI]   File "C:\workspaces\SAM3DObjects-1643\portable-comfyui\ComfyUI_windows_portable\ComfyUI\.ce\.pixi\envs\sam3dobjects-nodes\Lib\threading.py", line 359 in wait
  [ComfyUI]   File "C:\workspaces\SAM3DObjects-1643\portable-comfyui\ComfyUI_windows_portable\ComfyUI\.ce\.pixi\envs\sam3dobjects-nodes\Lib\threading.py", line 655 in wait
  [ComfyUI]   File "C:\workspaces\SAM3DObjects-1643\portable-comfyui\ComfyUI_windows_portable\ComfyUI\.ce\.pixi\envs\sam3dobjects-nodes\Lib\site-packages\tqdm\_monitor.py", line 60 in run
  [ComfyUI]   File "C:\workspaces\SAM3DObjects-1643\portable-comfyui\ComfyUI_windows_portable\ComfyUI\.ce\.pixi\envs\sam3dobjects-nodes\Lib\threading.py", line 1075 in _bootstrap_inner
  [ComfyUI]   File "C:\workspaces\SAM3DObjects-1643\portable-comfyui\ComfyUI_windows_portable\ComfyUI\.ce\.pixi\envs\sam3dobjects-nodes\Lib\threading.py", line 1032 in _bootstrap
  [ComfyUI] 
  [ComfyUI] Thread 0x00003498 (most recent call first):
  [ComfyUI]   File "C:\workspaces\SAM3DObjects-1643\portable-comfyui\ComfyUI_windows_portable\ComfyUI\.ce\.pixi\envs\sam3dobjects-nodes\Lib\threading.py", line 359 in wait
  [ComfyUI]   File "C:\workspaces\SAM3DObjects-1643\portable-comfyui\ComfyUI_windows_portable\ComfyUI\.ce\.pixi\envs\sam3dobjects-nodes\Lib\threading.py", line 655 in wait
  [ComfyUI]   File "C:\workspaces\SAM3DObjects-1643\portable-comfyui\ComfyUI_windows_portable\ComfyUI\.ce\.pixi\envs\sam3dobjects-nodes\Lib\site-packages\tqdm\_monitor.py", line 60 in run
  [ComfyUI]   File "C:\workspaces\SAM3DObjects-1643\portable-comfyui\ComfyUI_windows_portable\ComfyUI\.ce\.pixi\envs\sam3dobjects-nodes\Lib\threading.py", line 1075 in _bootstrap_inner
  [ComfyUI]   File "C:\workspaces\SAM3DObjects-1643\portable-comfyui\ComfyUI_windows_portable\ComfyUI\.ce\.pixi\envs\sam3dobjects-nodes\Lib\threading.py", line 1032 in _bootstrap
  [ComfyUI] 
  [ComfyUI] Thread 0x000032bc (most recent call first):
  [ComfyUI]   File "C:\workspaces\SAM3DObjects-1643\portable-comfyui\ComfyUI_windows_portable\ComfyUI\.ce\.pixi\envs\sam3dobjects-nodes\Lib\threading.py", line 359 in wait
  [ComfyUI]   File "C:\workspaces\SAM3DObjects-1643\portable-comfyui\ComfyUI_windows_portable\ComfyUI\.ce\.pixi\envs\sam3dobjects-nodes\Lib\threading.py", line 655 in wait
  [ComfyUI]   File "C:\workspaces\SAM3DObjects-1643\portable-comfyui\ComfyUI_windows_portable\ComfyUI\.ce\.pixi\envs\sam3dobjects-nodes\Lib\site-packages\tqdm\_monitor.py", line 60 in run
  [ComfyUI]   File "C:\workspaces\SAM3DObjects-1643\portable-comfyui\ComfyUI_windows_portable\ComfyUI\.ce\.pixi\envs\sam3dobjects-nodes\Lib\threading.py", line 1075 in _bootstrap_inner
  [ComfyUI]   File "C:\workspaces\SAM3DObjects-1643\portable-comfyui\ComfyUI_windows_portable\ComfyUI\.ce\.pixi\envs\sam3dobjects-nodes\Lib\threading.py", line 1032 in _bootstrap
  [ComfyUI] 
  [ComfyUI] Thread 0x00002908 (most recent call first):
  [ComfyUI]   File "C:\workspaces\SAM3DObjects-1643\portable-comfyui\ComfyUI_windows_portable\ComfyUI\.ce\.pixi\envs\sam3dobjects-nodes\Lib\threading.py", line 359 in wait
  [ComfyUI]   File "C:\workspaces\SAM3DObjects-1643\portable-comfyui\ComfyUI_windows_portable\ComfyUI\.ce\.pixi\envs\sam3dobjects-nodes\Lib\threading.py", line 655 in wait
  [ComfyUI]   File "C:\workspaces\SAM3DObjects-1643\portable-comfyui\ComfyUI_windows_portable\ComfyUI\.ce\.pixi\envs\sam3dobjects-nodes\Lib\site-packages\tqdm\_monitor.py", line 60 in run
  [ComfyUI]   File "C:\workspaces\SAM3DObjects-1643\portable-comfyui\ComfyUI_windows_portable\ComfyUI\.ce\.pixi\envs\sam3dobjects-nodes\Lib\threading.py", line 1075 in _bootstrap_inner
  [ComfyUI]   File "C:\workspaces\SAM3DObjects-1643\portable-comfyui\ComfyUI_windows_portable\ComfyUI\.ce\.pixi\envs\sam3dobjects-nodes\Lib\threading.py", line 1032 in _bootstrap
  [ComfyUI] 
  [ComfyUI] Thread 0x00000b18 (most recent call first):
  [ComfyUI]   File "C:\workspaces\SAM3DObjects-1643\portable-comfyui\ComfyUI_windows_portable\ComfyUI\.ce\.pixi\envs\sam3dobjects-nodes\Lib\threading.py", line 359 in wait
  [ComfyUI]   File "C:\workspaces\SAM3DObjects-1643\portable-comfyui\ComfyUI_windows_portable\ComfyUI\.ce\.pixi\envs\sam3dobjects-nodes\Lib\threading.py", line 655 in wait
  [ComfyUI]   File "C:\workspaces\SAM3DObjects-1643\portable-comfyui\ComfyUI_windows_portable\ComfyUI\.ce\.pixi\envs\sam3dobjects-nodes\Lib\site-packages\tqdm\_monitor.py", line 60 in run
  [ComfyUI]   File "C:\workspaces\SAM3DObjects-1643\portable-comfyui\ComfyUI_windows_portable\ComfyUI\.ce\.pixi\envs\sam3dobjects-nodes\Lib\threading.py", line 1075 in _bootstrap_inner
  [ComfyUI]   File "C:\workspaces\SAM3DObjects-1643\portable-comfyui\ComfyUI_windows_portable\ComfyUI\.ce\.pixi\envs\sam3dobjects-nodes\Lib\threading.py", line 1032 in _bootstrap
  [ComfyUI] 
  [ComfyUI] Thread 0x00001144 (most recent call first):
  [ComfyUI]   File "C:\workspaces\SAM3DObjects-1643\portable-comfyui\ComfyUI_windows_portable\ComfyUI\.ce\.pixi\envs\sam3dobjects-nodes\Lib\threading.py", line 359 in wait
  [ComfyUI]   File "C:\workspaces\SAM3DObjects-1643\portable-comfyui\ComfyUI_windows_portable\ComfyUI\.ce\.pixi\envs\sam3dobjects-nodes\Lib\threading.py", line 655 in wait
  [ComfyUI]   File "C:\workspaces\SAM3DObjects-1643\portable-comfyui\ComfyUI_windows_portable\ComfyUI\.ce\.pixi\envs\sam3dobjects-nodes\Lib\site-packages\tqdm\_monitor.py", line 60 in run
  [ComfyUI]   File "C:\workspaces\SAM3DObjects-1643\portable-comfyui\ComfyUI_windows_portable\ComfyUI\.ce\.pixi\envs\sam3dobjects-nodes\Lib\threading.py", line 1075 in _bootstrap_inner
  [ComfyUI]   File "C:\workspaces\SAM3DObjects-1643\portable-comfyui\ComfyUI_windows_portable\ComfyUI\.ce\.pixi\envs\sam3dobjects-nodes\Lib\threading.py", line 1032 in _bootstrap
  [ComfyUI] 
  [ComfyUI] Thread 0x00001acc (most recent call first):
  [ComfyUI]   File "C:\workspaces\SAM3DObjects-1643\portable-comfyui\ComfyUI_windows_portable\ComfyUI\.ce\.pixi\envs\sam3dobjects-nodes\Lib\threading.py", line 359 in wait
  [ComfyUI]   File "C:\workspaces\SAM3DObjects-1643\portable-comfyui\ComfyUI_windows_portable\ComfyUI\.ce\.pixi\envs\sam3dobjects-nodes\Lib\threading.py", line 655 in wait
  [ComfyUI]   File "C:\workspaces\SAM3DObjects-1643\portable-comfyui\ComfyUI_windows_portable\ComfyUI\.ce\.pixi\envs\sam3dobjects-nodes\Lib\site-packages\tqdm\_monitor.py", line 60 in run
  [ComfyUI]   File "C:\workspaces\SAM3DObjects-1643\portable-comfyui\ComfyUI_windows_portable\ComfyUI\.ce\.pixi\envs\sam3dobjects-nodes\Lib\threading.py", line 1075 in _bootstrap_inner
  [ComfyUI]   File "C:\workspaces\SAM3DObjects-1643\portable-comfyui\ComfyUI_windows_portable\ComfyUI\.ce\.pixi\envs\sam3dobjects-nodes\Lib\threading.py", line 1032 in _bootstrap
  [ComfyUI] 
  [ComfyUI] Thread 0x00000fe0 (most recent call first):
  [ComfyUI]   File "C:\workspaces\SAM3DObjects-1643\portable-comfyui\ComfyUI_windows_portable\ComfyUI\.ce\.pixi\envs\sam3dobjects-nodes\Lib\threading.py", line 359 in wait
  [ComfyUI]   File "C:\workspaces\SAM3DObjects-1643\portable-comfyui\ComfyUI_windows_portable\ComfyUI\.ce\.pixi\envs\sam3dobjects-nodes\Lib\threading.py", line 655 in wait
  [ComfyUI]   File "C:\workspaces\SAM3DObjects-1643\portable-comfyui\ComfyUI_windows_portable\ComfyUI\.ce\.pixi\envs\sam3dobjects-nodes\Lib\site-packages\tqdm\_monitor.py", line 60 in run
  [ComfyUI]   File "C:\workspaces\SAM3DObjects-1643\portable-comfyui\ComfyUI_windows_portable\ComfyUI\.ce\.pixi\envs\sam3dobjects-nodes\Lib\threading.py", line 1075 in _bootstrap_inner
  [ComfyUI]   File "C:\workspaces\SAM3DObjects-1643\portable-comfyui\ComfyUI_windows_portable\ComfyUI\.ce\.pixi\envs\sam3dobjects-nodes\Lib\threading.py", line 1032 in _bootstrap
  [ComfyUI] 
  [ComfyUI] Thread 0x00002850 (most recent call first):
  [ComfyUI]   File "C:\workspaces\SAM3DObjects-1643\portable-comfyui\ComfyUI_windows_portable\ComfyUI\.ce\.pixi\envs\sam3dobjects-nodes\Lib\threading.py", line 359 in wait
  [ComfyUI]   File "C:\workspaces\SAM3DObjects-1643\portable-comfyui\ComfyUI_windows_portable\ComfyUI\.ce\.pixi\envs\sam3dobjects-nodes\Lib\threading.py", line 655 in wait
  [ComfyUI]   File "C:\workspaces\SAM3DObjects-1643\portable-comfyui\ComfyUI_windows_portable\ComfyUI\.ce\.pixi\envs\sam3dobjects-nodes\Lib\site-packages\tqdm\_monitor.py", line 60 in run
  [ComfyUI]   File "C:\workspaces\SAM3DObjects-1643\portable-comfyui\ComfyUI_windows_portable\ComfyUI\.ce\.pixi\envs\sam3dobjects-nodes\Lib\threading.py", line 1075 in _bootstrap_inner
  [ComfyUI]   File "C:\workspaces\SAM3DObjects-1643\portable-comfyui\ComfyUI_windows_portable\ComfyUI\.ce\.pixi\envs\sam3dobjects-nodes\Lib\threading.py", line 1032 in _bootstrap
  [ComfyUI] 
  [ComfyUI] Thread 0x000034b4 (most recent call first):
  [ComfyUI]   File "C:\workspaces\SAM3DObjects-1643\portable-comfyui\ComfyUI_windows_portable\ComfyUI\.ce\.pixi\envs\sam3dobjects-nodes\Lib\threading.py", line 359 in wait
  [ComfyUI]   File "C:\workspaces\SAM3DObjects-1643\portable-comfyui\ComfyUI_windows_portable\ComfyUI\.ce\.pixi\envs\sam3dobjects-nodes\Lib\threading.py", line 655 in wait
  [ComfyUI]   File "C:\workspaces\SAM3DObjects-1643\portable-comfyui\ComfyUI_windows_portable\ComfyUI\.ce\.pixi\envs\sam3dobjects-nodes\Lib\site-packages\tqdm\_monitor.py", line 60 in run
  [ComfyUI]   File "C:\workspaces\SAM3DObjects-1643\portable-comfyui\ComfyUI_windows_portable\ComfyUI\.ce\.pixi\envs\sam3dobjects-nodes\Lib\threading.py", line 1075 in _bootstrap_inner
  [ComfyUI]   File "C:\workspaces\SAM3DObjects-1643\portable-comfyui\ComfyUI_windows_portable\ComfyUI\.ce\.pixi\envs\sam3dobjects-nodes\Lib\threading.py", line 1032 in _bootstrap
  [ComfyUI] 
  [ComfyUI] Thread 0x00003d0c (most recent call first):
  [ComfyUI]   File "C:\workspaces\SAM3DObjects-1643\portable-comfyui\ComfyUI_windows_portable\ComfyUI\.ce\.pixi\envs\sam3dobjects-nodes\Lib\threading.py", line 359 in wait
  [ComfyUI]   File "C:\workspaces\SAM3DObjects-1643\portable-comfyui\ComfyUI_windows_portable\ComfyUI\.ce\.pixi\envs\sam3dobjects-nodes\Lib\threading.py", line 655 in wait
  [ComfyUI]   File "C:\workspaces\SAM3DObjects-1643\portable-comfyui\ComfyUI_windows_portable\ComfyUI\.ce\.pixi\envs\sam3dobjects-nodes\Lib\site-packages\tqdm\_monitor.py", line 60 in run
  [ComfyUI]   File "C:\workspaces\SAM3DObjects-1643\portable-comfyui\ComfyUI_windows_portable\ComfyUI\.ce\.pixi\envs\sam3dobjects-nodes\Lib\threading.py", line 1075 in _bootstrap_inner
  [ComfyUI]   File "C:\workspaces\SAM3DObjects-1643\portable-comfyui\ComfyUI_windows_portable\ComfyUI\.ce\.pixi\envs\sam3dobjects-nodes\Lib\threading.py", line 1032 in _bootstrap
  [ComfyUI] 
  [ComfyUI] Thread 0x0000464c (most recent call first):
  [ComfyUI]   File "C:\workspaces\SAM3DObjects-1643\portable-comfyui\ComfyUI_windows_portable\ComfyUI\.ce\.pixi\envs\sam3dobjects-nodes\Lib\threading.py", line 359 in wait
  [ComfyUI]   File "C:\workspaces\SAM3DObjects-1643\portable-comfyui\ComfyUI_windows_portable\ComfyUI\.ce\.pixi\envs\sam3dobjects-nodes\Lib\threading.py", line 655 in wait
  [ComfyUI]   File "C:\workspaces\SAM3DObjects-1643\portable-comfyui\ComfyUI_windows_portable\ComfyUI\.ce\.pixi\envs\sam3dobjects-nodes\Lib\site-packages\tqdm\_monitor.py", line 60 in run
  [ComfyUI]   File "C:\workspaces\SAM3DObjects-1643\portable-comfyui\ComfyUI_windows_portable\ComfyUI\.ce\.pixi\envs\sam3dobjects-nodes\Lib\threading.py", line 1075 in _bootstrap_inner
  [ComfyUI]   File "C:\workspaces\SAM3DObjects-1643\portable-comfyui\ComfyUI_windows_portable\ComfyUI\.ce\.pixi\envs\sam3dobjects-nodes\Lib\threading.py", line 1032 in _bootstrap
  [ComfyUI] 
  [ComfyUI] Thread 0x00003b6c (most recent call first):
  [ComfyUI]   File "C:\workspaces\SAM3DObjects-1643\portable-comfyui\ComfyUI_windows_portable\ComfyUI\.ce\.pixi\envs\sam3dobjects-nodes\Lib\threading.py", line 359 in wait
  [ComfyUI]   File "C:\workspaces\SAM3DObjects-1643\portable-comfyui\ComfyUI_windows_portable\ComfyUI\.ce\.pixi\envs\sam3dobjects-nodes\Lib\threading.py", line 655 in wait
  [ComfyUI]   File "C:\workspaces\SAM3DObjects-1643\portable-comfyui\ComfyUI_windows_portable\ComfyUI\.ce\.pixi\envs\sam3dobjects-nodes\Lib\site-packages\tqdm\_monitor.py", line 60 in run
  [ComfyUI]   File "C:\workspaces\SAM3DObjects-1643\portable-comfyui\ComfyUI_windows_portable\ComfyUI\.ce\.pixi\envs\sam3dobjects-nodes\Lib\threading.py", line 1075 in _bootstrap_inner
  [ComfyUI]   File "C:\workspaces\SAM3DObjects-1643\portable-comfyui\ComfyUI_windows_portable\ComfyUI\.ce\.pixi\envs\sam3dobjects-nodes\Lib\threading.py", line 1032 in _bootstrap
  [ComfyUI] 
  [ComfyUI] Thread 0x00002604 (most recent call first):
  [ComfyUI]   File "C:\workspaces\SAM3DObjects-1643\portable-comfyui\ComfyUI_windows_portable\ComfyUI\.ce\.pixi\envs\sam3dobjects-nodes\Lib\threading.py", line 359 in wait
  [ComfyUI]   File "C:\workspaces\SAM3DObjects-1643\portable-comfyui\ComfyUI_windows_portable\ComfyUI\.ce\.pixi\envs\sam3dobjects-nodes\Lib\threading.py", line 655 in wait
  [ComfyUI]   File "C:\workspaces\SAM3DObjects-1643\portable-comfyui\ComfyUI_windows_portable\ComfyUI\.ce\.pixi\envs\sam3dobjects-nodes\Lib\site-packages\tqdm\_monitor.py", line 60 in run
  [ComfyUI]   File "C:\workspaces\SAM3DObjects-1643\portable-comfyui\ComfyUI_windows_portable\ComfyUI\.ce\.pixi\envs\sam3dobjects-nodes\Lib\threading.py", line 1075 in _bootstrap_inner
  [ComfyUI]   File "C:\workspaces\SAM3DObjects-1643\portable-comfyui\ComfyUI_windows_portable\ComfyUI\.ce\.pixi\envs\sam3dobjects-nodes\Lib\threading.py", line 1032 in _bootstrap
  [ComfyUI] 
  [ComfyUI] Thread 0x00001b50 (most recent call first):
  [ComfyUI]   File "C:\Users\ContainerAdministrator\AppData\Local\Temp\comfyui_pvenv_i3zj6sa2\persistent_worker.py", line 85 in wlog
  [ComfyUI]   File "C:\Users\ContainerAdministrator\AppData\Local\Temp\comfyui_pvenv_i3zj6sa2\persistent_worker.py", line 124 in _vram_poller
  [ComfyUI]   File "C:\workspaces\SAM3DObjects-1643\portable-comfyui\ComfyUI_windows_portable\ComfyUI\.ce\.pixi\envs\sam3dobjects-nodes\Lib\threading.py", line 1012 in run
  [ComfyUI]   File "C:\workspaces\SAM3DObjects-1643\portable-comfyui\ComfyUI_windows_portable\ComfyUI\.ce\.pixi\envs\sam3dobjects-nodes\Lib\threading.py", line 1075 in _bootstrap_inner
  [ComfyUI]   File "C:\workspaces\SAM3DObjects-1643\portable-comfyui\ComfyUI_windows_portable\ComfyUI\.ce\.pixi\envs\sam3dobjects-nodes\Lib\threading.py", line 1032 in _bootstrap
  [ComfyUI] 
  [ComfyUI] Current thread 0x00001414 (most recent call first):
  [ComfyUI]   File "C:\Users\ContainerAdministrator\AppData\Local\Temp\comfyui_pvenv_i3zj6sa2\persistent_worker.py", line 52 in _watchdog
  [ComfyUI]   File "C:\workspaces\SAM3DObjects-1643\portable-comfyui\ComfyUI_windows_portable\ComfyUI\.ce\.pixi\envs\sam3dobjects-nodes\Lib\threading.py", line 1012 in run
  [ComfyUI]   File "C:\workspaces\SAM3DObjects-1643\portable-comfyui\ComfyUI_windows_portable\ComfyUI\.ce\.pixi\envs\sam3dobjects-nodes\Lib\threading.py", line 1075 in _bootstrap_inner
  [ComfyUI]   File "C:\workspaces\SAM3DObjects-1643\portable-comfyui\ComfyUI_windows_portable\ComfyUI\.ce\.pixi\envs\sam3dobjects-nodes\Lib\threading.py", line 1032 in _bootstrap
  [ComfyUI] 
  [ComfyUI] Thread 0x00000918 (most recent call first):
  [ComfyUI]   File "C:\workspaces\SAM3DObjects-1643\portable-comfyui\ComfyUI_windows_portable\ComfyUI\.ce\.pixi\envs\sam3dobjects-nodes\Lib\site-packages\torch\nn\functional.py", line 2905 in layer_norm
  [ComfyUI]   File "C:\workspaces\SAM3DObjects-1643\portable-comfyui\ComfyUI_windows_portable\ComfyUI\comfy\ops.py", line 486 in forward_comfy_cast_weights
  [ComfyUI]   File "C:\workspaces\SAM3DObjects-1643\portable-comfyui\ComfyUI_windows_portable\ComfyUI\comfy\ops.py", line 493 in forward
  [ComfyUI]   File "C:\workspaces\SAM3DObjects-1643\portable-comfyui\ComfyUI_windows_portable\ComfyUI\custom_nodes\ComfyUI-SAM3DObjects\nodes\sam3d\model.py", line 48 in forward
  [ComfyUI]   File "C:\workspaces\SAM3DObjects-1643\portable-comfyui\ComfyUI_windows_portable\ComfyUI\.ce\.pixi\envs\sam3dobjects-nodes\Lib\site-packages\torch\nn\modules\module.py", line 1784 in _call_impl
  [ComfyUI]   File "C:\workspaces\SAM3DObjects-1643\portable-comfyui\ComfyUI_windows_portable\ComfyUI\.ce\.pixi\envs\sam3dobjects-nodes\Lib\site-packages\torch\nn\modules\module.py", line 1773 in _wrapped_call_impl
  [ComfyUI]   File "C:\workspaces\SAM3DObjects-1643\portable-comfyui\ComfyUI_windows_portable\ComfyUI\custom_nodes\ComfyUI-SAM3DObjects\nodes\sam3d\model.py", line 1196 in forward
  [ComfyUI]   File "C:\workspaces\SAM3DObjects-1643\portable-comfyui\ComfyUI_windows_portable\ComfyUI\.ce\.pixi\envs\sam3dobjects-nodes\Lib\site-packages\torch\nn\modules\module.py", line 1784 in _call_impl
  [ComfyUI]   File "C:\workspaces\SAM3DObjects-1643\portable-comfyui\ComfyUI_windows_portable\ComfyUI\.ce\.pixi\envs\sam3dobjects-nodes\Lib\site-packages\torch\nn\modules\module.py", line 1773 in _wrapped_call_impl
  [ComfyUI]   File "C:\workspaces\SAM3DObjects-1643\portable-comfyui\ComfyUI_windows_portable\ComfyUI\custom_nodes\ComfyUI-SAM3DObjects\nodes\sam3d\model.py", line 1676 in _forward
  [ComfyUI]   File "C:\workspaces\SAM3DObjects-1643\portable-comfyui\ComfyUI_windows_portable\ComfyUI\comfy\patcher_extension.py", line 112 in execute
  [ComfyUI]   File "C:\workspaces\SAM3DObjects-1643\portable-comfyui\ComfyUI_windows_portable\ComfyUI\custom_nodes\ComfyUI-SAM3DObjects\nodes\sam3d\model.py", line 1653 in forward
  [ComfyUI]   File "C:\workspaces\SAM3DObjects-1643\portable-comfyui\ComfyUI_windows_portable\ComfyUI\custom_nodes\ComfyUI-SAM3DObjects\nodes\sam3d\model.py", line 1745 in forward
  [ComfyUI]   File "C:\workspaces\SAM3DObjects-1643\portable-comfyui\ComfyUI_windows_portable\ComfyUI\.ce\.pixi\envs\sam3dobjects-nodes\Lib\site-packages\torch\nn\modules\module.py", line 1784 in _call_impl
  [ComfyUI]   File "C:\workspaces\SAM3DObjects-1643\portable-comfyui\ComfyUI_windows_portable\ComfyUI\.ce\.pixi\envs\sam3dobjects-nodes\Lib\site-packages\torch\nn\modules\module.py", line 1773 in _wrapped_call_impl
  [ComfyUI]   File "C:\workspaces\SAM3DObjects-1643\portable-comfyui\ComfyUI_windows_portable\ComfyUI\custom_nodes\ComfyUI-SAM3DObjects\nodes\sam3d\generators.py", line 666 in inner_forward
  [ComfyUI]   File "C:\workspaces\SAM3DObjects-1643\portable-comfyui\ComfyUI_windows_portable\ComfyUI\custom_nodes\ComfyUI-SAM3DObjects\nodes\sam3d\generators.py", line 698 in forward
  [ComfyUI]   File "C:\workspaces\SAM3DObjects-1643\portable-comfyui\ComfyUI_windows_portable\ComfyUI\.ce\.pixi\envs\sam3dobjects-nodes\Lib\site-packages\torch\nn\modules\module.py", line 1784 in _call_impl
  [ComfyUI]   File "C:\workspaces\SAM3DObjects-1643\portable-comfyui\ComfyUI_windows_portable\ComfyUI\.ce\.pixi\envs\sam3dobjects-nodes\Lib\site-packages\torch\nn\modules\module.py", line 1773 in _wrapped_call_impl
  [ComfyUI]   File "C:\workspaces\SAM3DObjects-1643\portable-comfyui\ComfyUI_windows_portable\ComfyUI\custom_nodes\ComfyUI-SAM3DObjects\nodes\sam3d\generators.py", line 426 in _generate_dynamics
  [ComfyUI]   File "C:\workspaces\SAM3DObjects-1643\portable-comfyui\ComfyUI_windows_portable\ComfyUI\custom_nodes\ComfyUI-SAM3DObjects\nodes\sam3d\generators.py", line 133 in step
  [ComfyUI]   File "C:\workspaces\SAM3DObjects-1643\portable-comfyui\ComfyUI_windows_portable\ComfyUI\custom_nodes\ComfyUI-SAM3DObjects\nodes\sam3d\generators.py", line 121 in solve_iter
  [ComfyUI]   File "C:\workspaces\SAM3DObjects-1643\portable-comfyui\ComfyUI_windows_portable\ComfyUI\custom_nodes\ComfyUI-SAM3DObjects\nodes\sam3d\generators.py", line 410 in generate_iter
  [ComfyUI]   File "C:\workspaces\SAM3DObjects-1643\portable-comfyui\ComfyUI_windows_portable\ComfyUI\custom_nodes\ComfyUI-SAM3DObjects\nodes\utils\stages.py", line 1213 in run_stage2
  [ComfyUI]   File "C:\workspaces\SAM3DObjects-1643\portable-comfyui\ComfyUI_windows_portable\ComfyUI\custom_nodes\ComfyUI-SAM3DObjects\nodes\generate_slat.py", line 262 in execute
  [ComfyUI]   File "C:\workspaces\SAM3DObjects-1643\portable-comfyui\ComfyUI_windows_portable\ComfyUI\.ce\.pixi\envs\sam3dobjects-nodes\Lib\site-packages\torch\utils\_contextlib.py", line 120 in decorate_context
  [ComfyUI]   File "C:\workspaces\SAM3DObjects-1643\portable-comfyui\ComfyUI_windows_portable\ComfyUI\comfy_api\latest\_io.py", line 1826 in EXECUTE_NORMALIZED
  [ComfyUI]   File "C:\Users\ContainerAdministrator\AppData\Local\Temp\comfyui_pvenv_i3zj6sa2\persistent_worker.py", line 1762 in main
  [ComfyUI]   File "C:\Users\ContainerAdministrator\AppData\Local\Temp\comfyui_pvenv_i3zj6sa2\persistent_worker.py", line 1807 in <module>
  [ComfyUI] 
  [ComfyUI] [worker:ComfyUI-SAM3DObjects] === END ===
  [ComfyUI] 
  [ComfyUI] [worker:ComfyUI-SAM3DObjects] [33m[comfy-attn] Varlen attention: sage2[0m
  [ComfyUI] [worker:ComfyUI-SAM3DObjects] [VRAM] +260MB (now 2689MB) reserved=2752MB peak=4199MB
  [ComfyUI] [worker:ComfyUI-SAM3DObjects] [VRAM] -245MB (now 2444MB) reserved=2816MB peak=4199MB
  [capture-loop] iter=2450 t=307.1s state={'complete': False, 'error': None, 'executedCount': 2, 'wsState': 1} eval_ms=4 ram=18.6/31.9GB (58%) swap=0.5/5.0GB (10%) cpu=6% browser_rss=0.76GB
  [ComfyUI] [worker:ComfyUI-SAM3DObjects] [VRAM] +470MB (now 2914MB) reserved=3232MB peak=4199MB
  [ComfyUI] [worker:ComfyUI-SAM3DObjects] [VRAM] -276MB (now 2639MB) reserved=3232MB peak=4199MB
  [ComfyUI] [SubprocessWorker] callback 'report_progress' from call_id=3
  Frame 67 saved (frame_066.jpg, t=312.6s)
  [capture-periodic] freeze=3ms shot=133ms unfreeze=4ms saved=True
  [capture-loop] iter=2500 t=313.2s state={'complete': False, 'error': None, 'executedCount': 2, 'wsState': 1} eval_ms=3 ram=18.6/31.9GB (58%) swap=0.5/5.0GB (10%) cpu=9% browser_rss=0.76GB
  [ComfyUI] [SubprocessWorker] callback 'report_progress' from call_id=3
  [ComfyUI] [worker:ComfyUI-SAM3DObjects] [VRAM] -213MB (now 2426MB) reserved=3232MB peak=4199MB
  Frame 68 saved (frame_067.jpg, t=314.8s)
  [capture-periodic] freeze=4ms shot=145ms unfreeze=5ms saved=True
  [ComfyUI] [SubprocessWorker] callback 'report_progress' from call_id=3
  [ComfyUI] [worker:ComfyUI-SAM3DObjects] [VRAM] +273MB (now 2700MB) reserved=3232MB peak=4199MB
  [ComfyUI] [SubprocessWorker] callback 'report_progress' from call_id=3
  [ComfyUI] [worker:ComfyUI-SAM3DObjects] [VRAM] -216MB (now 2484MB) reserved=3232MB peak=4199MB
  Frame 69 saved (frame_068.jpg, t=317.0s)
  [capture-periodic] freeze=4ms shot=141ms unfreeze=11ms saved=True
  [ComfyUI] [worker:ComfyUI-SAM3DObjects] [VRAM] +215MB (now 2700MB) reserved=3232MB peak=4199MB
  [ComfyUI] [SubprocessWorker] callback 'report_progress' from call_id=3
  [capture-loop] iter=2550 t=319.2s state={'complete': False, 'error': None, 'executedCount': 2, 'wsState': 1} eval_ms=4 ram=18.6/31.9GB (58%) swap=0.5/5.0GB (10%) cpu=15% browser_rss=0.76GB
  Frame 70 saved (frame_069.jpg, t=319.2s)
  [capture-periodic] freeze=5ms shot=139ms unfreeze=4ms saved=True
  [ComfyUI] [worker:ComfyUI-SAM3DObjects] [VRAM] +214MB (now 2915MB) reserved=3328MB peak=4199MB
  [ComfyUI] [SubprocessWorker] callback 'report_progress' from call_id=3
  [ComfyUI] [worker:ComfyUI-SAM3DObjects] [VRAM] -389MB (now 2526MB) reserved=3328MB peak=4199MB
  Frame 71 saved (frame_070.jpg, t=321.4s)
  [capture-periodic] freeze=4ms shot=149ms unfreeze=9ms saved=True
  [ComfyUI] [SubprocessWorker] callback 'report_progress' from call_id=3
  Frame 72 saved (frame_071.jpg, t=323.7s)
  [capture-periodic] freeze=4ms shot=145ms unfreeze=4ms saved=True
  [ComfyUI] [SubprocessWorker] callback 'report_progress' from call_id=3
  [ComfyUI] [SubprocessWorker] callback 'report_progress' from call_id=3
  [capture-loop] iter=2600 t=325.5s state={'complete': False, 'error': None, 'executedCount': 2, 'wsState': 1} eval_ms=3 ram=18.6/31.9GB (58%) swap=0.5/5.0GB (10%) cpu=14% browser_rss=0.76GB
  [ComfyUI] [SubprocessWorker] callback 'report_progress' from call_id=3
  Frame 73 saved (frame_072.jpg, t=325.9s)
  [capture-periodic] freeze=5ms shot=173ms unfreeze=6ms saved=True
  [ComfyUI] [SubprocessWorker] callback 'report_progress' from call_id=3
  [ComfyUI] [SubprocessWorker] callback 'report_progress' from call_id=3
  [ComfyUI] [worker:ComfyUI-SAM3DObjects] [VRAM] Stage2: after inference: torch=2406MiB alloc, 3328MiB reserved | gpu=4458MiB/12287MiB used
  [ComfyUI] [worker:ComfyUI-SAM3DObjects] [VRAM] -281MB (now 2246MB) reserved=3328MB peak=4199MB
  Frame 74 saved (frame_073.jpg, t=328.2s)
  [capture-periodic] freeze=4ms shot=151ms unfreeze=10ms saved=True
  [ComfyUI] [worker:ComfyUI-SAM3DObjects] [VRAM] Stage2: after model cleanup: torch=115MiB alloc, 320MiB reserved | gpu=1450MiB/12287MiB used
  [ComfyUI] [worker:ComfyUI-SAM3DObjects] [VRAM] -2151MB (now 96MB) reserved=320MB peak=4199MB
  [ComfyUI] [worker:ComfyUI-SAM3DObjects] [VRAM] GenerateSLAT: done: torch=96MiB alloc, 320MiB reserved | gpu=1450MiB/12287MiB used
  [ComfyUI] [SubprocessWorker] got response: ok
  [ComfyUI] [comfy-env] Created 5 model patchers: ['EmbedderFuser_2', 'ShortCut_3', 'SparseStructureDecoderTdfyWrapper_4', 'EmbedderFuser_5', 'FlowMatching_6']
  [ComfyUI] [comfy-env] SAM3DGenerateSLAT done (91.21s): result: NodeOutput
  [ComfyUI] [VRAM] After SAM3DGenerateSLAT: 1042 / 12287 MB
  [ComfyUI] [VRAM] Loaded: SubprocessModel (0 MB), SubprocessModel (0 MB), SubprocessModel (0 MB), SubprocessModel (0 MB), SubprocessModel (0 MB), SubprocessModel (0 MB)
  [ComfyUI] [comfy-env] Running SAM3DMeshDecode: with_postprocess: False, simplify: 0.95, up_axis: 'Y-up (standard)', world_coordinates: False, use_sparse_flexicubes: True, slat_decoder_mesh: dict, slat: 'C:\\workspaces\\SAM3DObjects-1643\\portable-comfyui\\Com...
  [ComfyUI] [VRAM] Before SAM3DMeshDecode: 1042 / 12287 MB
  [ComfyUI] [VRAM] Loaded: SubprocessModel (0 MB), SubprocessModel (0 MB), SubprocessModel (0 MB), SubprocessModel (0 MB), SubprocessModel (0 MB), SubprocessModel (0 MB)
  [ComfyUI] [SubprocessWorker] call_method: nodes.mesh_decode.SAM3DMeshDecode.EXECUTE_NORMALIZED
  [ComfyUI] [SubprocessWorker] acquired lock, ensuring started...
  [ComfyUI] [ComfyUI-SAM3DObjects] Health check: ping (timeout=5.0s)...
  [ComfyUI] [ComfyUI-SAM3DObjects] Health check: ok
  [ComfyUI] [SubprocessWorker] worker started/confirmed
  [ComfyUI] [SubprocessWorker] serializing kwargs to shm...
  [ComfyUI] [SubprocessWorker] created 0 shm blocks
  [ComfyUI] [SubprocessWorker] sending request via socket...
  [ComfyUI] [SubprocessWorker] call_id=4 sending call_method
  [ComfyUI] [worker:ComfyUI-SAM3DObjects] [VRAM] MeshDecode: start: torch=8MiB alloc, 320MiB reserved | gpu=1450MiB/12287MiB used
  [ComfyUI] [SubprocessWorker] callback 'report_progress' from call_id=4
  [ComfyUI] [worker:ComfyUI-SAM3DObjects] [VRAM] _load_decoder(slat_decoder_mesh): before instantiate: torch=8MiB alloc, 320MiB reserved | gpu=1450MiB/12287MiB used
  [ComfyUI] [worker:ComfyUI-SAM3DObjects] [VRAM] _load_decoder(slat_decoder_mesh): after load_state_dict: torch=8MiB alloc, 416MiB reserved | gpu=1546MiB/12287MiB used
  [ComfyUI] [SubprocessWorker] callback 'request_vram_budget' from call_id=4
  [ComfyUI] [comfy-env] VRAM request: 0.18GB, free before eviction: 11.79GB
  [ComfyUI] [comfy-env] VRAM after eviction: 11.79GB
  [ComfyUI] [worker:ComfyUI-SAM3DObjects] [VRAM] Decode(mesh): after load_models_gpu: torch=182MiB alloc, 256MiB reserved | gpu=1386MiB/12287MiB used
  [ComfyUI] [SubprocessWorker] callback 'report_progress' from call_id=4
  [ComfyUI] [worker:ComfyUI-SAM3DObjects] [VRAM] +513MB (now 610MB) reserved=736MB peak=4199MB
  Frame 75 saved (frame_074.jpg, t=330.4s)
  [capture-periodic] freeze=4ms shot=133ms unfreeze=5ms saved=True
  [capture-loop] iter=2650 t=331.7s state={'complete': False, 'error': None, 'executedCount': 2, 'wsState': 1} eval_ms=4 ram=20.7/31.9GB (65%) swap=0.5/5.0GB (10%) cpu=13% browser_rss=0.76GB
  Frame 76 saved (frame_075.jpg, t=332.7s)
  [capture-periodic] freeze=4ms shot=142ms unfreeze=4ms saved=True
  [ComfyUI] [worker:ComfyUI-SAM3DObjects] [VRAM] +340MB (now 951MB) reserved=1120MB peak=4199MB
  [ComfyUI] [worker:ComfyUI-SAM3DObjects] [VRAM] +631MB (now 1582MB) reserved=1792MB peak=4199MB
  [capture-loop] iter=2700 t=337.7s state={'complete': False, 'error': None, 'executedCount': 2, 'wsState': 1} eval_ms=3 ram=20.7/31.9GB (65%) swap=0.5/5.0GB (10%) cpu=5% browser_rss=0.76GB
  [ComfyUI] [worker:ComfyUI-SAM3DObjects] [VRAM] +498MB (now 2080MB) reserved=2272MB peak=4199MB
  [ComfyUI] [worker:ComfyUI-SAM3DObjects] [VRAM] +310MB (now 2391MB) reserved=4768MB peak=4199MB
  [capture-loop] iter=2750 t=343.5s state={'complete': False, 'error': None, 'executedCount': 2, 'wsState': 1} eval_ms=4 ram=20.7/31.9GB (65%) swap=0.5/5.0GB (10%) cpu=4% browser_rss=0.76GB
  [ComfyUI] [worker:ComfyUI-SAM3DObjects] WARNING: [VRAM:mesh] start: 1051 MiB | cubefeats torch.Size([1696768, 101])
  [ComfyUI] [worker:ComfyUI-SAM3DObjects] WARNING: [VRAM:mesh] after sparse_cube2verts: 1147 MiB | v_pos torch.Size([1952662, 3])
  [ComfyUI] [worker:ComfyUI-SAM3DObjects] WARNING: [VRAM:mesh] after get_sparse_attrs + del: 435 MiB | verts 1952662 cubes 1696768
  [ComfyUI] [worker:ComfyUI-SAM3DObjects] WARNING: [VRAM:mesh] after dilation: 497 MiB | verts 2378148 cubes 2136108
  [ComfyUI] [worker:ComfyUI-SAM3DObjects] WARNING: [VRAM:mesh] after searchsorted: 600 MiB | reg_c torch.Size([2136108, 8])
  [ComfyUI] [worker:ComfyUI-SAM3DObjects] WARNING: [VRAM:fc] start: 600 MiB | verts torch.Size([2378149, 3]) cubes torch.Size([2136108, 8]) sdf torch.Size([2378149])
  [ComfyUI] [worker:ComfyUI-SAM3DObjects] WARNING: [VRAM:fc] after _identify_surf_cubes: 618 MiB | surf_cubes 490251/2136108
  [ComfyUI] [worker:ComfyUI-SAM3DObjects] WARNING: [VRAM:fc] after _get_case_id: 714 MiB
  [ComfyUI] [worker:ComfyUI-SAM3DObjects] WARNING: [VRAM:fc] after _identify_surf_edges: 790 MiB | surf_edges torch.Size([490556, 2])
  [ComfyUI] [worker:ComfyUI-SAM3DObjects] WARNING: [VRAM:fc] after _compute_vd: 862 MiB | vd torch.Size([490519, 3])
  [ComfyUI] [worker:ComfyUI-SAM3DObjects] WARNING: [VRAM:fc] after _triangulate: 884 MiB | verts torch.Size([490519, 3]) faces torch.Size([981106, 3])
  [ComfyUI] [worker:ComfyUI-SAM3DObjects] WARNING: [VRAM:mesh] after FlexiCubes: 635 MiB | verts torch.Size([490519, 3]) faces torch.Size([981106, 3])
  [ComfyUI] [SubprocessWorker] callback 'report_progress' from call_id=4
  [ComfyUI] [worker:ComfyUI-SAM3DObjects] [VRAM] Decode(mesh): after cleanup: torch=81MiB alloc, 320MiB reserved | gpu=1452MiB/12287MiB used
  [ComfyUI] [worker:ComfyUI-SAM3DObjects] [VRAM] -2310MB (now 81MB) reserved=320MB peak=4199MB
  [ComfyUI] [SubprocessWorker] callback 'report_progress' from call_id=4
  [ComfyUI] [worker:ComfyUI-SAM3DObjects] [VRAM] MeshDecode: done: torch=8MiB alloc, 320MiB reserved | gpu=1452MiB/12287MiB used
  [ComfyUI] [SubprocessWorker] got response: ok
  [ComfyUI] [comfy-env] Created 1 model patchers: ['SLatMeshDecoderTdfyWrapper_7']
  [ComfyUI] [comfy-env] SAM3DMeshDecode done (15.60s): result: NodeOutput
  [ComfyUI] [VRAM] After SAM3DMeshDecode: 1042 / 12287 MB
  [ComfyUI] [VRAM] Loaded: SubprocessModel (0 MB), SubprocessModel (0 MB), SubprocessModel (0 MB), SubprocessModel (0 MB), SubprocessModel (0 MB), SubprocessModel (0 MB), SubprocessModel (0 MB)
  [ComfyUI] Prompt executed in 344.23 seconds
  Node executed (3 total), capturing...
  Frame 77 saved (frame_076.jpg, t=344.9s)
  [capture-node] freeze=21ms shot=2312ms unfreeze=0ms saved=True
  Execution complete (t=344.9s)
  [3d-wait] Phase 1: Waiting for 'Loading 3D Model' text to disappear...
  [3d-wait] Phase 1 exception after 60.0s: Page.wait_for_function: Timeout 60000ms exceeded.
  [3d-wait] Phase 2: iframes=0
  [3d-wait] Total 3D wait: 60.0s
  Captured 77 unique frames over 407.32s
  [debug] iframes: 0
  [timing] trigger_3d_previews: 0.0s
  Saved high-quality screenshot: debug_large_image_results_executed.png
  [timing] final_screenshot: 0.4s
    Captured 78 video frames