Capturing execution frames: scene_generation.json
  Frame 1 saved (frame_000.jpg, t=0.0s)
  Validating workflow...
  [ComfyUI] === /validate endpoint called ===
  [ComfyUI] Received JSON with keys: ['prompt']
  [ComfyUI] Prompt has 13 nodes
  Queuing workflow for execution...
  [ComfyUI]   Node 59: SAM3D_DepthEstimate
  [ComfyUI]     Inputs: {"depth_model": ["74", 0], "image": ["77", 0]}
  [ComfyUI]   Node 74: LoadSAM3DModel
  [ComfyUI]     Inputs: {"attn_backend": "flash_attn", "compile": true, "precision": "auto"}
  [ComfyUI]   Node 75: MultibandLoad
  [ComfyUI]     Inputs: {"image": "scene_multiband.npz", "normalize": true}
  [ComfyUI]   Node 77: MultibandToImage
  [ComfyUI]     Inputs: {"channels": "0,1,2", "multiband": ["75", 0]}
  [ComfyUI]   Node 78: MultibandToMasks
  [ComfyUI]     Inputs: {"channels": "", "auto_detect_masks": true, "multiband": ["75", 0]}
  [ComfyUI]   Node 80: SAM3DSceneGenerate
  [ComfyUI]     Inputs: {"seed": 42, "stage1_steps": 12, "stage1_cfg": 7.5, "stage1_cfg_pm": 0, "stage2_steps": 12, "stage2_cfg": 5, "with_postprocess": false, "simplify": 0.95, "add_textures": false, "texture_mode": "fast",
  [ComfyUI]   Node 82: SAM3D_ScenePoseOptimize
  [ComfyUI]     Inputs: {"output_folder": ["80", 0], "optimization_mode": "pose_only"}
  [ComfyUI]   Node 85: GeomPackPreviewMeshVTK
  [ComfyUI]     Inputs: {"mode": "texture", "preview_vtk": "{\"show_edges\":false,\"camera_state\":\"{\\\"position\\\":[1.1789228144992419,1.3637070517428993,-0.6859388036148804],\\\"focalPoint\\\":[-0.29605234414339066,0.01
  [ComfyUI]   Node 87: GeomPackCombineMeshesBatch
  [ComfyUI]     Inputs: {"report_panel": "false", "meshes": ["106", 0]}
  [ComfyUI]   Node 99: PreviewImage
  [ComfyUI]     Inputs: {"images": ["77", 0]}
  [ComfyUI]   Node 100: SAM3D_ProjectionOverlay
  [ComfyUI]     Inputs: {"pose_opt_folder": ["82", 0], "render_mode": "3d_mesh_textured", "point_size": 2, "alpha": 0.6}
  [ComfyUI]   Node 106: GeomPackLoadMeshBatch
  [ComfyUI]     Inputs: {"folder_path": ["82", 0], "start_index": 0, "max_meshes": -1}
  [ComfyUI]   Node 108: SaveImage
  [ComfyUI]     Inputs: {"filename_prefix": "overlay", "images": ["100", 0]}
  [ComfyUI] Generated prompt_id: 09b16745-d704-4364-a9d7-a62127d6b4cd
  [ComfyUI] Calling execution.validate_prompt()...
  [ComfyUI] Validation result: valid=True
  [ComfyUI] === Validation PASSED ===
  [ComfyUI] got prompt
  [ComfyUI] [comfy-env] Running LoadSAM3DModel: attn_backend: 'flash_attn', compile: True, precision: 'auto'
  [ComfyUI] [VRAM] Before LoadSAM3DModel: 1271 / 24575 MB
  [ComfyUI] [SubprocessWorker] call_method: nodes.load_model.LoadSAM3DModel.EXECUTE_NORMALIZED
  [ComfyUI] [SubprocessWorker] acquired lock, ensuring started...
  [ComfyUI] [ComfyUI-SAM3DObjects] Health check: ping (timeout=5.0s)...
  [ComfyUI] [ComfyUI-SAM3DObjects] Health check: failed
  [ComfyUI] [ComfyUI-SAM3DObjects] Socket unhealthy, restarting worker...
  [ComfyUI] [comfy-env] Invalidated 9 stale model patchers (will be cleaned up during next unload)
  [ComfyUI] [comfy-env] sam3dobjects-nodes: Library/bin has 649 DLLs
  [ComfyUI] LoadMultibandImage: Loaded C:\workspaces\SAM3DObjects-1902\portable-comfyui\ComfyUI_windows_portable\ComfyUI\input\scene_multiband.npz
  [ComfyUI]   Shape: (1, 10, 2240, 3360)
  [ComfyUI]   Channels: 10
  [ComfyUI]   Names: img_01_r,img_01_g,img_01_b,mask_01,mask_02,mask_03,mask_04,mask_05,mask_06,mask_07
  [ComfyUI] [ComfyUI-SAM3DObjects] python: C:\workspaces\SAM3DObjects-1902\portable-comfyui\ComfyUI_windows_portable\ComfyUI\.ce\.pixi\envs\sam3dobjects-nodes\python.exe
  [ComfyUI] [ComfyUI-SAM3DObjects] sys_path sent to worker: ['C:\\workspaces\\SAM3DObjects-1902\\portable-comfyui\\ComfyUI_windows_portable\\ComfyUI', 'C:\\workspaces\\SAM3DObjects-1902\\portable-comfyui\\ComfyUI_windows_portable\\ComfyUI\\custom_nodes\\ComfyUI-SAM3DObjects', 'C:\\workspaces\\SAM3DObjects-1902\\portable-comfyui\\ComfyUI_windows_portable\\ComfyUI\\.ce\\.pixi\\envs\\sam3dobjects-nodes\\Lib\\site-packages', 'C:\\workspaces\\SAM3DObjects-1902\\portable-comfyui\\ComfyUI_windows_portable\\ComfyUI\\custom_nodes\\ComfyUI-SAM3DObjects']
  [ComfyUI] [SubprocessWorker] is_pixi=True, python=C:\workspaces\SAM3DObjects-1902\portable-comfyui\ComfyUI_windows_portable\ComfyUI\.ce\.pixi\envs\sam3dobjects-nodes\python.exe
  [ComfyUI] [SubprocessWorker] launching cmd=['C:\\Users\\ContainerAdministrator\\.local\\bin\\pixi.EXE', 'run', '--as-is', '--manifest-path', 'C:\\workspaces\\SAM3DObjects-1902\\portable-comfyui\\ComfyUI_windows_portable\\ComfyUI\\.ce\\pixi.toml', '-e', 'sam3dobjects-nodes', 'python', 'C:\\Users\\ContainerAdministrator\\AppData\\Local\\Temp\\comfyui_pvenv_r13jj68k\\persistent_worker.py', 'tcp://127.0.0.1:55146']...
  Frame 2 saved (frame_001.jpg, t=2.4s)
  [capture-periodic] freeze=3ms shot=140ms unfreeze=5ms saved=True
  Node executed (1 total), capturing...
  Frame 3 saved (frame_002.jpg, t=2.9s)
  [capture-node] freeze=3ms shot=180ms unfreeze=3ms saved=True
  Frame 4 saved (frame_003.jpg, t=5.2s)
  [capture-periodic] freeze=3ms shot=169ms unfreeze=5ms saved=True
  [capture-loop] iter=50 t=6.6s state={'complete': False, 'error': None, 'executedCount': 1, 'wsState': 1} eval_ms=3
  [ComfyUI] [worker:ComfyUI-SAM3DObjects] WARNING: WARNING: You need pytorch with cu130 or higher to use optimized CUDA operations.
  [ComfyUI] [SubprocessWorker] worker started/confirmed
  [ComfyUI] [SubprocessWorker] serializing kwargs to shm...
  [ComfyUI] [SubprocessWorker] created 0 shm blocks
  [ComfyUI] [SubprocessWorker] sending request via socket...
  [ComfyUI] [SubprocessWorker] call_id=60 sending call_method
  [ComfyUI] [SubprocessWorker] got response: ok
  [ComfyUI] [comfy-env] [VRAM] Before offload 'SLatMeshDecoderTdfyWrapper_9' (173 MB) -> cpu: 1271 / 24575 MB
  [ComfyUI] [ComfyUI-SAM3DObjects] Health check: ping (timeout=5.0s)...
  [ComfyUI] [ComfyUI-SAM3DObjects] Health check: ok
  [ComfyUI] [SubprocessWorker] call_id=61 sending model_to_device
  [ComfyUI] Model 'SLatMeshDecoderTdfyWrapper_9' gone from worker (restarted?), treating as offloaded
  [ComfyUI] [comfy-env] [VRAM] After offload 'SLatMeshDecoderTdfyWrapper_9' (173 MB): 1271 / 24575 MB
  [ComfyUI] [comfy-env] [VRAM] Before offload 'MoGeModelV1_8' (599 MB) -> cpu: 1271 / 24575 MB
  [ComfyUI] [ComfyUI-SAM3DObjects] Health check: ping (timeout=5.0s)...
  [ComfyUI] [ComfyUI-SAM3DObjects] Health check: ok
  [ComfyUI] [SubprocessWorker] call_id=62 sending model_to_device
  [ComfyUI] Model 'MoGeModelV1_8' gone from worker (restarted?), treating as offloaded
  [ComfyUI] [comfy-env] [VRAM] After offload 'MoGeModelV1_8' (599 MB): 1271 / 24575 MB
  [ComfyUI] [comfy-env] [VRAM] Before offload 'SLatGaussianDecoderTdfyWrapper_7' (162 MB) -> cpu: 1271 / 24575 MB
  [ComfyUI] [ComfyUI-SAM3DObjects] Health check: ping (timeout=5.0s)...
  [ComfyUI] [ComfyUI-SAM3DObjects] Health check: ok
  [ComfyUI] [SubprocessWorker] call_id=63 sending model_to_device
  [ComfyUI] Model 'SLatGaussianDecoderTdfyWrapper_7' gone from worker (restarted?), treating as offloaded
  [ComfyUI] [comfy-env] [VRAM] After offload 'SLatGaussianDecoderTdfyWrapper_7' (162 MB): 1271 / 24575 MB
  [ComfyUI] [comfy-env] [VRAM] Before offload 'FlowMatching_6' (2290 MB) -> cpu: 1271 / 24575 MB
  [ComfyUI] [ComfyUI-SAM3DObjects] Health check: ping (timeout=5.0s)...
  [ComfyUI] [ComfyUI-SAM3DObjects] Health check: ok
  [ComfyUI] [SubprocessWorker] call_id=64 sending model_to_device
  [ComfyUI] Model 'FlowMatching_6' gone from worker (restarted?), treating as offloaded
  [ComfyUI] [comfy-env] [VRAM] After offload 'FlowMatching_6' (2290 MB): 1271 / 24575 MB
  [ComfyUI] [comfy-env] [VRAM] Before offload 'EmbedderFuser_5' (1227 MB) -> cpu: 1271 / 24575 MB
  [ComfyUI] [ComfyUI-SAM3DObjects] Health check: ping (timeout=5.0s)...
  [ComfyUI] [ComfyUI-SAM3DObjects] Health check: ok
  [ComfyUI] [SubprocessWorker] call_id=65 sending model_to_device
  [ComfyUI] Model 'EmbedderFuser_5' gone from worker (restarted?), treating as offloaded
  [ComfyUI] [comfy-env] [VRAM] After offload 'EmbedderFuser_5' (1227 MB): 1271 / 24575 MB
  [ComfyUI] [comfy-env] [VRAM] Before offload 'SparseStructureDecoderTdfyWrapper_4' (140 MB) -> cpu: 1271 / 24575 MB
  [ComfyUI] [ComfyUI-SAM3DObjects] Health check: ping (timeout=5.0s)...
  [ComfyUI] [ComfyUI-SAM3DObjects] Health check: ok
  [ComfyUI] [SubprocessWorker] call_id=66 sending model_to_device
  [ComfyUI] Model 'SparseStructureDecoderTdfyWrapper_4' gone from worker (restarted?), treating as offloaded
  [ComfyUI] [comfy-env] [VRAM] After offload 'SparseStructureDecoderTdfyWrapper_4' (140 MB): 1271 / 24575 MB
  [ComfyUI] [comfy-env] [VRAM] Before offload 'ShortCut_3' (3677 MB) -> cpu: 1271 / 24575 MB
  [ComfyUI] [ComfyUI-SAM3DObjects] Health check: ping (timeout=5.0s)...
  [ComfyUI] [ComfyUI-SAM3DObjects] Health check: ok
  [ComfyUI] [SubprocessWorker] call_id=67 sending model_to_device
  [ComfyUI] Model 'ShortCut_3' gone from worker (restarted?), treating as offloaded
  [ComfyUI] [comfy-env] [VRAM] After offload 'ShortCut_3' (3677 MB): 1271 / 24575 MB
  [ComfyUI] [comfy-env] [VRAM] Before offload 'EmbedderFuser_2' (1259 MB) -> cpu: 1271 / 24575 MB
  [ComfyUI] [ComfyUI-SAM3DObjects] Health check: ping (timeout=5.0s)...
  [ComfyUI] [ComfyUI-SAM3DObjects] Health check: ok
  [ComfyUI] [SubprocessWorker] call_id=68 sending model_to_device
  [ComfyUI] Model 'EmbedderFuser_2' gone from worker (restarted?), treating as offloaded
  [ComfyUI] [comfy-env] [VRAM] After offload 'EmbedderFuser_2' (1259 MB): 1271 / 24575 MB
  [ComfyUI] [comfy-env] [VRAM] Before offload 'MoGeModelV1_1' (599 MB) -> cpu: 1271 / 24575 MB
  [ComfyUI] [ComfyUI-SAM3DObjects] Health check: ping (timeout=5.0s)...
  [ComfyUI] [ComfyUI-SAM3DObjects] Health check: ok
  [ComfyUI] [SubprocessWorker] call_id=69 sending model_to_device
  [ComfyUI] Model 'MoGeModelV1_1' gone from worker (restarted?), treating as offloaded
  [ComfyUI] [comfy-env] [VRAM] After offload 'MoGeModelV1_1' (599 MB): 1271 / 24575 MB
  [ComfyUI] [comfy-env] LoadSAM3DModel done (6.71s): result: NodeOutput
  [ComfyUI] [VRAM] After LoadSAM3DModel: 1271 / 24575 MB
  [ComfyUI] [comfy-env] Running SAM3D_DepthEstimate: depth_model: dict, image: torch.float32 [1,2240,3360,3] cpu
  [ComfyUI] [VRAM] Before SAM3D_DepthEstimate: 1271 / 24575 MB
  [ComfyUI] [SubprocessWorker] call_method: nodes.depth_estimate.SAM3D_DepthEstimate.EXECUTE_NORMALIZED
  [ComfyUI] [SubprocessWorker] acquired lock, ensuring started...
  [ComfyUI] [ComfyUI-SAM3DObjects] Health check: ping (timeout=5.0s)...
  [ComfyUI] [ComfyUI-SAM3DObjects] Health check: ok
  [ComfyUI] [SubprocessWorker] worker started/confirmed
  [ComfyUI] [comfy-env] PRE-SERIALIZE 'image' shape: torch.Size([1, 2240, 3360, 3])
  [ComfyUI] [SubprocessWorker] serializing kwargs to shm...
  [ComfyUI] [SubprocessWorker] created 0 shm blocks
  [ComfyUI] [SubprocessWorker] sending request via socket...
  [ComfyUI] [SubprocessWorker] call_id=70 sending call_method
  [ComfyUI] [worker:ComfyUI-SAM3DObjects] [comfy-env] _from_shm got dict with keys: ['__type__', 'strategy', 'manager_path', 'storage_key', 'storage_size']
  [ComfyUI] [worker:ComfyUI-SAM3DObjects] [comfy-env] DESERIALIZE TensorRef: tensor_size=[1, 2240, 3360, 3]
  [ComfyUI] [worker:ComfyUI-SAM3DObjects] [comfy-env] DESERIALIZED tensor shape: torch.Size([1, 2240, 3360, 3])
  Frame 5 saved (frame_004.jpg, t=9.7s)
  [capture-periodic] freeze=3ms shot=172ms unfreeze=3ms saved=True
  [ComfyUI] [worker:ComfyUI-SAM3DObjects] [VRAM] DepthEstimate: start: torch=0MiB alloc, 0MiB reserved | gpu=1271MiB/24575MiB used
  [ComfyUI] [worker:ComfyUI-SAM3DObjects] [VRAM] DepthEstimate: before MoGe from_pretrained: torch=0MiB alloc, 0MiB reserved | gpu=1271MiB/24575MiB used
  [ComfyUI] C:\workspaces\SAM3DObjects-1902\portable-comfyui\ComfyUI_windows_portable\ComfyUI\custom_nodes\ComfyUI-SAM3DObjects\nodes\sam3d\moge.py:1012: UserWarning: Deprecated arguments ignored: {'output_mask': True, 'split_head': True}
  [ComfyUI]   warnings.warn(f"Deprecated arguments ignored: {deprecated_kwargs}")
  [ComfyUI] [worker:ComfyUI-SAM3DObjects] [VRAM] DepthEstimate: after MoGe from_pretrained: torch=0MiB alloc, 0MiB reserved | gpu=1271MiB/24575MiB used
  [ComfyUI] [worker:ComfyUI-SAM3DObjects] [VRAM] DepthEstimate: before load_models_gpu: torch=0MiB alloc, 0MiB reserved | gpu=1271MiB/24575MiB used
  [ComfyUI] [SubprocessWorker] callback 'request_vram_budget' from call_id=70
  [ComfyUI] [comfy-env] VRAM request: 0.63GB, free before eviction: 24.44GB
  [ComfyUI] [comfy-env] VRAM after eviction: 24.44GB
  [ComfyUI] [worker:ComfyUI-SAM3DObjects] [VRAM] +408MB (now 408MB) reserved=416MB peak=408MB
  [ComfyUI] [worker:ComfyUI-SAM3DObjects] [VRAM] DepthEstimate: after load_models_gpu: torch=599MiB alloc, 608MiB reserved | gpu=1891MiB/24575MiB used
  [capture-loop] iter=100 t=12.8s state={'complete': False, 'error': None, 'executedCount': 1, 'wsState': 1} eval_ms=4
  [ComfyUI] [SubprocessWorker] callback 'report_progress' from call_id=70
  [ComfyUI] [worker:ComfyUI-SAM3DObjects] [VRAM] DepthEstimate: before MoGe inference: torch=599MiB alloc, 608MiB reserved | gpu=1891MiB/24575MiB used
  [ComfyUI] [worker:ComfyUI-SAM3DObjects] [VRAM] +239MB (now 648MB) reserved=672MB peak=648MB
  Frame 6 saved (frame_005.jpg, t=16.5s)
  [capture-periodic] freeze=3ms shot=169ms unfreeze=4ms saved=True
  [ComfyUI] [worker:ComfyUI-SAM3DObjects] [VRAM] DepthEstimate: after MoGe inference: torch=758MiB alloc, 1088MiB reserved | gpu=2431MiB/24575MiB used
  [ComfyUI] [worker:ComfyUI-SAM3DObjects] [VRAM] -388MB (now 260MB) reserved=864MB peak=823MB
  [ComfyUI] [worker:ComfyUI-SAM3DObjects] [VRAM] DepthEstimate: after cleanup: torch=158MiB alloc, 256MiB reserved | gpu=1599MiB/24575MiB used
  [ComfyUI] [SubprocessWorker] callback 'report_progress' from call_id=70
  [ComfyUI] [SubprocessWorker] callback 'report_progress' from call_id=70
  [capture-loop] iter=150 t=18.7s state={'complete': False, 'error': None, 'executedCount': 1, 'wsState': 1} eval_ms=3
  Frame 7 saved (frame_006.jpg, t=18.7s)
  [capture-periodic] freeze=3ms shot=155ms unfreeze=5ms saved=True
  [capture-loop] iter=200 t=24.8s state={'complete': False, 'error': None, 'executedCount': 1, 'wsState': 1} eval_ms=3
  [capture-loop] iter=250 t=30.7s state={'complete': False, 'error': None, 'executedCount': 1, 'wsState': 1} eval_ms=4
  [capture-loop] iter=300 t=36.5s state={'complete': False, 'error': None, 'executedCount': 1, 'wsState': 1} eval_ms=4
  [capture-loop] iter=350 t=42.5s state={'complete': False, 'error': None, 'executedCount': 1, 'wsState': 1} eval_ms=3
  [capture-loop] iter=400 t=48.4s state={'complete': False, 'error': None, 'executedCount': 1, 'wsState': 1} eval_ms=4
  [ComfyUI] [SubprocessWorker] callback 'report_progress' from call_id=70
  [ComfyUI] [worker:ComfyUI-SAM3DObjects] [VRAM] DepthEstimate: done: torch=244MiB alloc, 640MiB reserved | gpu=1983MiB/24575MiB used
  [ComfyUI] [worker:ComfyUI-SAM3DObjects] [VRAM] -253MB (now 8MB) reserved=640MB peak=823MB
  [ComfyUI] [SubprocessWorker] got response: ok
  [ComfyUI] [comfy-env] Created 1 model patchers: ['MoGeModelV1_1']
  [ComfyUI] [comfy-env] SAM3D_DepthEstimate done (40.19s): result: NodeOutput
  [ComfyUI] [VRAM] After SAM3D_DepthEstimate: 1271 / 24575 MB
  [ComfyUI] [VRAM] Loaded: SubprocessModel (0 MB)
  [ComfyUI] [comfy-env] Running SAM3DSceneGenerate: seed: 42, stage1_steps: 12, stage1_cfg: 7.5, stage1_cfg_pm: 0.0, stage2_steps: 12, stage2_cfg: 5.0, with_postprocess: False, simplify: 0.95, add_textures: False, texture_mode: 'fast', texture_size: 1024, stage1_batch_size: 1, generator: dict, slat_decoder_gs: dict, slat_decoder_mesh: dict, image: torch.float32 [1,2240,3360,3] cpu, masks: torch.float32 [7,2240,3360] cpu, intrinsics: float32 [3,3], pointmap: torch.float32 [2240,3360,3] cpu
  [ComfyUI] [VRAM] Before SAM3DSceneGenerate: 1271 / 24575 MB
  [ComfyUI] [VRAM] Loaded: SubprocessModel (0 MB)
  [ComfyUI] [SubprocessWorker] call_method: nodes.scene_generate.SAM3DSceneGenerate.EXECUTE_NORMALIZED
  [ComfyUI] [SubprocessWorker] acquired lock, ensuring started...
  [ComfyUI] [ComfyUI-SAM3DObjects] Health check: ping (timeout=5.0s)...
  [ComfyUI] [ComfyUI-SAM3DObjects] Health check: ok
  [ComfyUI] [SubprocessWorker] worker started/confirmed
  [ComfyUI] [comfy-env] PRE-SERIALIZE 'image' shape: torch.Size([1, 2240, 3360, 3])
  [ComfyUI] [comfy-env] PRE-SERIALIZE 'masks' shape: torch.Size([7, 2240, 3360])
  [ComfyUI] [comfy-env] PRE-SERIALIZE 'intrinsics' shape: (3, 3)
  [ComfyUI] [comfy-env] PRE-SERIALIZE 'pointmap' shape: torch.Size([2240, 3360, 3])
  [ComfyUI] [SubprocessWorker] serializing kwargs to shm...
  [ComfyUI] [SubprocessWorker] created 0 shm blocks
  [ComfyUI] [SubprocessWorker] sending request via socket...
  [ComfyUI] [SubprocessWorker] call_id=71 sending call_method
  [ComfyUI] [worker:ComfyUI-SAM3DObjects] [comfy-env] _from_shm got dict with keys: ['__type__', 'strategy', 'manager_path', 'storage_key', 'storage_size']
  [ComfyUI] [worker:ComfyUI-SAM3DObjects] [comfy-env] DESERIALIZE TensorRef: tensor_size=[1, 2240, 3360, 3]
  [ComfyUI] [worker:ComfyUI-SAM3DObjects] [comfy-env] DESERIALIZED tensor shape: torch.Size([1, 2240, 3360, 3])
  [ComfyUI] [worker:ComfyUI-SAM3DObjects] [comfy-env] _from_shm got dict with keys: ['__type__', 'strategy', 'manager_path', 'storage_key', 'storage_size']
  [ComfyUI] [worker:ComfyUI-SAM3DObjects] [comfy-env] DESERIALIZE TensorRef: tensor_size=[7, 2240, 3360]
  [ComfyUI] [worker:ComfyUI-SAM3DObjects] [comfy-env] DESERIALIZED tensor shape: torch.Size([7, 2240, 3360])
  [ComfyUI] [worker:ComfyUI-SAM3DObjects] [comfy-env] _from_shm got dict with keys: ['__type__', 'strategy', 'manager_path', 'storage_key', 'storage_size']
  [ComfyUI] [worker:ComfyUI-SAM3DObjects] [comfy-env] DESERIALIZE TensorRef: tensor_size=[3, 3]
  [ComfyUI] [worker:ComfyUI-SAM3DObjects] [comfy-env] DESERIALIZED tensor shape: torch.Size([3, 3])
  [ComfyUI] [worker:ComfyUI-SAM3DObjects] [comfy-env] _from_shm got dict with keys: ['__type__', 'strategy', 'manager_path', 'storage_key', 'storage_size']
  [ComfyUI] [worker:ComfyUI-SAM3DObjects] [comfy-env] DESERIALIZE TensorRef: tensor_size=[2240, 3360, 3]
  [ComfyUI] [worker:ComfyUI-SAM3DObjects] [comfy-env] DESERIALIZED tensor shape: torch.Size([2240, 3360, 3])
  [ComfyUI] [worker:ComfyUI-SAM3DObjects] [VRAM] SceneGenerate: start: torch=8MiB alloc, 640MiB reserved | gpu=1983MiB/24575MiB used
  Frame 8 saved (frame_007.jpg, t=50.0s)
  [capture-periodic] freeze=4ms shot=175ms unfreeze=3ms saved=True
  [ComfyUI] [worker:ComfyUI-SAM3DObjects] [VRAM] SceneGenerate: PHASE 1 start: torch=8MiB alloc, 640MiB reserved | gpu=1983MiB/24575MiB used
  [ComfyUI] 2026-05-02 19:27:52.829 | WARNING  | nodes.sam3d.transforms:__post_init__:1359 - No rgb pointmap normalizer provided, using scale + shift
  [ComfyUI] [worker:ComfyUI-SAM3DObjects] [VRAM] _load_condition_embedder(ss): before build: torch=22MiB alloc, 640MiB reserved | gpu=1983MiB/24575MiB used
  Frame 9 saved (frame_008.jpg, t=52.3s)
  [capture-periodic] freeze=4ms shot=257ms unfreeze=5ms saved=True
  [capture-loop] iter=450 t=55.1s state={'complete': False, 'error': None, 'executedCount': 1, 'wsState': 1} eval_ms=5
  [ComfyUI] [worker:ComfyUI-SAM3DObjects] [VRAM] _load_condition_embedder(ss): after load_state_dict: torch=22MiB alloc, 640MiB reserved | gpu=1983MiB/24575MiB used
  [ComfyUI] [SubprocessWorker] callback 'request_vram_budget' from call_id=71
  [ComfyUI] [comfy-env] VRAM request: 2.54GB, free before eviction: 24.44GB
  [ComfyUI] [comfy-env] VRAM after eviction: 24.44GB
  [ComfyUI] [worker:ComfyUI-SAM3DObjects] [VRAM] +334MB (now 342MB) reserved=384MB peak=823MB
  [ComfyUI] [worker:ComfyUI-SAM3DObjects] [VRAM] +938MB (now 1281MB) reserved=1312MB peak=1281MB
  [ComfyUI] [worker:ComfyUI-SAM3DObjects] [VRAM] Stage1: before embedding: torch=1281MiB alloc, 1312MiB reserved | gpu=2655MiB/24575MiB used
  [ComfyUI] [worker:ComfyUI-SAM3DObjects] [VRAM] Stage1: after embedding: torch=1311MiB alloc, 2368MiB reserved | gpu=3713MiB/24575MiB used
  [ComfyUI] [worker:ComfyUI-SAM3DObjects] [VRAM] Stage1: after embedder unload: torch=51MiB alloc, 128MiB reserved | gpu=1473MiB/24575MiB used
  [ComfyUI] [worker:ComfyUI-SAM3DObjects] [VRAM] -1230MB (now 51MB) reserved=128MB peak=1330MB
  [ComfyUI] [worker:ComfyUI-SAM3DObjects] [VRAM] _load_generator(ss): before build: torch=51MiB alloc, 128MiB reserved | gpu=1473MiB/24575MiB used
  [ComfyUI] [worker:ComfyUI-SAM3DObjects] [VRAM] _load_generator(ss): after load_state_dict: torch=51MiB alloc, 128MiB reserved | gpu=1473MiB/24575MiB used
  [ComfyUI] [SubprocessWorker] callback 'request_vram_budget' from call_id=71
  [ComfyUI] [comfy-env] VRAM request: 3.86GB, free before eviction: 24.44GB
  [ComfyUI] [comfy-env] VRAM after eviction: 24.44GB
  [capture-loop] iter=500 t=61.1s state={'complete': False, 'error': None, 'executedCount': 1, 'wsState': 1} eval_ms=4
  [ComfyUI] [worker:ComfyUI-SAM3DObjects] [VRAM] +1024MB (now 1076MB) reserved=1152MB peak=1330MB
  [ComfyUI] [worker:ComfyUI-SAM3DObjects] [VRAM] +1665MB (now 2741MB) reserved=2752MB peak=2741MB
  [ComfyUI] [worker:ComfyUI-SAM3DObjects]
  [ComfyUI] === WATCHDOG TICK 1 ===
  [ComfyUI] [worker:ComfyUI-SAM3DObjects] Thread 0x00001858 (most recent call first):
  [ComfyUI]   File "C:\Users\ContainerAdministrator\AppData\Local\Temp\comfyui_pvenv_r13jj68k\persistent_worker.py", line 106 in _vram_poller
  [ComfyUI]   File "C:\workspaces\SAM3DObjects-1902\portable-comfyui\ComfyUI_windows_portable\ComfyUI\.ce\.pixi\envs\sam3dobjects-nodes\Lib\threading.py", line 1012 in run
  [ComfyUI]   File "C:\workspaces\SAM3DObjects-1902\portable-comfyui\ComfyUI_windows_portable\ComfyUI\.ce\.pixi\envs\sam3dobjects-nodes\Lib\threading.py", line 1075 in _bootstrap_inner
  [ComfyUI]   File "C:\workspaces\SAM3DObjects-1902\portable-comfyui\ComfyUI_windows_portable\ComfyUI\.ce\.pixi\envs\sam3dobjects-nodes\Lib\threading.py", line 1032 in _bootstrap
  [ComfyUI] 
  [ComfyUI] Current thread 0x00003080 (most recent call first):
  [ComfyUI]   File "C:\Users\ContainerAdministrator\AppData\Local\Temp\comfyui_pvenv_r13jj68k\persistent_worker.py", line 52 in _watchdog
  [ComfyUI]   File "C:\workspaces\SAM3DObjects-1902\portable-comfyui\ComfyUI_windows_portable\ComfyUI\.ce\.pixi\envs\sam3dobjects-nodes\Lib\threading.py", line 1012 in run
  [ComfyUI]   File "C:\workspaces\SAM3DObjects-1902\portable-comfyui\ComfyUI_windows_portable\ComfyUI\.ce\.pixi\envs\sam3dobjects-nodes\Lib\threading.py", line 1075 in _bootstrap_inner
  [ComfyUI]   File "C:\workspaces\SAM3DObjects-1902\portable-comfyui\ComfyUI_windows_portable\ComfyUI\.ce\.pixi\envs\sam3dobjects-nodes\Lib\threading.py", line 1032 in _bootstrap
  [ComfyUI] 
  [ComfyUI] Thread 0x000037ac (most recent call first):
  [ComfyUI]   File "C:\workspaces\SAM3DObjects-1902\portable-comfyui\ComfyUI_windows_portable\ComfyUI\.ce\.pixi\envs\sam3dobjects-nodes\Lib\site-packages\torch\nn\modules\module.py", line 1355 in convert
  [ComfyUI]   File "C:\workspaces\SAM3DObjects-1902\portable-comfyui\ComfyUI_windows_portable\ComfyUI\.ce\.pixi\envs\sam3dobjects-nodes\Lib\site-packages\torch\nn\modules\module.py", line 955 in _apply
  [ComfyUI]   File "C:\workspaces\SAM3DObjects-1902\portable-comfyui\ComfyUI_windows_portable\ComfyUI\.ce\.pixi\envs\sam3dobjects-nodes\Lib\site-packages\torch\nn\modules\module.py", line 1369 in to
  [ComfyUI]   File "C:\Users\ContainerAdministrator\AppData\Local\Temp\comfyui_pvenv_r13jj68k\persistent_worker.py", line 1328 in _hooked_to
  [ComfyUI]   File "C:\workspaces\SAM3DObjects-1902\portable-comfyui\ComfyUI_windows_portable\ComfyUI\comfy\model_patcher.py", line 870 in load
  [ComfyUI]   File "C:\workspaces\SAM3DObjects-1902\portable-comfyui\ComfyUI_windows_portable\ComfyUI\comfy\model_patcher.py", line 1064 in partially_load
  [ComfyUI]   File "C:\workspaces\SAM3DObjects-1902\portable-comfyui\ComfyUI_windows_portable\ComfyUI\comfy\model_management.py", line 613 in model_use_more_vram
  [ComfyUI]   File "C:\workspaces\SAM3DObjects-1902\portable-comfyui\ComfyUI_windows_portable\ComfyUI\comfy\model_management.py", line 582 in model_load
  [ComfyUI]   File "C:\workspaces\SAM3DObjects-1902\portable-comfyui\ComfyUI_windows_portable\ComfyUI\comfy\model_management.py", line 820 in load_models_gpu
  [ComfyUI]   File "C:\Users\ContainerAdministrator\AppData\Local\Temp\comfyui_pvenv_r13jj68k\persistent_worker.py", line 1526 in _shimmed_load_models_gpu
  [ComfyUI]   File "C:\workspaces\SAM3DObjects-1902\portable-comfyui\ComfyUI_windows_portable\ComfyUI\custom_nodes\ComfyUI-SAM3DObjects\nodes\utils\stages.py", line 469 in _load_generator
  [ComfyUI]   File "C:\workspaces\SAM3DObjects-1902\portable-comfyui\ComfyUI_windows_portable\ComfyUI\custom_nodes\ComfyUI-SAM3DObjects\nodes\utils\stages.py", line 918 in run_stage1
  [ComfyUI]   File "C:\workspaces\SAM3DObjects-1902\portable-comfyui\ComfyUI_windows_portable\ComfyUI\custom_nodes\ComfyUI-SAM3DObjects\nodes\scene_generate.py", line 251 in execute
  [ComfyUI]   File "C:\workspaces\SAM3DObjects-1902\portable-comfyui\ComfyUI_windows_portable\ComfyUI\.ce\.pixi\envs\sam3dobjects-nodes\Lib\site-packages\torch\utils\_contextlib.py", line 120 in decorate_context
  [ComfyUI]   File "C:\workspaces\SAM3DObjects-1902\portable-comfyui\ComfyUI_windows_portable\ComfyUI\comfy_api\latest\_io.py", line 1826 in EXECUTE_NORMALIZED
  [ComfyUI]   File "C:\Users\ContainerAdministrator\AppData\Local\Temp\comfyui_pvenv_r13jj68k\persistent_worker.py", line 1749 in main
  [ComfyUI]   File "C:\Users\ContainerAdministrator\AppData\Local\Temp\comfyui_pvenv_r13jj68k\persistent_worker.py", line 1794 in <module>
  [ComfyUI] 
  [ComfyUI] [worker:ComfyUI-SAM3DObjects] === END ===
  [ComfyUI] 
  [ComfyUI] [worker:ComfyUI-SAM3DObjects] [VRAM] +987MB (now 3729MB) reserved=3744MB peak=3729MB
  [ComfyUI] [worker:ComfyUI-SAM3DObjects] [VRAM] _load_decoder(ss): before instantiate: torch=3729MiB alloc, 3744MiB reserved | gpu=5089MiB/24575MiB used
  [ComfyUI] [worker:ComfyUI-SAM3DObjects] [VRAM] _load_decoder(ss): after load_state_dict: torch=3729MiB alloc, 3744MiB reserved | gpu=5089MiB/24575MiB used
  [ComfyUI] [SubprocessWorker] callback 'request_vram_budget' from call_id=71
  [ComfyUI] [comfy-env] VRAM request: 0.15GB, free before eviction: 24.44GB
  [ComfyUI] [comfy-env] VRAM after eviction: 24.44GB
  [ComfyUI] [worker:ComfyUI-SAM3DObjects] [VRAM] Stage1: before inference: torch=3870MiB alloc, 3872MiB reserved | gpu=5217MiB/24575MiB used
  [ComfyUI] [worker:ComfyUI-SAM3DObjects] [DTYPE_DBG] _generate_noise_tensor: _compute_dtype=torch.bfloat16 shape=(1, 1, 6) device=cuda:0
  [ComfyUI] [worker:ComfyUI-SAM3DObjects] [DTYPE_DBG] _generate_noise_tensor: _compute_dtype=torch.bfloat16 shape=(1, 1, 3) device=cuda:0
  [ComfyUI] [worker:ComfyUI-SAM3DObjects] [DTYPE_DBG] _generate_noise_tensor: _compute_dtype=torch.bfloat16 shape=(1, 4096, 8) device=cuda:0
  [ComfyUI] [worker:ComfyUI-SAM3DObjects] [DTYPE_DBG] _generate_noise_tensor: _compute_dtype=torch.bfloat16 shape=(1, 1, 3) device=cuda:0
  [ComfyUI] [worker:ComfyUI-SAM3DObjects] [DTYPE_DBG] _generate_noise_tensor: _compute_dtype=torch.bfloat16 shape=(1, 1, 1) device=cuda:0
  [ComfyUI] [SubprocessWorker] callback 'report_progress' from call_id=71
  [ComfyUI] [worker:ComfyUI-SAM3DObjects] [VRAM] +299MB (now 4029MB) reserved=4224MB peak=4084MB
  [ComfyUI] [SubprocessWorker] callback 'report_progress' from call_id=71
  [ComfyUI] [SubprocessWorker] callback 'report_progress' from call_id=71
  Frame 10 saved (frame_009.jpg, t=66.0s)
  [capture-periodic] freeze=3ms shot=165ms unfreeze=4ms saved=True
  [ComfyUI] [SubprocessWorker] callback 'report_progress' from call_id=71
  [capture-loop] iter=550 t=67.2s state={'complete': False, 'error': None, 'executedCount': 1, 'wsState': 1} eval_ms=3
  [ComfyUI] [SubprocessWorker] callback 'report_progress' from call_id=71
  [ComfyUI] [SubprocessWorker] callback 'report_progress' from call_id=71
  [ComfyUI] [SubprocessWorker] callback 'report_progress' from call_id=71
  Frame 11 saved (frame_010.jpg, t=68.3s)
  [capture-periodic] freeze=3ms shot=175ms unfreeze=5ms saved=True
  [ComfyUI] [SubprocessWorker] callback 'report_progress' from call_id=71
  [ComfyUI] [SubprocessWorker] callback 'report_progress' from call_id=71
  [ComfyUI] [SubprocessWorker] callback 'report_progress' from call_id=71
  [ComfyUI] [SubprocessWorker] callback 'report_progress' from call_id=71
  [ComfyUI] [SubprocessWorker] callback 'report_progress' from call_id=71
  Frame 12 saved (frame_011.jpg, t=70.7s)
  [capture-periodic] freeze=4ms shot=174ms unfreeze=3ms saved=True
  [ComfyUI] [worker:ComfyUI-SAM3DObjects] [VRAM] Stage1: after inference: torch=3886MiB alloc, 4352MiB reserved | gpu=5697MiB/24575MiB used
  [ComfyUI] [worker:ComfyUI-SAM3DObjects] [VRAM] -333MB (now 3696MB) reserved=4352MB peak=4093MB
  [ComfyUI] [worker:ComfyUI-SAM3DObjects] [VRAM] -3384MB (now 313MB) reserved=4352MB peak=4093MB
  [ComfyUI] [worker:ComfyUI-SAM3DObjects] [VRAM] Stage1: after model cleanup: torch=68MiB alloc, 224MiB reserved | gpu=1569MiB/24575MiB used
  [ComfyUI] 2026-05-02 19:28:13.882 | WARNING  | nodes.sam3d.transforms:__post_init__:1359 - No rgb pointmap normalizer provided, using scale + shift
  [ComfyUI] [worker:ComfyUI-SAM3DObjects] [VRAM] -304MB (now 9MB) reserved=96MB peak=4093MB
  Frame 13 saved (frame_012.jpg, t=73.0s)
  [capture-periodic] freeze=4ms shot=194ms unfreeze=8ms saved=True
  [ComfyUI] [SubprocessWorker] callback 'request_vram_budget' from call_id=71
  [ComfyUI] [comfy-env] VRAM request: 2.54GB, free before eviction: 24.44GB
  [ComfyUI] [comfy-env] VRAM after eviction: 24.44GB
  [capture-loop] iter=600 t=73.5s state={'complete': False, 'error': None, 'executedCount': 1, 'wsState': 1} eval_ms=3
  [ComfyUI] [worker:ComfyUI-SAM3DObjects] [VRAM] Stage1: before embedding: torch=1282MiB alloc, 1344MiB reserved | gpu=2689MiB/24575MiB used
  [ComfyUI] [worker:ComfyUI-SAM3DObjects] [VRAM] +1328MB (now 1338MB) reserved=1408MB peak=4093MB
  [ComfyUI] [worker:ComfyUI-SAM3DObjects] [VRAM] Stage1: after embedding: torch=1312MiB alloc, 2400MiB reserved | gpu=3745MiB/24575MiB used
  [ComfyUI] [worker:ComfyUI-SAM3DObjects] [VRAM] Stage1: after embedder unload: torch=53MiB alloc, 160MiB reserved | gpu=1505MiB/24575MiB used
  [ComfyUI] [SubprocessWorker] callback 'request_vram_budget' from call_id=71
  [ComfyUI] [comfy-env] VRAM request: 3.86GB, free before eviction: 24.44GB
  [ComfyUI] [comfy-env] VRAM after eviction: 24.44GB
  [ComfyUI] [worker:ComfyUI-SAM3DObjects] [VRAM] -805MB (now 533MB) reserved=640MB peak=4093MB
  [ComfyUI] [worker:ComfyUI-SAM3DObjects] [VRAM] +2886MB (now 3419MB) reserved=3456MB peak=4093MB
  [ComfyUI] [SubprocessWorker] callback 'request_vram_budget' from call_id=71
  [ComfyUI] [comfy-env] VRAM request: 0.15GB, free before eviction: 24.44GB
  [ComfyUI] [comfy-env] VRAM after eviction: 24.44GB
  [ComfyUI] [worker:ComfyUI-SAM3DObjects] [VRAM] Stage1: before inference: torch=3871MiB alloc, 3904MiB reserved | gpu=5249MiB/24575MiB used
  [ComfyUI] [worker:ComfyUI-SAM3DObjects] [DTYPE_DBG] _generate_noise_tensor: _compute_dtype=torch.bfloat16 shape=(1, 1, 6) device=cuda:0
  [ComfyUI] [worker:ComfyUI-SAM3DObjects] [DTYPE_DBG] _generate_noise_tensor: _compute_dtype=torch.bfloat16 shape=(1, 1, 3) device=cuda:0
  [ComfyUI] [worker:ComfyUI-SAM3DObjects] [DTYPE_DBG] _generate_noise_tensor: _compute_dtype=torch.bfloat16 shape=(1, 4096, 8) device=cuda:0
  [ComfyUI] [worker:ComfyUI-SAM3DObjects] [DTYPE_DBG] _generate_noise_tensor: _compute_dtype=torch.bfloat16 shape=(1, 1, 3) device=cuda:0
  [ComfyUI] [worker:ComfyUI-SAM3DObjects] [DTYPE_DBG] _generate_noise_tensor: _compute_dtype=torch.bfloat16 shape=(1, 1, 1) device=cuda:0
  [ComfyUI] [SubprocessWorker] callback 'report_progress' from call_id=71
  [ComfyUI] [worker:ComfyUI-SAM3DObjects] [VRAM] +594MB (now 4014MB) reserved=4224MB peak=4093MB
  [ComfyUI] [SubprocessWorker] callback 'report_progress' from call_id=71
  Frame 14 saved (frame_013.jpg, t=77.5s)
  [capture-periodic] freeze=4ms shot=170ms unfreeze=3ms saved=True
  [ComfyUI] [SubprocessWorker] callback 'report_progress' from call_id=71
  [ComfyUI] [SubprocessWorker] callback 'report_progress' from call_id=71
  [ComfyUI] [SubprocessWorker] callback 'report_progress' from call_id=71
  [capture-loop] iter=650 t=79.4s state={'complete': False, 'error': None, 'executedCount': 1, 'wsState': 1} eval_ms=7
  [ComfyUI] [SubprocessWorker] callback 'report_progress' from call_id=71
  Frame 15 saved (frame_014.jpg, t=79.8s)
  [capture-periodic] freeze=4ms shot=166ms unfreeze=4ms saved=True
  [ComfyUI] [SubprocessWorker] callback 'report_progress' from call_id=71
  [ComfyUI] [SubprocessWorker] callback 'report_progress' from call_id=71
  [ComfyUI] [SubprocessWorker] callback 'report_progress' from call_id=71
  [ComfyUI] [SubprocessWorker] callback 'report_progress' from call_id=71
  Frame 16 saved (frame_015.jpg, t=82.1s)
  [capture-periodic] freeze=3ms shot=178ms unfreeze=4ms saved=True
  [ComfyUI] [SubprocessWorker] callback 'report_progress' from call_id=71
  [ComfyUI] [SubprocessWorker] callback 'report_progress' from call_id=71
  [ComfyUI] [worker:ComfyUI-SAM3DObjects] [VRAM] Stage1: after inference: torch=3888MiB alloc, 4384MiB reserved | gpu=5729MiB/24575MiB used
  [ComfyUI] [worker:ComfyUI-SAM3DObjects] [VRAM] -489MB (now 3526MB) reserved=4384MB peak=4113MB
  [ComfyUI] [worker:ComfyUI-SAM3DObjects] [VRAM] -3316MB (now 210MB) reserved=384MB peak=4113MB
  [ComfyUI] [worker:ComfyUI-SAM3DObjects] [VRAM] Stage1: after model cleanup: torch=70MiB alloc, 256MiB reserved | gpu=1601MiB/24575MiB used
  [ComfyUI] 2026-05-02 19:28:25.678 | WARNING  | nodes.sam3d.transforms:__post_init__:1359 - No rgb pointmap normalizer provided, using scale + shift
  Frame 17 saved (frame_016.jpg, t=84.5s)
  [capture-periodic] freeze=4ms shot=208ms unfreeze=4ms saved=True
  [ComfyUI] [SubprocessWorker] callback 'request_vram_budget' from call_id=71
  [ComfyUI] [comfy-env] VRAM request: 2.54GB, free before eviction: 24.44GB
  [ComfyUI] [comfy-env] VRAM after eviction: 24.44GB
  [ComfyUI] [worker:ComfyUI-SAM3DObjects] [VRAM] +279MB (now 489MB) reserved=576MB peak=4113MB
  [capture-loop] iter=700 t=85.7s state={'complete': False, 'error': None, 'executedCount': 1, 'wsState': 1} eval_ms=4
  [ComfyUI] [worker:ComfyUI-SAM3DObjects] [VRAM] Stage1: before embedding: torch=1284MiB alloc, 1344MiB reserved | gpu=2689MiB/24575MiB used
  [ComfyUI] [worker:ComfyUI-SAM3DObjects] [VRAM] Stage1: after embedding: torch=1314MiB alloc, 2400MiB reserved | gpu=3745MiB/24575MiB used
  [ComfyUI] [worker:ComfyUI-SAM3DObjects] [VRAM] -358MB (now 131MB) reserved=2400MB peak=4113MB
  [ComfyUI] [worker:ComfyUI-SAM3DObjects] [VRAM] Stage1: after embedder unload: torch=54MiB alloc, 192MiB reserved | gpu=1537MiB/24575MiB used
  [ComfyUI] [SubprocessWorker] callback 'request_vram_budget' from call_id=71
  [ComfyUI] [comfy-env] VRAM request: 3.86GB, free before eviction: 24.44GB
  [ComfyUI] [comfy-env] VRAM after eviction: 24.44GB
  [ComfyUI] [worker:ComfyUI-SAM3DObjects] [VRAM] +2420MB (now 2552MB) reserved=2624MB peak=4113MB
  [ComfyUI] [SubprocessWorker] callback 'request_vram_budget' from call_id=71
  [ComfyUI] [comfy-env] VRAM request: 0.15GB, free before eviction: 24.44GB
  [ComfyUI] [comfy-env] VRAM after eviction: 24.44GB
  [ComfyUI] [worker:ComfyUI-SAM3DObjects] [VRAM] Stage1: before inference: torch=3873MiB alloc, 3936MiB reserved | gpu=5281MiB/24575MiB used
  [ComfyUI] [worker:ComfyUI-SAM3DObjects] [DTYPE_DBG] _generate_noise_tensor: _compute_dtype=torch.bfloat16 shape=(1, 1, 6) device=cuda:0
  [ComfyUI] [worker:ComfyUI-SAM3DObjects] [DTYPE_DBG] _generate_noise_tensor: _compute_dtype=torch.bfloat16 shape=(1, 1, 3) device=cuda:0
  [ComfyUI] [worker:ComfyUI-SAM3DObjects] [DTYPE_DBG] _generate_noise_tensor: _compute_dtype=torch.bfloat16 shape=(1, 4096, 8) device=cuda:0
  [ComfyUI] [worker:ComfyUI-SAM3DObjects] [DTYPE_DBG] _generate_noise_tensor: _compute_dtype=torch.bfloat16 shape=(1, 1, 3) device=cuda:0
  [ComfyUI] [worker:ComfyUI-SAM3DObjects] [DTYPE_DBG] _generate_noise_tensor: _compute_dtype=torch.bfloat16 shape=(1, 1, 1) device=cuda:0
  [ComfyUI] [worker:ComfyUI-SAM3DObjects] [VRAM] +1554MB (now 4107MB) reserved=4192MB peak=4113MB
  [ComfyUI] [SubprocessWorker] callback 'report_progress' from call_id=71
  [ComfyUI] [SubprocessWorker] callback 'report_progress' from call_id=71
  Frame 18 saved (frame_017.jpg, t=89.0s)
  [capture-periodic] freeze=3ms shot=158ms unfreeze=7ms saved=True
  [ComfyUI] [SubprocessWorker] callback 'report_progress' from call_id=71
  [ComfyUI] [SubprocessWorker] callback 'report_progress' from call_id=71
  [ComfyUI] [SubprocessWorker] callback 'report_progress' from call_id=71
  Frame 19 saved (frame_018.jpg, t=91.3s)
  [capture-periodic] freeze=3ms shot=169ms unfreeze=6ms saved=True
  [ComfyUI] [SubprocessWorker] callback 'report_progress' from call_id=71
  [capture-loop] iter=750 t=91.8s state={'complete': False, 'error': None, 'executedCount': 1, 'wsState': 1} eval_ms=4
  [ComfyUI] [SubprocessWorker] callback 'report_progress' from call_id=71
  [ComfyUI] [worker:ComfyUI-SAM3DObjects] [VRAM] -219MB (now 3888MB) reserved=4224MB peak=4113MB
  [ComfyUI] [SubprocessWorker] callback 'report_progress' from call_id=71
  [ComfyUI] [SubprocessWorker] callback 'report_progress' from call_id=71
  Frame 20 saved (frame_019.jpg, t=93.5s)
  [capture-periodic] freeze=4ms shot=175ms unfreeze=4ms saved=True
  [ComfyUI] [SubprocessWorker] callback 'report_progress' from call_id=71
  [ComfyUI] [SubprocessWorker] callback 'report_progress' from call_id=71
  [ComfyUI] [SubprocessWorker] callback 'report_progress' from call_id=71
  [ComfyUI] [worker:ComfyUI-SAM3DObjects] [VRAM] Stage1: after inference: torch=3889MiB alloc, 4352MiB reserved | gpu=5697MiB/24575MiB used
  [ComfyUI] [worker:ComfyUI-SAM3DObjects] [VRAM] -514MB (now 3375MB) reserved=4352MB peak=4113MB
  [ComfyUI] [worker:ComfyUI-SAM3DObjects] [VRAM] -3164MB (now 211MB) reserved=384MB peak=4113MB
  [ComfyUI] [worker:ComfyUI-SAM3DObjects] [VRAM] Stage1: after model cleanup: torch=71MiB alloc, 224MiB reserved | gpu=1569MiB/24575MiB used
  [ComfyUI] 2026-05-02 19:28:37.516 | WARNING  | nodes.sam3d.transforms:__post_init__:1359 - No rgb pointmap normalizer provided, using scale + shift
  Frame 21 saved (frame_020.jpg, t=95.8s)
  [capture-periodic] freeze=3ms shot=168ms unfreeze=3ms saved=True
  [ComfyUI] [SubprocessWorker] callback 'request_vram_budget' from call_id=71
  [ComfyUI] [comfy-env] VRAM request: 2.54GB, free before eviction: 24.44GB
  [ComfyUI] [comfy-env] VRAM after eviction: 24.44GB
  [ComfyUI] [worker:ComfyUI-SAM3DObjects] [VRAM] +326MB (now 538MB) reserved=672MB peak=4113MB
  [ComfyUI] [worker:ComfyUI-SAM3DObjects] [VRAM] Stage1: before embedding: torch=1285MiB alloc, 1376MiB reserved | gpu=2721MiB/24575MiB used
  [ComfyUI] [worker:ComfyUI-SAM3DObjects] [VRAM] Stage1: after embedding: torch=1314MiB alloc, 2464MiB reserved | gpu=3809MiB/24575MiB used
  [capture-loop] iter=800 t=97.9s state={'complete': False, 'error': None, 'executedCount': 1, 'wsState': 1} eval_ms=4
  [ComfyUI] [worker:ComfyUI-SAM3DObjects] [VRAM] -467MB (now 72MB) reserved=2464MB peak=4113MB
  [ComfyUI] [worker:ComfyUI-SAM3DObjects] [VRAM] Stage1: after embedder unload: torch=55MiB alloc, 256MiB reserved | gpu=1601MiB/24575MiB used
  [ComfyUI] [SubprocessWorker] callback 'request_vram_budget' from call_id=71
  [ComfyUI] [comfy-env] VRAM request: 3.86GB, free before eviction: 24.44GB
  [ComfyUI] [comfy-env] VRAM after eviction: 24.44GB
  [ComfyUI] [worker:ComfyUI-SAM3DObjects] [VRAM] +2565MB (now 2637MB) reserved=2720MB peak=4113MB
  [ComfyUI] [SubprocessWorker] callback 'request_vram_budget' from call_id=71
  [ComfyUI] [comfy-env] VRAM request: 0.15GB, free before eviction: 24.44GB
  [ComfyUI] [comfy-env] VRAM after eviction: 24.44GB
  [ComfyUI] [worker:ComfyUI-SAM3DObjects] [VRAM] Stage1: before inference: torch=3874MiB alloc, 3936MiB reserved | gpu=5281MiB/24575MiB used
  [ComfyUI] [worker:ComfyUI-SAM3DObjects] [DTYPE_DBG] _generate_noise_tensor: _compute_dtype=torch.bfloat16 shape=(1, 1, 6) device=cuda:0
  [ComfyUI] [worker:ComfyUI-SAM3DObjects] [DTYPE_DBG] _generate_noise_tensor: _compute_dtype=torch.bfloat16 shape=(1, 1, 3) device=cuda:0
  [ComfyUI] [worker:ComfyUI-SAM3DObjects] [DTYPE_DBG] _generate_noise_tensor: _compute_dtype=torch.bfloat16 shape=(1, 4096, 8) device=cuda:0
  [ComfyUI] [worker:ComfyUI-SAM3DObjects] [DTYPE_DBG] _generate_noise_tensor: _compute_dtype=torch.bfloat16 shape=(1, 1, 3) device=cuda:0
  [ComfyUI] [worker:ComfyUI-SAM3DObjects] [DTYPE_DBG] _generate_noise_tensor: _compute_dtype=torch.bfloat16 shape=(1, 1, 1) device=cuda:0
  [ComfyUI] [worker:ComfyUI-SAM3DObjects] [VRAM] +1359MB (now 3997MB) reserved=4224MB peak=4113MB
  [ComfyUI] [SubprocessWorker] callback 'report_progress' from call_id=71
  Frame 22 saved (frame_021.jpg, t=100.4s)
  [capture-periodic] freeze=3ms shot=180ms unfreeze=4ms saved=True
  [ComfyUI] [SubprocessWorker] callback 'report_progress' from call_id=71
  [ComfyUI] [SubprocessWorker] callback 'report_progress' from call_id=71
  [ComfyUI] [SubprocessWorker] callback 'report_progress' from call_id=71
  [ComfyUI] [SubprocessWorker] callback 'report_progress' from call_id=71
  Frame 23 saved (frame_022.jpg, t=102.6s)
  [capture-periodic] freeze=3ms shot=170ms unfreeze=3ms saved=True
  [ComfyUI] [SubprocessWorker] callback 'report_progress' from call_id=71
  [ComfyUI] [SubprocessWorker] callback 'report_progress' from call_id=71
  [capture-loop] iter=850 t=104.1s state={'complete': False, 'error': None, 'executedCount': 1, 'wsState': 1} eval_ms=3
  [ComfyUI] [SubprocessWorker] callback 'report_progress' from call_id=71
  [ComfyUI] [SubprocessWorker] callback 'report_progress' from call_id=71
  Frame 24 saved (frame_023.jpg, t=105.0s)
  [capture-periodic] freeze=3ms shot=175ms unfreeze=3ms saved=True
  [ComfyUI] [SubprocessWorker] callback 'report_progress' from call_id=71
  [ComfyUI] [SubprocessWorker] callback 'report_progress' from call_id=71
  [ComfyUI] [SubprocessWorker] callback 'report_progress' from call_id=71
  [ComfyUI] [worker:ComfyUI-SAM3DObjects] [VRAM] Stage1: after inference: torch=3891MiB alloc, 4256MiB reserved | gpu=5601MiB/24575MiB used
  [ComfyUI] [worker:ComfyUI-SAM3DObjects] [VRAM] -433MB (now 3564MB) reserved=4256MB peak=4116MB
  Frame 25 saved (frame_024.jpg, t=107.2s)
  [capture-periodic] freeze=3ms shot=168ms unfreeze=3ms saved=True
  [ComfyUI] [worker:ComfyUI-SAM3DObjects] [VRAM] -3352MB (now 213MB) reserved=448MB peak=4116MB
  [ComfyUI] [worker:ComfyUI-SAM3DObjects] [VRAM] Stage1: after model cleanup: torch=72MiB alloc, 320MiB reserved | gpu=1665MiB/24575MiB used
  [ComfyUI] 2026-05-02 19:28:49.236 | WARNING  | nodes.sam3d.transforms:__post_init__:1359 - No rgb pointmap normalizer provided, using scale + shift
  [ComfyUI] [SubprocessWorker] callback 'request_vram_budget' from call_id=71
  [ComfyUI] [comfy-env] VRAM request: 2.54GB, free before eviction: 24.44GB
  [ComfyUI] [comfy-env] VRAM after eviction: 24.44GB
  [ComfyUI] [worker:ComfyUI-SAM3DObjects] [VRAM] +407MB (now 620MB) reserved=768MB peak=4116MB
  [ComfyUI] [worker:ComfyUI-SAM3DObjects] [VRAM] Stage1: before embedding: torch=1287MiB alloc, 1376MiB reserved | gpu=2721MiB/24575MiB used
  [ComfyUI] [worker:ComfyUI-SAM3DObjects] [VRAM] Stage1: after embedding: torch=1316MiB alloc, 2432MiB reserved | gpu=3777MiB/24575MiB used
  [ComfyUI] [worker:ComfyUI-SAM3DObjects] [VRAM] -444MB (now 176MB) reserved=2432MB peak=4116MB
  [ComfyUI] [worker:ComfyUI-SAM3DObjects] [VRAM] Stage1: after embedder unload: torch=57MiB alloc, 256MiB reserved | gpu=1601MiB/24575MiB used
  [ComfyUI] [SubprocessWorker] callback 'request_vram_budget' from call_id=71
  [ComfyUI] [comfy-env] VRAM request: 3.86GB, free before eviction: 24.44GB
  [ComfyUI] [comfy-env] VRAM after eviction: 24.44GB
  [capture-loop] iter=900 t=110.3s state={'complete': False, 'error': None, 'executedCount': 1, 'wsState': 1} eval_ms=4
  [ComfyUI] [worker:ComfyUI-SAM3DObjects] [VRAM] +2318MB (now 2495MB) reserved=2592MB peak=4116MB
  [ComfyUI] [SubprocessWorker] callback 'request_vram_budget' from call_id=71
  [ComfyUI] [comfy-env] VRAM request: 0.15GB, free before eviction: 24.44GB
  [ComfyUI] [comfy-env] VRAM after eviction: 24.44GB
  [ComfyUI] [worker:ComfyUI-SAM3DObjects] [VRAM] Stage1: before inference: torch=3875MiB alloc, 3936MiB reserved | gpu=5281MiB/24575MiB used
  [ComfyUI] [worker:ComfyUI-SAM3DObjects] [DTYPE_DBG] _generate_noise_tensor: _compute_dtype=torch.bfloat16 shape=(1, 1, 6) device=cuda:0
  [ComfyUI] [worker:ComfyUI-SAM3DObjects] [DTYPE_DBG] _generate_noise_tensor: _compute_dtype=torch.bfloat16 shape=(1, 1, 3) device=cuda:0
  [ComfyUI] [worker:ComfyUI-SAM3DObjects] [DTYPE_DBG] _generate_noise_tensor: _compute_dtype=torch.bfloat16 shape=(1, 4096, 8) device=cuda:0
  [ComfyUI] [worker:ComfyUI-SAM3DObjects] [DTYPE_DBG] _generate_noise_tensor: _compute_dtype=torch.bfloat16 shape=(1, 1, 3) device=cuda:0
  [ComfyUI] [worker:ComfyUI-SAM3DObjects] [DTYPE_DBG] _generate_noise_tensor: _compute_dtype=torch.bfloat16 shape=(1, 1, 1) device=cuda:0
  [ComfyUI] [worker:ComfyUI-SAM3DObjects] [VRAM] +1507MB (now 4002MB) reserved=4256MB peak=4116MB
  [ComfyUI] [SubprocessWorker] callback 'report_progress' from call_id=71
  [ComfyUI] [SubprocessWorker] callback 'report_progress' from call_id=71
  [ComfyUI] [SubprocessWorker] callback 'report_progress' from call_id=71
  [ComfyUI] [SubprocessWorker] callback 'report_progress' from call_id=71
  Frame 26 saved (frame_025.jpg, t=113.9s)
  [capture-periodic] freeze=3ms shot=157ms unfreeze=7ms saved=True
  [ComfyUI] [SubprocessWorker] callback 'report_progress' from call_id=71
  [ComfyUI] [SubprocessWorker] callback 'report_progress' from call_id=71
  [ComfyUI] [SubprocessWorker] callback 'report_progress' from call_id=71
  [ComfyUI] [SubprocessWorker] callback 'report_progress' from call_id=71
  Frame 27 saved (frame_026.jpg, t=116.2s)
  [capture-periodic] freeze=4ms shot=167ms unfreeze=6ms saved=True
  [capture-loop] iter=950 t=116.5s state={'complete': False, 'error': None, 'executedCount': 1, 'wsState': 1} eval_ms=4
  [ComfyUI] [SubprocessWorker] callback 'report_progress' from call_id=71
  [ComfyUI] [SubprocessWorker] callback 'report_progress' from call_id=71
  [ComfyUI] [SubprocessWorker] callback 'report_progress' from call_id=71
  [ComfyUI] [SubprocessWorker] callback 'report_progress' from call_id=71
  [ComfyUI] [worker:ComfyUI-SAM3DObjects] [VRAM] Stage1: after inference: torch=3892MiB alloc, 4416MiB reserved | gpu=5761MiB/24575MiB used
  [ComfyUI] [worker:ComfyUI-SAM3DObjects] [VRAM] -521MB (now 3481MB) reserved=4416MB peak=4116MB
  Frame 28 saved (frame_027.jpg, t=118.4s)
  [capture-periodic] freeze=4ms shot=168ms unfreeze=4ms saved=True
  [ComfyUI] [worker:ComfyUI-SAM3DObjects] [VRAM] -3268MB (now 214MB) reserved=448MB peak=4116MB
  [ComfyUI] [worker:ComfyUI-SAM3DObjects] [VRAM] Stage1: after model cleanup: torch=73MiB alloc, 320MiB reserved | gpu=1665MiB/24575MiB used
  [ComfyUI] 2026-05-02 19:29:00.948 | WARNING  | nodes.sam3d.transforms:__post_init__:1359 - No rgb pointmap normalizer provided, using scale + shift
  [ComfyUI] [SubprocessWorker] callback 'request_vram_budget' from call_id=71
  [ComfyUI] [comfy-env] VRAM request: 2.54GB, free before eviction: 24.44GB
  [ComfyUI] [comfy-env] VRAM after eviction: 24.44GB
  [ComfyUI] [worker:ComfyUI-SAM3DObjects] [VRAM] +263MB (now 477MB) reserved=640MB peak=4116MB
  [ComfyUI] [worker:ComfyUI-SAM3DObjects] [VRAM] Stage1: before embedding: torch=1288MiB alloc, 1376MiB reserved | gpu=2721MiB/24575MiB used
  [ComfyUI] [worker:ComfyUI-SAM3DObjects] [VRAM] Stage1: after embedding: torch=1317MiB alloc, 2432MiB reserved | gpu=3777MiB/24575MiB used
  [ComfyUI] [worker:ComfyUI-SAM3DObjects] [VRAM] -342MB (now 135MB) reserved=2432MB peak=4116MB
  [ComfyUI] [worker:ComfyUI-SAM3DObjects] [VRAM] Stage1: after embedder unload: torch=58MiB alloc, 288MiB reserved | gpu=1633MiB/24575MiB used
  [ComfyUI] [SubprocessWorker] callback 'request_vram_budget' from call_id=71
  [ComfyUI] [comfy-env] VRAM request: 3.86GB, free before eviction: 24.44GB
  [ComfyUI] [comfy-env] VRAM after eviction: 24.44GB
  [capture-loop] iter=1000 t=122.6s state={'complete': False, 'error': None, 'executedCount': 1, 'wsState': 1} eval_ms=4
  [ComfyUI] [worker:ComfyUI-SAM3DObjects] [VRAM] +2420MB (now 2556MB) reserved=2688MB peak=4116MB
  [ComfyUI] [worker:ComfyUI-SAM3DObjects]
  [ComfyUI] === WATCHDOG TICK 2 ===
  [ComfyUI] [worker:ComfyUI-SAM3DObjects] Thread 0x00001858 (most recent call first):
  [ComfyUI]   File "C:\Users\ContainerAdministrator\AppData\Local\Temp\comfyui_pvenv_r13jj68k\persistent_worker.py", line 106 in _vram_poller
  [ComfyUI]   File "C:\workspaces\SAM3DObjects-1902\portable-comfyui\ComfyUI_windows_portable\ComfyUI\.ce\.pixi\envs\sam3dobjects-nodes\Lib\threading.py", line 1012 in run
  [ComfyUI]   File "C:\workspaces\SAM3DObjects-1902\portable-comfyui\ComfyUI_windows_portable\ComfyUI\.ce\.pixi\envs\sam3dobjects-nodes\Lib\threading.py", line 1075 in _bootstrap_inner
  [ComfyUI]   File "C:\workspaces\SAM3DObjects-1902\portable-comfyui\ComfyUI_windows_portable\ComfyUI\.ce\.pixi\envs\sam3dobjects-nodes\Lib\threading.py", line 1032 in _bootstrap
  [ComfyUI] 
  [ComfyUI] Current thread 0x00003080 (most recent call first):
  [ComfyUI]   File "C:\Users\ContainerAdministrator\AppData\Local\Temp\comfyui_pvenv_r13jj68k\persistent_worker.py", line 52 in _watchdog
  [ComfyUI]   File "C:\workspaces\SAM3DObjects-1902\portable-comfyui\ComfyUI_windows_portable\ComfyUI\.ce\.pixi\envs\sam3dobjects-nodes\Lib\threading.py", line 1012 in run
  [ComfyUI]   File "C:\workspaces\SAM3DObjects-1902\portable-comfyui\ComfyUI_windows_portable\ComfyUI\.ce\.pixi\envs\sam3dobjects-nodes\Lib\threading.py", line 1075 in _bootstrap_inner
  [ComfyUI]   File "C:\workspaces\SAM3DObjects-1902\portable-comfyui\ComfyUI_windows_portable\ComfyUI\.ce\.pixi\envs\sam3dobjects-nodes\Lib\threading.py", line 1032 in _bootstrap
  [ComfyUI] 
  [ComfyUI] Thread 0x000037ac (most recent call first):
  [ComfyUI]   File "C:\workspaces\SAM3DObjects-1902\portable-comfyui\ComfyUI_windows_portable\ComfyUI\.ce\.pixi\envs\sam3dobjects-nodes\Lib\site-packages\torch\nn\modules\module.py", line 1355 in convert
  [ComfyUI]   File "C:\workspaces\SAM3DObjects-1902\portable-comfyui\ComfyUI_windows_portable\ComfyUI\.ce\.pixi\envs\sam3dobjects-nodes\Lib\site-packages\torch\nn\modules\module.py", line 955 in _apply
  [ComfyUI]   File "C:\workspaces\SAM3DObjects-1902\portable-comfyui\ComfyUI_windows_portable\ComfyUI\.ce\.pixi\envs\sam3dobjects-nodes\Lib\site-packages\torch\nn\modules\module.py", line 1369 in to
  [ComfyUI]   File "C:\Users\ContainerAdministrator\AppData\Local\Temp\comfyui_pvenv_r13jj68k\persistent_worker.py", line 1328 in _hooked_to
  [ComfyUI]   File "C:\workspaces\SAM3DObjects-1902\portable-comfyui\ComfyUI_windows_portable\ComfyUI\comfy\model_patcher.py", line 870 in load
  [ComfyUI]   File "C:\workspaces\SAM3DObjects-1902\portable-comfyui\ComfyUI_windows_portable\ComfyUI\comfy\model_patcher.py", line 1064 in partially_load
  [ComfyUI]   File "C:\workspaces\SAM3DObjects-1902\portable-comfyui\ComfyUI_windows_portable\ComfyUI\comfy\model_management.py", line 613 in model_use_more_vram
  [ComfyUI]   File "C:\workspaces\SAM3DObjects-1902\portable-comfyui\ComfyUI_windows_portable\ComfyUI\comfy\model_management.py", line 582 in model_load
  [ComfyUI]   File "C:\workspaces\SAM3DObjects-1902\portable-comfyui\ComfyUI_windows_portable\ComfyUI\comfy\model_management.py", line 820 in load_models_gpu
  [ComfyUI]   File "C:\Users\ContainerAdministrator\AppData\Local\Temp\comfyui_pvenv_r13jj68k\persistent_worker.py", line 1526 in _shimmed_load_models_gpu
  [ComfyUI]   File "C:\workspaces\SAM3DObjects-1902\portable-comfyui\ComfyUI_windows_portable\ComfyUI\custom_nodes\ComfyUI-SAM3DObjects\nodes\utils\stages.py", line 469 in _load_generator
  [ComfyUI]   File "C:\workspaces\SAM3DObjects-1902\portable-comfyui\ComfyUI_windows_portable\ComfyUI\custom_nodes\ComfyUI-SAM3DObjects\nodes\utils\stages.py", line 918 in run_stage1
  [ComfyUI]   File "C:\workspaces\SAM3DObjects-1902\portable-comfyui\ComfyUI_windows_portable\ComfyUI\custom_nodes\ComfyUI-SAM3DObjects\nodes\scene_generate.py", line 251 in execute
  [ComfyUI]   File "C:\workspaces\SAM3DObjects-1902\portable-comfyui\ComfyUI_windows_portable\ComfyUI\.ce\.pixi\envs\sam3dobjects-nodes\Lib\site-packages\torch\utils\_contextlib.py", line 120 in decorate_context
  [ComfyUI]   File "C:\workspaces\SAM3DObjects-1902\portable-comfyui\ComfyUI_windows_portable\ComfyUI\comfy_api\latest\_io.py", line 1826 in EXECUTE_NORMALIZED
  [ComfyUI]   File "C:\Users\ContainerAdministrator\AppData\Local\Temp\comfyui_pvenv_r13jj68k\persistent_worker.py", line 1749 in main
  [ComfyUI]   File "C:\Users\ContainerAdministrator\AppData\Local\Temp\comfyui_pvenv_r13jj68k\persistent_worker.py", line 1794 in <module>
  [ComfyUI] 
  [ComfyUI] [worker:ComfyUI-SAM3DObjects] === END ===
  [ComfyUI] 
  [ComfyUI] [SubprocessWorker] callback 'request_vram_budget' from call_id=71
  [ComfyUI] [comfy-env] VRAM request: 0.15GB, free before eviction: 24.44GB
  [ComfyUI] [comfy-env] VRAM after eviction: 24.44GB
  [ComfyUI] [worker:ComfyUI-SAM3DObjects] [VRAM] Stage1: before inference: torch=3876MiB alloc, 3936MiB reserved | gpu=5281MiB/24575MiB used
  [ComfyUI] [worker:ComfyUI-SAM3DObjects] [DTYPE_DBG] _generate_noise_tensor: _compute_dtype=torch.bfloat16 shape=(1, 1, 6) device=cuda:0
  [ComfyUI] [worker:ComfyUI-SAM3DObjects] [DTYPE_DBG] _generate_noise_tensor: _compute_dtype=torch.bfloat16 shape=(1, 1, 3) device=cuda:0
  [ComfyUI] [worker:ComfyUI-SAM3DObjects] [DTYPE_DBG] _generate_noise_tensor: _compute_dtype=torch.bfloat16 shape=(1, 4096, 8) device=cuda:0
  [ComfyUI] [worker:ComfyUI-SAM3DObjects] [DTYPE_DBG] _generate_noise_tensor: _compute_dtype=torch.bfloat16 shape=(1, 1, 3) device=cuda:0
  [ComfyUI] [worker:ComfyUI-SAM3DObjects] [DTYPE_DBG] _generate_noise_tensor: _compute_dtype=torch.bfloat16 shape=(1, 1, 1) device=cuda:0
  [ComfyUI] [worker:ComfyUI-SAM3DObjects] [VRAM] +1382MB (now 3938MB) reserved=4256MB peak=4116MB
  [ComfyUI] [SubprocessWorker] callback 'report_progress' from call_id=71
  [ComfyUI] [SubprocessWorker] callback 'report_progress' from call_id=71
  [ComfyUI] [SubprocessWorker] callback 'report_progress' from call_id=71
  Frame 29 saved (frame_028.jpg, t=125.2s)
  [capture-periodic] freeze=4ms shot=154ms unfreeze=5ms saved=True
  [ComfyUI] [SubprocessWorker] callback 'report_progress' from call_id=71
  [ComfyUI] [SubprocessWorker] callback 'report_progress' from call_id=71
  [ComfyUI] [SubprocessWorker] callback 'report_progress' from call_id=71
  [ComfyUI] [SubprocessWorker] callback 'report_progress' from call_id=71
  Frame 30 saved (frame_029.jpg, t=127.4s)
  [capture-periodic] freeze=3ms shot=160ms unfreeze=4ms saved=True
  [ComfyUI] [SubprocessWorker] callback 'report_progress' from call_id=71
  [ComfyUI] [SubprocessWorker] callback 'report_progress' from call_id=71
  [capture-loop] iter=1050 t=128.8s state={'complete': False, 'error': None, 'executedCount': 1, 'wsState': 1} eval_ms=3
  [ComfyUI] [SubprocessWorker] callback 'report_progress' from call_id=71
  [ComfyUI] [SubprocessWorker] callback 'report_progress' from call_id=71
  [ComfyUI] [SubprocessWorker] callback 'report_progress' from call_id=71
  [ComfyUI] [worker:ComfyUI-SAM3DObjects] [VRAM] Stage1: after inference: torch=3892MiB alloc, 4416MiB reserved | gpu=5761MiB/24575MiB used
  Frame 31 saved (frame_030.jpg, t=129.7s)
  [capture-periodic] freeze=3ms shot=160ms unfreeze=6ms saved=True
  [ComfyUI] [worker:ComfyUI-SAM3DObjects] [VRAM] -489MB (now 3450MB) reserved=4416MB peak=4116MB
  [ComfyUI] [worker:ComfyUI-SAM3DObjects] [VRAM] -3236MB (now 214MB) reserved=512MB peak=4116MB
  [ComfyUI] [worker:ComfyUI-SAM3DObjects] [VRAM] Stage1: after model cleanup: torch=74MiB alloc, 384MiB reserved | gpu=1729MiB/24575MiB used
  [ComfyUI] 2026-05-02 19:29:12.748 | WARNING  | nodes.sam3d.transforms:__post_init__:1359 - No rgb pointmap normalizer provided, using scale + shift
  [ComfyUI] [SubprocessWorker] callback 'request_vram_budget' from call_id=71
  [ComfyUI] [comfy-env] VRAM request: 2.54GB, free before eviction: 24.44GB
  [ComfyUI] [comfy-env] VRAM after eviction: 24.44GB
  Frame 32 saved (frame_031.jpg, t=132.0s)
  [capture-periodic] freeze=5ms shot=209ms unfreeze=5ms saved=True
  [ComfyUI] [worker:ComfyUI-SAM3DObjects] [VRAM] +263MB (now 477MB) reserved=672MB peak=4116MB
  [ComfyUI] [worker:ComfyUI-SAM3DObjects] [VRAM] Stage1: before embedding: torch=1288MiB alloc, 1376MiB reserved | gpu=2721MiB/24575MiB used
  [ComfyUI] [worker:ComfyUI-SAM3DObjects] [VRAM] Stage1: after embedding: torch=1318MiB alloc, 2432MiB reserved | gpu=3777MiB/24575MiB used
  [ComfyUI] [worker:ComfyUI-SAM3DObjects] [VRAM] -403MB (now 75MB) reserved=2432MB peak=4116MB
  [ComfyUI] [worker:ComfyUI-SAM3DObjects] [VRAM] Stage1: after embedder unload: torch=58MiB alloc, 352MiB reserved | gpu=1697MiB/24575MiB used
  [ComfyUI] [SubprocessWorker] callback 'request_vram_budget' from call_id=71
  [ComfyUI] [comfy-env] VRAM request: 3.86GB, free before eviction: 24.44GB
  [ComfyUI] [comfy-env] VRAM after eviction: 24.44GB
  [ComfyUI] [worker:ComfyUI-SAM3DObjects] [VRAM] +2529MB (now 2604MB) reserved=2720MB peak=4116MB
  [capture-loop] iter=1100 t=134.9s state={'complete': False, 'error': None, 'executedCount': 1, 'wsState': 1} eval_ms=4
  [ComfyUI] [SubprocessWorker] callback 'request_vram_budget' from call_id=71
  [ComfyUI] [comfy-env] VRAM request: 0.15GB, free before eviction: 24.44GB
  [ComfyUI] [comfy-env] VRAM after eviction: 24.44GB
  [ComfyUI] [worker:ComfyUI-SAM3DObjects] [VRAM] Stage1: before inference: torch=3877MiB alloc, 3968MiB reserved | gpu=5313MiB/24575MiB used
  [ComfyUI] [worker:ComfyUI-SAM3DObjects] [DTYPE_DBG] _generate_noise_tensor: _compute_dtype=torch.bfloat16 shape=(1, 1, 6) device=cuda:0
  [ComfyUI] [worker:ComfyUI-SAM3DObjects] [DTYPE_DBG] _generate_noise_tensor: _compute_dtype=torch.bfloat16 shape=(1, 1, 3) device=cuda:0
  [ComfyUI] [worker:ComfyUI-SAM3DObjects] [DTYPE_DBG] _generate_noise_tensor: _compute_dtype=torch.bfloat16 shape=(1, 4096, 8) device=cuda:0
  [ComfyUI] [worker:ComfyUI-SAM3DObjects] [DTYPE_DBG] _generate_noise_tensor: _compute_dtype=torch.bfloat16 shape=(1, 1, 3) device=cuda:0
  [ComfyUI] [worker:ComfyUI-SAM3DObjects] [DTYPE_DBG] _generate_noise_tensor: _compute_dtype=torch.bfloat16 shape=(1, 1, 1) device=cuda:0
  [ComfyUI] [worker:ComfyUI-SAM3DObjects] [VRAM] +1383MB (now 3988MB) reserved=4256MB peak=4116MB
  [ComfyUI] [SubprocessWorker] callback 'report_progress' from call_id=71
  [ComfyUI] [SubprocessWorker] callback 'report_progress' from call_id=71
  Frame 33 saved (frame_032.jpg, t=136.5s)
  [capture-periodic] freeze=2ms shot=161ms unfreeze=3ms saved=True
  [ComfyUI] [SubprocessWorker] callback 'report_progress' from call_id=71
  [ComfyUI] [SubprocessWorker] callback 'report_progress' from call_id=71
  [ComfyUI] [SubprocessWorker] callback 'report_progress' from call_id=71
  [ComfyUI] [SubprocessWorker] callback 'report_progress' from call_id=71
  Frame 34 saved (frame_033.jpg, t=138.8s)
  [capture-periodic] freeze=3ms shot=168ms unfreeze=3ms saved=True
  [ComfyUI] [SubprocessWorker] callback 'report_progress' from call_id=71
  [ComfyUI] [SubprocessWorker] callback 'report_progress' from call_id=71
  [ComfyUI] [SubprocessWorker] callback 'report_progress' from call_id=71
  [ComfyUI] [SubprocessWorker] callback 'report_progress' from call_id=71
  [capture-loop] iter=1150 t=140.9s state={'complete': False, 'error': None, 'executedCount': 1, 'wsState': 1} eval_ms=3
  [ComfyUI] [SubprocessWorker] callback 'report_progress' from call_id=71
  Frame 35 saved (frame_034.jpg, t=141.1s)
  [capture-periodic] freeze=3ms shot=160ms unfreeze=3ms saved=True
  [ComfyUI] [SubprocessWorker] callback 'report_progress' from call_id=71
  [ComfyUI] [worker:ComfyUI-SAM3DObjects] [VRAM] Stage1: after inference: torch=3893MiB alloc, 4416MiB reserved | gpu=5761MiB/24575MiB used
  [ComfyUI] [worker:ComfyUI-SAM3DObjects] [VRAM] -309MB (now 3679MB) reserved=4416MB peak=4116MB
  [ComfyUI] [worker:ComfyUI-SAM3DObjects] [VRAM] -3424MB (now 256MB) reserved=4416MB peak=4116MB
  [ComfyUI] [worker:ComfyUI-SAM3DObjects] [VRAM] Stage1: after model cleanup: torch=75MiB alloc, 384MiB reserved | gpu=1729MiB/24575MiB used
  [ComfyUI] [worker:ComfyUI-SAM3DObjects] [VRAM] SceneGenerate: PHASE 2 start: torch=16MiB alloc, 288MiB reserved | gpu=1633MiB/24575MiB used
  [ComfyUI] 2026-05-02 19:29:24.528 | WARNING  | nodes.sam3d.transforms:__post_init__:1359 - No rgb pointmap normalizer provided, using scale + shift
  [ComfyUI] [worker:ComfyUI-SAM3DObjects] [VRAM] _load_condition_embedder(slat): before build: torch=24MiB alloc, 288MiB reserved | gpu=1633MiB/24575MiB used
  Frame 36 saved (frame_035.jpg, t=143.3s)
  [capture-periodic] freeze=4ms shot=243ms unfreeze=5ms saved=True
  [ComfyUI] [worker:ComfyUI-SAM3DObjects] [VRAM] -232MB (now 24MB) reserved=288MB peak=4116MB
  [capture-loop] iter=1200 t=147.6s state={'complete': False, 'error': None, 'executedCount': 1, 'wsState': 1} eval_ms=5
  [ComfyUI] [worker:ComfyUI-SAM3DObjects] [VRAM] _load_condition_embedder(slat): after load_state_dict: torch=24MiB alloc, 288MiB reserved | gpu=1633MiB/24575MiB used
  [ComfyUI] [SubprocessWorker] callback 'request_vram_budget' from call_id=71
  [ComfyUI] [comfy-env] VRAM request: 2.50GB, free before eviction: 24.44GB
  [ComfyUI] [comfy-env] VRAM after eviction: 24.44GB
  [ComfyUI] [worker:ComfyUI-SAM3DObjects] [VRAM] +224MB (now 248MB) reserved=448MB peak=4116MB
  [ComfyUI] [worker:ComfyUI-SAM3DObjects] [VRAM] Stage2: before embedding: torch=1251MiB alloc, 1376MiB reserved | gpu=2721MiB/24575MiB used
  [ComfyUI] [worker:ComfyUI-SAM3DObjects] [VRAM] +1051MB (now 1299MB) reserved=1440MB peak=4116MB
  [ComfyUI] [worker:ComfyUI-SAM3DObjects] [VRAM] Stage2: after embedding: torch=1262MiB alloc, 1440MiB reserved | gpu=2785MiB/24575MiB used
  [ComfyUI] [worker:ComfyUI-SAM3DObjects] [VRAM] Stage2: after embedder unload: torch=34MiB alloc, 320MiB reserved | gpu=1665MiB/24575MiB used
  [ComfyUI] [worker:ComfyUI-SAM3DObjects] [VRAM] _load_generator(slat): before build: torch=34MiB alloc, 320MiB reserved | gpu=1665MiB/24575MiB used
  [ComfyUI] [worker:ComfyUI-SAM3DObjects] [VRAM] -1265MB (now 34MB) reserved=320MB peak=4116MB
  [capture-loop] iter=1250 t=153.7s state={'complete': False, 'error': None, 'executedCount': 1, 'wsState': 1} eval_ms=3
  [ComfyUI] [worker:ComfyUI-SAM3DObjects] [VRAM] _load_generator(slat): after load_state_dict: torch=34MiB alloc, 320MiB reserved | gpu=1665MiB/24575MiB used
  [ComfyUI] [SubprocessWorker] callback 'request_vram_budget' from call_id=71
  [ComfyUI] [comfy-env] VRAM request: 2.40GB, free before eviction: 24.44GB
  [ComfyUI] [comfy-env] VRAM after eviction: 24.44GB
  [ComfyUI] [worker:ComfyUI-SAM3DObjects] [VRAM] +255MB (now 290MB) reserved=512MB peak=4116MB
  [ComfyUI] [worker:ComfyUI-SAM3DObjects] [VRAM] +1442MB (now 1732MB) reserved=1824MB peak=4116MB
  [capture-loop] iter=1300 t=159.7s state={'complete': False, 'error': None, 'executedCount': 1, 'wsState': 1} eval_ms=4
  [ComfyUI] [worker:ComfyUI-SAM3DObjects] [VRAM] Stage2: before inference: torch=2325MiB alloc, 2400MiB reserved | gpu=3745MiB/24575MiB used
  [ComfyUI] [worker:ComfyUI-SAM3DObjects] [DTYPE_DBG] _generate_noise_tensor: _compute_dtype=torch.bfloat16 shape=(1, 26606, 8) device=cuda:0
  [ComfyUI] [worker:ComfyUI-SAM3DObjects] [VRAM] +616MB (now 2349MB) reserved=2432MB peak=4116MB
  [ComfyUI] [worker:ComfyUI-SAM3DObjects] [33m[comfy-attn] Varlen attention: sage2[0m
  [ComfyUI] [worker:ComfyUI-SAM3DObjects] [VRAM] +487MB (now 2836MB) reserved=3168MB peak=4116MB
  [ComfyUI] [SubprocessWorker] callback 'report_progress' from call_id=71
  [ComfyUI] [worker:ComfyUI-SAM3DObjects] [VRAM] -287MB (now 2550MB) reserved=3168MB peak=4116MB
  Frame 37 saved (frame_036.jpg, t=163.7s)
  [capture-periodic] freeze=3ms shot=196ms unfreeze=3ms saved=True
  [ComfyUI] [SubprocessWorker] callback 'report_progress' from call_id=71
  [ComfyUI] [SubprocessWorker] callback 'report_progress' from call_id=71
  [ComfyUI] [worker:ComfyUI-SAM3DObjects] [VRAM] -224MB (now 2326MB) reserved=3200MB peak=4116MB
  [capture-loop] iter=1350 t=165.8s state={'complete': False, 'error': None, 'executedCount': 1, 'wsState': 1} eval_ms=3
  [ComfyUI] [SubprocessWorker] callback 'report_progress' from call_id=71
  Frame 38 saved (frame_037.jpg, t=166.0s)
  [capture-periodic] freeze=4ms shot=187ms unfreeze=5ms saved=True
  [ComfyUI] [worker:ComfyUI-SAM3DObjects] [VRAM] +223MB (now 2550MB) reserved=3232MB peak=4116MB
  [ComfyUI] [SubprocessWorker] callback 'report_progress' from call_id=71
  [ComfyUI] [SubprocessWorker] callback 'report_progress' from call_id=71
  Frame 39 saved (frame_038.jpg, t=168.3s)
  [capture-periodic] freeze=4ms shot=207ms unfreeze=4ms saved=True
  [ComfyUI] [SubprocessWorker] callback 'report_progress' from call_id=71
  [ComfyUI] [SubprocessWorker] callback 'report_progress' from call_id=71
  [ComfyUI] [worker:ComfyUI-SAM3DObjects] [VRAM] -216MB (now 2335MB) reserved=3232MB peak=4116MB
  [ComfyUI] [SubprocessWorker] callback 'report_progress' from call_id=71
  [ComfyUI] [SubprocessWorker] callback 'report_progress' from call_id=71
  [ComfyUI] [worker:ComfyUI-SAM3DObjects] [VRAM] +215MB (now 2550MB) reserved=2784MB peak=4116MB
  [ComfyUI] [SubprocessWorker] callback 'report_progress' from call_id=71
  Frame 40 saved (frame_039.jpg, t=170.5s)
  [capture-periodic] freeze=4ms shot=210ms unfreeze=3ms saved=True
  [ComfyUI] [SubprocessWorker] callback 'report_progress' from call_id=71
  [ComfyUI] [worker:ComfyUI-SAM3DObjects] [VRAM] Stage2: after inference: torch=2326MiB alloc, 3232MiB reserved | gpu=4581MiB/24575MiB used
  [ComfyUI] [worker:ComfyUI-SAM3DObjects] [VRAM] -868MB (now 1682MB) reserved=3232MB peak=4116MB
  [ComfyUI] [worker:ComfyUI-SAM3DObjects] [VRAM] Stage2: after model cleanup: torch=35MiB alloc, 352MiB reserved | gpu=1701MiB/24575MiB used
  [ComfyUI] 2026-05-02 19:29:53.615 | WARNING  | nodes.sam3d.transforms:__post_init__:1359 - No rgb pointmap normalizer provided, using scale + shift
  [capture-loop] iter=1400 t=172.1s state={'complete': False, 'error': None, 'executedCount': 1, 'wsState': 1} eval_ms=4
  [ComfyUI] [worker:ComfyUI-SAM3DObjects] [VRAM] -1666MB (now 16MB) reserved=352MB peak=4116MB
  [ComfyUI] [SubprocessWorker] callback 'request_vram_budget' from call_id=71
  [ComfyUI] [comfy-env] VRAM request: 2.50GB, free before eviction: 24.44GB
  [ComfyUI] [comfy-env] VRAM after eviction: 24.44GB
  [ComfyUI] [worker:ComfyUI-SAM3DObjects] [VRAM] Stage2: before embedding: torch=1251MiB alloc, 1376MiB reserved | gpu=2725MiB/24575MiB used
  Frame 41 saved (frame_040.jpg, t=172.9s)
  [capture-periodic] freeze=3ms shot=164ms unfreeze=3ms saved=True
  [ComfyUI] [worker:ComfyUI-SAM3DObjects] [VRAM] +1289MB (now 1305MB) reserved=1440MB peak=4116MB
  [ComfyUI] [worker:ComfyUI-SAM3DObjects] [VRAM] Stage2: after embedding: torch=1262MiB alloc, 1440MiB reserved | gpu=2789MiB/24575MiB used
  [ComfyUI] [worker:ComfyUI-SAM3DObjects] [VRAM] Stage2: after embedder unload: torch=35MiB alloc, 352MiB reserved | gpu=1701MiB/24575MiB used
  [ComfyUI] [SubprocessWorker] callback 'request_vram_budget' from call_id=71
  [ComfyUI] [comfy-env] VRAM request: 2.40GB, free before eviction: 24.44GB
  [ComfyUI] [comfy-env] VRAM after eviction: 24.44GB
  [ComfyUI] [worker:ComfyUI-SAM3DObjects] [VRAM] +307MB (now 1613MB) reserved=1728MB peak=4116MB
  [ComfyUI] [worker:ComfyUI-SAM3DObjects] [VRAM] Stage2: before inference: torch=2325MiB alloc, 2400MiB reserved | gpu=3749MiB/24575MiB used
  [ComfyUI] [worker:ComfyUI-SAM3DObjects] [DTYPE_DBG] _generate_noise_tensor: _compute_dtype=torch.bfloat16 shape=(1, 34291, 8) device=cuda:0
  [ComfyUI] [worker:ComfyUI-SAM3DObjects] [VRAM] +870MB (now 2483MB) reserved=3392MB peak=4116MB
  [ComfyUI] [SubprocessWorker] callback 'report_progress' from call_id=71
  [ComfyUI] [worker:ComfyUI-SAM3DObjects] [VRAM] +273MB (now 2756MB) reserved=3424MB peak=4116MB
  [ComfyUI] [SubprocessWorker] callback 'report_progress' from call_id=71
  Frame 42 saved (frame_041.jpg, t=177.4s)
  [capture-periodic] freeze=3ms shot=165ms unfreeze=7ms saved=True
  [ComfyUI] [SubprocessWorker] callback 'report_progress' from call_id=71
  [ComfyUI] [worker:ComfyUI-SAM3DObjects] [VRAM] -412MB (now 2345MB) reserved=3488MB peak=4116MB
  [capture-loop] iter=1450 t=178.4s state={'complete': False, 'error': None, 'executedCount': 1, 'wsState': 1} eval_ms=4
  [ComfyUI] [worker:ComfyUI-SAM3DObjects] [VRAM] +320MB (now 2665MB) reserved=3488MB peak=4116MB
  [ComfyUI] [SubprocessWorker] callback 'report_progress' from call_id=71
  Frame 43 saved (frame_042.jpg, t=179.7s)
  [capture-periodic] freeze=3ms shot=157ms unfreeze=4ms saved=True
  [ComfyUI] [SubprocessWorker] callback 'report_progress' from call_id=71
  [ComfyUI] [worker:ComfyUI-SAM3DObjects] [VRAM] -340MB (now 2326MB) reserved=3520MB peak=4116MB
  [ComfyUI] [worker:ComfyUI-SAM3DObjects] [VRAM] +339MB (now 2665MB) reserved=3456MB peak=4116MB
  [ComfyUI] [SubprocessWorker] callback 'report_progress' from call_id=71
  Frame 44 saved (frame_043.jpg, t=182.0s)
  [capture-periodic] freeze=4ms shot=189ms unfreeze=4ms saved=True
  [ComfyUI] [worker:ComfyUI-SAM3DObjects]
  [ComfyUI] === WATCHDOG TICK 3 ===
  [ComfyUI] [worker:ComfyUI-SAM3DObjects] Thread 0x00001858 (most recent call first):
  [ComfyUI]   File "C:\Users\ContainerAdministrator\AppData\Local\Temp\comfyui_pvenv_r13jj68k\persistent_worker.py", line 106 in _vram_poller
  [ComfyUI]   File "C:\workspaces\SAM3DObjects-1902\portable-comfyui\ComfyUI_windows_portable\ComfyUI\.ce\.pixi\envs\sam3dobjects-nodes\Lib\threading.py", line 1012 in run
  [ComfyUI]   File "C:\workspaces\SAM3DObjects-1902\portable-comfyui\ComfyUI_windows_portable\ComfyUI\.ce\.pixi\envs\sam3dobjects-nodes\Lib\threading.py", line 1075 in _bootstrap_inner
  [ComfyUI]   File "C:\workspaces\SAM3DObjects-1902\portable-comfyui\ComfyUI_windows_portable\ComfyUI\.ce\.pixi\envs\sam3dobjects-nodes\Lib\threading.py", line 1032 in _bootstrap
  [ComfyUI] 
  [ComfyUI] Current thread 0x00003080 (most recent call first):
  [ComfyUI]   File "C:\Users\ContainerAdministrator\AppData\Local\Temp\comfyui_pvenv_r13jj68k\persistent_worker.py", line 52 in _watchdog
  [ComfyUI]   File "C:\workspaces\SAM3DObjects-1902\portable-comfyui\ComfyUI_windows_portable\ComfyUI\.ce\.pixi\envs\sam3dobjects-nodes\Lib\threading.py", line 1012 in run
  [ComfyUI]   File "C:\workspaces\SAM3DObjects-1902\portable-comfyui\ComfyUI_windows_portable\ComfyUI\.ce\.pixi\envs\sam3dobjects-nodes\Lib\threading.py", line 1075 in _bootstrap_inner
  [ComfyUI]   File "C:\workspaces\SAM3DObjects-1902\portable-comfyui\ComfyUI_windows_portable\ComfyUI\.ce\.pixi\envs\sam3dobjects-nodes\Lib\threading.py", line 1032 in _bootstrap
  [ComfyUI] 
  [ComfyUI] Thread 0x000037ac (most recent call first):
  [ComfyUI]   File "C:\workspaces\SAM3DObjects-1902\portable-comfyui\ComfyUI_windows_portable\ComfyUI\custom_nodes\ComfyUI-SAM3DObjects\nodes\sam3d\model.py", line 1135 in _forward
  [ComfyUI]   File "C:\workspaces\SAM3DObjects-1902\portable-comfyui\ComfyUI_windows_portable\ComfyUI\custom_nodes\ComfyUI-SAM3DObjects\nodes\sam3d\model.py", line 1144 in forward
  [ComfyUI]   File "C:\workspaces\SAM3DObjects-1902\portable-comfyui\ComfyUI_windows_portable\ComfyUI\.ce\.pixi\envs\sam3dobjects-nodes\Lib\site-packages\torch\nn\modules\module.py", line 1784 in _call_impl
  [ComfyUI]   File "C:\workspaces\SAM3DObjects-1902\portable-comfyui\ComfyUI_windows_portable\ComfyUI\.ce\.pixi\envs\sam3dobjects-nodes\Lib\site-packages\torch\nn\modules\module.py", line 1773 in _wrapped_call_impl
  [ComfyUI]   File "C:\workspaces\SAM3DObjects-1902\portable-comfyui\ComfyUI_windows_portable\ComfyUI\custom_nodes\ComfyUI-SAM3DObjects\nodes\sam3d\model.py", line 1699 in _forward
  [ComfyUI]   File "C:\workspaces\SAM3DObjects-1902\portable-comfyui\ComfyUI_windows_portable\ComfyUI\comfy\patcher_extension.py", line 112 in execute
  [ComfyUI]   File "C:\workspaces\SAM3DObjects-1902\portable-comfyui\ComfyUI_windows_portable\ComfyUI\custom_nodes\ComfyUI-SAM3DObjects\nodes\sam3d\model.py", line 1653 in forward
  [ComfyUI]   File "C:\workspaces\SAM3DObjects-1902\portable-comfyui\ComfyUI_windows_portable\ComfyUI\custom_nodes\ComfyUI-SAM3DObjects\nodes\sam3d\model.py", line 1745 in forward
  [ComfyUI]   File "C:\workspaces\SAM3DObjects-1902\portable-comfyui\ComfyUI_windows_portable\ComfyUI\.ce\.pixi\envs\sam3dobjects-nodes\Lib\site-packages\torch\nn\modules\module.py", line 1784 in _call_impl
  [ComfyUI]   File "C:\workspaces\SAM3DObjects-1902\portable-comfyui\ComfyUI_windows_portable\ComfyUI\.ce\.pixi\envs\sam3dobjects-nodes\Lib\site-packages\torch\nn\modules\module.py", line 1773 in _wrapped_call_impl
  [ComfyUI]   File "C:\workspaces\SAM3DObjects-1902\portable-comfyui\ComfyUI_windows_portable\ComfyUI\custom_nodes\ComfyUI-SAM3DObjects\nodes\sam3d\generators.py", line 674 in inner_forward
  [ComfyUI]   File "C:\workspaces\SAM3DObjects-1902\portable-comfyui\ComfyUI_windows_portable\ComfyUI\custom_nodes\ComfyUI-SAM3DObjects\nodes\sam3d\generators.py", line 698 in forward
  [ComfyUI]   File "C:\workspaces\SAM3DObjects-1902\portable-comfyui\ComfyUI_windows_portable\ComfyUI\.ce\.pixi\envs\sam3dobjects-nodes\Lib\site-packages\torch\nn\modules\module.py", line 1784 in _call_impl
  [ComfyUI]   File "C:\workspaces\SAM3DObjects-1902\portable-comfyui\ComfyUI_windows_portable\ComfyUI\.ce\.pixi\envs\sam3dobjects-nodes\Lib\site-packages\torch\nn\modules\module.py", line 1773 in _wrapped_call_impl
  [ComfyUI]   File "C:\workspaces\SAM3DObjects-1902\portable-comfyui\ComfyUI_windows_portable\ComfyUI\custom_nodes\ComfyUI-SAM3DObjects\nodes\sam3d\generators.py", line 426 in _generate_dynamics
  [ComfyUI]   File "C:\workspaces\SAM3DObjects-1902\portable-comfyui\ComfyUI_windows_portable\ComfyUI\custom_nodes\ComfyUI-SAM3DObjects\nodes\sam3d\generators.py", line 133 in step
  [ComfyUI]   File "C:\workspaces\SAM3DObjects-1902\portable-comfyui\ComfyUI_windows_portable\ComfyUI\custom_nodes\ComfyUI-SAM3DObjects\nodes\sam3d\generators.py", line 121 in solve_iter
  [ComfyUI]   File "C:\workspaces\SAM3DObjects-1902\portable-comfyui\ComfyUI_windows_portable\ComfyUI\custom_nodes\ComfyUI-SAM3DObjects\nodes\sam3d\generators.py", line 410 in generate_iter
  [ComfyUI]   File "C:\workspaces\SAM3DObjects-1902\portable-comfyui\ComfyUI_windows_portable\ComfyUI\custom_nodes\ComfyUI-SAM3DObjects\nodes\utils\stages.py", line 1213 in run_stage2
  [ComfyUI]   File "C:\workspaces\SAM3DObjects-1902\portable-comfyui\ComfyUI_windows_portable\ComfyUI\custom_nodes\ComfyUI-SAM3DObjects\nodes\scene_generate.py", line 279 in execute
  [ComfyUI]   File "C:\workspaces\SAM3DObjects-1902\portable-comfyui\ComfyUI_windows_portable\ComfyUI\.ce\.pixi\envs\sam3dobjects-nodes\Lib\site-packages\torch\utils\_contextlib.py", line 120 in decorate_context
  [ComfyUI]   File "C:\workspaces\SAM3DObjects-1902\portable-comfyui\ComfyUI_windows_portable\ComfyUI\comfy_api\latest\_io.py", line 1826 in EXECUTE_NORMALIZED
  [ComfyUI]   File "C:\Users\ContainerAdministrator\AppData\Local\Temp\comfyui_pvenv_r13jj68k\persistent_worker.py", line 1749 in main
  [ComfyUI]   File "C:\Users\ContainerAdministrator\AppData\Local\Temp\comfyui_pvenv_r13jj68k\persistent_worker.py", line 1794 in <module>
  [ComfyUI] 
  [ComfyUI] [worker:ComfyUI-SAM3DObjects] === END ===
  [ComfyUI] 
  [ComfyUI] [SubprocessWorker] callback 'report_progress' from call_id=71
  [ComfyUI] [worker:ComfyUI-SAM3DObjects] [VRAM] -297MB (now 2369MB) reserved=3456MB peak=4116MB
  [ComfyUI] [SubprocessWorker] callback 'report_progress' from call_id=71
  [ComfyUI] [worker:ComfyUI-SAM3DObjects] [VRAM] +376MB (now 2745MB) reserved=3456MB peak=4116MB
  [ComfyUI] [SubprocessWorker] callback 'report_progress' from call_id=71
  Frame 45 saved (frame_044.jpg, t=184.2s)
  [capture-periodic] freeze=3ms shot=231ms unfreeze=3ms saved=True
  [capture-loop] iter=1500 t=184.7s state={'complete': False, 'error': None, 'executedCount': 1, 'wsState': 1} eval_ms=3
  [ComfyUI] [SubprocessWorker] callback 'report_progress' from call_id=71
  [ComfyUI] [worker:ComfyUI-SAM3DObjects] [VRAM] -304MB (now 2442MB) reserved=3008MB peak=4116MB
  [ComfyUI] [SubprocessWorker] callback 'report_progress' from call_id=71
  [ComfyUI] [SubprocessWorker] callback 'report_progress' from call_id=71
  [ComfyUI] [worker:ComfyUI-SAM3DObjects] [VRAM] Stage2: after inference: torch=2326MiB alloc, 3488MiB reserved | gpu=4837MiB/24575MiB used
  [ComfyUI] [worker:ComfyUI-SAM3DObjects] [VRAM] -392MB (now 2051MB) reserved=3488MB peak=4116MB
  Frame 46 saved (frame_045.jpg, t=186.5s)
  [capture-periodic] freeze=3ms shot=176ms unfreeze=4ms saved=True
  [ComfyUI] [worker:ComfyUI-SAM3DObjects] [VRAM] Stage2: after model cleanup: torch=36MiB alloc, 384MiB reserved | gpu=1733MiB/24575MiB used
  [ComfyUI] 2026-05-02 19:30:08.670 | WARNING  | nodes.sam3d.transforms:__post_init__:1359 - No rgb pointmap normalizer provided, using scale + shift
  [ComfyUI] [worker:ComfyUI-SAM3DObjects] [VRAM] -2035MB (now 16MB) reserved=384MB peak=4116MB
  [ComfyUI] [SubprocessWorker] callback 'request_vram_budget' from call_id=71
  [ComfyUI] [comfy-env] VRAM request: 2.50GB, free before eviction: 24.44GB
  [ComfyUI] [comfy-env] VRAM after eviction: 24.44GB
  [ComfyUI] [worker:ComfyUI-SAM3DObjects] [VRAM] Stage2: before embedding: torch=1252MiB alloc, 1376MiB reserved | gpu=2725MiB/24575MiB used
  [ComfyUI] [worker:ComfyUI-SAM3DObjects] [VRAM] +1265MB (now 1282MB) reserved=1440MB peak=4116MB
  [ComfyUI] [worker:ComfyUI-SAM3DObjects] [VRAM] Stage2: after embedding: torch=1263MiB alloc, 1440MiB reserved | gpu=2789MiB/24575MiB used
  [ComfyUI] [worker:ComfyUI-SAM3DObjects] [VRAM] Stage2: after embedder unload: torch=35MiB alloc, 320MiB reserved | gpu=1669MiB/24575MiB used
  [ComfyUI] [SubprocessWorker] callback 'request_vram_budget' from call_id=71
  [ComfyUI] [comfy-env] VRAM request: 2.40GB, free before eviction: 24.44GB
  [ComfyUI] [comfy-env] VRAM after eviction: 24.44GB
  [ComfyUI] [worker:ComfyUI-SAM3DObjects] [VRAM] +403MB (now 1685MB) reserved=1792MB peak=4116MB
  [ComfyUI] [worker:ComfyUI-SAM3DObjects] [VRAM] Stage2: before inference: torch=2326MiB alloc, 2400MiB reserved | gpu=3749MiB/24575MiB used
  [ComfyUI] [worker:ComfyUI-SAM3DObjects] [DTYPE_DBG] _generate_noise_tensor: _compute_dtype=torch.bfloat16 shape=(1, 13747, 8) device=cuda:0
  [ComfyUI] [SubprocessWorker] callback 'report_progress' from call_id=71
  [ComfyUI] [worker:ComfyUI-SAM3DObjects] [VRAM] +743MB (now 2429MB) reserved=2880MB peak=4116MB
  [capture-loop] iter=1550 t=190.8s state={'complete': False, 'error': None, 'executedCount': 1, 'wsState': 1} eval_ms=3
  [ComfyUI] [SubprocessWorker] callback 'report_progress' from call_id=71
  Frame 47 saved (frame_046.jpg, t=191.1s)
  [capture-periodic] freeze=4ms shot=183ms unfreeze=10ms saved=True
  [ComfyUI] [SubprocessWorker] callback 'report_progress' from call_id=71
  [ComfyUI] [SubprocessWorker] callback 'report_progress' from call_id=71
  [ComfyUI] [SubprocessWorker] callback 'report_progress' from call_id=71
  [ComfyUI] [SubprocessWorker] callback 'report_progress' from call_id=71
  Frame 48 saved (frame_047.jpg, t=193.4s)
  [capture-periodic] freeze=3ms shot=182ms unfreeze=5ms saved=True
  [ComfyUI] [SubprocessWorker] callback 'report_progress' from call_id=71
  [ComfyUI] [SubprocessWorker] callback 'report_progress' from call_id=71
  [ComfyUI] [SubprocessWorker] callback 'report_progress' from call_id=71
  [ComfyUI] [SubprocessWorker] callback 'report_progress' from call_id=71
  [ComfyUI] [SubprocessWorker] callback 'report_progress' from call_id=71
  [ComfyUI] [SubprocessWorker] callback 'report_progress' from call_id=71
  [ComfyUI] [worker:ComfyUI-SAM3DObjects] [VRAM] Stage2: after inference: torch=2326MiB alloc, 2848MiB reserved | gpu=4197MiB/24575MiB used
  [ComfyUI] [worker:ComfyUI-SAM3DObjects] [VRAM] -351MB (now 2079MB) reserved=2848MB peak=4116MB
  [ComfyUI] [worker:ComfyUI-SAM3DObjects] [VRAM] Stage2: after model cleanup: torch=36MiB alloc, 352MiB reserved | gpu=1701MiB/24575MiB used
  Frame 49 saved (frame_048.jpg, t=195.8s)
  [capture-periodic] freeze=3ms shot=176ms unfreeze=3ms saved=True
  [ComfyUI] 2026-05-02 19:30:17.638 | WARNING  | nodes.sam3d.transforms:__post_init__:1359 - No rgb pointmap normalizer provided, using scale + shift
  [ComfyUI] [worker:ComfyUI-SAM3DObjects] [VRAM] -2063MB (now 17MB) reserved=352MB peak=4116MB
  [ComfyUI] [SubprocessWorker] callback 'request_vram_budget' from call_id=71
  [ComfyUI] [comfy-env] VRAM request: 2.50GB, free before eviction: 24.44GB
  [ComfyUI] [comfy-env] VRAM after eviction: 24.44GB
  [ComfyUI] [worker:ComfyUI-SAM3DObjects] [VRAM] Stage2: before embedding: torch=1252MiB alloc, 1376MiB reserved | gpu=2725MiB/24575MiB used
  [capture-loop] iter=1600 t=197.2s state={'complete': False, 'error': None, 'executedCount': 1, 'wsState': 1} eval_ms=3
  [ComfyUI] [worker:ComfyUI-SAM3DObjects] [VRAM] Stage2: after embedding: torch=1263MiB alloc, 1440MiB reserved | gpu=2789MiB/24575MiB used
  [ComfyUI] [worker:ComfyUI-SAM3DObjects] [VRAM] +1179MB (now 1196MB) reserved=1440MB peak=4116MB
  [ComfyUI] [worker:ComfyUI-SAM3DObjects] [VRAM] Stage2: after embedder unload: torch=36MiB alloc, 320MiB reserved | gpu=1669MiB/24575MiB used
  [ComfyUI] [SubprocessWorker] callback 'request_vram_budget' from call_id=71
  [ComfyUI] [comfy-env] VRAM request: 2.40GB, free before eviction: 24.44GB
  [ComfyUI] [comfy-env] VRAM after eviction: 24.44GB
  [ComfyUI] [worker:ComfyUI-SAM3DObjects] [VRAM] +464MB (now 1661MB) reserved=1760MB peak=4116MB
  [ComfyUI] [worker:ComfyUI-SAM3DObjects] [VRAM] Stage2: before inference: torch=2326MiB alloc, 2400MiB reserved | gpu=3749MiB/24575MiB used
  [ComfyUI] [worker:ComfyUI-SAM3DObjects] [DTYPE_DBG] _generate_noise_tensor: _compute_dtype=torch.bfloat16 shape=(1, 28448, 8) device=cuda:0
  [ComfyUI] [worker:ComfyUI-SAM3DObjects] [VRAM] +751MB (now 2413MB) reserved=3232MB peak=4116MB
  [ComfyUI] [SubprocessWorker] callback 'report_progress' from call_id=71
  Frame 50 saved (frame_049.jpg, t=200.2s)
  [capture-periodic] freeze=3ms shot=218ms unfreeze=4ms saved=True
  [ComfyUI] [worker:ComfyUI-SAM3DObjects] [VRAM] +217MB (now 2631MB) reserved=3296MB peak=4116MB
  [ComfyUI] [SubprocessWorker] callback 'report_progress' from call_id=71
  [ComfyUI] [SubprocessWorker] callback 'report_progress' from call_id=71
  [ComfyUI] [worker:ComfyUI-SAM3DObjects] [VRAM] -201MB (now 2430MB) reserved=3328MB peak=4116MB
  Frame 51 saved (frame_050.jpg, t=202.5s)
  [capture-periodic] freeze=4ms shot=182ms unfreeze=3ms saved=True
  [ComfyUI] [SubprocessWorker] callback 'report_progress' from call_id=71
  [capture-loop] iter=1650 t=203.6s state={'complete': False, 'error': None, 'executedCount': 1, 'wsState': 1} eval_ms=5
  [ComfyUI] [worker:ComfyUI-SAM3DObjects] [VRAM] +228MB (now 2658MB) reserved=3360MB peak=4116MB
  [ComfyUI] [SubprocessWorker] callback 'report_progress' from call_id=71
  Frame 52 saved (frame_051.jpg, t=204.8s)
  [capture-periodic] freeze=5ms shot=168ms unfreeze=3ms saved=True
  [ComfyUI] [worker:ComfyUI-SAM3DObjects] [VRAM] -271MB (now 2388MB) reserved=3264MB peak=4116MB
  [ComfyUI] [SubprocessWorker] callback 'report_progress' from call_id=71
  [ComfyUI] [SubprocessWorker] callback 'report_progress' from call_id=71
  [ComfyUI] [worker:ComfyUI-SAM3DObjects] [VRAM] +231MB (now 2619MB) reserved=3296MB peak=4116MB
  [ComfyUI] [SubprocessWorker] callback 'report_progress' from call_id=71
  Frame 53 saved (frame_052.jpg, t=207.1s)
  [capture-periodic] freeze=3ms shot=156ms unfreeze=3ms saved=True
  [ComfyUI] [SubprocessWorker] callback 'report_progress' from call_id=71
  [ComfyUI] [worker:ComfyUI-SAM3DObjects] [VRAM] -258MB (now 2362MB) reserved=3360MB peak=4116MB
  [ComfyUI] [SubprocessWorker] callback 'report_progress' from call_id=71
  [ComfyUI] [worker:ComfyUI-SAM3DObjects] [VRAM] +284MB (now 2647MB) reserved=2976MB peak=4116MB
  [ComfyUI] [SubprocessWorker] callback 'report_progress' from call_id=71
  [ComfyUI] [SubprocessWorker] callback 'report_progress' from call_id=71
  [ComfyUI] [worker:ComfyUI-SAM3DObjects] [VRAM] Stage2: after inference: torch=2327MiB alloc, 3296MiB reserved | gpu=4645MiB/24575MiB used
  [ComfyUI] [worker:ComfyUI-SAM3DObjects] [VRAM] -1449MB (now 1199MB) reserved=3296MB peak=4116MB
  Frame 54 saved (frame_053.jpg, t=209.3s)
  [capture-periodic] freeze=3ms shot=176ms unfreeze=4ms saved=True
  [ComfyUI] [worker:ComfyUI-SAM3DObjects] [VRAM] Stage2: after model cleanup: torch=36MiB alloc, 352MiB reserved | gpu=1701MiB/24575MiB used
  [capture-loop] iter=1700 t=209.9s state={'complete': False, 'error': None, 'executedCount': 1, 'wsState': 1} eval_ms=4
  [ComfyUI] 2026-05-02 19:30:31.498 | WARNING  | nodes.sam3d.transforms:__post_init__:1359 - No rgb pointmap normalizer provided, using scale + shift
  [ComfyUI] [SubprocessWorker] callback 'request_vram_budget' from call_id=71
  [ComfyUI] [comfy-env] VRAM request: 2.50GB, free before eviction: 24.44GB
  [ComfyUI] [comfy-env] VRAM after eviction: 24.44GB
  [ComfyUI] [worker:ComfyUI-SAM3DObjects] [VRAM] -998MB (now 201MB) reserved=416MB peak=4116MB
  [ComfyUI] [worker:ComfyUI-SAM3DObjects] [VRAM] Stage2: before embedding: torch=1252MiB alloc, 1376MiB reserved | gpu=2725MiB/24575MiB used
  [ComfyUI] [worker:ComfyUI-SAM3DObjects] [VRAM] Stage2: after embedding: torch=1263MiB alloc, 1440MiB reserved | gpu=2789MiB/24575MiB used
  [ComfyUI] [worker:ComfyUI-SAM3DObjects] [VRAM] Stage2: after embedder unload: torch=36MiB alloc, 320MiB reserved | gpu=1669MiB/24575MiB used
  [ComfyUI] [SubprocessWorker] callback 'request_vram_budget' from call_id=71
  [ComfyUI] [comfy-env] VRAM request: 2.40GB, free before eviction: 24.44GB
  [ComfyUI] [comfy-env] VRAM after eviction: 24.44GB
  [ComfyUI] [worker:ComfyUI-SAM3DObjects] [VRAM] +450MB (now 651MB) reserved=864MB peak=4116MB
  [ComfyUI] [worker:ComfyUI-SAM3DObjects] [VRAM] Stage2: before inference: torch=2327MiB alloc, 2400MiB reserved | gpu=3749MiB/24575MiB used
  [ComfyUI] [worker:ComfyUI-SAM3DObjects] [DTYPE_DBG] _generate_noise_tensor: _compute_dtype=torch.bfloat16 shape=(1, 26371, 8) device=cuda:0
  [ComfyUI] [worker:ComfyUI-SAM3DObjects] [VRAM] +1899MB (now 2551MB) reserved=2784MB peak=4116MB
  [ComfyUI] [SubprocessWorker] callback 'report_progress' from call_id=71
  Frame 55 saved (frame_054.jpg, t=213.7s)
  [capture-periodic] freeze=3ms shot=199ms unfreeze=3ms saved=True
  [ComfyUI] [SubprocessWorker] callback 'report_progress' from call_id=71
  [ComfyUI] [SubprocessWorker] callback 'report_progress' from call_id=71
  [ComfyUI] [worker:ComfyUI-SAM3DObjects] [VRAM] -224MB (now 2327MB) reserved=3200MB peak=4116MB
  [capture-loop] iter=1750 t=215.9s state={'complete': False, 'error': None, 'executedCount': 1, 'wsState': 1} eval_ms=3
  [ComfyUI] [SubprocessWorker] callback 'report_progress' from call_id=71
  [ComfyUI] [worker:ComfyUI-SAM3DObjects] [VRAM] +224MB (now 2551MB) reserved=3200MB peak=4116MB
  Frame 56 saved (frame_055.jpg, t=216.0s)
  [capture-periodic] freeze=10ms shot=216ms unfreeze=4ms saved=True
  [ComfyUI] [SubprocessWorker] callback 'report_progress' from call_id=71
  [ComfyUI] [SubprocessWorker] callback 'report_progress' from call_id=71
  [ComfyUI] [worker:ComfyUI-SAM3DObjects] [VRAM] -224MB (now 2328MB) reserved=3200MB peak=4116MB
  Frame 57 saved (frame_056.jpg, t=218.4s)
  [capture-periodic] freeze=4ms shot=197ms unfreeze=4ms saved=True
  [ComfyUI] [SubprocessWorker] callback 'report_progress' from call_id=71
  [ComfyUI] [SubprocessWorker] callback 'report_progress' from call_id=71
  [ComfyUI] [worker:ComfyUI-SAM3DObjects] [VRAM] +223MB (now 2551MB) reserved=3200MB peak=4116MB
  [ComfyUI] [SubprocessWorker] callback 'report_progress' from call_id=71
  [ComfyUI] [SubprocessWorker] callback 'report_progress' from call_id=71
  [ComfyUI] [SubprocessWorker] callback 'report_progress' from call_id=71
  [ComfyUI] [worker:ComfyUI-SAM3DObjects] [VRAM] -225MB (now 2327MB) reserved=3168MB peak=4116MB
  Frame 58 saved (frame_057.jpg, t=220.7s)
  [capture-periodic] freeze=4ms shot=203ms unfreeze=4ms saved=True
  [ComfyUI] [SubprocessWorker] callback 'report_progress' from call_id=71
  [ComfyUI] [worker:ComfyUI-SAM3DObjects] [VRAM] Stage2: after inference: torch=2327MiB alloc, 3168MiB reserved | gpu=4517MiB/24575MiB used
  [ComfyUI] [worker:ComfyUI-SAM3DObjects] [VRAM] -1902MB (now 426MB) reserved=3168MB peak=4116MB
  [ComfyUI] [worker:ComfyUI-SAM3DObjects] [VRAM] Stage2: after model cleanup: torch=37MiB alloc, 352MiB reserved | gpu=1701MiB/24575MiB used
  [ComfyUI] 2026-05-02 19:30:43.446 | WARNING  | nodes.sam3d.transforms:__post_init__:1359 - No rgb pointmap normalizer provided, using scale + shift
  [ComfyUI] [SubprocessWorker] callback 'request_vram_budget' from call_id=71
  [ComfyUI] [comfy-env] VRAM request: 2.50GB, free before eviction: 24.44GB
  [ComfyUI] [comfy-env] VRAM after eviction: 24.44GB
  [capture-loop] iter=1800 t=222.4s state={'complete': False, 'error': None, 'executedCount': 1, 'wsState': 1} eval_ms=4
  [ComfyUI] [worker:ComfyUI-SAM3DObjects] [VRAM] +368MB (now 794MB) reserved=992MB peak=4116MB
  [ComfyUI] [worker:ComfyUI-SAM3DObjects] [VRAM] Stage2: before embedding: torch=1253MiB alloc, 1376MiB reserved | gpu=2725MiB/24575MiB used
  [ComfyUI] [worker:ComfyUI-SAM3DObjects] [VRAM] Stage2: after embedding: torch=1264MiB alloc, 1440MiB reserved | gpu=2789MiB/24575MiB used
  Frame 59 saved (frame_058.jpg, t=223.0s)
  [capture-periodic] freeze=4ms shot=172ms unfreeze=4ms saved=True
  [ComfyUI] [worker:ComfyUI-SAM3DObjects] [VRAM] Stage2: after embedder unload: torch=36MiB alloc, 320MiB reserved | gpu=1669MiB/24575MiB used
  [ComfyUI] [SubprocessWorker] callback 'request_vram_budget' from call_id=71
  [ComfyUI] [comfy-env] VRAM request: 2.40GB, free before eviction: 24.44GB
  [ComfyUI] [comfy-env] VRAM after eviction: 24.44GB
  [ComfyUI] [worker:ComfyUI-SAM3DObjects] [VRAM] -335MB (now 460MB) reserved=672MB peak=4116MB
  [ComfyUI] [worker:ComfyUI-SAM3DObjects] [VRAM] Stage2: before inference: torch=2327MiB alloc, 2400MiB reserved | gpu=3749MiB/24575MiB used
  [ComfyUI] [worker:ComfyUI-SAM3DObjects] [DTYPE_DBG] _generate_noise_tensor: _compute_dtype=torch.bfloat16 shape=(1, 7248, 8) device=cuda:0
  [ComfyUI] [worker:ComfyUI-SAM3DObjects] [VRAM] +1962MB (now 2422MB) reserved=2592MB peak=4116MB
  [ComfyUI] [SubprocessWorker] callback 'report_progress' from call_id=71
  [ComfyUI] [SubprocessWorker] callback 'report_progress' from call_id=71
  Frame 60 saved (frame_059.jpg, t=225.3s)
  [capture-periodic] freeze=3ms shot=165ms unfreeze=4ms saved=True
  [ComfyUI] [SubprocessWorker] callback 'report_progress' from call_id=71
  [ComfyUI] [SubprocessWorker] callback 'report_progress' from call_id=71
  [ComfyUI] [SubprocessWorker] callback 'report_progress' from call_id=71
  [ComfyUI] [SubprocessWorker] callback 'report_progress' from call_id=71
  Frame 61 saved (frame_060.jpg, t=227.5s)
  [capture-periodic] freeze=4ms shot=170ms unfreeze=8ms saved=True
  [ComfyUI] [SubprocessWorker] callback 'report_progress' from call_id=71
  [ComfyUI] [SubprocessWorker] callback 'report_progress' from call_id=71
  [ComfyUI] [SubprocessWorker] callback 'report_progress' from call_id=71
  [capture-loop] iter=1850 t=228.7s state={'complete': False, 'error': None, 'executedCount': 1, 'wsState': 1} eval_ms=6
  [ComfyUI] [SubprocessWorker] callback 'report_progress' from call_id=71
  [ComfyUI] [SubprocessWorker] callback 'report_progress' from call_id=71
  [ComfyUI] [SubprocessWorker] callback 'report_progress' from call_id=71
  [ComfyUI] [worker:ComfyUI-SAM3DObjects] [VRAM] Stage2: after inference: torch=2327MiB alloc, 2624MiB reserved | gpu=3973MiB/24575MiB used
  [ComfyUI] [worker:ComfyUI-SAM3DObjects] [VRAM] -299MB (now 2124MB) reserved=2624MB peak=4116MB
  Frame 62 saved (frame_061.jpg, t=229.8s)
  [capture-periodic] freeze=3ms shot=182ms unfreeze=4ms saved=True
  [ComfyUI] [worker:ComfyUI-SAM3DObjects] [VRAM] Stage2: after model cleanup: torch=37MiB alloc, 320MiB reserved | gpu=1669MiB/24575MiB used
  [ComfyUI] 2026-05-02 19:30:51.819 | WARNING  | nodes.sam3d.transforms:__post_init__:1359 - No rgb pointmap normalizer provided, using scale + shift
  [ComfyUI] [worker:ComfyUI-SAM3DObjects] [VRAM] -2107MB (now 18MB) reserved=320MB peak=4116MB
  [ComfyUI] [SubprocessWorker] callback 'request_vram_budget' from call_id=71
  [ComfyUI] [comfy-env] VRAM request: 2.50GB, free before eviction: 24.44GB
  [ComfyUI] [comfy-env] VRAM after eviction: 24.44GB
  [ComfyUI] [worker:ComfyUI-SAM3DObjects] [VRAM] Stage2: before embedding: torch=1253MiB alloc, 1376MiB reserved | gpu=2725MiB/24575MiB used
  [ComfyUI] [worker:ComfyUI-SAM3DObjects] [VRAM] Stage2: after embedding: torch=1264MiB alloc, 1440MiB reserved | gpu=2789MiB/24575MiB used
  [ComfyUI] [worker:ComfyUI-SAM3DObjects] [VRAM] +943MB (now 961MB) reserved=1440MB peak=4116MB
  [ComfyUI] [worker:ComfyUI-SAM3DObjects] [VRAM] Stage2: after embedder unload: torch=37MiB alloc, 320MiB reserved | gpu=1669MiB/24575MiB used
  [ComfyUI] [SubprocessWorker] callback 'request_vram_budget' from call_id=71
  [ComfyUI] [comfy-env] VRAM request: 2.40GB, free before eviction: 24.44GB
  [ComfyUI] [comfy-env] VRAM after eviction: 24.44GB
  [ComfyUI] [worker:ComfyUI-SAM3DObjects] [VRAM] +969MB (now 1930MB) reserved=2016MB peak=4116MB
  [ComfyUI] [worker:ComfyUI-SAM3DObjects] [VRAM] Stage2: before inference: torch=2327MiB alloc, 2400MiB reserved | gpu=3749MiB/24575MiB used
  [ComfyUI] [worker:ComfyUI-SAM3DObjects] [DTYPE_DBG] _generate_noise_tensor: _compute_dtype=torch.bfloat16 shape=(1, 17939, 8) device=cuda:0
  [ComfyUI] [SubprocessWorker] callback 'report_progress' from call_id=71
  [ComfyUI] [worker:ComfyUI-SAM3DObjects] [VRAM] +566MB (now 2497MB) reserved=2976MB peak=4116MB
  [ComfyUI] [SubprocessWorker] callback 'report_progress' from call_id=71
  Frame 63 saved (frame_062.jpg, t=234.3s)
  [capture-periodic] freeze=4ms shot=174ms unfreeze=3ms saved=True
  [ComfyUI] [SubprocessWorker] callback 'report_progress' from call_id=71
  [capture-loop] iter=1900 t=235.1s state={'complete': False, 'error': None, 'executedCount': 1, 'wsState': 1} eval_ms=3
  [ComfyUI] [SubprocessWorker] callback 'report_progress' from call_id=71
  [ComfyUI] [SubprocessWorker] callback 'report_progress' from call_id=71
  Frame 64 saved (frame_063.jpg, t=236.6s)
  [capture-periodic] freeze=4ms shot=204ms unfreeze=4ms saved=True
  [ComfyUI] [SubprocessWorker] callback 'report_progress' from call_id=71
  [ComfyUI] [SubprocessWorker] callback 'report_progress' from call_id=71
  [ComfyUI] [SubprocessWorker] callback 'report_progress' from call_id=71
  [ComfyUI] [SubprocessWorker] callback 'report_progress' from call_id=71
  [ComfyUI] [SubprocessWorker] callback 'report_progress' from call_id=71
  [ComfyUI] [SubprocessWorker] callback 'report_progress' from call_id=71
  Frame 65 saved (frame_064.jpg, t=238.9s)
  [capture-periodic] freeze=3ms shot=170ms unfreeze=5ms saved=True
  [ComfyUI] [SubprocessWorker] callback 'report_progress' from call_id=71
  [ComfyUI] [worker:ComfyUI-SAM3DObjects] [VRAM] Stage2: after inference: torch=2328MiB alloc, 2976MiB reserved | gpu=4325MiB/24575MiB used
  [ComfyUI] [worker:ComfyUI-SAM3DObjects] [VRAM] -461MB (now 2036MB) reserved=2976MB peak=4116MB
  [ComfyUI] [worker:ComfyUI-SAM3DObjects] [VRAM] Stage2: after model cleanup: torch=37MiB alloc, 352MiB reserved | gpu=1701MiB/24575MiB used
  [ComfyUI] [worker:ComfyUI-SAM3DObjects] [VRAM] SceneGenerate: PHASE 3 start: torch=13MiB alloc, 352MiB reserved | gpu=1701MiB/24575MiB used
  [ComfyUI] [SubprocessWorker] callback 'report_progress' from call_id=71
  [ComfyUI] [worker:ComfyUI-SAM3DObjects] [VRAM] _load_decoder(slat_decoder_mesh): before instantiate: torch=13MiB alloc, 352MiB reserved | gpu=1701MiB/24575MiB used
  [ComfyUI] [worker:ComfyUI-SAM3DObjects] [VRAM] _load_decoder(slat_decoder_mesh): after load_state_dict: torch=13MiB alloc, 512MiB reserved | gpu=1861MiB/24575MiB used
  [ComfyUI] [SubprocessWorker] callback 'request_vram_budget' from call_id=71
  [ComfyUI] [comfy-env] VRAM request: 0.18GB, free before eviction: 24.44GB
  [ComfyUI] [comfy-env] VRAM after eviction: 24.44GB
  [ComfyUI] [worker:ComfyUI-SAM3DObjects] [VRAM] -1908MB (now 129MB) reserved=320MB peak=4116MB
  [ComfyUI] [worker:ComfyUI-SAM3DObjects] [VRAM] Decode(mesh): after load_models_gpu: torch=186MiB alloc, 320MiB reserved | gpu=1669MiB/24575MiB used
  [ComfyUI] [SubprocessWorker] callback 'report_progress' from call_id=71
  Frame 66 saved (frame_065.jpg, t=241.2s)
  [capture-periodic] freeze=3ms shot=167ms unfreeze=3ms saved=True
  [capture-loop] iter=1950 t=241.6s state={'complete': False, 'error': None, 'executedCount': 1, 'wsState': 1} eval_ms=3
  [ComfyUI] [worker:ComfyUI-SAM3DObjects] [VRAM] +829MB (now 958MB) reserved=1120MB peak=4116MB
  [ComfyUI] [worker:ComfyUI-SAM3DObjects]
  [ComfyUI] === WATCHDOG TICK 4 ===
  [ComfyUI] [worker:ComfyUI-SAM3DObjects] [VRAM] +1133MB (now 2091MB) reserved=2272MB peak=4116MB
  [ComfyUI] [worker:ComfyUI-SAM3DObjects] Thread 0x00001858 (most recent call first):
  [ComfyUI]   File "C:\Users\ContainerAdministrator\AppData\Local\Temp\comfyui_pvenv_r13jj68k\persistent_worker.py", line 85 in wlog
  [ComfyUI]   File "C:\Users\ContainerAdministrator\AppData\Local\Temp\comfyui_pvenv_r13jj68k\persistent_worker.py", line 124 in _vram_poller
  [ComfyUI]   File "C:\workspaces\SAM3DObjects-1902\portable-comfyui\ComfyUI_windows_portable\ComfyUI\.ce\.pixi\envs\sam3dobjects-nodes\Lib\threading.py", line 1012 in run
  [ComfyUI]   File "C:\workspaces\SAM3DObjects-1902\portable-comfyui\ComfyUI_windows_portable\ComfyUI\.ce\.pixi\envs\sam3dobjects-nodes\Lib\threading.py", line 1075 in _bootstrap_inner
  [ComfyUI]   File "C:\workspaces\SAM3DObjects-1902\portable-comfyui\ComfyUI_windows_portable\ComfyUI\.ce\.pixi\envs\sam3dobjects-nodes\Lib\threading.py", line 1032 in _bootstrap
  [ComfyUI] 
  [ComfyUI] Current thread 0x00003080 (most recent call first):
  [ComfyUI]   File "C:\Users\ContainerAdministrator\AppData\Local\Temp\comfyui_pvenv_r13jj68k\persistent_worker.py", line 52 in _watchdog
  [ComfyUI]   File "C:\workspaces\SAM3DObjects-1902\portable-comfyui\ComfyUI_windows_portable\ComfyUI\.ce\.pixi\envs\sam3dobjects-nodes\Lib\threading.py", line 1012 in run
  [ComfyUI]   File "C:\workspaces\SAM3DObjects-1902\portable-comfyui\ComfyUI_windows_portable\ComfyUI\.ce\.pixi\envs\sam3dobjects-nodes\Lib\threading.py", line 1075 in _bootstrap_inner
  [ComfyUI]   File "C:\workspaces\SAM3DObjects-1902\portable-comfyui\ComfyUI_windows_portable\ComfyUI\.ce\.pixi\envs\sam3dobjects-nodes\Lib\threading.py", line 1032 in _bootstrap
  [ComfyUI] 
  [ComfyUI] Thread 0x000037ac (most recent call first):
  [ComfyUI]   File "C:\workspaces\SAM3DObjects-1902\portable-comfyui\ComfyUI_windows_portable\ComfyUI\custom_nodes\ComfyUI-SAM3DObjects\nodes\sam3d\ops_sparse.py", line 481 in forward_comfy_cast_weights
  [ComfyUI]   File "C:\workspaces\SAM3DObjects-1902\portable-comfyui\ComfyUI_windows_portable\ComfyUI\custom_nodes\ComfyUI-SAM3DObjects\nodes\sam3d\ops_sparse.py", line 498 in forward
  [ComfyUI]   File "C:\workspaces\SAM3DObjects-1902\portable-comfyui\ComfyUI_windows_portable\ComfyUI\.ce\.pixi\envs\sam3dobjects-nodes\Lib\site-packages\torch\nn\modules\module.py", line 1784 in _call_impl
  [ComfyUI]   File "C:\workspaces\SAM3DObjects-1902\portable-comfyui\ComfyUI_windows_portable\ComfyUI\.ce\.pixi\envs\sam3dobjects-nodes\Lib\site-packages\torch\nn\modules\module.py", line 1773 in _wrapped_call_impl
  [ComfyUI]   File "C:\workspaces\SAM3DObjects-1902\portable-comfyui\ComfyUI_windows_portable\ComfyUI\.ce\.pixi\envs\sam3dobjects-nodes\Lib\site-packages\torch\nn\modules\container.py", line 244 in forward
  [ComfyUI]   File "C:\workspaces\SAM3DObjects-1902\portable-comfyui\ComfyUI_windows_portable\ComfyUI\.ce\.pixi\envs\sam3dobjects-nodes\Lib\site-packages\torch\nn\modules\module.py", line 1784 in _call_impl
  [ComfyUI]   File "C:\workspaces\SAM3DObjects-1902\portable-comfyui\ComfyUI_windows_portable\ComfyUI\.ce\.pixi\envs\sam3dobjects-nodes\Lib\site-packages\torch\nn\modules\module.py", line 1773 in _wrapped_call_impl
  [ComfyUI]   File "C:\workspaces\SAM3DObjects-1902\portable-comfyui\ComfyUI_windows_portable\ComfyUI\custom_nodes\ComfyUI-SAM3DObjects\nodes\sam3d\vae.py", line 746 in forward
  [ComfyUI]   File "C:\workspaces\SAM3DObjects-1902\portable-comfyui\ComfyUI_windows_portable\ComfyUI\.ce\.pixi\envs\sam3dobjects-nodes\Lib\site-packages\torch\nn\modules\module.py", line 1784 in _call_impl
  [ComfyUI]   File "C:\workspaces\SAM3DObjects-1902\portable-comfyui\ComfyUI_windows_portable\ComfyUI\.ce\.pixi\envs\sam3dobjects-nodes\Lib\site-packages\torch\nn\modules\module.py", line 1773 in _wrapped_call_impl
  [ComfyUI]   File "C:\workspaces\SAM3DObjects-1902\portable-comfyui\ComfyUI_windows_portable\ComfyUI\custom_nodes\ComfyUI-SAM3DObjects\nodes\sam3d\vae.py", line 831 in forward
  [ComfyUI]   File "C:\workspaces\SAM3DObjects-1902\portable-comfyui\ComfyUI_windows_portable\ComfyUI\.ce\.pixi\envs\sam3dobjects-nodes\Lib\site-packages\torch\nn\modules\module.py", line 1784 in _call_impl
  [ComfyUI]   File "C:\workspaces\SAM3DObjects-1902\portable-comfyui\ComfyUI_windows_portable\ComfyUI\.ce\.pixi\envs\sam3dobjects-nodes\Lib\site-packages\torch\nn\modules\module.py", line 1773 in _wrapped_call_impl
  [ComfyUI]   File "C:\workspaces\SAM3DObjects-1902\portable-comfyui\ComfyUI_windows_portable\ComfyUI\custom_nodes\ComfyUI-SAM3DObjects\nodes\utils\stages.py", line 1377 in run_decode
  [ComfyUI]   File "C:\workspaces\SAM3DObjects-1902\portable-comfyui\ComfyUI_windows_portable\ComfyUI\custom_nodes\ComfyUI-SAM3DObjects\nodes\scene_generate.py", line 305 in execute
  [ComfyUI]   File "C:\workspaces\SAM3DObjects-1902\portable-comfyui\ComfyUI_windows_portable\ComfyUI\.ce\.pixi\envs\sam3dobjects-nodes\Lib\site-packages\torch\utils\_contextlib.py", line 120 in decorate_context
  [ComfyUI]   File "C:\workspaces\SAM3DObjects-1902\portable-comfyui\ComfyUI_windows_portable\ComfyUI\comfy_api\latest\_io.py", line 1826 in EXECUTE_NORMALIZED
  [ComfyUI]   File "C:\Users\ContainerAdministrator\AppData\Local\Temp\comfyui_pvenv_r13jj68k\persistent_worker.py", line 1749 in main
  [ComfyUI]   File "C:\Users\ContainerAdministrator\AppData\Local\Temp\comfyui_pvenv_r13jj68k\persistent_worker.py", line 1794 in <module>
  [ComfyUI] 
  [ComfyUI] [worker:ComfyUI-SAM3DObjects] === END ===
  [ComfyUI] 
  [ComfyUI] [worker:ComfyUI-SAM3DObjects] WARNING: [VRAM:mesh] start: 1058 MiB | cubefeats torch.Size([1702784, 101])
  [ComfyUI] [worker:ComfyUI-SAM3DObjects] WARNING: [VRAM:mesh] after sparse_cube2verts: 1155 MiB | v_pos torch.Size([1960383, 3])
  [ComfyUI] [worker:ComfyUI-SAM3DObjects] WARNING: [VRAM:mesh] after get_sparse_attrs + del: 441 MiB | verts 1960383 cubes 1702784
  [ComfyUI] [worker:ComfyUI-SAM3DObjects] [VRAM] -1651MB (now 440MB) reserved=608MB peak=4116MB
  [ComfyUI] [worker:ComfyUI-SAM3DObjects] WARNING: [VRAM:mesh] after dilation: 503 MiB | verts 2388027 cubes 2144605
  [ComfyUI] [worker:ComfyUI-SAM3DObjects] WARNING: [VRAM:mesh] after searchsorted: 606 MiB | reg_c torch.Size([2144605, 8])
  [ComfyUI] [worker:ComfyUI-SAM3DObjects] WARNING: [VRAM:fc] start: 606 MiB | verts torch.Size([2388028, 3]) cubes torch.Size([2144605, 8]) sdf torch.Size([2388028])
  [ComfyUI] [worker:ComfyUI-SAM3DObjects] WARNING: [VRAM:fc] after _identify_surf_cubes: 625 MiB | surf_cubes 493962/2144605
  [ComfyUI] [worker:ComfyUI-SAM3DObjects] WARNING: [VRAM:fc] after _get_case_id: 721 MiB
  [ComfyUI] [worker:ComfyUI-SAM3DObjects] WARNING: [VRAM:fc] after _identify_surf_edges: 798 MiB | surf_edges torch.Size([494312, 2])
  [ComfyUI] [worker:ComfyUI-SAM3DObjects] WARNING: [VRAM:fc] after _compute_vd: 870 MiB | vd torch.Size([494289, 3])
  [ComfyUI] [worker:ComfyUI-SAM3DObjects] WARNING: [VRAM:fc] after _triangulate: 892 MiB | verts torch.Size([494289, 3]) faces torch.Size([988618, 3])
  [ComfyUI] [worker:ComfyUI-SAM3DObjects] WARNING: [VRAM:mesh] after FlexiCubes: 642 MiB | verts torch.Size([494289, 3]) faces torch.Size([988618, 3])
  [ComfyUI] [SubprocessWorker] callback 'report_progress' from call_id=71
  [ComfyUI] [worker:ComfyUI-SAM3DObjects] [VRAM] Decode(mesh): after cleanup: torch=87MiB alloc, 352MiB reserved | gpu=1701MiB/24575MiB used
  Frame 67 saved (frame_066.jpg, t=245.8s)
  [capture-periodic] freeze=3ms shot=180ms unfreeze=3ms saved=True
  [ComfyUI] [SubprocessWorker] callback 'report_progress' from call_id=71
  [ComfyUI] [SubprocessWorker] callback 'report_progress' from call_id=71
  [ComfyUI] [SubprocessWorker] callback 'request_vram_budget' from call_id=71
  [ComfyUI] [comfy-env] VRAM request: 0.18GB, free before eviction: 24.44GB
  [ComfyUI] [comfy-env] VRAM after eviction: 24.44GB
  [ComfyUI] [worker:ComfyUI-SAM3DObjects] [VRAM] Decode(mesh): after load_models_gpu: torch=187MiB alloc, 320MiB reserved | gpu=1669MiB/24575MiB used
  [ComfyUI] [SubprocessWorker] callback 'report_progress' from call_id=71
  [ComfyUI] [worker:ComfyUI-SAM3DObjects] [VRAM] +426MB (now 866MB) reserved=5984MB peak=4116MB
  [ComfyUI] [worker:ComfyUI-SAM3DObjects] WARNING: [VRAM:mesh] start: 1311 MiB | cubefeats torch.Size([2194624, 101])
  [ComfyUI] [worker:ComfyUI-SAM3DObjects] WARNING: [VRAM:mesh] after sparse_cube2verts: 1442 MiB | v_pos torch.Size([2642800, 3])
  [ComfyUI] [worker:ComfyUI-SAM3DObjects] WARNING: [VRAM:mesh] after get_sparse_attrs + del: 521 MiB | verts 2642800 cubes 2194624
  [ComfyUI] [worker:ComfyUI-SAM3DObjects] WARNING: [VRAM:mesh] after dilation: 632 MiB | verts 3413182 cubes 2996391
  [ComfyUI] [worker:ComfyUI-SAM3DObjects] WARNING: [VRAM:mesh] after searchsorted: 776 MiB | reg_c torch.Size([2996391, 8])
  [ComfyUI] [worker:ComfyUI-SAM3DObjects] WARNING: [VRAM:fc] start: 776 MiB | verts torch.Size([3413183, 3]) cubes torch.Size([2996391, 8]) sdf torch.Size([3413183])
  [ComfyUI] [worker:ComfyUI-SAM3DObjects] WARNING: [VRAM:fc] after _identify_surf_cubes: 802 MiB | surf_cubes 781507/2996391
  [ComfyUI] [worker:ComfyUI-SAM3DObjects] WARNING: [VRAM:fc] after _get_case_id: 946 MiB
  [ComfyUI] [worker:ComfyUI-SAM3DObjects] WARNING: [VRAM:fc] after _identify_surf_edges: 1068 MiB | surf_edges torch.Size([783784, 2])
  [ComfyUI] [worker:ComfyUI-SAM3DObjects] WARNING: [VRAM:fc] after _compute_vd: 1181 MiB | vd torch.Size([783099, 3])
  [ComfyUI] [worker:ComfyUI-SAM3DObjects] WARNING: [VRAM:fc] after _triangulate: 1217 MiB | verts torch.Size([783099, 3]) faces torch.Size([1565194, 3])
  [ComfyUI] [worker:ComfyUI-SAM3DObjects] WARNING: [VRAM:mesh] after FlexiCubes: 833 MiB | verts torch.Size([783099, 3]) faces torch.Size([1565194, 3])
  [ComfyUI] [SubprocessWorker] callback 'report_progress' from call_id=71
  [ComfyUI] [worker:ComfyUI-SAM3DObjects] [VRAM] Decode(mesh): after cleanup: torch=131MiB alloc, 480MiB reserved | gpu=1829MiB/24575MiB used
  [capture-loop] iter=2000 t=247.5s state={'complete': False, 'error': None, 'executedCount': 1, 'wsState': 1} eval_ms=5
  [ComfyUI] [worker:ComfyUI-SAM3DObjects] [VRAM] -736MB (now 131MB) reserved=480MB peak=4116MB
  [ComfyUI] [SubprocessWorker] callback 'report_progress' from call_id=71
  [ComfyUI] [SubprocessWorker] callback 'report_progress' from call_id=71
  [ComfyUI] [SubprocessWorker] callback 'request_vram_budget' from call_id=71
  [ComfyUI] [comfy-env] VRAM request: 0.18GB, free before eviction: 24.44GB
  [ComfyUI] [comfy-env] VRAM after eviction: 24.44GB
  [ComfyUI] [worker:ComfyUI-SAM3DObjects] [VRAM] Decode(mesh): after load_models_gpu: torch=188MiB alloc, 320MiB reserved | gpu=1669MiB/24575MiB used
  [ComfyUI] [SubprocessWorker] callback 'report_progress' from call_id=71
  [ComfyUI] [worker:ComfyUI-SAM3DObjects] WARNING: [VRAM:mesh] start: 639 MiB | cubefeats torch.Size([879808, 101])
  [ComfyUI] [worker:ComfyUI-SAM3DObjects] WARNING: [VRAM:mesh] after sparse_cube2verts: 690 MiB | v_pos torch.Size([1022911, 3])
  [ComfyUI] [worker:ComfyUI-SAM3DObjects] WARNING: [VRAM:mesh] after get_sparse_attrs + del: 321 MiB | verts 1022911 cubes 879808
  [ComfyUI] [worker:ComfyUI-SAM3DObjects] WARNING: [VRAM:mesh] after dilation: 358 MiB | verts 1282513 cubes 1144727
  [ComfyUI] [worker:ComfyUI-SAM3DObjects] WARNING: [VRAM:mesh] after searchsorted: 413 MiB | reg_c torch.Size([1144727, 8])
  [ComfyUI] [worker:ComfyUI-SAM3DObjects] WARNING: [VRAM:fc] start: 413 MiB | verts torch.Size([1282514, 3]) cubes torch.Size([1144727, 8]) sdf torch.Size([1282514])
  [ComfyUI] [worker:ComfyUI-SAM3DObjects] WARNING: [VRAM:fc] after _identify_surf_cubes: 423 MiB | surf_cubes 279621/1144727
  [ComfyUI] [worker:ComfyUI-SAM3DObjects] WARNING: [VRAM:fc] after _get_case_id: 475 MiB
  Frame 68 saved (frame_067.jpg, t=248.0s)
  [capture-periodic] freeze=4ms shot=166ms unfreeze=5ms saved=True
  [ComfyUI] [worker:ComfyUI-SAM3DObjects] WARNING: [VRAM:fc] after _identify_surf_edges: 519 MiB | surf_edges torch.Size([279754, 2])
  [ComfyUI] [worker:ComfyUI-SAM3DObjects] WARNING: [VRAM:fc] after _compute_vd: 560 MiB | vd torch.Size([279721, 3])
  [ComfyUI] [worker:ComfyUI-SAM3DObjects] WARNING: [VRAM:fc] after _triangulate: 573 MiB | verts torch.Size([279721, 3]) faces torch.Size([559490, 3])
  [ComfyUI] [worker:ComfyUI-SAM3DObjects] WARNING: [VRAM:mesh] after FlexiCubes: 433 MiB | verts torch.Size([279721, 3]) faces torch.Size([559490, 3])
  [ComfyUI] [SubprocessWorker] callback 'report_progress' from call_id=71
  [ComfyUI] [worker:ComfyUI-SAM3DObjects] [VRAM] Decode(mesh): after cleanup: torch=57MiB alloc, 352MiB reserved | gpu=1703MiB/24575MiB used
  [ComfyUI] [SubprocessWorker] callback 'report_progress' from call_id=71
  [ComfyUI] [SubprocessWorker] callback 'report_progress' from call_id=71
  [ComfyUI] [SubprocessWorker] callback 'request_vram_budget' from call_id=71
  [ComfyUI] [comfy-env] VRAM request: 0.18GB, free before eviction: 24.44GB
  [ComfyUI] [comfy-env] VRAM after eviction: 24.44GB
  [ComfyUI] [worker:ComfyUI-SAM3DObjects] [VRAM] Decode(mesh): after load_models_gpu: torch=189MiB alloc, 320MiB reserved | gpu=1671MiB/24575MiB used
  [ComfyUI] [SubprocessWorker] callback 'report_progress' from call_id=71
  [ComfyUI] [worker:ComfyUI-SAM3DObjects] [VRAM] +494MB (now 626MB) reserved=1024MB peak=4116MB
  [ComfyUI] [worker:ComfyUI-SAM3DObjects] WARNING: [VRAM:mesh] start: 1121 MiB | cubefeats torch.Size([1820672, 101])
  [ComfyUI] [worker:ComfyUI-SAM3DObjects] WARNING: [VRAM:mesh] after sparse_cube2verts: 1232 MiB | v_pos torch.Size([2250720, 3])
  [ComfyUI] [worker:ComfyUI-SAM3DObjects] WARNING: [VRAM:mesh] after get_sparse_attrs + del: 468 MiB | verts 2250720 cubes 1820672
  [ComfyUI] [worker:ComfyUI-SAM3DObjects] WARNING: [VRAM:mesh] after dilation: 575 MiB | verts 3006711 cubes 2579109
  [ComfyUI] [worker:ComfyUI-SAM3DObjects] WARNING: [VRAM:mesh] after searchsorted: 698 MiB | reg_c torch.Size([2579109, 8])
  [ComfyUI] [worker:ComfyUI-SAM3DObjects] WARNING: [VRAM:fc] start: 698 MiB | verts torch.Size([3006712, 3]) cubes torch.Size([2579109, 8]) sdf torch.Size([3006712])
  [ComfyUI] [worker:ComfyUI-SAM3DObjects] WARNING: [VRAM:fc] after _identify_surf_cubes: 720 MiB | surf_cubes 835387/2579109
  [ComfyUI] [worker:ComfyUI-SAM3DObjects] WARNING: [VRAM:fc] after _get_case_id: 859 MiB
  [ComfyUI] [worker:ComfyUI-SAM3DObjects] WARNING: [VRAM:fc] after _identify_surf_edges: 990 MiB | surf_edges torch.Size([837028, 2])
  [ComfyUI] [worker:ComfyUI-SAM3DObjects] WARNING: [VRAM:fc] after _compute_vd: 1111 MiB | vd torch.Size([836752, 3])
  [ComfyUI] [worker:ComfyUI-SAM3DObjects] WARNING: [VRAM:fc] after _triangulate: 1150 MiB | verts torch.Size([836752, 3]) faces torch.Size([1672850, 3])
  [ComfyUI] [worker:ComfyUI-SAM3DObjects] WARNING: [VRAM:mesh] after FlexiCubes: 759 MiB | verts torch.Size([836752, 3]) faces torch.Size([1672850, 3])
  [ComfyUI] [SubprocessWorker] callback 'report_progress' from call_id=71
  [ComfyUI] [worker:ComfyUI-SAM3DObjects] [VRAM] Decode(mesh): after cleanup: torch=141MiB alloc, 512MiB reserved | gpu=1863MiB/24575MiB used
  [ComfyUI] [worker:ComfyUI-SAM3DObjects] [VRAM] -486MB (now 141MB) reserved=512MB peak=4116MB
  [ComfyUI] [SubprocessWorker] callback 'report_progress' from call_id=71
  [ComfyUI] [SubprocessWorker] callback 'report_progress' from call_id=71
  [ComfyUI] [SubprocessWorker] callback 'request_vram_budget' from call_id=71
  [ComfyUI] [comfy-env] VRAM request: 0.18GB, free before eviction: 24.44GB
  [ComfyUI] [comfy-env] VRAM after eviction: 24.44GB
  [ComfyUI] [worker:ComfyUI-SAM3DObjects] [VRAM] Decode(mesh): after load_models_gpu: torch=190MiB alloc, 320MiB reserved | gpu=1671MiB/24575MiB used
  [ComfyUI] [SubprocessWorker] callback 'report_progress' from call_id=71
  Frame 69 saved (frame_068.jpg, t=250.3s)
  [capture-periodic] freeze=6ms shot=170ms unfreeze=4ms saved=True
  [ComfyUI] [worker:ComfyUI-SAM3DObjects] WARNING: [VRAM:mesh] start: 1054 MiB | cubefeats torch.Size([1687744, 101])
  [ComfyUI] [worker:ComfyUI-SAM3DObjects] WARNING: [VRAM:mesh] after sparse_cube2verts: 1151 MiB | v_pos torch.Size([1955399, 3])
  [ComfyUI] [worker:ComfyUI-SAM3DObjects] WARNING: [VRAM:mesh] after get_sparse_attrs + del: 442 MiB | verts 1955399 cubes 1687744
  [ComfyUI] [worker:ComfyUI-SAM3DObjects] [VRAM] +343MB (now 484MB) reserved=1376MB peak=4116MB
  [ComfyUI] [worker:ComfyUI-SAM3DObjects] WARNING: [VRAM:mesh] after dilation: 507 MiB | verts 2408249 cubes 2148680
  [ComfyUI] [worker:ComfyUI-SAM3DObjects] WARNING: [VRAM:mesh] after searchsorted: 611 MiB | reg_c torch.Size([2148680, 8])
  [ComfyUI] [worker:ComfyUI-SAM3DObjects] WARNING: [VRAM:fc] start: 611 MiB | verts torch.Size([2408250, 3]) cubes torch.Size([2148680, 8]) sdf torch.Size([2408250])
  [ComfyUI] [worker:ComfyUI-SAM3DObjects] WARNING: [VRAM:fc] after _identify_surf_cubes: 629 MiB | surf_cubes 505665/2148680
  [ComfyUI] [worker:ComfyUI-SAM3DObjects] WARNING: [VRAM:fc] after _get_case_id: 727 MiB
  [ComfyUI] [worker:ComfyUI-SAM3DObjects] WARNING: [VRAM:fc] after _identify_surf_edges: 806 MiB | surf_edges torch.Size([505818, 2])
  [ComfyUI] [worker:ComfyUI-SAM3DObjects] WARNING: [VRAM:fc] after _compute_vd: 879 MiB | vd torch.Size([505883, 3])
  [ComfyUI] [worker:ComfyUI-SAM3DObjects] WARNING: [VRAM:fc] after _triangulate: 902 MiB | verts torch.Size([505883, 3]) faces torch.Size([1011598, 3])
  [ComfyUI] [worker:ComfyUI-SAM3DObjects] WARNING: [VRAM:mesh] after FlexiCubes: 647 MiB | verts torch.Size([505883, 3]) faces torch.Size([1011598, 3])
  [ComfyUI] [SubprocessWorker] callback 'report_progress' from call_id=71
  [ComfyUI] [worker:ComfyUI-SAM3DObjects] [VRAM] Decode(mesh): after cleanup: torch=92MiB alloc, 384MiB reserved | gpu=1735MiB/24575MiB used
  [ComfyUI] [SubprocessWorker] callback 'report_progress' from call_id=71
  [ComfyUI] [SubprocessWorker] callback 'report_progress' from call_id=71
  [ComfyUI] [SubprocessWorker] callback 'request_vram_budget' from call_id=71
  [ComfyUI] [comfy-env] VRAM request: 0.18GB, free before eviction: 24.44GB
  [ComfyUI] [comfy-env] VRAM after eviction: 24.44GB
  [ComfyUI] [worker:ComfyUI-SAM3DObjects] [VRAM] Decode(mesh): after load_models_gpu: torch=190MiB alloc, 352MiB reserved | gpu=1703MiB/24575MiB used
  [ComfyUI] [SubprocessWorker] callback 'report_progress' from call_id=71
  [ComfyUI] [worker:ComfyUI-SAM3DObjects] WARNING: [VRAM:mesh] start: 428 MiB | cubefeats torch.Size([463872, 101])
  [ComfyUI] [worker:ComfyUI-SAM3DObjects] WARNING: [VRAM:mesh] after sparse_cube2verts: 455 MiB | v_pos torch.Size([538689, 3])
  [ComfyUI] [worker:ComfyUI-SAM3DObjects] WARNING: [VRAM:mesh] after get_sparse_attrs + del: 260 MiB | verts 538689 cubes 463872
  [ComfyUI] [worker:ComfyUI-SAM3DObjects] WARNING: [VRAM:mesh] after dilation: 280 MiB | verts 675729 cubes 602864
  [ComfyUI] [worker:ComfyUI-SAM3DObjects] WARNING: [VRAM:mesh] after searchsorted: 309 MiB | reg_c torch.Size([602864, 8])
  [ComfyUI] [worker:ComfyUI-SAM3DObjects] WARNING: [VRAM:fc] start: 309 MiB | verts torch.Size([675730, 3]) cubes torch.Size([602864, 8]) sdf torch.Size([675730])
  [ComfyUI] [worker:ComfyUI-SAM3DObjects] WARNING: [VRAM:fc] after _identify_surf_cubes: 314 MiB | surf_cubes 145120/602864
  [ComfyUI] [worker:ComfyUI-SAM3DObjects] WARNING: [VRAM:fc] after _get_case_id: 342 MiB
  [ComfyUI] [worker:ComfyUI-SAM3DObjects] WARNING: [VRAM:fc] after _identify_surf_edges: 364 MiB | surf_edges torch.Size([145136, 2])
  [ComfyUI] [worker:ComfyUI-SAM3DObjects] WARNING: [VRAM:fc] after _compute_vd: 385 MiB | vd torch.Size([145124, 3])
  [ComfyUI] [worker:ComfyUI-SAM3DObjects] WARNING: [VRAM:fc] after _triangulate: 392 MiB | verts torch.Size([145124, 3]) faces torch.Size([290204, 3])
  [ComfyUI] [worker:ComfyUI-SAM3DObjects] WARNING: [VRAM:mesh] after FlexiCubes: 319 MiB | verts torch.Size([145124, 3]) faces torch.Size([290204, 3])
  [ComfyUI] [SubprocessWorker] callback 'report_progress' from call_id=71
  [ComfyUI] [worker:ComfyUI-SAM3DObjects] [VRAM] Decode(mesh): after cleanup: torch=39MiB alloc, 352MiB reserved | gpu=1703MiB/24575MiB used
  [ComfyUI] [worker:ComfyUI-SAM3DObjects] [VRAM] -446MB (now 39MB) reserved=352MB peak=4116MB
  [ComfyUI] [SubprocessWorker] callback 'report_progress' from call_id=71
  [ComfyUI] [SubprocessWorker] callback 'report_progress' from call_id=71
  [ComfyUI] [SubprocessWorker] callback 'request_vram_budget' from call_id=71
  [ComfyUI] [comfy-env] VRAM request: 0.18GB, free before eviction: 24.44GB
  [ComfyUI] [comfy-env] VRAM after eviction: 24.44GB
  [ComfyUI] [worker:ComfyUI-SAM3DObjects] [VRAM] Decode(mesh): after load_models_gpu: torch=191MiB alloc, 352MiB reserved | gpu=1703MiB/24575MiB used
  [ComfyUI] [SubprocessWorker] callback 'report_progress' from call_id=71
  [ComfyUI] [worker:ComfyUI-SAM3DObjects] WARNING: [VRAM:mesh] start: 779 MiB | cubefeats torch.Size([1148096, 101])
  [ComfyUI] [worker:ComfyUI-SAM3DObjects] WARNING: [VRAM:mesh] after sparse_cube2verts: 846 MiB | v_pos torch.Size([1361389, 3])
  [ComfyUI] [worker:ComfyUI-SAM3DObjects] WARNING: [VRAM:mesh] after get_sparse_attrs + del: 364 MiB | verts 1361389 cubes 1148096
  [ComfyUI] [worker:ComfyUI-SAM3DObjects] WARNING: [VRAM:mesh] after dilation: 418 MiB | verts 1731707 cubes 1533107
  [ComfyUI] [worker:ComfyUI-SAM3DObjects] WARNING: [VRAM:mesh] after searchsorted: 492 MiB | reg_c torch.Size([1533107, 8])
  [ComfyUI] [worker:ComfyUI-SAM3DObjects] WARNING: [VRAM:fc] start: 492 MiB | verts torch.Size([1731708, 3]) cubes torch.Size([1533107, 8]) sdf torch.Size([1731708])
  [ComfyUI] [worker:ComfyUI-SAM3DObjects] WARNING: [VRAM:fc] after _identify_surf_cubes: 505 MiB | surf_cubes 363966/1533107
  [ComfyUI] [worker:ComfyUI-SAM3DObjects] WARNING: [VRAM:fc] after _get_case_id: 575 MiB
  [ComfyUI] [worker:ComfyUI-SAM3DObjects] WARNING: [VRAM:fc] after _identify_surf_edges: 632 MiB | surf_edges torch.Size([364148, 2])
  [ComfyUI] [worker:ComfyUI-SAM3DObjects] WARNING: [VRAM:fc] after _compute_vd: 685 MiB | vd torch.Size([364116, 3])
  [ComfyUI] [worker:ComfyUI-SAM3DObjects] WARNING: [VRAM:fc] after _triangulate: 701 MiB | verts torch.Size([364116, 3]) faces torch.Size([728190, 3])
  [ComfyUI] [worker:ComfyUI-SAM3DObjects] WARNING: [VRAM:mesh] after FlexiCubes: 518 MiB | verts torch.Size([364116, 3]) faces torch.Size([728190, 3])
  [ComfyUI] [SubprocessWorker] callback 'report_progress' from call_id=71
  [ComfyUI] [worker:ComfyUI-SAM3DObjects] [VRAM] Decode(mesh): after cleanup: torch=72MiB alloc, 448MiB reserved | gpu=1799MiB/24575MiB used
  [ComfyUI] [SubprocessWorker] callback 'report_progress' from call_id=71
  [ComfyUI] [worker:ComfyUI-SAM3DObjects] [VRAM] SceneGenerate: done: torch=9MiB alloc, 448MiB reserved | gpu=1799MiB/24575MiB used
  Frame 70 saved (frame_069.jpg, t=252.6s)
  [ComfyUI] [SubprocessWorker] got response: ok
  [capture-periodic] freeze=3ms shot=171ms unfreeze=11ms saved=True
  [ComfyUI] [comfy-env] Created 6 model patchers: ['EmbedderFuser_2', 'ShortCut_3', 'SparseStructureDecoderTdfyWrapper_4', 'EmbedderFuser_5', 'FlowMatching_6', 'SLatMeshDecoderTdfyWrapper_7']
  [ComfyUI] [comfy-env] SAM3DSceneGenerate done (203.38s): result: NodeOutput
  [ComfyUI] [VRAM] After SAM3DSceneGenerate: 1271 / 24575 MB
  [ComfyUI] [VRAM] Loaded: SubprocessModel (0 MB), SubprocessModel (0 MB), SubprocessModel (0 MB), SubprocessModel (0 MB), SubprocessModel (0 MB), SubprocessModel (0 MB), SubprocessModel (0 MB)
  [ComfyUI] [comfy-env] Running SAM3D_ScenePoseOptimize: output_folder: 'C:\\workspaces\\SAM3DObjects-1902\\portable-comfyui\\Com..., optimization_mode: 'pose_only'
  [ComfyUI] [VRAM] Before SAM3D_ScenePoseOptimize: 1271 / 24575 MB
  [ComfyUI] [VRAM] Loaded: SubprocessModel (0 MB), SubprocessModel (0 MB), SubprocessModel (0 MB), SubprocessModel (0 MB), SubprocessModel (0 MB), SubprocessModel (0 MB), SubprocessModel (0 MB)
  [ComfyUI] [SubprocessWorker] call_method: nodes.scene_pose_optimize.SAM3D_ScenePoseOptimize.EXECUTE_NORMALIZED
  [ComfyUI] [SubprocessWorker] acquired lock, ensuring started...
  [ComfyUI] [ComfyUI-SAM3DObjects] Health check: ping (timeout=5.0s)...
  [ComfyUI] [ComfyUI-SAM3DObjects] Health check: ok
  [ComfyUI] [SubprocessWorker] worker started/confirmed
  [ComfyUI] [SubprocessWorker] serializing kwargs to shm...
  [ComfyUI] [SubprocessWorker] created 0 shm blocks
  [ComfyUI] [SubprocessWorker] sending request via socket...
  [ComfyUI] [SubprocessWorker] call_id=72 sending call_method
  [capture-loop] iter=2050 t=253.9s state={'complete': False, 'error': None, 'executedCount': 1, 'wsState': 1} eval_ms=3
  [ComfyUI] [SubprocessWorker] got response: ok
  [ComfyUI] [comfy-env] SAM3D_ScenePoseOptimize done (1.66s): result: NodeOutput
  [ComfyUI] [VRAM] After SAM3D_ScenePoseOptimize: 1271 / 24575 MB
  [ComfyUI] [VRAM] Loaded: SubprocessModel (0 MB), SubprocessModel (0 MB), SubprocessModel (0 MB), SubprocessModel (0 MB), SubprocessModel (0 MB), SubprocessModel (0 MB), SubprocessModel (0 MB)
  [ComfyUI] [comfy-env] Running GeomPackLoadMeshBatch: folder_path: 'C:\\workspaces\\SAM3DObjects-1902\\portable-comfyui\\Com..., start_index: 0, max_meshes: -1
  [ComfyUI] [VRAM] Before GeomPackLoadMeshBatch: 1271 / 24575 MB
  [ComfyUI] [VRAM] Loaded: SubprocessModel (0 MB), SubprocessModel (0 MB), SubprocessModel (0 MB), SubprocessModel (0 MB), SubprocessModel (0 MB), SubprocessModel (0 MB), SubprocessModel (0 MB)
  [ComfyUI] [SubprocessWorker] call_method: nodes.main.io.load_mesh_batch.LoadMeshBatch.EXECUTE_NORMALIZED
  [ComfyUI] MultibandToMasks: Auto-detected 7 mask channels: ['mask_01', 'mask_02', 'mask_03', 'mask_04', 'mask_05', 'mask_06', 'mask_07']
  [ComfyUI] [SubprocessWorker] acquired lock, ensuring started...
  [ComfyUI] [comfy-env] SubprocessWorker: C:\workspaces\SAM3DObjects-1902\portable-comfyui\ComfyUI_windows_portable\ComfyUI\.ce\.pixi\envs\geometrypack-main\python.exe
  [ComfyUI] [comfy-env] geometrypack-main: Library/bin has 611 DLLs
  [ComfyUI] [comfy-env] env_vars: {'KMP_DUPLICATE_LIB_OK': 'TRUE', 'COMFYUI_BASE': 'C:\\workspaces\\SAM3DObjects-1902\\portable-comfyui\\ComfyUI_windows_portable\\ComfyUI'}
  [ComfyUI] [ComfyUI-GeometryPack] python: C:\workspaces\SAM3DObjects-1902\portable-comfyui\ComfyUI_windows_portable\ComfyUI\.ce\.pixi\envs\geometrypack-main\python.exe
  [ComfyUI] [ComfyUI-GeometryPack] sys_path sent to worker: ['C:\\workspaces\\SAM3DObjects-1902\\portable-comfyui\\ComfyUI_windows_portable\\ComfyUI', 'C:\\workspaces\\SAM3DObjects-1902\\portable-comfyui\\ComfyUI_windows_portable\\ComfyUI\\custom_nodes\\ComfyUI-GeometryPack', 'C:\\workspaces\\SAM3DObjects-1902\\portable-comfyui\\ComfyUI_windows_portable\\ComfyUI\\.ce\\.pixi\\envs\\geometrypack-main\\Lib\\site-packages', 'C:\\workspaces\\SAM3DObjects-1902\\portable-comfyui\\ComfyUI_windows_portable\\ComfyUI\\custom_nodes\\ComfyUI-GeometryPack']
  [ComfyUI] [SubprocessWorker] is_pixi=True, python=C:\workspaces\SAM3DObjects-1902\portable-comfyui\ComfyUI_windows_portable\ComfyUI\.ce\.pixi\envs\geometrypack-main\python.exe
  [ComfyUI] [SubprocessWorker] launching cmd=['C:\\Users\\ContainerAdministrator\\.local\\bin\\pixi.EXE', 'run', '--as-is', '--manifest-path', 'C:\\workspaces\\SAM3DObjects-1902\\portable-comfyui\\ComfyUI_windows_portable\\ComfyUI\\.ce\\pixi.toml', '-e', 'geometrypack-main', 'python', 'C:\\Users\\ContainerAdministrator\\AppData\\Local\\Temp\\comfyui_pvenv_2i20avkt\\persistent_worker.py', 'tcp://127.0.0.1:55149']...
  Frame 71 saved (frame_070.jpg, t=254.9s)
  [capture-periodic] freeze=3ms shot=170ms unfreeze=3ms saved=True
  Frame 72 saved (frame_071.jpg, t=257.2s)
  [capture-periodic] freeze=3ms shot=171ms unfreeze=3ms saved=True
  [capture-loop] iter=2100 t=260.0s state={'complete': False, 'error': None, 'executedCount': 1, 'wsState': 1} eval_ms=3
  [ComfyUI] [SubprocessWorker] worker started/confirmed
  [ComfyUI] [SubprocessWorker] serializing kwargs to shm...
  [ComfyUI] [SubprocessWorker] created 0 shm blocks
  [ComfyUI] [SubprocessWorker] sending request via socket...
  [ComfyUI] [SubprocessWorker] call_id=1 sending call_method
  [ComfyUI] [worker:ComfyUI-GeometryPack] INFO: Found folder relative to ComfyUI root: C:\workspaces\SAM3DObjects-1902\portable-comfyui\ComfyUI_windows_portable\ComfyUI\output\sam3d_scene_1_pose_optimized
  [ComfyUI] [worker:ComfyUI-GeometryPack] INFO: Found 7 mesh files
  [ComfyUI] [worker:ComfyUI-GeometryPack] INFO: Loading: C:\workspaces\SAM3DObjects-1902\portable-comfyui\ComfyUI_windows_portable\ComfyUI\output\sam3d_scene_1_pose_optimized\object_0.glb
  [ComfyUI] [worker:ComfyUI-GeometryPack] INFO: Converting Scene to single mesh (scene has 1 geometries)
  [ComfyUI] [worker:ComfyUI-GeometryPack] INFO: Initial mesh: 494289 vertices, 988618 faces
  [capture-loop] iter=2150 t=265.8s state={'complete': False, 'error': None, 'executedCount': 1, 'wsState': 1} eval_ms=4
  [ComfyUI] [worker:ComfyUI-GeometryPack] INFO: Cleanup: 494289->494287 vertices, 988618->988612 faces
  [ComfyUI] [worker:ComfyUI-GeometryPack] INFO: Removed: 2 duplicate vertices, 6 bad faces
  [ComfyUI] [worker:ComfyUI-GeometryPack] INFO: Successfully loaded: 494287 vertices, 988612 faces
  [ComfyUI] [worker:ComfyUI-GeometryPack] INFO: [1/7] Loaded object_0.glb: 494287 vertices, 988612 faces
  [ComfyUI] [worker:ComfyUI-GeometryPack] INFO: Loading: C:\workspaces\SAM3DObjects-1902\portable-comfyui\ComfyUI_windows_portable\ComfyUI\output\sam3d_scene_1_pose_optimized\object_1.glb
  [ComfyUI] [worker:ComfyUI-GeometryPack] INFO: Converting Scene to single mesh (scene has 1 geometries)
  [ComfyUI] [worker:ComfyUI-GeometryPack] INFO: Initial mesh: 783099 vertices, 1565194 faces
  [ComfyUI] [worker:ComfyUI-GeometryPack] INFO: Cleanup: 783099->783092 vertices, 1565194->1565180 faces
  [ComfyUI] [worker:ComfyUI-GeometryPack] INFO: Removed: 7 duplicate vertices, 14 bad faces
  [ComfyUI] [worker:ComfyUI-GeometryPack] INFO: Successfully loaded: 783092 vertices, 1565180 faces
  [ComfyUI] [worker:ComfyUI-GeometryPack] INFO: [2/7] Loaded object_1.glb: 783092 vertices, 1565180 faces
  [ComfyUI] [worker:ComfyUI-GeometryPack] INFO: Loading: C:\workspaces\SAM3DObjects-1902\portable-comfyui\ComfyUI_windows_portable\ComfyUI\output\sam3d_scene_1_pose_optimized\object_2.glb
  [ComfyUI] [worker:ComfyUI-GeometryPack] INFO: Converting Scene to single mesh (scene has 1 geometries)
  [ComfyUI] [worker:ComfyUI-GeometryPack] INFO: Initial mesh: 279721 vertices, 559490 faces
  [ComfyUI] [worker:ComfyUI-GeometryPack] INFO: Cleanup: 279721->279720 vertices, 559490->559488 faces
  [ComfyUI] [worker:ComfyUI-GeometryPack] INFO: Removed: 1 duplicate vertices, 2 bad faces
  [ComfyUI] [worker:ComfyUI-GeometryPack] INFO: Successfully loaded: 279720 vertices, 559488 faces
  [ComfyUI] [worker:ComfyUI-GeometryPack] INFO: [3/7] Loaded object_2.glb: 279720 vertices, 559488 faces
  [ComfyUI] [worker:ComfyUI-GeometryPack] INFO: Loading: C:\workspaces\SAM3DObjects-1902\portable-comfyui\ComfyUI_windows_portable\ComfyUI\output\sam3d_scene_1_pose_optimized\object_3.glb
  [ComfyUI] [worker:ComfyUI-GeometryPack] INFO: Converting Scene to single mesh (scene has 1 geometries)
  [ComfyUI] [worker:ComfyUI-GeometryPack] INFO: Initial mesh: 836752 vertices, 1672850 faces
  [capture-loop] iter=2200 t=271.9s state={'complete': False, 'error': None, 'executedCount': 1, 'wsState': 1} eval_ms=4
  [ComfyUI] [worker:ComfyUI-GeometryPack] INFO: Cleanup: 836752->836750 vertices, 1672850->1672846 faces
  [ComfyUI] [worker:ComfyUI-GeometryPack] INFO: Removed: 2 duplicate vertices, 4 bad faces
  [ComfyUI] [worker:ComfyUI-GeometryPack] INFO: Successfully loaded: 836750 vertices, 1672846 faces
  [ComfyUI] [worker:ComfyUI-GeometryPack] INFO: [4/7] Loaded object_3.glb: 836750 vertices, 1672846 faces
  [ComfyUI] [worker:ComfyUI-GeometryPack] INFO: Loading: C:\workspaces\SAM3DObjects-1902\portable-comfyui\ComfyUI_windows_portable\ComfyUI\output\sam3d_scene_1_pose_optimized\object_4.glb
  [ComfyUI] [worker:ComfyUI-GeometryPack] INFO: Converting Scene to single mesh (scene has 1 geometries)
  [ComfyUI] [worker:ComfyUI-GeometryPack] INFO: Initial mesh: 505883 vertices, 1011598 faces
  [ComfyUI] [worker:ComfyUI-GeometryPack] INFO: Cleanup: 505883->505882 vertices, 1011598->1011596 faces
  [ComfyUI] [worker:ComfyUI-GeometryPack] INFO: Removed: 1 duplicate vertices, 2 bad faces
  [ComfyUI] [worker:ComfyUI-GeometryPack] INFO: Successfully loaded: 505882 vertices, 1011596 faces
  [ComfyUI] [worker:ComfyUI-GeometryPack] INFO: [5/7] Loaded object_4.glb: 505882 vertices, 1011596 faces
  [ComfyUI] [worker:ComfyUI-GeometryPack] INFO: Loading: C:\workspaces\SAM3DObjects-1902\portable-comfyui\ComfyUI_windows_portable\ComfyUI\output\sam3d_scene_1_pose_optimized\object_5.glb
  [ComfyUI] [worker:ComfyUI-GeometryPack] INFO: Converting Scene to single mesh (scene has 1 geometries)
  [ComfyUI] [worker:ComfyUI-GeometryPack] INFO: Initial mesh: 145124 vertices, 290204 faces
  [ComfyUI] [worker:ComfyUI-GeometryPack] INFO: Successfully loaded: 145124 vertices, 290204 faces
  [ComfyUI] [worker:ComfyUI-GeometryPack] INFO: [6/7] Loaded object_5.glb: 145124 vertices, 290204 faces
  [ComfyUI] [worker:ComfyUI-GeometryPack] INFO: Loading: C:\workspaces\SAM3DObjects-1902\portable-comfyui\ComfyUI_windows_portable\ComfyUI\output\sam3d_scene_1_pose_optimized\object_6.glb
  [ComfyUI] [worker:ComfyUI-GeometryPack] INFO: Converting Scene to single mesh (scene has 1 geometries)
  [ComfyUI] [worker:ComfyUI-GeometryPack] INFO: Initial mesh: 364116 vertices, 728190 faces
  [ComfyUI] [worker:ComfyUI-GeometryPack] INFO: Cleanup: 364116->364115 vertices, 728190->728186 faces
  [ComfyUI] [worker:ComfyUI-GeometryPack] INFO: Removed: 1 duplicate vertices, 4 bad faces
  [ComfyUI] [worker:ComfyUI-GeometryPack] INFO: Successfully loaded: 364115 vertices, 728186 faces
  [ComfyUI] [worker:ComfyUI-GeometryPack] INFO: [7/7] Loaded object_6.glb: 364115 vertices, 728186 faces
  [ComfyUI] [worker:ComfyUI-GeometryPack] INFO: Successfully loaded 7 meshes
  [capture-loop] iter=2250 t=278.0s state={'complete': False, 'error': None, 'executedCount': 1, 'wsState': 1} eval_ms=4
  [ComfyUI] [SubprocessWorker] got response: ok
  [ComfyUI] [comfy-env] GeomPackLoadMeshBatch done (27.97s): result: NodeOutput
  [ComfyUI] [VRAM] After GeomPackLoadMeshBatch: 1271 / 24575 MB
  [ComfyUI] [VRAM] Loaded: SubprocessModel (0 MB), SubprocessModel (0 MB), SubprocessModel (0 MB), SubprocessModel (0 MB), SubprocessModel (0 MB), SubprocessModel (0 MB), SubprocessModel (0 MB)
  [ComfyUI] [comfy-env] Running GeomPackCombineMeshesBatch: meshes: list[7]
  [ComfyUI] [VRAM] Before GeomPackCombineMeshesBatch: 1271 / 24575 MB
  [ComfyUI] [VRAM] Loaded: SubprocessModel (0 MB), SubprocessModel (0 MB), SubprocessModel (0 MB), SubprocessModel (0 MB), SubprocessModel (0 MB), SubprocessModel (0 MB), SubprocessModel (0 MB)
  [ComfyUI] [SubprocessWorker] call_method: nodes.main.combine.combine_meshes_batch.CombineMeshesBatchNode.EXECUTE_NORMALIZED
  [ComfyUI] [SubprocessWorker] acquired lock, ensuring started...
  [ComfyUI] [ComfyUI-GeometryPack] Health check: ping (timeout=5.0s)...
  [ComfyUI] [ComfyUI-GeometryPack] Health check: ok
  [ComfyUI] [SubprocessWorker] worker started/confirmed
  [ComfyUI] [SubprocessWorker] serializing kwargs to shm...
  [capture-loop] iter=2300 t=283.9s state={'complete': False, 'error': None, 'executedCount': 1, 'wsState': 1} eval_ms=3
  Frame 73 saved (frame_072.jpg, t=284.1s)
  [capture-periodic] freeze=4ms shot=164ms unfreeze=5ms saved=True
  [ComfyUI] [SubprocessWorker] created 7 shm blocks
  [ComfyUI] [SubprocessWorker] sending request via socket...
  [ComfyUI] [SubprocessWorker] call_id=2 sending call_method
  [ComfyUI] [worker:ComfyUI-GeometryPack] INFO: Combining 7 meshes
  [ComfyUI] [worker:ComfyUI-GeometryPack] INFO: Mesh 1: 494287 vertices, 988612 faces
  [ComfyUI] [worker:ComfyUI-GeometryPack] INFO: Mesh 2: 783092 vertices, 1565180 faces
  [ComfyUI] [worker:ComfyUI-GeometryPack] INFO: Mesh 3: 279720 vertices, 559488 faces
  [ComfyUI] [worker:ComfyUI-GeometryPack] INFO: Mesh 4: 836750 vertices, 1672846 faces
  [ComfyUI] [worker:ComfyUI-GeometryPack] INFO: Mesh 5: 505882 vertices, 1011596 faces
  [ComfyUI] [worker:ComfyUI-GeometryPack] INFO: Mesh 6: 145124 vertices, 290204 faces
  [ComfyUI] [worker:ComfyUI-GeometryPack] INFO: Mesh 7: 364115 vertices, 728186 faces
  Frame 74 saved (frame_073.jpg, t=286.3s)
  [capture-periodic] freeze=3ms shot=180ms unfreeze=4ms saved=True
  [capture-loop] iter=2350 t=290.0s state={'complete': False, 'error': None, 'executedCount': 1, 'wsState': 1} eval_ms=4
  [capture-loop] iter=2400 t=296.0s state={'complete': False, 'error': None, 'executedCount': 1, 'wsState': 1} eval_ms=4
  [ComfyUI] [worker:ComfyUI-GeometryPack] INFO: Result: 3408970 vertices, 6816112 faces
  [capture-loop] iter=2450 t=301.8s state={'complete': False, 'error': None, 'executedCount': 1, 'wsState': 1} eval_ms=4
  [ComfyUI] [SubprocessWorker] got response: ok
  [ComfyUI] [comfy-env] GeomPackCombineMeshesBatch done (21.00s): result: NodeOutput
  [ComfyUI] [VRAM] After GeomPackCombineMeshesBatch: 1271 / 24575 MB
  [ComfyUI] [VRAM] Loaded: SubprocessModel (0 MB), SubprocessModel (0 MB), SubprocessModel (0 MB), SubprocessModel (0 MB), SubprocessModel (0 MB), SubprocessModel (0 MB), SubprocessModel (0 MB)
  [ComfyUI] [comfy-env] Running GeomPackPreviewMeshVTK: mode: 'texture', trimesh: Trimesh
  [ComfyUI] [VRAM] Before GeomPackPreviewMeshVTK: 1271 / 24575 MB
  [ComfyUI] [VRAM] Loaded: SubprocessModel (0 MB), SubprocessModel (0 MB), SubprocessModel (0 MB), SubprocessModel (0 MB), SubprocessModel (0 MB), SubprocessModel (0 MB), SubprocessModel (0 MB)
  [ComfyUI] [SubprocessWorker] call_method: nodes.main.visualization.preview_mesh_vtk.PreviewMeshVTKNode.EXECUTE_NORMALIZED
  [ComfyUI] [SubprocessWorker] acquired lock, ensuring started...
  [ComfyUI] [ComfyUI-GeometryPack] Health check: ping (timeout=5.0s)...
  [ComfyUI] [ComfyUI-GeometryPack] Health check: ok
  [ComfyUI] [SubprocessWorker] worker started/confirmed
  [ComfyUI] [SubprocessWorker] serializing kwargs to shm...
  Node executed (2 total), capturing...
  Frame 75 saved (frame_074.jpg, t=303.7s)
  [capture-node] freeze=4ms shot=174ms unfreeze=3ms saved=True
  [ComfyUI] [SubprocessWorker] created 1 shm blocks
  [ComfyUI] [SubprocessWorker] sending request via socket...
  [ComfyUI] [SubprocessWorker] call_id=3 sending call_method
  [ComfyUI] [worker:ComfyUI-GeometryPack] INFO: Preparing preview: Mesh - 3408970 vertices, 6816112 faces
  [ComfyUI] [worker:ComfyUI-GeometryPack] INFO: Mode: texture
  [ComfyUI] [worker:ComfyUI-GeometryPack] INFO: Visual data - has_visual: True, kind: vertex, texture: False, vertex_colors: True
  [ComfyUI] [worker:ComfyUI-GeometryPack] INFO: Using texture mode - GLB export
  [capture-loop] iter=2500 t=308.0s state={'complete': False, 'error': None, 'executedCount': 2, 'wsState': 1} eval_ms=4
  [capture-loop] iter=2550 t=314.2s state={'complete': False, 'error': None, 'executedCount': 2, 'wsState': 1} eval_ms=4
  [ComfyUI] [worker:ComfyUI-GeometryPack]
  [ComfyUI] === WATCHDOG TICK 1 ===
  [ComfyUI] [worker:ComfyUI-GeometryPack] Thread 0x0000317c (most recent call first):
  [ComfyUI]   File "C:\Users\ContainerAdministrator\AppData\Local\Temp\comfyui_pvenv_2i20avkt\persistent_worker.py", line 106 in _vram_poller
  [ComfyUI]   File "C:\workspaces\SAM3DObjects-1902\portable-comfyui\ComfyUI_windows_portable\ComfyUI\.ce\.pixi\envs\geometrypack-main\Lib\threading.py", line 995 in run
  [ComfyUI]   File "C:\workspaces\SAM3DObjects-1902\portable-comfyui\ComfyUI_windows_portable\ComfyUI\.ce\.pixi\envs\geometrypack-main\Lib\threading.py", line 1044 in _bootstrap_inner
  [ComfyUI]   File "C:\workspaces\SAM3DObjects-1902\portable-comfyui\ComfyUI_windows_portable\ComfyUI\.ce\.pixi\envs\geometrypack-main\Lib\threading.py", line 1015 in _bootstrap
  [ComfyUI] 
  [ComfyUI] Current thread 0x00002378 (most recent call first):
  [ComfyUI]   File "C:\Users\ContainerAdministrator\AppData\Local\Temp\comfyui_pvenv_2i20avkt\persistent_worker.py", line 52 in _watchdog
  [ComfyUI]   File "C:\workspaces\SAM3DObjects-1902\portable-comfyui\ComfyUI_windows_portable\ComfyUI\.ce\.pixi\envs\geometrypack-main\Lib\threading.py", line 995 in run
  [ComfyUI]   File "C:\workspaces\SAM3DObjects-1902\portable-comfyui\ComfyUI_windows_portable\ComfyUI\.ce\.pixi\envs\geometrypack-main\Lib\threading.py", line 1044 in _bootstrap_inner
  [ComfyUI]   File "C:\workspaces\SAM3DObjects-1902\portable-comfyui\ComfyUI_windows_portable\ComfyUI\.ce\.pixi\envs\geometrypack-main\Lib\threading.py", line 1015 in _bootstrap
  [ComfyUI] 
  [ComfyUI] Thread 0x00003560 (most recent call first):
  [ComfyUI]   File "C:\workspaces\SAM3DObjects-1902\portable-comfyui\ComfyUI_windows_portable\ComfyUI\.ce\.pixi\envs\geometrypack-main\Lib\site-packages\trimesh\caching.py", line 49 in hash_fallback
  [ComfyUI]   File "C:\workspaces\SAM3DObjects-1902\portable-comfyui\ComfyUI_windows_portable\ComfyUI\.ce\.pixi\envs\geometrypack-main\Lib\site-packages\trimesh\exchange\gltf\__init__.py", line 551 in _data_append
  [ComfyUI]   File "C:\workspaces\SAM3DObjects-1902\portable-comfyui\ComfyUI_windows_portable\ComfyUI\.ce\.pixi\envs\geometrypack-main\Lib\site-packages\trimesh\exchange\gltf\__init__.py", line 935 in _append_mesh
  [ComfyUI]   File "C:\workspaces\SAM3DObjects-1902\portable-comfyui\ComfyUI_windows_portable\ComfyUI\.ce\.pixi\envs\geometrypack-main\Lib\site-packages\trimesh\exchange\gltf\__init__.py", line 690 in _create_gltf_structure
  [ComfyUI]   File "C:\workspaces\SAM3DObjects-1902\portable-comfyui\ComfyUI_windows_portable\ComfyUI\.ce\.pixi\envs\geometrypack-main\Lib\site-packages\trimesh\exchange\gltf\__init__.py", line 212 in export_glb
  [ComfyUI]   File "C:\workspaces\SAM3DObjects-1902\portable-comfyui\ComfyUI_windows_portable\ComfyUI\.ce\.pixi\envs\geometrypack-main\Lib\site-packages\trimesh\exchange\export.py", line 85 in export_mesh
  [ComfyUI]   File "C:\workspaces\SAM3DObjects-1902\portable-comfyui\ComfyUI_windows_portable\ComfyUI\.ce\.pixi\envs\geometrypack-main\Lib\site-packages\trimesh\base.py", line 3004 in export
  [ComfyUI]   File "C:\workspaces\SAM3DObjects-1902\portable-comfyui\ComfyUI_windows_portable\ComfyUI\custom_nodes\ComfyUI-GeometryPack\nodes\main\visualization\preview_mesh_vtk.py", line 160 in execute
  [ComfyUI]   File "C:\workspaces\SAM3DObjects-1902\portable-comfyui\ComfyUI_windows_portable\ComfyUI\comfy_api\latest\_io.py", line 1826 in EXECUTE_NORMALIZED
  [ComfyUI]   File "C:\Users\ContainerAdministrator\AppData\Local\Temp\comfyui_pvenv_2i20avkt\persistent_worker.py", line 1749 in main
  [ComfyUI]   File "C:\Users\ContainerAdministrator\AppData\Local\Temp\comfyui_pvenv_2i20avkt\persistent_worker.py", line 1794 in <module>
  [ComfyUI] 
  [ComfyUI] [worker:ComfyUI-GeometryPack] === END ===
  [ComfyUI] 
  [ComfyUI] [worker:ComfyUI-GeometryPack] INFO: Exported GLB to: C:\workspaces\SAM3DObjects-1902\portable-comfyui\ComfyUI_windows_portable\ComfyUI\output\preview_vtk_d1a11b3c.glb
  [capture-loop] iter=2600 t=320.3s state={'complete': False, 'error': None, 'executedCount': 2, 'wsState': 1} eval_ms=4
  [ComfyUI] [worker:ComfyUI-GeometryPack] INFO: Texture mode info: watertight=False, volume=None, area=3.069740317648554, texture=False, vertex_colors=True
  [ComfyUI] [SubprocessWorker] got response: ok
  [ComfyUI] [comfy-env] GeomPackPreviewMeshVTK done (18.76s): result: NodeOutput
  [ComfyUI] [VRAM] After GeomPackPreviewMeshVTK: 1271 / 24575 MB
  [ComfyUI] [VRAM] Loaded: SubprocessModel (0 MB), SubprocessModel (0 MB), SubprocessModel (0 MB), SubprocessModel (0 MB), SubprocessModel (0 MB), SubprocessModel (0 MB), SubprocessModel (0 MB)
  [ComfyUI] [comfy-env] Running SAM3D_ProjectionOverlay: pose_opt_folder: 'C:\\workspaces\\SAM3DObjects-1902\\portable-comfyui\\Com..., render_mode: '3d_mesh_textured', point_size: 2, alpha: 0.6
  [ComfyUI] [VRAM] Before SAM3D_ProjectionOverlay: 1271 / 24575 MB
  [ComfyUI] [VRAM] Loaded: SubprocessModel (0 MB), SubprocessModel (0 MB), SubprocessModel (0 MB), SubprocessModel (0 MB), SubprocessModel (0 MB), SubprocessModel (0 MB), SubprocessModel (0 MB)
  [ComfyUI] [SubprocessWorker] call_method: nodes.projection_overlay.SAM3D_ProjectionOverlay.EXECUTE_NORMALIZED
  [ComfyUI] [SubprocessWorker] acquired lock, ensuring started...
  [ComfyUI] [ComfyUI-SAM3DObjects] Health check: ping (timeout=5.0s)...
  [ComfyUI] [ComfyUI-SAM3DObjects] Health check: failed
  [ComfyUI] [ComfyUI-SAM3DObjects] Socket unhealthy, restarting worker...
  [ComfyUI] [comfy-env] Invalidated 7 stale model patchers (will be cleaned up during next unload)
  [ComfyUI] [comfy-env] sam3dobjects-nodes: Library/bin has 649 DLLs
  [ComfyUI] [ComfyUI-SAM3DObjects] python: C:\workspaces\SAM3DObjects-1902\portable-comfyui\ComfyUI_windows_portable\ComfyUI\.ce\.pixi\envs\sam3dobjects-nodes\python.exe
  [ComfyUI] [ComfyUI-SAM3DObjects] sys_path sent to worker: ['C:\\workspaces\\SAM3DObjects-1902\\portable-comfyui\\ComfyUI_windows_portable\\ComfyUI', 'C:\\workspaces\\SAM3DObjects-1902\\portable-comfyui\\ComfyUI_windows_portable\\ComfyUI\\custom_nodes\\ComfyUI-SAM3DObjects', 'C:\\workspaces\\SAM3DObjects-1902\\portable-comfyui\\ComfyUI_windows_portable\\ComfyUI\\.ce\\.pixi\\envs\\sam3dobjects-nodes\\Lib\\site-packages', 'C:\\workspaces\\SAM3DObjects-1902\\portable-comfyui\\ComfyUI_windows_portable\\ComfyUI\\custom_nodes\\ComfyUI-SAM3DObjects']
  [ComfyUI] [SubprocessWorker] is_pixi=True, python=C:\workspaces\SAM3DObjects-1902\portable-comfyui\ComfyUI_windows_portable\ComfyUI\.ce\.pixi\envs\sam3dobjects-nodes\python.exe
  [ComfyUI] [SubprocessWorker] launching cmd=['C:\\Users\\ContainerAdministrator\\.local\\bin\\pixi.EXE', 'run', '--as-is', '--manifest-path', 'C:\\workspaces\\SAM3DObjects-1902\\portable-comfyui\\ComfyUI_windows_portable\\ComfyUI\\.ce\\pixi.toml', '-e', 'sam3dobjects-nodes', 'python', 'C:\\Users\\ContainerAdministrator\\AppData\\Local\\Temp\\comfyui_pvenv_r13jj68k\\persistent_worker.py', 'tcp://127.0.0.1:55151']...
  Node executed (3 total), capturing...
  Frame 76 saved (frame_075.jpg, t=322.4s)
  [capture-node] freeze=142ms shot=344ms unfreeze=7ms saved=True
  Frame 77 saved (frame_076.jpg, t=327.8s)
  [capture-periodic] freeze=7ms shot=436ms unfreeze=6ms saved=True
  [ComfyUI] [worker:ComfyUI-SAM3DObjects] WARNING: WARNING: You need pytorch with cu130 or higher to use optimized CUDA operations.
  [ComfyUI] [SubprocessWorker] worker started/confirmed
  [ComfyUI] [SubprocessWorker] serializing kwargs to shm...
  [ComfyUI] [SubprocessWorker] created 0 shm blocks
  [ComfyUI] [SubprocessWorker] sending request via socket...
  [ComfyUI] [SubprocessWorker] call_id=73 sending call_method
  [capture-loop] iter=2650 t=331.2s state={'complete': False, 'error': None, 'executedCount': 3, 'wsState': 1} eval_ms=4
  [capture-loop] iter=2700 t=337.5s state={'complete': False, 'error': None, 'executedCount': 3, 'wsState': 1} eval_ms=4
  [capture-loop] iter=2750 t=343.6s state={'complete': False, 'error': None, 'executedCount': 3, 'wsState': 1} eval_ms=3
  [ComfyUI] [SubprocessWorker] got response: ok
  [ComfyUI] [comfy-env] [VRAM] Before offload 'SLatMeshDecoderTdfyWrapper_7' (173 MB) -> cpu: 1271 / 24575 MB
  [ComfyUI] [ComfyUI-SAM3DObjects] Health check: ping (timeout=5.0s)...
  [ComfyUI] [ComfyUI-SAM3DObjects] Health check: ok
  [ComfyUI] [SubprocessWorker] call_id=74 sending model_to_device
  [ComfyUI] Model 'SLatMeshDecoderTdfyWrapper_7' gone from worker (restarted?), treating as offloaded
  [ComfyUI] [comfy-env] [VRAM] After offload 'SLatMeshDecoderTdfyWrapper_7' (173 MB): 1271 / 24575 MB
  [ComfyUI] [comfy-env] [VRAM] Before offload 'FlowMatching_6' (2290 MB) -> cpu: 1271 / 24575 MB
  [ComfyUI] [ComfyUI-SAM3DObjects] Health check: ping (timeout=5.0s)...
  [ComfyUI] [ComfyUI-SAM3DObjects] Health check: ok
  [ComfyUI] [SubprocessWorker] call_id=75 sending model_to_device
  [ComfyUI] Model 'FlowMatching_6' gone from worker (restarted?), treating as offloaded
  [ComfyUI] [comfy-env] [VRAM] After offload 'FlowMatching_6' (2290 MB): 1271 / 24575 MB
  [ComfyUI] [comfy-env] [VRAM] Before offload 'EmbedderFuser_5' (1227 MB) -> cpu: 1271 / 24575 MB
  [ComfyUI] [ComfyUI-SAM3DObjects] Health check: ping (timeout=5.0s)...
  [ComfyUI] [ComfyUI-SAM3DObjects] Health check: ok
  [ComfyUI] [SubprocessWorker] call_id=76 sending model_to_device
  [ComfyUI] Model 'EmbedderFuser_5' gone from worker (restarted?), treating as offloaded
  [ComfyUI] [comfy-env] [VRAM] After offload 'EmbedderFuser_5' (1227 MB): 1271 / 24575 MB
  [ComfyUI] [comfy-env] [VRAM] Before offload 'SparseStructureDecoderTdfyWrapper_4' (140 MB) -> cpu: 1271 / 24575 MB
  [ComfyUI] [ComfyUI-SAM3DObjects] Health check: ping (timeout=5.0s)...
  [ComfyUI] [ComfyUI-SAM3DObjects] Health check: ok
  [ComfyUI] [SubprocessWorker] call_id=77 sending model_to_device
  [ComfyUI] Model 'SparseStructureDecoderTdfyWrapper_4' gone from worker (restarted?), treating as offloaded
  [ComfyUI] [comfy-env] [VRAM] After offload 'SparseStructureDecoderTdfyWrapper_4' (140 MB): 1271 / 24575 MB
  [ComfyUI] [comfy-env] [VRAM] Before offload 'ShortCut_3' (3677 MB) -> cpu: 1271 / 24575 MB
  [ComfyUI] [ComfyUI-SAM3DObjects] Health check: ping (timeout=5.0s)...
  [ComfyUI] [ComfyUI-SAM3DObjects] Health check: ok
  [ComfyUI] [SubprocessWorker] call_id=78 sending model_to_device
  [ComfyUI] Model 'ShortCut_3' gone from worker (restarted?), treating as offloaded
  [ComfyUI] [comfy-env] [VRAM] After offload 'ShortCut_3' (3677 MB): 1271 / 24575 MB
  [ComfyUI] [comfy-env] [VRAM] Before offload 'EmbedderFuser_2' (1259 MB) -> cpu: 1271 / 24575 MB
  [ComfyUI] [ComfyUI-SAM3DObjects] Health check: ping (timeout=5.0s)...
  [ComfyUI] [ComfyUI-SAM3DObjects] Health check: ok
  [ComfyUI] [SubprocessWorker] call_id=79 sending model_to_device
  [ComfyUI] Model 'EmbedderFuser_2' gone from worker (restarted?), treating as offloaded
  [ComfyUI] [comfy-env] [VRAM] After offload 'EmbedderFuser_2' (1259 MB): 1271 / 24575 MB
  [ComfyUI] [comfy-env] [VRAM] Before offload 'MoGeModelV1_1' (599 MB) -> cpu: 1271 / 24575 MB
  [ComfyUI] [ComfyUI-SAM3DObjects] Health check: ping (timeout=5.0s)...
  [ComfyUI] [ComfyUI-SAM3DObjects] Health check: ok
  [ComfyUI] [SubprocessWorker] call_id=80 sending model_to_device
  [ComfyUI] Model 'MoGeModelV1_1' gone from worker (restarted?), treating as offloaded
  [ComfyUI] [comfy-env] [VRAM] After offload 'MoGeModelV1_1' (599 MB): 1271 / 24575 MB
  [ComfyUI] [comfy-env] SAM3D_ProjectionOverlay done (23.39s): result: NodeOutput
  [ComfyUI] [VRAM] After SAM3D_ProjectionOverlay: 1271 / 24575 MB
  Frame 78 saved (frame_077.jpg, t=346.2s)
  [capture-periodic] freeze=4ms shot=159ms unfreeze=8ms saved=True
  [ComfyUI] Prompt executed in 346.28 seconds
  Node executed (4 total), capturing...
  Frame 79 saved (frame_078.jpg, t=346.7s)
  [capture-node] freeze=4ms shot=172ms unfreeze=0ms saved=True
  Execution complete (t=346.7s)
  [3d-wait] Phase 1: Waiting for 'Loading 3D Model' text to disappear...
  [3d-wait] Phase 1 done in 0.0s
  [3d-wait] Phase 2: iframes=1
  [3d-wait] iframe viewer_ready=True (matched 1 console logs)
  [3d-wait] Unfrozen in 0.003s, rendering for 5s...
  [3d-wait] JS halted via CDP after 5.0s
  [3d-wait] Re-frozen in 6.0s
  [3d-wait] Total 3D wait: 6.1s
  Captured 79 unique frames over 353.05s
  [debug] iframes: 1
  [debug]   iframe[0]: src=http://127.0.0.1:41889/extensions/ComfyUI-GeometryPack/viewer_vtk_textured.html?, canvas=486x356, rafFrozen=True
  [timing] trigger_3d_previews: 0.0s
  Saved high-quality screenshot: scene_generation_executed.png
  [timing] final_screenshot: 1.3s
    Captured 80 video frames